JUICE_HEADLESS_TEST_BEGIN
EXTERNAL_INPUT_READY keyboard=hardware gamecontroller=xinput-v1 state=/var/mobile/Containers/Data/Application/31FD36ED-09D6-4C6D-B8F7-CD64EFFB7022/Documents/JuiceData/controller-v1.bin
DISPLAY_SOCKET path=/var/mobile/Containers/Data/Application/31FD36ED-09D6-4C6D-B8F7-CD64EFFB7022/Documents/j.sock bind=0 listen=0 errno=2
CONTROL_V1_SOCKET path=/var/mobile/Containers/Data/Application/31FD36ED-09D6-4C6D-B8F7-CD64EFFB7022/Documents/jc1.sock bind=0 listen=0 errno=2
EXPERIMENTAL_STATE multi_window=1 x86_64=1
HOST_METAL_DEVICE available=0 name=none
GUI_READY
EXPERIMENTAL_X86_64 enabled=1
AUTO_LAUNCH_CUSTOM path=/var/mobile/Documents/JuiceData/SmokeTests/graphics-x86_64/juice-vulkan-smoke.exe machine=0x8664
PE_ARCH_DETECTED machine=0x8664 arch=x86_64 runtime=Grape-X64 path=/var/mobile/Documents/JuiceData/SmokeTests/graphics-x86_64/juice-vulkan-smoke.exe
RUNTIME_SELECTED runtime=Grape-X64 prefix=/var/mobile/Containers/Data/Application/31FD36ED-09D6-4C6D-B8F7-CD64EFFB7022/Documents/JuiceData/GrapePrefix-x86_64
PREFIX_RUNTIME_LINKS count=0 system32=/var/mobile/Containers/Data/Application/31FD36ED-09D6-4C6D-B8F7-CD64EFFB7022/Documents/JuiceData/GrapePrefix-x86_64/drive_c/windows/system32
PREFIX_APISET_READY path=/var/mobile/Containers/Data/Application/31FD36ED-09D6-4C6D-B8F7-CD64EFFB7022/Documents/JuiceData/GrapePrefix-x86_64/drive_c/windows/system32/apisetschema.dll existing=0
Wine server: 0 pid=21506

GUI launch /var/mobile/Documents/JuiceData/SmokeTests/graphics-x86_64/juice-vulkan-smoke.exe: 0 pid=21507
[JuiceWine parent] bundle libraries path=/private/var/containers/Bundle/Application/759209CC-173D-43CB-81B8-59B62280B5A0/Juice.app/Libraries:/var/jb/usr/lib
[JuiceWine parent] launching /private/var/containers/Bundle/Application/759209CC-173D-43CB-81B8-59B62280B5A0/Juice.app/Grape-X64/build/wine-ios/loader/wine
[JuiceWine parent] child PID=21508
[JuiceWine] iOS low-VA release start=0x10000 end=0x100000000 status=0 OK
[JuiceLowVA] MAP_FIXED failed count=1 start=0x10000 size=0x67ff0000 prot=0 errno=12
[JuiceLowVA] MAP_FIXED failed count=2 start=0x10000 size=0x33ff0000 prot=0 errno=12
[JuiceLowVA] MAP_FIXED failed count=3 start=0x10000 size=0x19ff0000 prot=0 errno=12
[JuiceLowVA] MAP_FIXED failed count=4 start=0x10000 size=0xcff0000 prot=0 errno=12
[JuiceLowVA] MAP_FIXED failed count=5 start=0x10000 size=0x67f0000 prot=0 errno=12
[JuiceLowVA] MAP_FIXED failed count=6 start=0x10000 size=0x33f0000 prot=0 errno=12
[JuiceLowVA] MAP_FIXED failed count=7 start=0x10000 size=0x19f0000 prot=0 errno=12
[JuiceLowVA] MAP_FIXED failed count=8 start=0x10000 size=0xcf0000 prot=0 errno=12
[JuiceLowVA] MAP_FIXED failed count=9 start=0x10000 size=0x670000 prot=0 errno=12
[JuiceLowVA] MAP_FIXED failed count=10 start=0x10000 size=0x330000 prot=0 errno=12
[JuiceLowVA] MAP_FIXED failed count=11 start=0x10000 size=0x190000 prot=0 errno=12
[JuiceLowVA] MAP_FIXED failed count=12 start=0x10000 size=0xc0000 prot=0 errno=12
[JuiceLowVA] MAP_FIXED failed count=13 start=0x10000 size=0x60000 prot=0 errno=12
[JuiceLowVA] MAP_FIXED failed count=14 start=0x10000 size=0x30000 prot=0 errno=12
[JuiceLowVA] MAP_FIXED failed count=15 start=0x10000 size=0x10000 prot=0 errno=12
[JuiceLowVA] MAP_FIXED failed count=16 start=0x20000 size=0x20000 prot=0 errno=12
[JuiceLowVA] MAP_FIXED failed count=17 start=0x20000 size=0x10000 prot=0 errno=12
[JuiceLowVA] MAP_FIXED failed count=18 start=0x30000 size=0x10000 prot=0 errno=12
[JuiceLowVA] MAP_FIXED failed count=19 start=0x40000 size=0x30000 prot=0 errno=12
[JuiceLowVA] MAP_FIXED failed count=20 start=0x40000 size=0x10000 prot=0 errno=12
[JuiceLowVA] MAP_FIXED failed count=21 start=0x50000 size=0x20000 prot=0 errno=12
[JuiceLowVA] MAP_FIXED failed count=22 start=0x50000 size=0x10000 prot=0 errno=12
[JuiceLowVA] MAP_FIXED failed count=23 start=0x60000 size=0x10000 prot=0 errno=12
[JuiceLowVA] MAP_FIXED failed count=24 start=0x70000 size=0x60000 prot=0 errno=12
[JuiceLowVA] MAP_FIXED failed count=25 start=0x70000 size=0x30000 prot=0 errno=12
[JuiceLowVA] MAP_FIXED failed count=26 start=0x70000 size=0x10000 prot=0 errno=12
[JuiceLowVA] MAP_FIXED failed count=27 start=0x80000 size=0x20000 prot=0 errno=12
[JuiceLowVA] MAP_FIXED failed count=28 start=0x80000 size=0x10000 prot=0 errno=12
[JuiceLowVA] MAP_FIXED failed count=29 start=0x90000 size=0x10000 prot=0 errno=12
[JuiceLowVA] MAP_FIXED failed count=30 start=0xa0000 size=0x30000 prot=0 errno=12
[JuiceLowVA] MAP_FIXED failed count=31 start=0xa0000 size=0x10000 prot=0 errno=12
[JuiceLowVA] MAP_FIXED failed count=32 start=0xb0000 size=0x20000 prot=0 errno=12
[JuiceLowVA] suppressing repeated MAP_FIXED failures; sampling every 256 probes
[JuiceLowVA] MAP_FIXED failed count=256 start=0x7b0000 size=0x10000 prot=0 errno=12
[JuiceLowVA] MAP_FIXED failed count=512 start=0xfc0000 size=0x10000 prot=0 errno=12
[JuiceLowVA] MAP_FIXED failed count=768 start=0x17c0000 size=0x10000 prot=0 errno=12
[JuiceLowVA] MAP_FIXED failed count=1024 start=0x1fc0000 size=0x20000 prot=0 errno=12
[JuiceLowVA] MAP_FIXED failed count=1280 start=0x27c0000 size=0x10000 prot=0 errno=12
[JuiceLowVA] MAP_FIXED failed count=1536 start=0x2fd0000 size=0x20000 prot=0 errno=12
[JuiceLowVA] MAP_FIXED failed count=1792 start=0x37b0000 size=0x10000 prot=0 errno=12
[JuiceLowVA] MAP_FIXED failed count=2048 start=0x3fc0000 size=0x10000 prot=0 errno=12
[JuiceLowVA] MAP_FIXED failed count=2304 start=0x47c0000 size=0x20000 prot=0 errno=12
[JuiceLowVA] MAP_FIXED failed count=2560 start=0x4fb0000 size=0x10000 prot=0 errno=12
[JuiceLowVA] MAP_FIXED failed count=2816 start=0x57c0000 size=0x30000 prot=0 errno=12
[JuiceLowVA] MAP_FIXED failed count=3072 start=0x5fe0000 size=0x1a0000 prot=0 errno=12
[JuiceLowVA] MAP_FIXED failed count=3328 start=0x67e0000 size=0x10000 prot=0 errno=12
[JuiceLowVA] MAP_FIXED failed count=3584 start=0x6fc0000 size=0x20000 prot=0 errno=12
[JuiceLowVA] MAP_FIXED failed count=3840 start=0x77d0000 size=0x70000 prot=0 errno=12
[JuiceLowVA] MAP_FIXED failed count=4096 start=0x7fd0000 size=0x20000 prot=0 errno=12
[JuiceLowVA] MAP_FIXED failed count=4352 start=0x87c0000 size=0x10000 prot=0 errno=12
[JuiceLowVA] MAP_FIXED failed count=4608 start=0x8fd0000 size=0xd0000 prot=0 errno=12
[JuiceLowVA] MAP_FIXED failed count=4864 start=0x97d0000 size=0x10000 prot=0 errno=12
[JuiceLowVA] MAP_FIXED failed count=5120 start=0x9fc0000 size=0x10000 prot=0 errno=12
[JuiceLowVA] MAP_FIXED failed count=5376 start=0xa7d0000 size=0x20000 prot=0 errno=12
[JuiceLowVA] MAP_FIXED failed count=5632 start=0xafc0000 size=0x10000 prot=0 errno=12
[JuiceLowVA] MAP_FIXED failed count=5888 start=0xb7c0000 size=0x10000 prot=0 errno=12
[JuiceLowVA] MAP_FIXED failed count=6144 start=0xbfc0000 size=0x10000 prot=0 errno=12
[JuiceLowVA] MAP_FIXED failed count=6400 start=0xc7e0000 size=0xd0000 prot=0 errno=12
[JuiceLowVA] MAP_FIXED failed count=6656 start=0xcff0000 size=0x10000 prot=0 errno=12
[JuiceLowVA] MAP_FIXED failed count=6912 start=0xd7c0000 size=0x20000 prot=0 errno=12
[JuiceLowVA] MAP_FIXED failed count=7168 start=0xdfd0000 size=0x70000 prot=0 errno=12
[JuiceLowVA] MAP_FIXED failed count=7424 start=0xe7d0000 size=0x20000 prot=0 errno=12
[JuiceLowVA] MAP_FIXED failed count=7680 start=0xefc0000 size=0x10000 prot=0 errno=12
[JuiceLowVA] MAP_FIXED failed count=7936 start=0xf7d0000 size=0xd0000 prot=0 errno=12
[JuiceLowVA] MAP_FIXED failed count=8192 start=0xffd0000 size=0x10000 prot=0 errno=12
[JuiceLowVA] MAP_FIXED failed count=8448 start=0x107c0000 size=0x10000 prot=0 errno=12
[JuiceLowVA] MAP_FIXED failed count=8704 start=0x10fd0000 size=0x20000 prot=0 errno=12
[JuiceLowVA] MAP_FIXED failed count=8960 start=0x117c0000 size=0x10000 prot=0 errno=12
[JuiceLowVA] MAP_FIXED failed count=9216 start=0x11fc0000 size=0x10000 prot=0 errno=12
[JuiceLowVA] MAP_FIXED failed count=9472 start=0x127c0000 size=0x10000 prot=0 errno=12
[JuiceLowVA] MAP_FIXED failed count=9728 start=0x12fe0000 size=0xd0000 prot=0 errno=12
[JuiceLowVA] MAP_FIXED failed count=9984 start=0x137f0000 size=0x10000 prot=0 errno=12
[JuiceLowVA] MAP_FIXED failed count=10240 start=0x13fc0000 size=0x10000 prot=0 errno=12
[JuiceLowVA] MAP_FIXED failed count=10496 start=0x147d0000 size=0x30000 prot=0 errno=12
[JuiceLowVA] MAP_FIXED failed count=10752 start=0x14fd0000 size=0x10000 prot=0 errno=12
[JuiceLowVA] MAP_FIXED failed count=11008 start=0x157d0000 size=0x10000 prot=0 errno=12
[JuiceLowVA] MAP_FIXED failed count=11264 start=0x15fd0000 size=0x60000 prot=0 errno=12
[JuiceLowVA] MAP_FIXED failed count=11520 start=0x167e0000 size=0x10000 prot=0 errno=12
[JuiceLowVA] MAP_FIXED failed count=11776 start=0x16fd0000 size=0x40000 prot=0 errno=12
[JuiceLowVA] MAP_FIXED failed count=12032 start=0x177d0000 size=0x10000 prot=0 errno=12
[JuiceLowVA] MAP_FIXED failed count=12288 start=0x17fd0000 size=0x10000 prot=0 errno=12
[JuiceLowVA] MAP_FIXED failed count=12544 start=0x187d0000 size=0x30000 prot=0 errno=12
[JuiceLowVA] MAP_FIXED failed count=12800 start=0x18fd0000 size=0x20000 prot=0 errno=12
[JuiceLowVA] MAP_FIXED failed count=13056 start=0x197e0000 size=0x60000 prot=0 errno=12
[JuiceLowVA] MAP_FIXED failed count=13312 start=0x1a000000 size=0x1a000000 prot=0 errno=12
[JuiceLowVA] MAP_FIXED failed count=13568 start=0x1a7c0000 size=0x20000 prot=0 errno=12
[JuiceLowVA] MAP_FIXED failed count=13824 start=0x1afd0000 size=0x70000 prot=0 errno=12
[JuiceLowVA] MAP_FIXED failed count=14080 start=0x1b7d0000 size=0x20000 prot=0 errno=12
[JuiceLowVA] MAP_FIXED failed count=14336 start=0x1bfc0000 size=0x10000 prot=0 errno=12
[JuiceLowVA] MAP_FIXED failed count=14592 start=0x1c7d0000 size=0xd0000 prot=0 errno=12
[JuiceLowVA] MAP_FIXED failed count=14848 start=0x1cfd0000 size=0x10000 prot=0 errno=12
[JuiceLowVA] MAP_FIXED failed count=15104 start=0x1d7c0000 size=0x10000 prot=0 errno=12
[JuiceLowVA] MAP_FIXED failed count=15360 start=0x1dfd0000 size=0x20000 prot=0 errno=12
[JuiceLowVA] MAP_FIXED failed count=15616 start=0x1e7c0000 size=0x10000 prot=0 errno=12
[JuiceLowVA] MAP_FIXED failed count=15872 start=0x1efc0000 size=0x10000 prot=0 errno=12
[JuiceLowVA] MAP_FIXED failed count=16128 start=0x1f7c0000 size=0x10000 prot=0 errno=12
[JuiceLowVA] MAP_FIXED failed count=16384 start=0x1ffe0000 size=0xd0000 prot=0 errno=12
[JuiceLowVA] MAP_FIXED failed count=16640 start=0x207f0000 size=0x10000 prot=0 errno=12
[JuiceLowVA] MAP_FIXED failed count=16896 start=0x20fc0000 size=0x10000 prot=0 errno=12
[JuiceLowVA] MAP_FIXED failed count=17152 start=0x217d0000 size=0x30000 prot=0 errno=12
[JuiceLowVA] MAP_FIXED failed count=17408 start=0x21fd0000 size=0x10000 prot=0 errno=12
[JuiceLowVA] MAP_FIXED failed count=17664 start=0x227d0000 size=0x10000 prot=0 errno=12
[JuiceLowVA] MAP_FIXED failed count=17920 start=0x22fd0000 size=0x60000 prot=0 errno=12
[JuiceLowVA] MAP_FIXED failed count=18176 start=0x237e0000 size=0x10000 prot=0 errno=12
[JuiceLowVA] MAP_FIXED failed count=18432 start=0x23fd0000 size=0x40000 prot=0 errno=12
[JuiceLowVA] MAP_FIXED failed count=18688 start=0x247d0000 size=0x10000 prot=0 errno=12
[JuiceLowVA] MAP_FIXED failed count=18944 start=0x24fd0000 size=0x10000 prot=0 errno=12
[JuiceLowVA] MAP_FIXED failed count=19200 start=0x257d0000 size=0x30000 prot=0 errno=12
[JuiceLowVA] MAP_FIXED failed count=19456 start=0x25fd0000 size=0x20000 prot=0 errno=12
[JuiceLowVA] MAP_FIXED failed count=19712 start=0x267e0000 size=0x60000 prot=0 errno=12
[JuiceLowVA] MAP_FIXED failed count=19968 start=0x27000000 size=0xd000000 prot=0 errno=12
[JuiceLowVA] MAP_FIXED failed count=20224 start=0x277c0000 size=0x10000 prot=0 errno=12
[JuiceLowVA] MAP_FIXED failed count=20480 start=0x27fd0000 size=0x30000 prot=0 errno=12
[JuiceLowVA] MAP_FIXED failed count=20736 start=0x287d0000 size=0x10000 prot=0 errno=12
[JuiceLowVA] MAP_FIXED failed count=20992 start=0x28fd0000 size=0x10000 prot=0 errno=12
[JuiceLowVA] MAP_FIXED failed count=21248 start=0x297d0000 size=0x60000 prot=0 errno=12
[JuiceLowVA] MAP_FIXED failed count=21504 start=0x29fe0000 size=0x10000 prot=0 errno=12
[JuiceLowVA] MAP_FIXED failed count=21760 start=0x2a7d0000 size=0x40000 prot=0 errno=12
[JuiceLowVA] MAP_FIXED failed count=22016 start=0x2afd0000 size=0x10000 prot=0 errno=12
[JuiceLowVA] MAP_FIXED failed count=22272 start=0x2b7d0000 size=0x10000 prot=0 errno=12
[JuiceLowVA] MAP_FIXED failed count=22528 start=0x2bfd0000 size=0x30000 prot=0 errno=12
[JuiceLowVA] MAP_FIXED failed count=22784 start=0x2c7d0000 size=0x20000 prot=0 errno=12
[JuiceLowVA] MAP_FIXED failed count=23040 start=0x2cfe0000 size=0x60000 prot=0 errno=12
[JuiceLowVA] MAP_FIXED failed count=23296 start=0x2d800000 size=0x6800000 prot=0 errno=12
[JuiceLowVA] MAP_FIXED failed count=23552 start=0x2dfd0000 size=0x10000 prot=0 errno=12
[JuiceLowVA] MAP_FIXED failed count=23808 start=0x2e7d0000 size=0x10000 prot=0 errno=12
[JuiceLowVA] MAP_FIXED failed count=24064 start=0x2efe0000 size=0x10000 prot=0 errno=12
[JuiceLowVA] MAP_FIXED failed count=24320 start=0x2f7e0000 size=0x30000 prot=0 errno=12
[JuiceLowVA] MAP_FIXED failed count=24576 start=0x2ffd0000 size=0x30000 prot=0 errno=12
[JuiceLowVA] MAP_FIXED failed count=24832 start=0x307f0000 size=0xd0000 prot=0 errno=12
[JuiceLowVA] MAP_FIXED failed count=25088 start=0x30fd0000 size=0x20000 prot=0 errno=12
[JuiceLowVA] MAP_FIXED failed count=25344 start=0x317e0000 size=0x10000 prot=0 errno=12
[JuiceLowVA] MAP_FIXED failed count=25600 start=0x31fe0000 size=0x70000 prot=0 errno=12
[JuiceLowVA] MAP_FIXED failed count=25856 start=0x327d0000 size=0x10000 prot=0 errno=12
[JuiceLowVA] MAP_FIXED failed count=26112 start=0x32fd0000 size=0x10000 prot=0 errno=12
[JuiceLowVA] MAP_FIXED failed count=26368 start=0x337e0000 size=0x30000 prot=0 errno=12
[JuiceLowVA] MAP_FIXED failed count=26624 start=0x34000000 size=0x1a000000 prot=0 errno=12
[JuiceLowVA] MAP_FIXED failed count=26880 start=0x347c0000 size=0x20000 prot=0 errno=12
[JuiceLowVA] MAP_FIXED failed count=27136 start=0x34fd0000 size=0x70000 prot=0 errno=12
[JuiceLowVA] MAP_FIXED failed count=27392 start=0x357d0000 size=0x20000 prot=0 errno=12
[JuiceLowVA] MAP_FIXED failed count=27648 start=0x35fc0000 size=0x10000 prot=0 errno=12
[JuiceLowVA] MAP_FIXED failed count=27904 start=0x367d0000 size=0xd0000 prot=0 errno=12
[JuiceLowVA] MAP_FIXED failed count=28160 start=0x36fd0000 size=0x10000 prot=0 errno=12
[JuiceLowVA] MAP_FIXED failed count=28416 start=0x377c0000 size=0x10000 prot=0 errno=12
[JuiceLowVA] MAP_FIXED failed count=28672 start=0x37fd0000 size=0x20000 prot=0 errno=12
[JuiceLowVA] MAP_FIXED failed count=28928 start=0x387c0000 size=0x10000 prot=0 errno=12
[JuiceLowVA] MAP_FIXED failed count=29184 start=0x38fc0000 size=0x10000 prot=0 errno=12
[JuiceLowVA] MAP_FIXED failed count=29440 start=0x397c0000 size=0x10000 prot=0 errno=12
[JuiceLowVA] MAP_FIXED failed count=29696 start=0x39fe0000 size=0xd0000 prot=0 errno=12
[JuiceLowVA] MAP_FIXED failed count=29952 start=0x3a7f0000 size=0x10000 prot=0 errno=12
[JuiceLowVA] MAP_FIXED failed count=30208 start=0x3afc0000 size=0x10000 prot=0 errno=12
[JuiceLowVA] MAP_FIXED failed count=30464 start=0x3b7d0000 size=0x30000 prot=0 errno=12
[JuiceLowVA] MAP_FIXED failed count=30720 start=0x3bfd0000 size=0x10000 prot=0 errno=12
[JuiceLowVA] MAP_FIXED failed count=30976 start=0x3c7d0000 size=0x10000 prot=0 errno=12
[JuiceLowVA] MAP_FIXED failed count=31232 start=0x3cfd0000 size=0x60000 prot=0 errno=12
[JuiceLowVA] MAP_FIXED failed count=31488 start=0x3d7e0000 size=0x10000 prot=0 errno=12
[JuiceLowVA] MAP_FIXED failed count=31744 start=0x3dfd0000 size=0x40000 prot=0 errno=12
[JuiceLowVA] MAP_FIXED failed count=32000 start=0x3e7d0000 size=0x10000 prot=0 errno=12
[JuiceLowVA] MAP_FIXED failed count=32256 start=0x3efd0000 size=0x10000 prot=0 errno=12
[JuiceLowVA] MAP_FIXED failed count=32512 start=0x3f7d0000 size=0x30000 prot=0 errno=12
[JuiceLowVA] MAP_FIXED failed count=32768 start=0x3ffd0000 size=0x20000 prot=0 errno=12
[JuiceLowVA] MAP_FIXED failed count=33024 start=0x407e0000 size=0x60000 prot=0 errno=12
[JuiceLowVA] MAP_FIXED failed count=33280 start=0x41000000 size=0xd000000 prot=0 errno=12
[JuiceLowVA] MAP_FIXED failed count=33536 start=0x417c0000 size=0x10000 prot=0 errno=12
[JuiceLowVA] MAP_FIXED failed count=33792 start=0x41fd0000 size=0x30000 prot=0 errno=12
[JuiceLowVA] MAP_FIXED failed count=34048 start=0x427d0000 size=0x10000 prot=0 errno=12
[JuiceLowVA] MAP_FIXED failed count=34304 start=0x42fd0000 size=0x10000 prot=0 errno=12
[JuiceLowVA] MAP_FIXED failed count=34560 start=0x437d0000 size=0x60000 prot=0 errno=12
[JuiceLowVA] MAP_FIXED failed count=34816 start=0x43fe0000 size=0x10000 prot=0 errno=12
[JuiceLowVA] MAP_FIXED failed count=35072 start=0x447d0000 size=0x40000 prot=0 errno=12
[JuiceLowVA] MAP_FIXED failed count=35328 start=0x44fd0000 size=0x10000 prot=0 errno=12
[JuiceLowVA] MAP_FIXED failed count=35584 start=0x457d0000 size=0x10000 prot=0 errno=12
[JuiceLowVA] MAP_FIXED failed count=35840 start=0x45fd0000 size=0x30000 prot=0 errno=12
[JuiceLowVA] MAP_FIXED failed count=36096 start=0x467d0000 size=0x20000 prot=0 errno=12
[JuiceLowVA] MAP_FIXED failed count=36352 start=0x46fe0000 size=0x60000 prot=0 errno=12
[JuiceLowVA] MAP_FIXED failed count=36608 start=0x47800000 size=0x6800000 prot=0 errno=12
[JuiceLowVA] MAP_FIXED failed count=36864 start=0x47fd0000 size=0x10000 prot=0 errno=12
[JuiceLowVA] MAP_FIXED failed count=37120 start=0x487d0000 size=0x10000 prot=0 errno=12
[JuiceLowVA] MAP_FIXED failed count=37376 start=0x48fe0000 size=0x10000 prot=0 errno=12
[JuiceLowVA] MAP_FIXED failed count=37632 start=0x497e0000 size=0x30000 prot=0 errno=12
[JuiceLowVA] MAP_FIXED failed count=37888 start=0x49fd0000 size=0x30000 prot=0 errno=12
[JuiceLowVA] MAP_FIXED failed count=38144 start=0x4a7f0000 size=0xd0000 prot=0 errno=12
[JuiceLowVA] MAP_FIXED failed count=38400 start=0x4afd0000 size=0x20000 prot=0 errno=12
[JuiceLowVA] MAP_FIXED failed count=38656 start=0x4b7e0000 size=0x10000 prot=0 errno=12
[JuiceLowVA] MAP_FIXED failed count=38912 start=0x4bfe0000 size=0x70000 prot=0 errno=12
[JuiceLowVA] MAP_FIXED failed count=39168 start=0x4c7d0000 size=0x10000 prot=0 errno=12
[JuiceLowVA] MAP_FIXED failed count=39424 start=0x4cfd0000 size=0x10000 prot=0 errno=12
[JuiceLowVA] MAP_FIXED failed count=39680 start=0x4d7e0000 size=0x30000 prot=0 errno=12
[JuiceLowVA] MAP_FIXED failed count=39936 start=0x4e000000 size=0xd000000 prot=0 errno=12
[JuiceLowVA] MAP_FIXED failed count=40192 start=0x4e7c0000 size=0x10000 prot=0 errno=12
[JuiceLowVA] MAP_FIXED failed count=40448 start=0x4efd0000 size=0x30000 prot=0 errno=12
[JuiceLowVA] MAP_FIXED failed count=40704 start=0x4f7d0000 size=0x10000 prot=0 errno=12
[JuiceLowVA] MAP_FIXED failed count=40960 start=0x4ffd0000 size=0x10000 prot=0 errno=12
[JuiceLowVA] MAP_FIXED failed count=41216 start=0x507d0000 size=0x60000 prot=0 errno=12
[JuiceLowVA] MAP_FIXED failed count=41472 start=0x50fe0000 size=0x10000 prot=0 errno=12
[JuiceLowVA] MAP_FIXED failed count=41728 start=0x517d0000 size=0x40000 prot=0 errno=12
[JuiceLowVA] MAP_FIXED failed count=41984 start=0x51fd0000 size=0x10000 prot=0 errno=12
[JuiceLowVA] MAP_FIXED failed count=42240 start=0x527d0000 size=0x10000 prot=0 errno=12
[JuiceLowVA] MAP_FIXED failed count=42496 start=0x52fd0000 size=0x30000 prot=0 errno=12
[JuiceLowVA] MAP_FIXED failed count=42752 start=0x537d0000 size=0x20000 prot=0 errno=12
[JuiceLowVA] MAP_FIXED failed count=43008 start=0x53fe0000 size=0x60000 prot=0 errno=12
[JuiceLowVA] MAP_FIXED failed count=43264 start=0x54800000 size=0x6800000 prot=0 errno=12
[JuiceLowVA] MAP_FIXED failed count=43520 start=0x54fd0000 size=0x10000 prot=0 errno=12
[JuiceLowVA] MAP_FIXED failed count=43776 start=0x557d0000 size=0x10000 prot=0 errno=12
[JuiceLowVA] MAP_FIXED failed count=44032 start=0x55fe0000 size=0x10000 prot=0 errno=12
[JuiceLowVA] MAP_FIXED failed count=44288 start=0x567e0000 size=0x30000 prot=0 errno=12
[JuiceLowVA] MAP_FIXED failed count=44544 start=0x56fd0000 size=0x30000 prot=0 errno=12
[JuiceLowVA] MAP_FIXED failed count=44800 start=0x577f0000 size=0xd0000 prot=0 errno=12
[JuiceLowVA] MAP_FIXED failed count=45056 start=0x57fd0000 size=0x20000 prot=0 errno=12
[JuiceLowVA] MAP_FIXED failed count=45312 start=0x587e0000 size=0x10000 prot=0 errno=12
[JuiceLowVA] MAP_FIXED failed count=45568 start=0x58fe0000 size=0x70000 prot=0 errno=12
[JuiceLowVA] MAP_FIXED failed count=45824 start=0x597d0000 size=0x10000 prot=0 errno=12
[JuiceLowVA] MAP_FIXED failed count=46080 start=0x59fd0000 size=0x10000 prot=0 errno=12
[JuiceLowVA] MAP_FIXED failed count=46336 start=0x5a7e0000 size=0x30000 prot=0 errno=12
[JuiceLowVA] MAP_FIXED failed count=46592 start=0x5b000000 size=0x6800000 prot=0 errno=12
[JuiceLowVA] MAP_FIXED failed count=46848 start=0x5b7d0000 size=0x10000 prot=0 errno=12
[JuiceLowVA] MAP_FIXED failed count=47104 start=0x5bfd0000 size=0x10000 prot=0 errno=12
[JuiceLowVA] MAP_FIXED failed count=47360 start=0x5c7e0000 size=0x10000 prot=0 errno=12
[JuiceLowVA] MAP_FIXED failed count=47616 start=0x5cfe0000 size=0x30000 prot=0 errno=12
[JuiceLowVA] MAP_FIXED failed count=47872 start=0x5d7d0000 size=0x30000 prot=0 errno=12
[JuiceLowVA] MAP_FIXED failed count=48128 start=0x5dff0000 size=0xd0000 prot=0 errno=12
[JuiceLowVA] MAP_FIXED failed count=48384 start=0x5e7d0000 size=0x20000 prot=0 errno=12
[JuiceLowVA] MAP_FIXED failed count=48640 start=0x5efe0000 size=0x10000 prot=0 errno=12
[JuiceLowVA] MAP_FIXED failed count=48896 start=0x5f7e0000 size=0x70000 prot=0 errno=12
[JuiceLowVA] MAP_FIXED failed count=49152 start=0x5ffd0000 size=0x10000 prot=0 errno=12
[JuiceLowVA] MAP_FIXED failed count=49408 start=0x607d0000 size=0x10000 prot=0 errno=12
[JuiceLowVA] MAP_FIXED failed count=49664 start=0x60fe0000 size=0x30000 prot=0 errno=12
[JuiceLowVA] MAP_FIXED failed count=49920 start=0x61800000 size=0x3400000 prot=0 errno=12
[JuiceLowVA] MAP_FIXED failed count=50176 start=0x61fe0000 size=0x40000 prot=0 errno=12
[JuiceLowVA] MAP_FIXED failed count=50432 start=0x627e0000 size=0x20000 prot=0 errno=12
[JuiceLowVA] MAP_FIXED failed count=50688 start=0x62ff0000 size=0x70000 prot=0 errno=12
[JuiceLowVA] MAP_FIXED failed count=50944 start=0x637e0000 size=0x10000 prot=0 errno=12
[JuiceLowVA] MAP_FIXED failed count=51200 start=0x63fd0000 size=0x10000 prot=0 errno=12
[JuiceLowVA] MAP_FIXED failed count=51456 start=0x647f0000 size=0x60000 prot=0 errno=12
[JuiceLowVA] MAP_FIXED failed count=51712 start=0x64fd0000 size=0x10000 prot=0 errno=12
[JuiceLowVA] MAP_FIXED failed count=51968 start=0x657f0000 size=0x40000 prot=0 errno=12
[JuiceLowVA] MAP_FIXED failed count=52224 start=0x65fe0000 size=0x30000 prot=0 errno=12
[JuiceLowVA] MAP_FIXED failed count=52480 start=0x667e0000 size=0x20000 prot=0 errno=12
[JuiceLowVA] MAP_FIXED failed count=52736 start=0x66fe0000 size=0x10000 prot=0 errno=12
[JuiceLowVA] MAP_FIXED failed count=52992 start=0x677e0000 size=0x10000 prot=0 errno=12
[JuiceLowVA] MAP_FIXED failed count=53248 start=0x7f000000 size=0x3f0000 prot=0 errno=12
[JuiceLowVA] MAP_FIXED failed count=53504 start=0x7f7f0000 size=0x80000 prot=0 errno=12
[JuiceWine] PT_TRACE_ME succeeded; csflags=0x32007005 CS_DEBUGGED=YES
[JuiceWine] requesting controlled tracer detach
[JuiceWine parent] child stopped pid=21508 signal=17 (Suspended (signal): 17)
[JuiceWine parent] PT_DETACH pid=21508 result=0
[JuiceWine parent] child now running untraced
[JuiceWine] resumed after tracer detach; csflags=0x32007005 CS_DEBUGGED=YES
[JuiceStage] running controlled wineboot initialization
[JuiceWine] host-page expanding executable section .text: section=0x140001000 mapping=0x140000000 size=16384
[JuiceWine] anonymous PE executable section .text at 0x140000000 size=16384
[JuiceStage] loading Windows ntdll; transfer=0x140001000 teb=0x17ffd8000 peb=0x17ffdc000
[JuiceHybrid] open name=/private/var/containers/Bundle/Application/759209CC-173D-43CB-81B8-59B62280B5A0/Juice.app/Grape-X64/build/wine-ios/dlls/ntdll/aarch64-windows/ntdll.dll machine=8664 status=00000000
[JuiceWine] anonymous PE executable section .text at 0x17f8e0000 size=983040
[JuiceWine] anonymous PE executable section .hexpthk at 0x17f9d0000 size=65536
[JuiceHybrid] map name=/private/var/containers/Bundle/Application/759209CC-173D-43CB-81B8-59B62280B5A0/Juice.app/Grape-X64/build/wine-ios/dlls/ntdll/aarch64-windows/ntdll.dll status=40000003 module=0x17f8d0000 size=690000
[JuiceStage] load_ntdll returned; transfer=0x140001000
[JuiceStage] load_wow64_ntdll returned
[JuiceStage] calling load_apiset_dll
[JuiceStage] load_apiset_dll returned; stack_base=0x107100000 stack_limit=0x107008000
[JuiceStage] calling server_init_process_done
[JuiceStage] server_init_process_done entered
[JuiceStage] calling signal_init_process; teb=0x17ffd8000
[JuiceStage] signal_init_process returned
[JuiceStage] init_teb_data returned; syscall_frame=0x28010fcd0 stack_base=0x107100000 stack_limit=0x107008000
[JuiceStage] init_process_done server call returned; status=00000000 suspend=0 transfer=0x140001000 teb=0x17ffd8000 peb=0x17ffdc000
[JuiceStage] calling signal_start_thread
[JuiceStage] init_syscall_frame entered; entry=0x140001000 arg=0x17ffdc000 teb=0x17ffd8000 data=0x280000000 frame=0x28010fcd0 stack_base=0x107100000 stack_limit=0x107008000
[JuiceStage] calling signal_set_full_context; ctx=0x1070ffc70 target_pc=0x17f99bd48 target_sp=0x107100000 target_x18=0x17ffd8000 LdrInitializeThunk=0x17f99bd7c RtlUserThreadStart=0x17f99bd48
[JuiceStage] signal_set_full_context returned; status=00000000 frame_pc=0x17f99bd48 frame_sp=0x107100000 frame_x18=0x17ffd8000 restore=00400007
[JuiceStage] init_syscall_frame complete; dispatcher_pc=0x17f99bd7c user_sp=0x1070ffc70 x16=0x17f99bd7c x17=0x1070ffc70 x18=0x17ffd8000 restore=00400007
[JuiceX18] broad #1 pc=0x17f972f98 fault=0x17ee instr=796fde48 x8=0x0 x16=0x2b002b x17=0x100 x18=0x0 teb=0x17ffd8000
[JuiceX18] broad #2 pc=0x17f9a1a7c fault=0x60 instr=f940324c x8=0x0 x16=0x17f972f98 x17=0x1070ffc70 x18=0x0 teb=0x17ffd8000
[JuiceX18] broad #3 pc=0x17f998158 fault=0x1788 instr=f94bc648 x8=0x17f99c024 x16=0x17f9a1a7c x17=0x1070ffc70 x18=0x0 teb=0x17ffd8000
[JuiceX18] broad #4 pc=0x17f9a250c fault=0x60 instr=f9403248 x8=0x102b50090 x16=0x102b50108 x17=0x102b50888 x18=0x0 teb=0x17ffd8000
[JuiceX18] broad #5 pc=0x17f9730bc fault=0x180c instr=b9580e48 x8=0x0 x16=0x17f998334 x17=0x1070fefc0 x18=0x0 teb=0x17ffd8000
[JuiceX18] broad #6 pc=0x17f965b54 fault=0x60 instr=f9403248 x8=0x17fa36850 x16=0x0 x17=0x1070ffc70 x18=0x0 teb=0x17ffd8000
[JuiceX18] broad #7 pc=0x17f965c78 fault=0x60 instr=f9403248 x8=0x20 x16=0x102b53c18 x17=0x102b400d0 x18=0x0 teb=0x17ffd8000
[JuiceX18] broad #8 pc=0x17f9a19e4 fault=0x3000 instr=b9700248 x8=0x96 x16=0x725c x17=0x225c x18=0x0 teb=0x17ffd8000
[JuiceX18] broad #9 pc=0x17f964804 fault=0x60 instr=f9403248 x8=0x10c x16=0x1070ff0ba x17=0x1070ffc70 x18=0x0 teb=0x17ffd8000
[JuiceX18] broad #10 pc=0x105131d94 fault=0x378 instr=f941be4a x8=0x33 x16=0x105131d90 x17=0x1070ffc70 x18=0x0 teb=0x17ffd8000
[JuiceX18] broad #11 pc=0x17f9a19e4 fault=0x3000 instr=b9700248 x8=0x9 x16=0x725c x17=0x225c x18=0x0 teb=0x17ffd8000
[JuiceX18] broad #12 pc=0x17f964fc8 fault=0x60 instr=f9403248 x8=0xffffffe3 x16=0x17ffdb0bf x17=0x225c x18=0x0 teb=0x17ffd8000
[JuiceX18] broad #13 pc=0x17f99fd9c fault=0x48 instr=b9404a48 x8=0x102b500d8 x16=0x17f964fc8 x17=0x1070ffc70 x18=0x0 teb=0x17ffd8000
[JuiceX18] broad #14 pc=0x17f964fc8 fault=0x60 instr=f9403248 x8=0x1c x16=0x102b52f9e x17=0x1070ffc70 x18=0x0 teb=0x17ffd8000
[JuiceX18] broad #15 pc=0x17f96503c fault=0x60 instr=f9403248 x8=0x102b534a2 x16=0x17f964fc8 x17=0x1070ffc70 x18=0x0 teb=0x17ffd8000
[JuiceX18] broad #16 pc=0x17f964fc8 fault=0x60 instr=f9403248 x8=0x2f x16=0x1070ff398 x17=0x1070ffc70 x18=0x0 teb=0x17ffd8000
[JuiceX18] broad #17 pc=0x17f96503c fault=0x60 instr=f9403248 x8=0x102b563ae x16=0x102b58a98 x17=0x1070ffc70 x18=0x0 teb=0x17ffd8000
[JuiceX18] broad #18 pc=0x17f965f84 fault=0x60 instr=f9403248 x8=0x0 x16=0x102b58afa x17=0x1070ffc70 x18=0x0 teb=0x17ffd8000
[JuiceX18] broad #19 pc=0x17f964b2c fault=0x60 instr=f9403248 x8=0x0 x16=0x17f965f84 x17=0x17fa30000 x18=0x0 teb=0x17ffd8000
[JuiceX18] broad #20 pc=0x105131d94 fault=0x378 instr=f941be4a x8=0x12 x16=0x105131d90 x17=0x1070ff1e0 x18=0x0 teb=0x17ffd8000
[JuiceX18] broad #21 pc=0x17f964b2c fault=0x60 instr=f9403248 x8=0x0 x16=0x17f9971ec x17=0x1070ff590 x18=0x0 teb=0x17ffd8000
[JuiceX18] broad #22 pc=0x17f964a44 fault=0x60 instr=f9403248 x8=0x0 x16=0x102b53d48 x17=0x1070ffc70 x18=0x0 teb=0x17ffd8000
[JuiceX18] broad #23 pc=0x17f977918 fault=0x60 instr=f9403248 x8=0x6a80cfd2 x16=0x0 x17=0x1070ff590 x18=0x0 teb=0x17ffd8000
[JuiceX18] broad #24 pc=0x17f9a19e4 fault=0x3000 instr=b9700248 x8=0x64 x16=0x725c x17=0x225c x18=0x0 teb=0x17ffd8000
[JuiceHybrid] open name=/private/var/containers/Bundle/Application/759209CC-173D-43CB-81B8-59B62280B5A0/Juice.app/Grape-X64/build/wine-ios/dlls/libarm64ecfex/aarch64-windows/libarm64ecfex.dll machine=0000 status=c0000135
[JuiceHybrid] open name=/private/var/containers/Bundle/Application/759209CC-173D-43CB-81B8-59B62280B5A0/Juice.app/Grape-X64/build/wine-ios/programs/libarm64ecfex.dll/aarch64-windows/libarm64ecfex.dll machine=0000 status=c0000135
[JuiceHybrid] open name=/private/var/containers/Bundle/Application/759209CC-173D-43CB-81B8-59B62280B5A0/Juice.app/Grape-X64/runtime/lib/wine/aarch64-windows/aarch64-windows/libarm64ecfex.dll machine=0000 status=c0000135
[JuiceHybrid] open name=/private/var/containers/Bundle/Application/759209CC-173D-43CB-81B8-59B62280B5A0/Juice.app/Grape-X64/runtime/lib/wine/aarch64-windows/libarm64ecfex.dll machine=0000 status=00000000
[JuiceWine] host-page expanding executable section .text: section=0x17f491000 mapping=0x17f490000 size=2080768
[JuiceWine] anonymous PE executable section .text at 0x17f490000 size=2080768
[JuiceWine] host-page expanding executable section .hexpthk: section=0x17f689000 mapping=0x17f688000 size=16384
[JuiceWine] anonymous PE executable section .hexpthk at 0x17f688000 size=16384
[JuiceHybrid] map name=/private/var/containers/Bundle/Application/759209CC-173D-43CB-81B8-59B62280B5A0/Juice.app/Grape-X64/runtime/lib/wine/aarch64-windows/libarm64ecfex.dll status=40000003 module=0x17f490000 size=3bd000
[JuiceX18] broad #25 pc=0x17f99648c fault=0x1788 instr=f94bc648 x8=0x17f99c024 x16=0xc40 x17=0xffffffffbff00000 x18=0x0 teb=0x17ffd8000
[JuiceX18] broad #26 pc=0x17f99648c fault=0x1788 instr=f94bc648 x8=0x17f99c024 x16=0x102b54008 x17=0x1070fedf0 x18=0x0 teb=0x17ffd8000
[JuiceX18] broad #27 pc=0x17f9a1dd4 fault=0x3004 instr=b9300640 x8=0x27 x16=0x17ffdb429 x17=0x1070fecf0 x18=0x0 teb=0x17ffd8000
0024:err:seh:arm64ec_update_hybrid_metadata [JuiceHybrid] metadata module=000000017F490000 slot=36c580 exit=0000000000000000
[JuiceX18] broad #28 pc=0x17f99648c fault=0x1788 instr=f94bc648 x8=0x17f99c024 x16=0x1070fedb0 x17=0x17f9a1eec x18=0x0 teb=0x17ffd8000
[JuiceX18] broad #29 pc=0x17f9a19e4 fault=0x3000 instr=b9700248 x8=0x6 x16=0x17f9994e4 x17=0x1070fecf0 x18=0x0 teb=0x17ffd8000
[JuiceX18] broad #30 pc=0x17f9a19e4 fault=0x3000 instr=b9700248 x8=0xd x16=0x725c x17=0x225c x18=0x0 teb=0x17ffd8000
[JuiceX18] broad #31 pc=0x17f955cac fault=0x2c8 instr=f9416648 x8=0x1070ff0d0 x16=0x17ffdb197 x17=0x1070ffc70 x18=0x0 teb=0x17ffd8000
[JuiceX18] broad #32 pc=0x17f99648c fault=0x1788 instr=f94bc648 x8=0x17f99c024 x16=0x17f9994e4 x17=0x1070fea90 x18=0x0 teb=0x17ffd8000
0024:err:seh:arm64ec_process_init [JuiceHybrid] process dispatch module=000000017F490000 exit=000000017F497B60 jump=000000017F497B30 ret=000000017F497B38
starting FEX based libarm64ecfex.dll
[JuiceFEX] profiler ready
[JuiceFEX] handlers ready
[JuiceFEX] allocator hooks ready
[JuiceFEX] host features ready
[JuiceFEX] context created
[JuiceFEX] core initialized
[JuiceFEX] trackers ready
[JuiceFEX] images and CPU features ready
[JuiceFEX] x64 return thunk ready
[JuiceFEX] process init complete
[JuiceFEX] call-ret live allocation=0x16e010000-0x16e430000 committed=0x16e020000 default=0x16e120000 state=0x16e120000
[JuiceHybrid] open name=/private/var/containers/Bundle/Application/759209CC-173D-43CB-81B8-59B62280B5A0/Juice.app/Grape-X64/build/wine-ios/dlls/kernel32/aarch64-windows/kernel32.dll machine=0000 status=c0000135
[JuiceHybrid] open name=/private/var/containers/Bundle/Application/759209CC-173D-43CB-81B8-59B62280B5A0/Juice.app/Grape-X64/build/wine-ios/programs/kernel32.dll/aarch64-windows/kernel32.dll machine=0000 status=c0000135
[JuiceHybrid] open name=/private/var/containers/Bundle/Application/759209CC-173D-43CB-81B8-59B62280B5A0/Juice.app/Grape-X64/runtime/lib/wine/aarch64-windows/aarch64-windows/kernel32.dll machine=0000 status=c0000135
[JuiceHybrid] open name=/private/var/containers/Bundle/Application/759209CC-173D-43CB-81B8-59B62280B5A0/Juice.app/Grape-X64/runtime/lib/wine/aarch64-windows/kernel32.dll machine=0000 status=00000000
[JuiceWine] anonymous PE executable section .text at 0x16dcf0000 size=393216
[JuiceWine] anonymous PE executable section .hexpthk at 0x16dd50000 size=65536
[JuiceHybrid] map name=/private/var/containers/Bundle/Application/759209CC-173D-43CB-81B8-59B62280B5A0/Juice.app/Grape-X64/runtime/lib/wine/aarch64-windows/kernel32.dll status=40000003 module=0x16dce0000 size=330000
0024:err:seh:arm64ec_update_hybrid_metadata [JuiceHybrid] metadata module=000000016DCE0000 slot=b0740 exit=000000017F497B60
0024:err:seh:arm64ec_update_hybrid_metadata [JuiceHybrid] metadata stored address=000000016DD90740 value=000000017F497B60
[JuiceHybrid] open name=/private/var/containers/Bundle/Application/759209CC-173D-43CB-81B8-59B62280B5A0/Juice.app/Grape-X64/build/wine-ios/dlls/kernelbase/aarch64-windows/kernelbase.dll machine=0000 status=c0000135
[JuiceHybrid] open name=/private/var/containers/Bundle/Application/759209CC-173D-43CB-81B8-59B62280B5A0/Juice.app/Grape-X64/build/wine-ios/programs/kernelbase.dll/aarch64-windows/kernelbase.dll machine=0000 status=c0000135
[JuiceHybrid] open name=/private/var/containers/Bundle/Application/759209CC-173D-43CB-81B8-59B62280B5A0/Juice.app/Grape-X64/runtime/lib/wine/aarch64-windows/aarch64-windows/kernelbase.dll machine=0000 status=c0000135
[JuiceHybrid] open name=/private/var/containers/Bundle/Application/759209CC-173D-43CB-81B8-59B62280B5A0/Juice.app/Grape-X64/runtime/lib/wine/aarch64-windows/kernelbase.dll machine=0000 status=00000000
[JuiceWine] anonymous PE executable section .text at 0x16d600000 size=983040
[JuiceWine] anonymous PE executable section .hexpthk at 0x16d6f0000 size=65536
[JuiceHybrid] map name=/private/var/containers/Bundle/Application/759209CC-173D-43CB-81B8-59B62280B5A0/Juice.app/Grape-X64/runtime/lib/wine/aarch64-windows/kernelbase.dll status=40000003 module=0x16d5f0000 size=6f0000
0024:err:seh:arm64ec_update_hybrid_metadata [JuiceHybrid] metadata module=000000016D5F0000 slot=188788 exit=000000017F497B60
0024:err:seh:arm64ec_update_hybrid_metadata [JuiceHybrid] metadata stored address=000000016D778788 value=000000017F497B60
[JuiceHybrid] open name=/private/var/containers/Bundle/Application/759209CC-173D-43CB-81B8-59B62280B5A0/Juice.app/Grape-X64/build/wine-ios/dlls/user32/aarch64-windows/user32.dll machine=0000 status=c0000135
[JuiceHybrid] open name=/private/var/containers/Bundle/Application/759209CC-173D-43CB-81B8-59B62280B5A0/Juice.app/Grape-X64/build/wine-ios/programs/user32.dll/aarch64-windows/user32.dll machine=0000 status=c0000135
[JuiceHybrid] open name=/private/var/containers/Bundle/Application/759209CC-173D-43CB-81B8-59B62280B5A0/Juice.app/Grape-X64/runtime/lib/wine/aarch64-windows/aarch64-windows/user32.dll machine=0000 status=c0000135
[JuiceHybrid] open name=/private/var/containers/Bundle/Application/759209CC-173D-43CB-81B8-59B62280B5A0/Juice.app/Grape-X64/runtime/lib/wine/aarch64-windows/user32.dll machine=0000 status=00000000
[JuiceWine] anonymous PE executable section .text at 0x16ca00000 size=1179648
[JuiceWine] anonymous PE executable section .hexpthk at 0x16cb20000 size=65536
[JuiceHybrid] map name=/private/var/containers/Bundle/Application/759209CC-173D-43CB-81B8-59B62280B5A0/Juice.app/Grape-X64/runtime/lib/wine/aarch64-windows/user32.dll status=40000003 module=0x16c9f0000 size=8f0000
0024:err:seh:arm64ec_update_hybrid_metadata [JuiceHybrid] metadata module=000000016C9F0000 slot=1b1f70 exit=000000017F497B60
0024:err:seh:arm64ec_update_hybrid_metadata [JuiceHybrid] metadata stored address=000000016CBA1F70 value=000000017F497B60
[JuiceHybrid] open name=/private/var/containers/Bundle/Application/759209CC-173D-43CB-81B8-59B62280B5A0/Juice.app/Grape-X64/build/wine-ios/dlls/gdi32/aarch64-windows/gdi32.dll machine=0000 status=c0000135
[JuiceHybrid] open name=/private/var/containers/Bundle/Application/759209CC-173D-43CB-81B8-59B62280B5A0/Juice.app/Grape-X64/build/wine-ios/programs/gdi32.dll/aarch64-windows/gdi32.dll machine=0000 status=c0000135
[JuiceHybrid] open name=/private/var/containers/Bundle/Application/759209CC-173D-43CB-81B8-59B62280B5A0/Juice.app/Grape-X64/runtime/lib/wine/aarch64-windows/aarch64-windows/gdi32.dll machine=0000 status=c0000135
[JuiceHybrid] open name=/private/var/containers/Bundle/Application/759209CC-173D-43CB-81B8-59B62280B5A0/Juice.app/Grape-X64/runtime/lib/wine/aarch64-windows/gdi32.dll machine=0000 status=00000000
[JuiceWine] anonymous PE executable section .text at 0x16c590000 size=655360
[JuiceWine] anonymous PE executable section .hexpthk at 0x16c630000 size=65536
[JuiceHybrid] map name=/private/var/containers/Bundle/Application/759209CC-173D-43CB-81B8-59B62280B5A0/Juice.app/Grape-X64/runtime/lib/wine/aarch64-windows/gdi32.dll status=40000003 module=0x16c580000 size=470000
0024:err:seh:arm64ec_update_hybrid_metadata [JuiceHybrid] metadata module=000000016C580000 slot=1112e0 exit=000000017F497B60
0024:err:seh:arm64ec_update_hybrid_metadata [JuiceHybrid] metadata stored address=000000016C6912E0 value=000000017F497B60
[JuiceHybrid] open name=/private/var/containers/Bundle/Application/759209CC-173D-43CB-81B8-59B62280B5A0/Juice.app/Grape-X64/build/wine-ios/dlls/advapi32/aarch64-windows/advapi32.dll machine=0000 status=c0000135
[JuiceHybrid] open name=/private/var/containers/Bundle/Application/759209CC-173D-43CB-81B8-59B62280B5A0/Juice.app/Grape-X64/build/wine-ios/programs/advapi32.dll/aarch64-windows/advapi32.dll machine=0000 status=c0000135
[JuiceHybrid] open name=/private/var/containers/Bundle/Application/759209CC-173D-43CB-81B8-59B62280B5A0/Juice.app/Grape-X64/runtime/lib/wine/aarch64-windows/aarch64-windows/advapi32.dll machine=0000 status=c0000135
[JuiceHybrid] open name=/private/var/containers/Bundle/Application/759209CC-173D-43CB-81B8-59B62280B5A0/Juice.app/Grape-X64/runtime/lib/wine/aarch64-windows/advapi32.dll machine=0000 status=00000000
[JuiceWine] anonymous PE executable section .text at 0x16c330000 size=327680
[JuiceWine] anonymous PE executable section .hexpthk at 0x16c380000 size=65536
[JuiceHybrid] map name=/private/var/containers/Bundle/Application/759209CC-173D-43CB-81B8-59B62280B5A0/Juice.app/Grape-X64/runtime/lib/wine/aarch64-windows/advapi32.dll status=40000003 module=0x16c320000 size=260000
0024:err:seh:arm64ec_update_hybrid_metadata [JuiceHybrid] metadata module=000000016C320000 slot=a04c0 exit=000000017F497B60
0024:err:seh:arm64ec_update_hybrid_metadata [JuiceHybrid] metadata stored address=000000016C3C04C0 value=000000017F497B60
[JuiceHybrid] open name=/private/var/containers/Bundle/Application/759209CC-173D-43CB-81B8-59B62280B5A0/Juice.app/Grape-X64/build/wine-ios/dlls/sechost/aarch64-windows/sechost.dll machine=0000 status=c0000135
[JuiceHybrid] open name=/private/var/containers/Bundle/Application/759209CC-173D-43CB-81B8-59B62280B5A0/Juice.app/Grape-X64/build/wine-ios/programs/sechost.dll/aarch64-windows/sechost.dll machine=0000 status=c0000135
[JuiceHybrid] open name=/private/var/containers/Bundle/Application/759209CC-173D-43CB-81B8-59B62280B5A0/Juice.app/Grape-X64/runtime/lib/wine/aarch64-windows/aarch64-windows/sechost.dll machine=0000 status=c0000135
[JuiceHybrid] open name=/private/var/containers/Bundle/Application/759209CC-173D-43CB-81B8-59B62280B5A0/Juice.app/Grape-X64/runtime/lib/wine/aarch64-windows/sechost.dll machine=0000 status=00000000
[JuiceWine] anonymous PE executable section .text at 0x16c1e0000 size=131072
[JuiceWine] anonymous PE executable section .hexpthk at 0x16c200000 size=65536
[JuiceHybrid] map name=/private/var/containers/Bundle/Application/759209CC-173D-43CB-81B8-59B62280B5A0/Juice.app/Grape-X64/runtime/lib/wine/aarch64-windows/sechost.dll status=40000003 module=0x16c1d0000 size=150000
0024:err:seh:arm64ec_update_hybrid_metadata [JuiceHybrid] metadata module=000000016C1D0000 slot=60470 exit=000000017F497B60
0024:err:seh:arm64ec_update_hybrid_metadata [JuiceHybrid] metadata stored address=000000016C230470 value=000000017F497B60
[JuiceHybrid] open name=/private/var/containers/Bundle/Application/759209CC-173D-43CB-81B8-59B62280B5A0/Juice.app/Grape-X64/build/wine-ios/dlls/ucrtbase/aarch64-windows/ucrtbase.dll machine=0000 status=c0000135
[JuiceHybrid] open name=/private/var/containers/Bundle/Application/759209CC-173D-43CB-81B8-59B62280B5A0/Juice.app/Grape-X64/build/wine-ios/programs/ucrtbase.dll/aarch64-windows/ucrtbase.dll machine=0000 status=c0000135
[JuiceHybrid] open name=/private/var/containers/Bundle/Application/759209CC-173D-43CB-81B8-59B62280B5A0/Juice.app/Grape-X64/runtime/lib/wine/aarch64-windows/aarch64-windows/ucrtbase.dll machine=0000 status=c0000135
[JuiceHybrid] open name=/private/var/containers/Bundle/Application/759209CC-173D-43CB-81B8-59B62280B5A0/Juice.app/Grape-X64/runtime/lib/wine/aarch64-windows/ucrtbase.dll machine=0000 status=00000000
[JuiceWine] anonymous PE executable section .text at 0x16bb50000 size=1179648
[JuiceWine] anonymous PE executable section .hexpthk at 0x16bc70000 size=65536
[JuiceHybrid] map name=/private/var/containers/Bundle/Application/759209CC-173D-43CB-81B8-59B62280B5A0/Juice.app/Grape-X64/runtime/lib/wine/aarch64-windows/ucrtbase.dll status=40000003 module=0x16bb40000 size=690000
0024:err:seh:arm64ec_update_hybrid_metadata [JuiceHybrid] metadata module=000000016BB40000 slot=197128 exit=000000017F497B60
0024:err:seh:arm64ec_update_hybrid_metadata [JuiceHybrid] metadata stored address=000000016BCD7128 value=000000017F497B60
[JuiceHybrid] open name=/private/var/containers/Bundle/Application/759209CC-173D-43CB-81B8-59B62280B5A0/Juice.app/Grape-X64/build/wine-ios/dlls/msvcrt/aarch64-windows/msvcrt.dll machine=0000 status=c0000135
[JuiceHybrid] open name=/private/var/containers/Bundle/Application/759209CC-173D-43CB-81B8-59B62280B5A0/Juice.app/Grape-X64/build/wine-ios/programs/msvcrt.dll/aarch64-windows/msvcrt.dll machine=0000 status=c0000135
[JuiceHybrid] open name=/private/var/containers/Bundle/Application/759209CC-173D-43CB-81B8-59B62280B5A0/Juice.app/Grape-X64/runtime/lib/wine/aarch64-windows/aarch64-windows/msvcrt.dll machine=0000 status=c0000135
[JuiceHybrid] open name=/private/var/containers/Bundle/Application/759209CC-173D-43CB-81B8-59B62280B5A0/Juice.app/Grape-X64/runtime/lib/wine/aarch64-windows/msvcrt.dll machine=0000 status=00000000
[JuiceWine] anonymous PE executable section .text at 0x16b5b0000 size=983040
[JuiceWine] anonymous PE executable section .hexpthk at 0x16b6a0000 size=65536
[JuiceHybrid] map name=/private/var/containers/Bundle/Application/759209CC-173D-43CB-81B8-59B62280B5A0/Juice.app/Grape-X64/runtime/lib/wine/aarch64-windows/msvcrt.dll status=40000003 module=0x16b5a0000 size=5a0000
0024:err:seh:arm64ec_update_hybrid_metadata [JuiceHybrid] metadata module=000000016B5A0000 slot=145ee8 exit=000000017F497B60
0024:err:seh:arm64ec_update_hybrid_metadata [JuiceHybrid] metadata stored address=000000016B6E5EE8 value=000000017F497B60
[JuiceHybrid] open name=/private/var/containers/Bundle/Application/759209CC-173D-43CB-81B8-59B62280B5A0/Juice.app/Grape-X64/build/wine-ios/dlls/win32u/aarch64-windows/win32u.dll machine=0000 status=c0000135
[JuiceHybrid] open name=/private/var/containers/Bundle/Application/759209CC-173D-43CB-81B8-59B62280B5A0/Juice.app/Grape-X64/build/wine-ios/programs/win32u.dll/aarch64-windows/win32u.dll machine=0000 status=c0000135
[JuiceHybrid] open name=/private/var/containers/Bundle/Application/759209CC-173D-43CB-81B8-59B62280B5A0/Juice.app/Grape-X64/runtime/lib/wine/aarch64-windows/aarch64-windows/win32u.dll machine=0000 status=c0000135
[JuiceHybrid] open name=/private/var/containers/Bundle/Application/759209CC-173D-43CB-81B8-59B62280B5A0/Juice.app/Grape-X64/runtime/lib/wine/aarch64-windows/win32u.dll machine=0000 status=00000000
[JuiceWine] anonymous PE executable section .text at 0x16b480000 size=262144
[JuiceWine] anonymous PE executable section .hexpthk at 0x16b4c0000 size=65536
[JuiceHybrid] map name=/private/var/containers/Bundle/Application/759209CC-173D-43CB-81B8-59B62280B5A0/Juice.app/Grape-X64/runtime/lib/wine/aarch64-windows/win32u.dll status=40000003 module=0x16b470000 size=130000
0024:err:seh:arm64ec_update_hybrid_metadata [JuiceHybrid] metadata module=000000016B470000 slot=90088 exit=000000017F497B60
0024:err:seh:arm64ec_update_hybrid_metadata [JuiceHybrid] metadata stored address=000000016B500088 value=000000017F497B60
[JuiceHybrid] open name=/private/var/containers/Bundle/Application/759209CC-173D-43CB-81B8-59B62280B5A0/Juice.app/Grape-X64/build/wine-ios/dlls/imm32/aarch64-windows/imm32.dll machine=0000 status=c0000135
[JuiceHybrid] open name=/private/var/containers/Bundle/Application/759209CC-173D-43CB-81B8-59B62280B5A0/Juice.app/Grape-X64/build/wine-ios/programs/imm32.dll/aarch64-windows/imm32.dll machine=0000 status=c0000135
[JuiceHybrid] open name=/private/var/containers/Bundle/Application/759209CC-173D-43CB-81B8-59B62280B5A0/Juice.app/Grape-X64/runtime/lib/wine/aarch64-windows/aarch64-windows/imm32.dll machine=0000 status=c0000135
[JuiceHybrid] open name=/private/var/containers/Bundle/Application/759209CC-173D-43CB-81B8-59B62280B5A0/Juice.app/Grape-X64/runtime/lib/wine/aarch64-windows/imm32.dll machine=0000 status=00000000
[JuiceWine] anonymous PE executable section .text at 0x16b310000 size=196608
[JuiceWine] anonymous PE executable section .hexpthk at 0x16b340000 size=65536
[JuiceHybrid] map name=/private/var/containers/Bundle/Application/759209CC-173D-43CB-81B8-59B62280B5A0/Juice.app/Grape-X64/runtime/lib/wine/aarch64-windows/imm32.dll status=40000003 module=0x16b300000 size=170000
0024:err:seh:arm64ec_update_hybrid_metadata [JuiceHybrid] metadata module=000000016B300000 slot=60450 exit=000000017F497B60
0024:err:seh:arm64ec_update_hybrid_metadata [JuiceHybrid] metadata stored address=000000016B360450 value=000000017F497B60
[JuiceHybrid] open name=/private/var/containers/Bundle/Application/759209CC-173D-43CB-81B8-59B62280B5A0/Juice.app/Grape-X64/build/wine-ios/dlls/wineios.drv/aarch64-windows/wineios.drv machine=0000 status=c0000135
[JuiceHybrid] open name=/private/var/containers/Bundle/Application/759209CC-173D-43CB-81B8-59B62280B5A0/Juice.app/Grape-X64/build/wine-ios/programs/wineios.drv/aarch64-windows/wineios.drv machine=0000 status=c0000135
[JuiceHybrid] open name=/private/var/containers/Bundle/Application/759209CC-173D-43CB-81B8-59B62280B5A0/Juice.app/Grape-X64/runtime/lib/wine/aarch64-windows/aarch64-windows/wineios.drv machine=0000 status=c0000135
[JuiceHybrid] open name=/private/var/containers/Bundle/Application/759209CC-173D-43CB-81B8-59B62280B5A0/Juice.app/Grape-X64/runtime/lib/wine/aarch64-windows/wineios.drv machine=0000 status=00000000
[JuiceWine] anonymous PE executable section .text at 0x169a20000 size=65536
[JuiceWine] anonymous PE executable section .hexpthk at 0x169a30000 size=65536
[JuiceHybrid] map name=/private/var/containers/Bundle/Application/759209CC-173D-43CB-81B8-59B62280B5A0/Juice.app/Grape-X64/runtime/lib/wine/aarch64-windows/wineios.drv status=40000003 module=0x169a10000 size=f0000
0024:err:seh:arm64ec_update_hybrid_metadata [JuiceHybrid] metadata module=0000000169A10000 slot=40068 exit=000000017F497B60
0024:err:seh:arm64ec_update_hybrid_metadata [JuiceHybrid] metadata stored address=0000000169A50068 value=000000017F497B60
[JuiceInput] display connected path=/var/mobile/Containers/Data/Application/31FD36ED-09D6-4C6D-B8F7-CD64EFFB7022/Documents/j.sock desktop=1024x768 dpi=96
DISPLAY_CLIENT_CONNECTED fd=7
[JuiceInput] queue fd registered fd=19 tid=0x24
[JuiceDriver] ios init set driver create=0x128ac0e78 client_surface=0x128ac19fc size=1216
[JuiceDriver] install prev=0x128d69348 lazy=0x128d69348 null=0x128d91f10 candidate=0x10580f800 create=0x128ac0e78 installed=1
[JuiceDriver] direct-load status=00000000 driver=0x10580f800
DISPLAY_EVENT HELLO fd=7 pid=21508 desktop=1024x768 dpi=96
0024:trace:vulkan:vulkan_init_once Host instance extensions:
0024:trace:vulkan:vulkan_init_once   - VK_KHR_device_group_creation
0024:trace:vulkan:vulkan_init_once   - VK_KHR_external_fence_capabilities
0024:trace:vulkan:vulkan_init_once   - VK_KHR_external_memory_capabilities
0024:trace:vulkan:vulkan_init_once   - VK_KHR_external_semaphore_capabilities
0024:trace:vulkan:vulkan_init_once   - VK_KHR_get_physical_device_properties2
0024:trace:vulkan:vulkan_init_once   - VK_KHR_get_surface_capabilities2
0024:trace:vulkan:vulkan_init_once   - VK_KHR_surface
0024:trace:vulkan:vulkan_init_once   - VK_KHR_surface_maintenance1
0024:warn:vulkan:vulkan_init_once Extension "VK_KHR_surface_protected_capabilities" is not supported.
0024:trace:vulkan:vulkan_init_once   - VK_EXT_debug_report
0024:trace:vulkan:vulkan_init_once   - VK_EXT_debug_utils
0024:trace:vulkan:vulkan_init_once   - VK_EXT_headless_surface
0024:trace:vulkan:vulkan_init_once   - VK_EXT_layer_settings
0024:trace:vulkan:vulkan_init_once   - VK_EXT_metal_surface
0024:trace:vulkan:vulkan_init_once   - VK_EXT_surface_maintenance1
0024:trace:vulkan:vulkan_init_once   - VK_EXT_swapchain_colorspace
0024:warn:vulkan:vulkan_init_once Extension "VK_MVK_ios_surface" is not supported.
0024:warn:vulkan:vulkan_init_once Extension "VK_MVK_moltenvk" is not supported.
JUICE_MOLTENVK_DRIVER_READY version=48 handle=0x142300
0024:trace:vulkan:convert_instance_create_info Enabling 3 host instance extensions
0024:trace:vulkan:convert_instance_create_info   - "VK_KHR_external_fence_capabilities"
0024:trace:vulkan:convert_instance_create_info   - "VK_KHR_external_semaphore_capabilities"
0024:trace:vulkan:convert_instance_create_info   - "VK_KHR_get_physical_device_properties2"
[mvk-info] MoltenVK version 1.4.2, supporting Vulkan version 1.4.357.
	The following 152 Vulkan extensions are supported:
	VK_KHR_16bit_storage v1
	VK_KHR_8bit_storage v1
	VK_KHR_bind_memory2 v1
	VK_KHR_buffer_device_address v1
	VK_KHR_calibrated_timestamps v1
	VK_KHR_copy_commands2 v1
	VK_KHR_create_renderpass2 v1
	VK_KHR_dedicated_allocation v3
	VK_KHR_deferred_host_operations v4
	VK_KHR_depth_stencil_resolve v1
	VK_KHR_descriptor_update_template v1
	VK_KHR_device_group v4
	VK_KHR_device_group_creation v1
	VK_KHR_driver_properties v1
	VK_KHR_dynamic_rendering v1
	VK_KHR_dynamic_rendering_local_read v1
	VK_KHR_external_fence v1
	VK_KHR_external_fence_capabilities v1
	VK_KHR_external_memory v1
	VK_KHR_external_memory_capabilities v1
	VK_KHR_external_semaphore v1
	VK_KHR_external_semaphore_capabilities v1
	VK_KHR_format_feature_flags2 v2
	VK_KHR_fragment_shader_barycentric v1
	VK_KHR_get_memory_requirements2 v1
	VK_KHR_get_physical_device_properties2 v2
	VK_KHR_get_surface_capabilities2 v1
	VK_KHR_global_priority v1
	VK_KHR_image_format_list v1
	VK_KHR_imageless_framebuffer v1
	VK_KHR_incremental_present v2
	VK_KHR_index_type_uint8 v1
	VK_KHR_line_rasterization v1
	VK_KHR_load_store_op_none v1
	VK_KHR_maintenance1 v2
	VK_KHR_maintenance2 v1
	VK_KHR_maintenance3 v1
	VK_KHR_maintenance4 v2
	VK_KHR_maintenance5 v1
	VK_KHR_maintenance6 v1
	VK_KHR_maintenance7 v1
	VK_KHR_maintenance8 v1
	VK_KHR_maintenance9 v1
	VK_KHR_map_memory2 v1
	VK_KHR_multiview v1
	VK_KHR_portability_subset v1
	VK_KHR_present_id v1
	VK_KHR_present_id2 v1
	VK_KHR_present_wait v1
	VK_KHR_present_wait2 v1
	VK_KHR_push_descriptor v2
	VK_KHR_relaxed_block_layout v1
	VK_KHR_robustness2 v1
	VK_KHR_sampler_mirror_clamp_to_edge v3
	VK_KHR_sampler_ycbcr_conversion v14
	VK_KHR_separate_depth_stencil_layouts v1
	VK_KHR_shader_draw_parameters v1
	VK_KHR_shader_expect_assume v1
	VK_KHR_shader_float_controls v4
	VK_KHR_shader_float_controls2 v1
	VK_KHR_shader_float16_int8 v1
	VK_KHR_shader_fma v1
	VK_KHR_shader_integer_dot_product v1
	VK_KHR_shader_maximal_reconvergence v1
	VK_KHR_shader_non_semantic_info v1
	VK_KHR_shader_quad_control v1
	VK_KHR_shader_relaxed_extended_instruction v1
	VK_KHR_shader_subgroup_extended_types v1
	VK_KHR_shader_subgroup_rotate v2
	VK_KHR_shader_subgroup_uniform_control_flow v1
	VK_KHR_shader_terminate_invocation v1
	VK_KHR_spirv_1_4 v1
	VK_KHR_storage_buffer_storage_class v1
	VK_KHR_surface v25
	VK_KHR_surface_maintenance1 v1
	VK_KHR_surface_protected_capabilities v1
	VK_KHR_swapchain v70
	VK_KHR_swapchain_maintenance1 v1
	VK_KHR_swapchain_mutable_format v1
	VK_KHR_synchronization2 v1
	VK_KHR_timeline_semaphore v2
	VK_KHR_uniform_buffer_standard_layout v1
	VK_KHR_variable_pointers v1
	VK_KHR_vertex_attribute_divisor v1
	VK_KHR_vulkan_memory_model v3
	VK_KHR_zero_initialize_workgroup_memory v1
	VK_EXT_4444_formats v1
	VK_EXT_buffer_device_address v2
	VK_EXT_calibrated_timestamps v2
	VK_EXT_debug_marker v4
	VK_EXT_debug_report v10
	VK_EXT_debug_utils v2
	VK_EXT_depth_clip_control v1
	VK_EXT_descriptor_indexing v2
	VK_EXT_extended_dynamic_state v1
	VK_EXT_extended_dynamic_state2 v1
	VK_EXT_extended_dynamic_state3 v2
	VK_EXT_external_memory_host v1
	VK_EXT_external_memory_metal v1
	VK_EXT_fragment_shader_interlock v1
	VK_EXT_global_priority v2
	VK_EXT_global_priority_query v1
	VK_EXT_headless_surface v1
	VK_EXT_host_image_copy v1
	VK_EXT_host_query_reset v1
	VK_EXT_image_2d_view_of_3d v1
	VK_EXT_image_robustness v1
	VK_EXT_index_type_uint8 v1
	VK_EXT_inline_uniform_block v1
	VK_EXT_layer_settings v2
	VK_EXT_legacy_dithering v2
	VK_EXT_line_rasterization v1
	VK_EXT_load_store_op_none v1
	VK_EXT_memory_budget v1
	VK_EXT_metal_objects v2
	VK_EXT_metal_surface v1
	VK_EXT_non_seamless_cube_map v1
	VK_EXT_pipeline_creation_cache_control v3
	VK_EXT_pipeline_creation_feedback v1
	VK_EXT_pipeline_robustness v1
	VK_EXT_post_depth_coverage v1
	VK_EXT_primitive_topology_list_restart v1
	VK_EXT_private_data v1
	VK_EXT_provoking_vertex v1
	VK_EXT_robustness2 v1
	VK_EXT_sample_locations v1
	VK_EXT_scalar_block_layout v1
	VK_EXT_separate_stencil_usage v1
	VK_EXT_shader_atomic_float v1
	VK_EXT_shader_demote_to_helper_invocation v1
	VK_EXT_shader_stencil_export v1
	VK_EXT_shader_subgroup_ballot v1
	VK_EXT_shader_subgroup_vote v1
	VK_EXT_shader_viewport_index_layer v1
	VK_EXT_subgroup_size_control v2
	VK_EXT_surface_maintenance1 v1
	VK_EXT_swapchain_colorspace v5
	VK_EXT_swapchain_maintenance1 v1
	VK_EXT_texel_buffer_alignment v1
	VK_EXT_texture_compression_astc_hdr v1
	VK_EXT_tooling_info v1
	VK_EXT_vertex_attribute_divisor v3
	VK_AMD_gpu_shader_half_float v2
	VK_AMD_negative_viewport_height v1
	VK_AMD_shader_image_load_store_lod v1
	VK_AMD_shader_trinary_minmax v1
	VK_GOOGLE_display_timing v1
	VK_IMG_format_pvrtc v1
	VK_INTEL_shader_integer_functions2 v1
	VK_MVK_ios_surface v3
	VK_MVK_moltenvk v37
	VK_NV_fragment_shader_barycentric v1
[mvk-info] GPU device:
	model: Apple A13 GPU
	type: Integrated
	vendorID: 0x106b
	deviceID: 0x10050006
	pipelineCacheUUID: DB660224-1005-0006-0000-000100000000
	GPU memory available: 1961 MB
	GPU memory used: 0 MB
	Metal Shading Language 3.0
	supports the following GPU Features:
		GPU Family Metal 3
		GPU Family Apple 6
		Read-Write Texture Tier 2
[mvk-info] Created VkInstance for Vulkan version 1.0.357, as requested by app, with the following 3 Vulkan extensions enabled:
	VK_KHR_external_fence_capabilities v1
	VK_KHR_external_semaphore_capabilities v1
	VK_KHR_get_physical_device_properties2 v2
0024:trace:vulkan:win32u_vkCreateInstance Instance proc vkCreateDebugReportCallbackEXT not found.
0024:trace:vulkan:win32u_vkCreateInstance Instance proc vkCreateDebugUtilsMessengerEXT not found.
0024:trace:vulkan:win32u_vkCreateInstance Instance proc vkCreateHeadlessSurfaceEXT not found.
0024:trace:vulkan:win32u_vkCreateInstance Instance proc vkCreateMacOSSurfaceMVK not found.
0024:trace:vulkan:win32u_vkCreateInstance Instance proc vkCreateMetalSurfaceEXT not found.
0024:trace:vulkan:win32u_vkCreateInstance Instance proc vkCreateWaylandSurfaceKHR not found.
0024:trace:vulkan:win32u_vkCreateInstance Instance proc vkCreateWin32SurfaceKHR not found.
0024:trace:vulkan:win32u_vkCreateInstance Instance proc vkCreateXlibSurfaceKHR not found.
0024:trace:vulkan:win32u_vkCreateInstance Instance proc vkDebugReportMessageEXT not found.
0024:trace:vulkan:win32u_vkCreateInstance Instance proc vkDestroyDebugReportCallbackEXT not found.
0024:trace:vulkan:win32u_vkCreateInstance Instance proc vkDestroyDebugUtilsMessengerEXT not found.
0024:trace:vulkan:win32u_vkCreateInstance Instance proc vkDestroySurfaceKHR not found.
0024:trace:vulkan:win32u_vkCreateInstance Instance proc vkEnumeratePhysicalDeviceGroups not found.
0024:trace:vulkan:win32u_vkCreateInstance Instance proc vkEnumeratePhysicalDeviceGroupsKHR not found.
0024:trace:vulkan:win32u_vkCreateInstance Instance proc vkEnumeratePhysicalDeviceQueueFamilyPerformanceCountersByRegionARM not found.
0024:trace:vulkan:win32u_vkCreateInstance Instance proc vkEnumeratePhysicalDeviceQueueFamilyPerformanceQueryCountersKHR not found.
0024:trace:vulkan:win32u_vkCreateInstance Instance proc vkEnumeratePhysicalDeviceShaderInstrumentationMetricsARM not found.
0024:trace:vulkan:win32u_vkCreateInstance Instance proc vkGetPhysicalDeviceCooperativeMatrixFlexibleDimensionsPropertiesNV not found.
0024:trace:vulkan:win32u_vkCreateInstance Instance proc vkGetPhysicalDeviceCooperativeMatrixPropertiesKHR not found.
0024:trace:vulkan:win32u_vkCreateInstance Instance proc vkGetPhysicalDeviceCooperativeMatrixPropertiesNV not found.
0024:trace:vulkan:win32u_vkCreateInstance Instance proc vkGetPhysicalDeviceCooperativeVectorPropertiesNV not found.
0024:trace:vulkan:win32u_vkCreateInstance Instance proc vkGetPhysicalDeviceDescriptorSizeEXT not found.
0024:trace:vulkan:win32u_vkCreateInstance Instance proc vkGetPhysicalDeviceExternalBufferProperties not found.
0024:trace:vulkan:win32u_vkCreateInstance Instance proc vkGetPhysicalDeviceExternalBufferPropertiesKHR not found.
0024:trace:vulkan:win32u_vkCreateInstance Instance proc vkGetPhysicalDeviceExternalFenceProperties not found.
0024:trace:vulkan:win32u_vkCreateInstance Instance proc vkGetPhysicalDeviceExternalSemaphoreProperties not found.
0024:trace:vulkan:win32u_vkCreateInstance Instance proc vkGetPhysicalDeviceExternalTensorPropertiesARM not found.
0024:trace:vulkan:win32u_vkCreateInstance Instance proc vkGetPhysicalDeviceFeatures2 not found.
0024:trace:vulkan:win32u_vkCreateInstance Instance proc vkGetPhysicalDeviceFormatProperties2 not found.
0024:trace:vulkan:win32u_vkCreateInstance Instance proc vkGetPhysicalDeviceFragmentShadingRatesKHR not found.
0024:trace:vulkan:win32u_vkCreateInstance Instance proc vkGetPhysicalDeviceImageFormatProperties2 not found.
0024:trace:vulkan:win32u_vkCreateInstance Instance proc vkGetPhysicalDeviceMemoryProperties2 not found.
0024:trace:vulkan:win32u_vkCreateInstance Instance proc vkGetPhysicalDeviceOpticalFlowImageFormatsNV not found.
0024:trace:vulkan:win32u_vkCreateInstance Instance proc vkGetPhysicalDevicePresentRectanglesKHR not found.
0024:trace:vulkan:win32u_vkCreateInstance Instance proc vkGetPhysicalDeviceProperties2 not found.
0024:trace:vulkan:win32u_vkCreateInstance Instance proc vkGetPhysicalDeviceQueueFamilyDataGraphEngineOperationPropertiesARM not found.
0024:trace:vulkan:win32u_vkCreateInstance Instance proc vkGetPhysicalDeviceQueueFamilyDataGraphOpticalFlowImageFormatsARM not found.
0024:trace:vulkan:win32u_vkCreateInstance Instance proc vkGetPhysicalDeviceQueueFamilyDataGraphProcessingEnginePropertiesARM not found.
0024:trace:vulkan:win32u_vkCreateInstance Instance proc vkGetPhysicalDeviceQueueFamilyDataGraphPropertiesARM not found.
0024:trace:vulkan:win32u_vkCreateInstance Instance proc vkGetPhysicalDeviceQueueFamilyPerformanceQueryPassesKHR not found.
0024:trace:vulkan:win32u_vkCreateInstance Instance proc vkGetPhysicalDeviceQueueFamilyProperties2 not found.
0024:trace:vulkan:win32u_vkCreateInstance Instance proc vkGetPhysicalDeviceSparseImageFormatProperties2 not found.
0024:trace:vulkan:win32u_vkCreateInstance Instance proc vkGetPhysicalDeviceSupportedFramebufferMixedSamplesCombinationsNV not found.
0024:trace:vulkan:win32u_vkCreateInstance Instance proc vkGetPhysicalDeviceSurfaceCapabilities2KHR not found.
0024:trace:vulkan:win32u_vkCreateInstance Instance proc vkGetPhysicalDeviceSurfaceCapabilitiesKHR not found.
0024:trace:vulkan:win32u_vkCreateInstance Instance proc vkGetPhysicalDeviceSurfaceFormats2KHR not found.
0024:trace:vulkan:win32u_vkCreateInstance Instance proc vkGetPhysicalDeviceSurfaceFormatsKHR not found.
0024:trace:vulkan:win32u_vkCreateInstance Instance proc vkGetPhysicalDeviceSurfacePresentModesKHR not found.
0024:trace:vulkan:win32u_vkCreateInstance Instance proc vkGetPhysicalDeviceSurfaceSupportKHR not found.
0024:trace:vulkan:win32u_vkCreateInstance Instance proc vkGetPhysicalDeviceToolProperties not found.
0024:trace:vulkan:win32u_vkCreateInstance Instance proc vkGetPhysicalDeviceVideoCapabilitiesKHR not found.
0024:trace:vulkan:win32u_vkCreateInstance Instance proc vkGetPhysicalDeviceVideoEncodeQualityLevelPropertiesKHR not found.
0024:trace:vulkan:win32u_vkCreateInstance Instance proc vkGetPhysicalDeviceVideoFormatPropertiesKHR not found.
0024:trace:vulkan:win32u_vkCreateInstance Instance proc vkGetPhysicalDeviceWaylandPresentationSupportKHR not found.
0024:trace:vulkan:win32u_vkCreateInstance Instance proc vkGetPhysicalDeviceWin32PresentationSupportKHR not found.
0024:trace:vulkan:win32u_vkCreateInstance Instance proc vkGetPhysicalDeviceXlibPresentationSupportKHR not found.
0024:trace:vulkan:win32u_vkCreateInstance Instance proc vkSubmitDebugUtilsMessageEXT not found.
0024:trace:vulkan:init_physical_device Host physical device extensions:
0024:trace:vulkan:init_physical_device   - VK_KHR_16bit_storage
0024:trace:vulkan:init_physical_device   - VK_KHR_8bit_storage
0024:trace:vulkan:init_physical_device   - VK_KHR_bind_memory2
0024:trace:vulkan:init_physical_device   - VK_KHR_buffer_device_address
0024:trace:vulkan:init_physical_device   - VK_KHR_calibrated_timestamps
0024:trace:vulkan:init_physical_device   - VK_KHR_copy_commands2
0024:trace:vulkan:init_physical_device   - VK_KHR_create_renderpass2
0024:trace:vulkan:init_physical_device   - VK_KHR_dedicated_allocation
0024:trace:vulkan:init_physical_device   - VK_KHR_deferred_host_operations
0024:trace:vulkan:init_physical_device   - VK_KHR_depth_stencil_resolve
0024:trace:vulkan:init_physical_device   - VK_KHR_descriptor_update_template
0024:trace:vulkan:init_physical_device   - VK_KHR_device_group
0024:trace:vulkan:init_physical_device   - VK_KHR_driver_properties
0024:trace:vulkan:init_physical_device   - VK_KHR_dynamic_rendering
0024:trace:vulkan:init_physical_device   - VK_KHR_dynamic_rendering_local_read
0024:trace:vulkan:init_physical_device   - VK_KHR_external_fence
0024:trace:vulkan:init_physical_device   - VK_KHR_external_memory
0024:trace:vulkan:init_physical_device   - VK_KHR_external_semaphore
0024:trace:vulkan:init_physical_device   - VK_KHR_format_feature_flags2
0024:trace:vulkan:init_physical_device   - VK_KHR_get_memory_requirements2
0024:trace:vulkan:init_physical_device   - VK_KHR_global_priority
0024:trace:vulkan:init_physical_device   - VK_KHR_image_format_list
0024:trace:vulkan:init_physical_device   - VK_KHR_imageless_framebuffer
0024:trace:vulkan:init_physical_device   - VK_KHR_incremental_present
0024:trace:vulkan:init_physical_device   - VK_KHR_index_type_uint8
0024:trace:vulkan:init_physical_device   - VK_KHR_line_rasterization
0024:trace:vulkan:init_physical_device   - VK_KHR_load_store_op_none
0024:trace:vulkan:init_physical_device   - VK_KHR_maintenance1
0024:trace:vulkan:init_physical_device   - VK_KHR_maintenance2
0024:trace:vulkan:init_physical_device   - VK_KHR_maintenance3
0024:trace:vulkan:init_physical_device   - VK_KHR_maintenance4
0024:trace:vulkan:init_physical_device   - VK_KHR_maintenance5
0024:trace:vulkan:init_physical_device   - VK_KHR_maintenance6
0024:trace:vulkan:init_physical_device   - VK_KHR_maintenance7
0024:trace:vulkan:init_physical_device   - VK_KHR_maintenance8
0024:trace:vulkan:init_physical_device   - VK_KHR_maintenance9
0024:trace:vulkan:init_physical_device   - VK_KHR_map_memory2
0024:trace:vulkan:init_physical_device   - VK_KHR_multiview
0024:warn:vulkan:init_physical_device Extension "VK_KHR_portability_subset" is not supported.
0024:trace:vulkan:init_physical_device   - VK_KHR_present_id
0024:trace:vulkan:init_physical_device   - VK_KHR_present_id2
0024:trace:vulkan:init_physical_device   - VK_KHR_present_wait
0024:trace:vulkan:init_physical_device   - VK_KHR_present_wait2
0024:trace:vulkan:init_physical_device   - VK_KHR_push_descriptor
0024:trace:vulkan:init_physical_device   - VK_KHR_relaxed_block_layout
0024:trace:vulkan:init_physical_device   - VK_KHR_robustness2
0024:trace:vulkan:init_physical_device   - VK_KHR_sampler_ycbcr_conversion
0024:trace:vulkan:init_physical_device   - VK_KHR_separate_depth_stencil_layouts
0024:trace:vulkan:init_physical_device   - VK_KHR_shader_draw_parameters
0024:trace:vulkan:init_physical_device   - VK_KHR_shader_expect_assume
0024:trace:vulkan:init_physical_device   - VK_KHR_shader_float_controls
0024:trace:vulkan:init_physical_device   - VK_KHR_shader_float_controls2
0024:trace:vulkan:init_physical_device   - VK_KHR_shader_float16_int8
0024:trace:vulkan:init_physical_device   - VK_KHR_shader_fma
0024:trace:vulkan:init_physical_device   - VK_KHR_shader_integer_dot_product
0024:trace:vulkan:init_physical_device   - VK_KHR_shader_maximal_reconvergence
0024:trace:vulkan:init_physical_device   - VK_KHR_shader_non_semantic_info
0024:trace:vulkan:init_physical_device   - VK_KHR_shader_relaxed_extended_instruction
0024:trace:vulkan:init_physical_device   - VK_KHR_shader_subgroup_extended_types
0024:trace:vulkan:init_physical_device   - VK_KHR_shader_subgroup_rotate
0024:trace:vulkan:init_physical_device   - VK_KHR_shader_subgroup_uniform_control_flow
0024:trace:vulkan:init_physical_device   - VK_KHR_shader_terminate_invocation
0024:trace:vulkan:init_physical_device   - VK_KHR_spirv_1_4
0024:trace:vulkan:init_physical_device   - VK_KHR_storage_buffer_storage_class
0024:trace:vulkan:init_physical_device   - VK_KHR_swapchain
0024:trace:vulkan:init_physical_device   - VK_KHR_swapchain_maintenance1
0024:trace:vulkan:init_physical_device   - VK_KHR_swapchain_mutable_format
0024:trace:vulkan:init_physical_device   - VK_KHR_synchronization2
0024:trace:vulkan:init_physical_device   - VK_KHR_timeline_semaphore
0024:trace:vulkan:init_physical_device   - VK_KHR_uniform_buffer_standard_layout
0024:trace:vulkan:init_physical_device   - VK_KHR_variable_pointers
0024:trace:vulkan:init_physical_device   - VK_KHR_vertex_attribute_divisor
0024:trace:vulkan:init_physical_device   - VK_KHR_vulkan_memory_model
0024:trace:vulkan:init_physical_device   - VK_KHR_zero_initialize_workgroup_memory
0024:trace:vulkan:init_physical_device   - VK_EXT_4444_formats
0024:trace:vulkan:init_physical_device   - VK_EXT_buffer_device_address
0024:trace:vulkan:init_physical_device   - VK_EXT_calibrated_timestamps
0024:trace:vulkan:init_physical_device   - VK_EXT_debug_marker
0024:trace:vulkan:init_physical_device   - VK_EXT_depth_clip_control
0024:trace:vulkan:init_physical_device   - VK_EXT_descriptor_indexing
0024:trace:vulkan:init_physical_device   - VK_EXT_extended_dynamic_state
0024:trace:vulkan:init_physical_device   - VK_EXT_extended_dynamic_state2
0024:trace:vulkan:init_physical_device   - VK_EXT_extended_dynamic_state3
0024:trace:vulkan:init_physical_device   - VK_EXT_external_memory_host
0024:trace:vulkan:init_physical_device   - VK_EXT_external_memory_metal
0024:trace:vulkan:init_physical_device   - VK_EXT_fragment_shader_interlock
0024:trace:vulkan:init_physical_device   - VK_EXT_global_priority
0024:trace:vulkan:init_physical_device   - VK_EXT_global_priority_query
0024:trace:vulkan:init_physical_device   - VK_EXT_host_image_copy
0024:trace:vulkan:init_physical_device   - VK_EXT_host_query_reset
0024:trace:vulkan:init_physical_device   - VK_EXT_image_2d_view_of_3d
0024:trace:vulkan:init_physical_device   - VK_EXT_image_robustness
0024:trace:vulkan:init_physical_device   - VK_EXT_index_type_uint8
0024:trace:vulkan:init_physical_device   - VK_EXT_inline_uniform_block
0024:trace:vulkan:init_physical_device   - VK_EXT_line_rasterization
0024:trace:vulkan:init_physical_device   - VK_EXT_load_store_op_none
0024:trace:vulkan:init_physical_device   - VK_EXT_memory_budget
0024:warn:vulkan:init_physical_device Extension "VK_EXT_metal_objects" is not supported.
0024:trace:vulkan:init_physical_device   - VK_EXT_pipeline_creation_cache_control
0024:trace:vulkan:init_physical_device   - VK_EXT_pipeline_creation_feedback
0024:trace:vulkan:init_physical_device   - VK_EXT_pipeline_robustness
0024:trace:vulkan:init_physical_device   - VK_EXT_post_depth_coverage
0024:trace:vulkan:init_physical_device   - VK_EXT_private_data
0024:trace:vulkan:init_physical_device   - VK_EXT_robustness2
0024:trace:vulkan:init_physical_device   - VK_EXT_sample_locations
0024:trace:vulkan:init_physical_device   - VK_EXT_scalar_block_layout
0024:trace:vulkan:init_physical_device   - VK_EXT_separate_stencil_usage
0024:trace:vulkan:init_physical_device   - VK_EXT_shader_atomic_float
0024:trace:vulkan:init_physical_device   - VK_EXT_shader_demote_to_helper_invocation
0024:trace:vulkan:init_physical_device   - VK_EXT_shader_stencil_export
0024:trace:vulkan:init_physical_device   - VK_EXT_shader_subgroup_ballot
0024:trace:vulkan:init_physical_device   - VK_EXT_shader_subgroup_vote
0024:trace:vulkan:init_physical_device   - VK_EXT_shader_viewport_index_layer
0024:trace:vulkan:init_physical_device   - VK_EXT_subgroup_size_control
0024:trace:vulkan:init_physical_device   - VK_EXT_swapchain_maintenance1
0024:trace:vulkan:init_physical_device   - VK_EXT_texel_buffer_alignment
0024:trace:vulkan:init_physical_device   - VK_EXT_texture_compression_astc_hdr
0024:trace:vulkan:init_physical_device   - VK_EXT_tooling_info
0024:trace:vulkan:init_physical_device   - VK_EXT_vertex_attribute_divisor
0024:trace:vulkan:init_physical_device   - VK_AMD_gpu_shader_half_float
0024:trace:vulkan:init_physical_device   - VK_AMD_negative_viewport_height
0024:trace:vulkan:init_physical_device   - VK_AMD_shader_image_load_store_lod
0024:trace:vulkan:init_physical_device   - VK_AMD_shader_trinary_minmax
0024:warn:vulkan:init_physical_device Extension "VK_GOOGLE_display_timing" is not supported.
0024:trace:vulkan:init_physical_device   - VK_IMG_format_pvrtc
0024:trace:vulkan:init_physical_device   - VK_INTEL_shader_integer_functions2
0024:trace:vulkan:win32u_vkCreateInstance Created instance 0x104011600, host_instance 0x104009218.
[JuiceHybrid] open name=/private/var/containers/Bundle/Application/759209CC-173D-43CB-81B8-59B62280B5A0/Juice.app/Grape-X64/build/wine-ios/dlls/uxtheme/aarch64-windows/uxtheme.dll machine=0000 status=c0000135
[JuiceHybrid] open name=/private/var/containers/Bundle/Application/759209CC-173D-43CB-81B8-59B62280B5A0/Juice.app/Grape-X64/build/wine-ios/programs/uxtheme.dll/aarch64-windows/uxtheme.dll machine=0000 status=c0000135
[JuiceHybrid] open name=/private/var/containers/Bundle/Application/759209CC-173D-43CB-81B8-59B62280B5A0/Juice.app/Grape-X64/runtime/lib/wine/aarch64-windows/aarch64-windows/uxtheme.dll machine=0000 status=c0000135
[JuiceHybrid] open name=/private/var/containers/Bundle/Application/759209CC-173D-43CB-81B8-59B62280B5A0/Juice.app/Grape-X64/runtime/lib/wine/aarch64-windows/uxtheme.dll machine=0000 status=00000000
[JuiceWine] anonymous PE executable section .text at 0x169850000 size=196608
[JuiceWine] anonymous PE executable section .hexpthk at 0x169880000 size=65536
[JuiceHybrid] map name=/private/var/containers/Bundle/Application/759209CC-173D-43CB-81B8-59B62280B5A0/Juice.app/Grape-X64/runtime/lib/wine/aarch64-windows/uxtheme.dll status=40000003 module=0x169840000 size=1d0000
0024:err:seh:arm64ec_update_hybrid_metadata [JuiceHybrid] metadata module=0000000169840000 slot=90a00 exit=000000017F497B60
0024:err:seh:arm64ec_update_hybrid_metadata [JuiceHybrid] metadata stored address=00000001698D0A00 value=000000017F497B60
[JuiceCreate] ex=00000000 class=0x1070ff0b0 version=0x0 name=0x1070ff090 style=10cf0000 x=60 y=60 cx=720 cy=460 parent=0x0 menu=0x0 classinst=0x140000000 params=0x0 flags=00000000 inst=0x140000000 classptr=0x1400030d8 ansi=0
[JuiceMonitor] callee hwnd=0x10028 hmon=0x1 info=0x28010f720 monitor=0,0,1024,768 work=0,0,1024,768 flags=00000001
[JuiceMinMax] hwnd=0x10028 min=112,27 maxtrack=1036,780 max=1024,768 pos=-4,-4
DISPLAY_EVENT WINDOW pid=21508 hwnd=0x10028 rect=60,60 720x460 visible=0
[JuiceRect] input hwnd=0x10028 dpi=96/1 raw=96/1 win=60,60,780,520 client=60,60,780,520 visible=60,60,780,520
[JuiceRect] mapped hwnd=0x10028 win=60,60,780,520 client=60,60,780,520 visible=60,60,780,520
[JuiceGeom] changed hwnd=0x10028 flags=4000003c ptr=0x28010f620 window=60,60,780,520 client=60,60,780,520 visible=60,60,780,520 surface=0x128d744f0 shown=0
DISPLAY_EVENT WINDOW pid=21508 hwnd=0x10030 rect=0,0 1x1 visible=0
[JuiceCreate] ex=00000000 class=0x28010f590 version=0x0 name=0x28010f580 style=8c000000 x=0 y=0 cx=1 cy=1 parent=0x0 menu=0x0 classinst=0x0 params=0x0 flags=00000000 inst=0x0 classptr=0x0 ansi=0
[JuiceRect] input hwnd=0x10030 dpi=96/1 raw=96/1 win=0,0,1,1 client=0,0,1,1 visible=0,0,1,1
[JuiceRect] mapped hwnd=0x10030 win=0,0,1,1 client=0,0,1,1 visible=0,0,1,1
[JuiceGeom] changed hwnd=0x10030 flags=3c ptr=0x28010eed0 window=0,0,1,1 client=0,0,1,1 visible=0,0,1,1 surface=0x128d744f0 shown=0
[JuiceRect] input hwnd=0x10030 dpi=96/1 raw=96/1 win=0,0,1,1 client=0,0,1,1 visible=0,0,1,1
DISPLAY_EVENT WINDOW pid=21508 hwnd=0x10030 rect=0,0 1x1 visible=0
[JuiceRect] mapped hwnd=0x10030 win=0,0,1,1 client=0,0,1,1 visible=0,0,1,1
[JuiceGeom] changed hwnd=0x10030 flags=18 ptr=0x28010eed0 window=0,0,1,1 client=0,0,1,1 visible=0,0,1,1 surface=0x128d744f0 shown=0
[JuiceDriver] create-enter hwnd=0x10030
[JuiceDriver] create-success hwnd=0x10030
DISPLAY_EVENT WINDOW pid=21508 hwnd=0x10028 rect=60,60 720x460 visible=0
[JuiceRect] input hwnd=0x10028 dpi=96/1 raw=96/1 win=60,60,780,520 client=64,83,776,516 visible=60,60,780,520
[JuiceRect] mapped hwnd=0x10028 win=60,60,780,520 client=64,83,776,516 visible=60,60,780,520
[JuiceGeom] changed hwnd=0x10028 flags=40000018 ptr=0x28010f620 window=60,60,780,520 client=64,83,776,516 visible=60,60,780,520 surface=0x128d744f0 shown=0
[JuiceDriver] create-enter hwnd=0x10028
[JuiceDriver] create-success hwnd=0x10028
[JuiceGeom] surface hwnd=0x10028 rect=0,0,768,512 size=768x512 previous=0x128d744f0
[JuiceRect] input hwnd=0x10028 dpi=96/1 raw=96/1 win=60,60,780,520 client=64,83,776,516 visible=60,60,780,520
[JuiceRect] mapped hwnd=0x10028 win=60,60,780,520 client=64,83,776,516 visible=60,60,780,520
[JuiceGeom] changed hwnd=0x10028 flags=4000193f ptr=0x28010f3f0 window=60,60,780,520 client=64,83,776,516 visible=60,60,780,520 surface=0x105329a20 shown=1
DISPLAY_EVENT WINDOW pid=21508 hwnd=0x10028 rect=60,60 720x460 visible=1
[JuiceHybrid] open name=/private/var/containers/Bundle/Application/759209CC-173D-43CB-81B8-59B62280B5A0/Juice.app/Grape-X64/build/wine-ios/dlls/vulkan-1/aarch64-windows/vulkan-1.dll machine=0000 status=c0000135
[JuiceHybrid] open name=/private/var/containers/Bundle/Application/759209CC-173D-43CB-81B8-59B62280B5A0/Juice.app/Grape-X64/build/wine-ios/programs/vulkan-1.dll/aarch64-windows/vulkan-1.dll machine=0000 status=c0000135
[JuiceHybrid] open name=/private/var/containers/Bundle/Application/759209CC-173D-43CB-81B8-59B62280B5A0/Juice.app/Grape-X64/runtime/lib/wine/aarch64-windows/aarch64-windows/vulkan-1.dll machine=0000 status=c0000135
[JuiceHybrid] open name=/private/var/containers/Bundle/Application/759209CC-173D-43CB-81B8-59B62280B5A0/Juice.app/Grape-X64/runtime/lib/wine/aarch64-windows/vulkan-1.dll machine=0000 status=00000000
MULTI_WINDOW_VIEWPORT rect=0,0 1024x768 desktop=1024x768 locked=0
[JuiceWine] anonymous PE executable section .text at 0x169940000 size=65536
[JuiceWine] anonymous PE executable section .hexpthk at 0x169950000 size=65536
[JuiceHybrid] map name=/private/var/containers/Bundle/Application/759209CC-173D-43CB-81B8-59B62280B5A0/Juice.app/Grape-X64/runtime/lib/wine/aarch64-windows/vulkan-1.dll status=40000003 module=0x169930000 size=e0000
0024:err:seh:arm64ec_update_hybrid_metadata [JuiceHybrid] metadata module=0000000169930000 slot=40048 exit=000000017F497B60
0024:err:seh:arm64ec_update_hybrid_metadata [JuiceHybrid] metadata stored address=0000000169970048 value=000000017F497B60
[JuiceHybrid] open name=/private/var/containers/Bundle/Application/759209CC-173D-43CB-81B8-59B62280B5A0/Juice.app/Grape-X64/build/wine-ios/dlls/winevulkan/aarch64-windows/winevulkan.dll machine=0000 status=c0000135
[JuiceHybrid] open name=/private/var/containers/Bundle/Application/759209CC-173D-43CB-81B8-59B62280B5A0/Juice.app/Grape-X64/build/wine-ios/programs/winevulkan.dll/aarch64-windows/winevulkan.dll machine=0000 status=c0000135
[JuiceHybrid] open name=/private/var/containers/Bundle/Application/759209CC-173D-43CB-81B8-59B62280B5A0/Juice.app/Grape-X64/runtime/lib/wine/aarch64-windows/aarch64-windows/winevulkan.dll machine=0000 status=c0000135
[JuiceHybrid] open name=/private/var/containers/Bundle/Application/759209CC-173D-43CB-81B8-59B62280B5A0/Juice.app/Grape-X64/runtime/lib/wine/aarch64-windows/winevulkan.dll machine=0000 status=00000000
[JuiceWine] anonymous PE executable section .text at 0x1694f0000 size=262144
[JuiceWine] anonymous PE executable section .hexpthk at 0x169530000 size=65536
[JuiceHybrid] map name=/private/var/containers/Bundle/Application/759209CC-173D-43CB-81B8-59B62280B5A0/Juice.app/Grape-X64/runtime/lib/wine/aarch64-windows/winevulkan.dll status=40000003 module=0x1694e0000 size=370000
0024:err:seh:arm64ec_update_hybrid_metadata [JuiceHybrid] metadata module=00000001694E0000 slot=90268 exit=000000017F497B60
0024:err:seh:arm64ec_update_hybrid_metadata [JuiceHybrid] metadata stored address=0000000169570268 value=000000017F497B60
0024:trace:vulkan:DllMain 00000001694E0000, 1, 0000000000000000
0024:trace:vulkan:vkGetInstanceProcAddr 0000000000000000, "vkCreateInstance"
0024:trace:vulkan:wine_vk_get_global_proc_addr Found name="vkCreateInstance" in global table
0024:trace:vulkan:vkCreateInstance create_info 00000001070FF810, allocator 0000000000000000, instance 00000001070FF4A0
0024:trace:vulkan:vkCreateInstance Application name "Juice Vulkan smoke", application version 0x1.
0024:trace:vulkan:vkCreateInstance Engine name "Juice", engine version 0x1.
0024:trace:vulkan:vkCreateInstance API version 0x400000.
0024:trace:vulkan:vkCreateInstance Enabling 2 client instance extensions
0024:trace:vulkan:vkCreateInstance   - VK_KHR_surface
0024:trace:vulkan:vkCreateInstance   - VK_KHR_win32_surface
0024:trace:vulkan:thunk64_vkCreateInstance 0x1070ff810, 0x0, 0x1070ff4a0
0024:trace:vulkan:convert_instance_create_info Enabling 4 host instance extensions
0024:trace:vulkan:convert_instance_create_info   - "VK_KHR_external_semaphore_capabilities"
0024:trace:vulkan:convert_instance_create_info   - "VK_KHR_get_physical_device_properties2"
0024:trace:vulkan:convert_instance_create_info   - "VK_KHR_surface"
0024:trace:vulkan:convert_instance_create_info   - "VK_EXT_metal_surface"
[mvk-info] MoltenVK version 1.4.2, supporting Vulkan version 1.4.357.
	The following 152 Vulkan extensions are supported:
	VK_KHR_16bit_storage v1
	VK_KHR_8bit_storage v1
	VK_KHR_bind_memory2 v1
	VK_KHR_buffer_device_address v1
	VK_KHR_calibrated_timestamps v1
	VK_KHR_copy_commands2 v1
	VK_KHR_create_renderpass2 v1
	VK_KHR_dedicated_allocation v3
	VK_KHR_deferred_host_operations v4
	VK_KHR_depth_stencil_resolve v1
	VK_KHR_descriptor_update_template v1
	VK_KHR_device_group v4
	VK_KHR_device_group_creation v1
	VK_KHR_driver_properties v1
	VK_KHR_dynamic_rendering v1
	VK_KHR_dynamic_rendering_local_read v1
	VK_KHR_external_fence v1
	VK_KHR_external_fence_capabilities v1
	VK_KHR_external_memory v1
	VK_KHR_external_memory_capabilities v1
	VK_KHR_external_semaphore v1
	VK_KHR_external_semaphore_capabilities v1
	VK_KHR_format_feature_flags2 v2
	VK_KHR_fragment_shader_barycentric v1
	VK_KHR_get_memory_requirements2 v1
	VK_KHR_get_physical_device_properties2 v2
	VK_KHR_get_surface_capabilities2 v1
	VK_KHR_global_priority v1
	VK_KHR_image_format_list v1
	VK_KHR_imageless_framebuffer v1
	VK_KHR_incremental_present v2
	VK_KHR_index_type_uint8 v1
	VK_KHR_line_rasterization v1
	VK_KHR_load_store_op_none v1
	VK_KHR_maintenance1 v2
	VK_KHR_maintenance2 v1
	VK_KHR_maintenance3 v1
	VK_KHR_maintenance4 v2
	VK_KHR_maintenance5 v1
	VK_KHR_maintenance6 v1
	VK_KHR_maintenance7 v1
	VK_KHR_maintenance8 v1
	VK_KHR_maintenance9 v1
	VK_KHR_map_memory2 v1
	VK_KHR_multiview v1
	VK_KHR_portability_subset v1
	VK_KHR_present_id v1
	VK_KHR_present_id2 v1
	VK_KHR_present_wait v1
	VK_KHR_present_wait2 v1
	VK_KHR_push_descriptor v2
	VK_KHR_relaxed_block_layout v1
	VK_KHR_robustness2 v1
	VK_KHR_sampler_mirror_clamp_to_edge v3
	VK_KHR_sampler_ycbcr_conversion v14
	VK_KHR_separate_depth_stencil_layouts v1
	VK_KHR_shader_draw_parameters v1
	VK_KHR_shader_expect_assume v1
	VK_KHR_shader_float_controls v4
	VK_KHR_shader_float_controls2 v1
	VK_KHR_shader_float16_int8 v1
	VK_KHR_shader_fma v1
	VK_KHR_shader_integer_dot_product v1
	VK_KHR_shader_maximal_reconvergence v1
	VK_KHR_shader_non_semantic_info v1
	VK_KHR_shader_quad_control v1
	VK_KHR_shader_relaxed_extended_instruction v1
	VK_KHR_shader_subgroup_extended_types v1
	VK_KHR_shader_subgroup_rotate v2
	VK_KHR_shader_subgroup_uniform_control_flow v1
	VK_KHR_shader_terminate_invocation v1
	VK_KHR_spirv_1_4 v1
	VK_KHR_storage_buffer_storage_class v1
	VK_KHR_surface v25
	VK_KHR_surface_maintenance1 v1
	VK_KHR_surface_protected_capabilities v1
	VK_KHR_swapchain v70
	VK_KHR_swapchain_maintenance1 v1
	VK_KHR_swapchain_mutable_format v1
	VK_KHR_synchronization2 v1
	VK_KHR_timeline_semaphore v2
	VK_KHR_uniform_buffer_standard_layout v1
	VK_KHR_variable_pointers v1
	VK_KHR_vertex_attribute_divisor v1
	VK_KHR_vulkan_memory_model v3
	VK_KHR_zero_initialize_workgroup_memory v1
	VK_EXT_4444_formats v1
	VK_EXT_buffer_device_address v2
	VK_EXT_calibrated_timestamps v2
	VK_EXT_debug_marker v4
	VK_EXT_debug_report v10
	VK_EXT_debug_utils v2
	VK_EXT_depth_clip_control v1
	VK_EXT_descriptor_indexing v2
	VK_EXT_extended_dynamic_state v1
	VK_EXT_extended_dynamic_state2 v1
	VK_EXT_extended_dynamic_state3 v2
	VK_EXT_external_memory_host v1
	VK_EXT_external_memory_metal v1
	VK_EXT_fragment_shader_interlock v1
	VK_EXT_global_priority v2
	VK_EXT_global_priority_query v1
	VK_EXT_headless_surface v1
	VK_EXT_host_image_copy v1
	VK_EXT_host_query_reset v1
	VK_EXT_image_2d_view_of_3d v1
	VK_EXT_image_robustness v1
	VK_EXT_index_type_uint8 v1
	VK_EXT_inline_uniform_block v1
	VK_EXT_layer_settings v2
	VK_EXT_legacy_dithering v2
	VK_EXT_line_rasterization v1
	VK_EXT_load_store_op_none v1
	VK_EXT_memory_budget v1
	VK_EXT_metal_objects v2
	VK_EXT_metal_surface v1
	VK_EXT_non_seamless_cube_map v1
	VK_EXT_pipeline_creation_cache_control v3
	VK_EXT_pipeline_creation_feedback v1
	VK_EXT_pipeline_robustness v1
	VK_EXT_post_depth_coverage v1
	VK_EXT_primitive_topology_list_restart v1
	VK_EXT_private_data v1
	VK_EXT_provoking_vertex v1
	VK_EXT_robustness2 v1
	VK_EXT_sample_locations v1
	VK_EXT_scalar_block_layout v1
	VK_EXT_separate_stencil_usage v1
	VK_EXT_shader_atomic_float v1
	VK_EXT_shader_demote_to_helper_invocation v1
	VK_EXT_shader_stencil_export v1
	VK_EXT_shader_subgroup_ballot v1
	VK_EXT_shader_subgroup_vote v1
	VK_EXT_shader_viewport_index_layer v1
	VK_EXT_subgroup_size_control v2
	VK_EXT_surface_maintenance1 v1
	VK_EXT_swapchain_colorspace v5
	VK_EXT_swapchain_maintenance1 v1
	VK_EXT_texel_buffer_alignment v1
	VK_EXT_texture_compression_astc_hdr v1
	VK_EXT_tooling_info v1
	VK_EXT_vertex_attribute_divisor v3
	VK_AMD_gpu_shader_half_float v2
	VK_AMD_negative_viewport_height v1
	VK_AMD_shader_image_load_store_lod v1
	VK_AMD_shader_trinary_minmax v1
	VK_GOOGLE_display_timing v1
	VK_IMG_format_pvrtc v1
	VK_INTEL_shader_integer_functions2 v1
	VK_MVK_ios_surface v3
	VK_MVK_moltenvk v37
	VK_NV_fragment_shader_barycentric v1
[mvk-info] GPU device:
	model: Apple A13 GPU
	type: Integrated
	vendorID: 0x106b
	deviceID: 0x10050006
	pipelineCacheUUID: DB660224-1005-0006-0000-000100000000
	GPU memory available: 1961 MB
	GPU memory used: 0 MB
	Metal Shading Language 3.0
	supports the following GPU Features:
		GPU Family Metal 3
		GPU Family Apple 6
		Read-Write Texture Tier 2
[mvk-info] Created VkInstance for Vulkan version 1.0.357, as requested by app, with the following 4 Vulkan extensions enabled:
	VK_KHR_external_semaphore_capabilities v1
	VK_KHR_get_physical_device_properties2 v2
	VK_KHR_surface v25
	VK_EXT_metal_surface v1
0024:trace:vulkan:win32u_vkCreateInstance Instance proc vkCreateDebugReportCallbackEXT not found.
0024:trace:vulkan:win32u_vkCreateInstance Instance proc vkCreateDebugUtilsMessengerEXT not found.
0024:trace:vulkan:win32u_vkCreateInstance Instance proc vkCreateHeadlessSurfaceEXT not found.
0024:trace:vulkan:win32u_vkCreateInstance Instance proc vkCreateMacOSSurfaceMVK not found.
0024:trace:vulkan:win32u_vkCreateInstance Instance proc vkCreateWaylandSurfaceKHR not found.
0024:trace:vulkan:win32u_vkCreateInstance Instance proc vkCreateWin32SurfaceKHR not found.
0024:trace:vulkan:win32u_vkCreateInstance Instance proc vkCreateXlibSurfaceKHR not found.
0024:trace:vulkan:win32u_vkCreateInstance Instance proc vkDebugReportMessageEXT not found.
0024:trace:vulkan:win32u_vkCreateInstance Instance proc vkDestroyDebugReportCallbackEXT not found.
0024:trace:vulkan:win32u_vkCreateInstance Instance proc vkDestroyDebugUtilsMessengerEXT not found.
0024:trace:vulkan:win32u_vkCreateInstance Instance proc vkEnumeratePhysicalDeviceGroups not found.
0024:trace:vulkan:win32u_vkCreateInstance Instance proc vkEnumeratePhysicalDeviceGroupsKHR not found.
0024:trace:vulkan:win32u_vkCreateInstance Instance proc vkEnumeratePhysicalDeviceQueueFamilyPerformanceCountersByRegionARM not found.
0024:trace:vulkan:win32u_vkCreateInstance Instance proc vkEnumeratePhysicalDeviceQueueFamilyPerformanceQueryCountersKHR not found.
0024:trace:vulkan:win32u_vkCreateInstance Instance proc vkEnumeratePhysicalDeviceShaderInstrumentationMetricsARM not found.
0024:trace:vulkan:win32u_vkCreateInstance Instance proc vkGetPhysicalDeviceCooperativeMatrixFlexibleDimensionsPropertiesNV not found.
0024:trace:vulkan:win32u_vkCreateInstance Instance proc vkGetPhysicalDeviceCooperativeMatrixPropertiesKHR not found.
0024:trace:vulkan:win32u_vkCreateInstance Instance proc vkGetPhysicalDeviceCooperativeMatrixPropertiesNV not found.
0024:trace:vulkan:win32u_vkCreateInstance Instance proc vkGetPhysicalDeviceCooperativeVectorPropertiesNV not found.
0024:trace:vulkan:win32u_vkCreateInstance Instance proc vkGetPhysicalDeviceDescriptorSizeEXT not found.
0024:trace:vulkan:win32u_vkCreateInstance Instance proc vkGetPhysicalDeviceExternalBufferProperties not found.
0024:trace:vulkan:win32u_vkCreateInstance Instance proc vkGetPhysicalDeviceExternalBufferPropertiesKHR not found.
0024:trace:vulkan:win32u_vkCreateInstance Instance proc vkGetPhysicalDeviceExternalFenceProperties not found.
0024:trace:vulkan:win32u_vkCreateInstance Instance proc vkGetPhysicalDeviceExternalFencePropertiesKHR not found.
0024:trace:vulkan:win32u_vkCreateInstance Instance proc vkGetPhysicalDeviceExternalSemaphoreProperties not found.
0024:trace:vulkan:win32u_vkCreateInstance Instance proc vkGetPhysicalDeviceExternalTensorPropertiesARM not found.
0024:trace:vulkan:win32u_vkCreateInstance Instance proc vkGetPhysicalDeviceFeatures2 not found.
0024:trace:vulkan:win32u_vkCreateInstance Instance proc vkGetPhysicalDeviceFormatProperties2 not found.
0024:trace:vulkan:win32u_vkCreateInstance Instance proc vkGetPhysicalDeviceFragmentShadingRatesKHR not found.
0024:trace:vulkan:win32u_vkCreateInstance Instance proc vkGetPhysicalDeviceImageFormatProperties2 not found.
0024:trace:vulkan:win32u_vkCreateInstance Instance proc vkGetPhysicalDeviceMemoryProperties2 not found.
0024:trace:vulkan:win32u_vkCreateInstance Instance proc vkGetPhysicalDeviceOpticalFlowImageFormatsNV not found.
0024:trace:vulkan:win32u_vkCreateInstance Instance proc vkGetPhysicalDevicePresentRectanglesKHR not found.
0024:trace:vulkan:win32u_vkCreateInstance Instance proc vkGetPhysicalDeviceProperties2 not found.
0024:trace:vulkan:win32u_vkCreateInstance Instance proc vkGetPhysicalDeviceQueueFamilyDataGraphEngineOperationPropertiesARM not found.
0024:trace:vulkan:win32u_vkCreateInstance Instance proc vkGetPhysicalDeviceQueueFamilyDataGraphOpticalFlowImageFormatsARM not found.
0024:trace:vulkan:win32u_vkCreateInstance Instance proc vkGetPhysicalDeviceQueueFamilyDataGraphProcessingEnginePropertiesARM not found.
0024:trace:vulkan:win32u_vkCreateInstance Instance proc vkGetPhysicalDeviceQueueFamilyDataGraphPropertiesARM not found.
0024:trace:vulkan:win32u_vkCreateInstance Instance proc vkGetPhysicalDeviceQueueFamilyPerformanceQueryPassesKHR not found.
0024:trace:vulkan:win32u_vkCreateInstance Instance proc vkGetPhysicalDeviceQueueFamilyProperties2 not found.
0024:trace:vulkan:win32u_vkCreateInstance Instance proc vkGetPhysicalDeviceSparseImageFormatProperties2 not found.
0024:trace:vulkan:win32u_vkCreateInstance Instance proc vkGetPhysicalDeviceSupportedFramebufferMixedSamplesCombinationsNV not found.
0024:trace:vulkan:win32u_vkCreateInstance Instance proc vkGetPhysicalDeviceSurfaceCapabilities2KHR not found.
0024:trace:vulkan:win32u_vkCreateInstance Instance proc vkGetPhysicalDeviceSurfaceFormats2KHR not found.
0024:trace:vulkan:win32u_vkCreateInstance Instance proc vkGetPhysicalDeviceToolProperties not found.
0024:trace:vulkan:win32u_vkCreateInstance Instance proc vkGetPhysicalDeviceVideoCapabilitiesKHR not found.
0024:trace:vulkan:win32u_vkCreateInstance Instance proc vkGetPhysicalDeviceVideoEncodeQualityLevelPropertiesKHR not found.
0024:trace:vulkan:win32u_vkCreateInstance Instance proc vkGetPhysicalDeviceVideoFormatPropertiesKHR not found.
0024:trace:vulkan:win32u_vkCreateInstance Instance proc vkGetPhysicalDeviceWaylandPresentationSupportKHR not found.
0024:trace:vulkan:win32u_vkCreateInstance Instance proc vkGetPhysicalDeviceWin32PresentationSupportKHR not found.
0024:trace:vulkan:win32u_vkCreateInstance Instance proc vkGetPhysicalDeviceXlibPresentationSupportKHR not found.
0024:trace:vulkan:win32u_vkCreateInstance Instance proc vkSubmitDebugUtilsMessageEXT not found.
0024:trace:vulkan:init_physical_device Host physical device extensions:
0024:trace:vulkan:init_physical_device   - VK_KHR_16bit_storage
0024:trace:vulkan:init_physical_device   - VK_KHR_8bit_storage
0024:trace:vulkan:init_physical_device   - VK_KHR_bind_memory2
0024:trace:vulkan:init_physical_device   - VK_KHR_buffer_device_address
0024:trace:vulkan:init_physical_device   - VK_KHR_calibrated_timestamps
0024:trace:vulkan:init_physical_device   - VK_KHR_copy_commands2
0024:trace:vulkan:init_physical_device   - VK_KHR_create_renderpass2
0024:trace:vulkan:init_physical_device   - VK_KHR_dedicated_allocation
0024:trace:vulkan:init_physical_device   - VK_KHR_deferred_host_operations
0024:trace:vulkan:init_physical_device   - VK_KHR_depth_stencil_resolve
0024:trace:vulkan:init_physical_device   - VK_KHR_descriptor_update_template
0024:trace:vulkan:init_physical_device   - VK_KHR_device_group
0024:trace:vulkan:init_physical_device   - VK_KHR_driver_properties
0024:trace:vulkan:init_physical_device   - VK_KHR_dynamic_rendering
0024:trace:vulkan:initDISPLAY_EVENT WINDOW pid=21508 hwnd=0x10028 rect=60,60 720x460 visible=1
_physical_device   - VK_KHR_dynamic_rendering_local_read
0024:trace:vulkan:init_physical_device   - VK_KHR_external_fence
0024:trace:vulkan:init_physical_device   - VK_KHR_external_memory
0024:trace:vulkan:init_physical_device   - VK_KHR_external_semaphore
0024:trace:vulkan:init_physical_device   - VK_KHR_format_feature_flags2
0024:trace:vulkan:init_physical_device   - VK_KHR_get_memory_requirements2
0024:trace:vulkan:init_physical_device   - VK_KHR_global_priority
0024:trace:vulkan:init_physical_device   - VK_KHR_image_format_list
0024:trace:vulkan:init_physical_device   - VK_KHR_imageless_framebuffer
0024:trace:vulkan:init_physical_device   - VK_KHR_incremental_present
0024:trace:vulkan:init_physical_device   - VK_KHR_index_type_uint8
0024:trace:vulkan:init_physical_device   - VK_KHR_line_rasterization
0024:trace:vulkan:init_physical_device   - VK_KHR_load_store_op_none
0024:trace:vulkan:init_physical_device   - VK_KHR_maintenance1
0024:trace:vulkan:init_physical_device   - VK_KHR_maintenance2
0024:trace:vulkan:init_physical_device   - VK_KHR_maintenance3
0024:trace:vulkan:init_physical_device   - VK_KHR_maintenance4
0024:trace:vulkan:init_physical_device   - VK_KHR_maintenance5
0024:trace:vulkan:init_physical_device   - VK_KHR_maintenance6
0024:trace:vulkan:init_physical_device   - VK_KHR_maintenance7
0024:trace:vulkan:init_physical_device   - VK_KHR_maintenance8
0024:trace:vulkan:init_physical_device   - VK_KHR_maintenance9
0024:trace:vulkan:init_physical_device   - VK_KHR_map_memory2
0024:trace:vulkan:init_physical_device   - VK_KHR_multiview
0024:warn:vulkan:init_physical_device Extension "VK_KHR_portability_subset" is not supported.
0024:trace:vulkan:init_physical_device   - VK_KHR_present_id
0024:trace:vulkan:init_physical_device   - VK_KHR_present_id2
0024:trace:vulkan:init_physical_device   - VK_KHR_present_wait
0024:trace:vulkan:init_physical_device   - VK_KHR_present_wait2
0024:trace:vulkan:init_physical_device   - VK_KHR_push_descriptor
0024:trace:vulkan:init_physical_device   - VK_KHR_relaxed_block_layout
0024:trace:vulkan:init_physical_device   - VK_KHR_robustness2
0024:trace:vulkan:init_physical_device   - VK_KHR_sampler_ycbcr_conversion
0024:trace:vulkan:init_physical_device   - VK_KHR_separate_depth_stencil_layouts
0024:trace:vulkan:init_physical_device   - VK_KHR_shader_draw_parameters
0024:trace:vulkan:init_physical_device   - VK_KHR_shader_expect_assume
0024:trace:vulkan:init_physical_device   - VK_KHR_shader_float_controls
0024:trace:vulkan:init_physical_device   - VK_KHR_shader_float_controls2
0024:trace:vulkan:init_physical_device   - VK_KHR_shader_float16_int8
0024:trace:vulkan:init_physical_device   - VK_KHR_shader_fma
0024:trace:vulkan:init_physical_device   - VK_KHR_shader_integer_dot_product
0024:trace:vulkan:init_physical_device   - VK_KHR_shader_maximal_reconvergence
0024:trace:vulkan:init_physical_device   - VK_KHR_shader_non_semantic_info
0024:trace:vulkan:init_physical_device   - VK_KHR_shader_relaxed_extended_instruction
0024:trace:vulkan:init_physical_device   - VK_KHR_shader_subgroup_extended_types
0024:trace:vulkan:init_physical_device   - VK_KHR_shader_subgroup_rotate
0024:trace:vulkan:init_physical_device   - VK_KHR_shader_subgroup_uniform_control_flow
0024:trace:vulkan:init_physical_device   - VK_KHR_shader_terminate_invocation
0024:trace:vulkan:init_physical_device   - VK_KHR_spirv_1_4
0024:trace:vulkan:init_physical_device   - VK_KHR_storage_buffer_storage_class
0024:trace:vulkan:init_physical_device   - VK_KHR_swapchain
0024:trace:vulkan:init_physical_device   - VK_KHR_swapchain_maintenance1
0024:trace:vulkan:init_physical_device   - VK_KHR_swapchain_mutable_format
0024:trace:vulkan:init_physical_device   - VK_KHR_synchronization2
0024:trace:vulkan:init_physical_device   - VK_KHR_timeline_semaphore
0024:trace:vulkan:init_physical_device   - VK_KHR_uniform_buffer_standard_layout
0024:trace:vulkan:init_physical_device   - VK_KHR_variable_pointers
0024:trace:vulkan:init_physical_device   - VK_KHR_vertex_attribute_divisor
0024:trace:vulkan:init_physical_device   - VK_KHR_vulkan_memory_model
0024:trace:vulkan:init_physical_device   - VK_KHR_zero_initialize_workgroup_memory
0024:trace:vulkan:init_physical_device   - VK_EXT_4444_formats
0024:trace:vulkan:init_physical_device   - VK_EXT_buffer_device_address
0024:trace:vulkan:init_physical_device   - VK_EXT_calibrated_timestamps
0024:trace:vulkan:init_physical_device   - VK_EXT_debug_marker
0024:trace:vulkan:init_physical_device   - VK_EXT_depth_clip_control
0024:trace:vulkan:init_physical_device   - VK_EXT_descriptor_indexing
0024:trace:vulkan:init_physical_device   - VK_EXT_extended_dynamic_state
0024:trace:vulkan:init_physical_device   - VK_EXT_extended_dynamic_state2
0024:trace:vulkan:init_physical_device   - VK_EXT_extended_dynamic_state3
0024:trace:vulkan:init_physical_device   - VK_EXT_external_memory_host
0024:trace:vulkan:init_physical_device   - VK_EXT_external_memory_metal
0024:trace:vulkan:init_physical_device   - VK_EXT_fragment_shader_interlock
0024:trace:vulkan:init_physical_device   - VK_EXT_global_priority
0024:trace:vulkan:init_physical_device   - VK_EXT_global_priority_query
0024:trace:vulkan:init_physical_device   - VK_EXT_host_image_copy
0024:trace:vulkan:init_physical_device   - VK_EXT_host_query_reset
0024:trace:vulkan:init_physical_device   - VK_EXT_image_2d_view_of_3d
0024:trace:vulkan:init_physical_device   - VK_EXT_image_robustness
0024:trace:vulkan:init_physical_device   - VK_EXT_index_type_uint8
0024:trace:vulkan:init_physical_device   - VK_EXT_inline_uniform_block
0024:trace:vulkan:init_physical_device   - VK_EXT_line_rasterization
0024:trace:vulkan:init_physical_device   - VK_EXT_load_store_op_none
0024:trace:vulkan:init_physical_device   - VK_EXT_memory_budget
0024:warn:vulkan:init_physical_device Extension "VK_EXT_metal_objects" is not supported.
0024:trace:vulkan:init_physical_device   - VK_EXT_pipeline_creation_cache_control
0024:trace:vulkan:init_physical_device   - VK_EXT_pipeline_creation_feedback
0024:trace:vulkan:init_physical_device   - VK_EXT_pipeline_robustness
0024:trace:vulkan:init_physical_device   - VK_EXT_post_depth_coverage
0024:trace:vulkan:init_physical_device   - VK_EXT_private_data
0024:trace:vulkan:init_physical_device   - VK_EXT_robustness2
0024:trace:vulkan:init_physical_device   - VK_EXT_sample_locations
0024:trace:vulkan:init_physical_device   - VK_EXT_scalar_block_layout
0024:trace:vulkan:init_physical_device   - VK_EXT_separate_stencil_usage
0024:trace:vulkan:init_physical_device   - VK_EXT_shader_atomic_float
0024:trace:vulkan:init_physical_device   - VK_EXT_shader_demote_to_helper_invocation
0024:trace:vulkan:init_physical_device   - VK_EXT_shader_stencil_export
0024:trace:vulkan:init_physical_device   - VK_EXT_shader_subgroup_ballot
0024:trace:vulkan:init_physical_device   - VK_EXT_shader_subgroup_vote
0024:trace:vulkan:init_physical_device   - VK_EXT_shader_viewport_index_layer
0024:trace:vulkan:init_physical_device   - VK_EXT_subgroup_size_control
0024:trace:vulkan:init_physical_device   - VK_EXT_swapchain_maintenance1
0024:trace:vulkan:init_physical_device   - VK_EXT_texel_buffer_alignment
0024:trace:vulkan:init_physical_device   - VK_EXT_texture_compression_astc_hdr
0024:trace:vulkan:init_physical_device   - VK_EXT_tooling_info
0024:trace:vulkan:init_physical_device   - VK_EXT_vertex_attribute_divisor
0024:trace:vulkan:init_physical_device   - VK_AMD_gpu_shader_half_float
0024:trace:vulkan:init_physical_device   - VK_AMD_negative_viewport_height
0024:trace:vulkan:init_physical_device   - VK_AMD_shader_image_load_store_lod
0024:trace:vulkan:init_physical_device   - VK_AMD_shader_trinary_minmax
0024:warn:vulkan:init_physical_device Extension "VK_GOOGLE_display_timing" is not supported.
0024:trace:vulkan:init_physical_device   - VK_IMG_format_pvrtc
0024:trace:vulkan:init_physical_device   - VK_INTEL_shader_integer_functions2
0024:trace:vulkan:win32u_vkCreateInstance Created instance 0x106015200, host_instance 0x106016a18.
0024:trace:vulkan:vkGetInstanceProcAddr 0000000102B5F9B0, "vkDestroyInstance"
0024:trace:vulkan:wine_vk_get_instance_proc_addr Found name="vkDestroyInstance" in instance table
0024:trace:vulkan:vkGetInstanceProcAddr 0000000102B5F9B0, "vkCreateWin32SurfaceKHR"
0024:trace:vulkan:vkGetInstanceProcAddr 0000000102B5F9B0, "vkDestroySurfaceKHR"
0024:trace:vulkan:wine_vk_get_instance_proc_addr Found name="vkDestroySurfaceKHR" in instance table
0024:trace:vulkan:vkGetInstanceProcAddr 0000000102B5F9B0, "vkEnumeratePhysicalDevices"
0024:trace:vulkan:wine_vk_get_instance_proc_addr Found name="vkEnumeratePhysicalDevices" in instance table
0024:trace:vulkan:vkGetInstanceProcAddr 0000000102B5F9B0, "vkGetPhysicalDeviceQueueFamilyProperties"
0024:trace:vulkan:wine_vk_get_instance_proc_addr Found name="vkGetPhysicalDeviceQueueFamilyProperties" in instance table
0024:trace:vulkan:vkGetInstanceProcAddr 0000000102B5F9B0, "vkGetPhysicalDeviceSurfaceSupportKHR"
0024:trace:vulkan:wine_vk_get_instance_proc_addr Found name="vkGetPhysicalDeviceSurfaceSupportKHR" in instance table
0024:trace:vulkan:vkGetInstanceProcAddr 0000000102B5F9B0, "vkGetPhysicalDeviceSurfaceCapabilitiesKHR"
0024:trace:vulkan:wine_vk_get_instance_proc_addr Found name="vkGetPhysicalDeviceSurfaceCapabilitiesKHR" in instance table
0024:trace:vulkan:vkGetInstanceProcAddr 0000000102B5F9B0, "vkGetPhysicalDeviceSurfaceFormatsKHR"
0024:trace:vulkan:wine_vk_get_instance_proc_addr Found name="vkGetPhysicalDeviceSurfaceFormatsKHR" in instance table
0024:trace:vulkan:vkGetInstanceProcAddr 0000000102B5F9B0, "vkCreateDevice"
0024:trace:vulkan:wine_vk_get_instance_proc_addr Found name="vkCreateDevice" in instance table
0024:trace:vulkan:vkGetInstanceProcAddr 0000000102B5F9B0, "vkGetDeviceProcAddr"
0024:trace:vulkan:wine_vk_get_device_proc_addr Found name="vkGetDeviceProcAddr" in device table
0024:trace:vulkan:thunk64_vkCreateWin32SurfaceKHR 0x102b5f9b0, 0x1070ff740, 0x0, 0x1070ff4b8
0024:trace:vulkan:win32u_vkCreateWin32SurfaceKHR client_instance 0x102b5f9b0, create_info 0x1070ff740, allocator 0x0, ret 0x1070ff4b8
0024:trace:vulkan:iosdrv_client_surface_update resized 0x10028/0x105217dd0 Metal surface to 712x433
JUICE_MOLTENVK_CLIENT_SURFACE_READY hwnd=0x10028 device=Apple A13 GPU size=712x433
JUICE_MOLTENVK_SURFACE_CREATE hwnd=0x10028 result=0 host=0x102e3aa10
[JuiceGeom] surface hwnd=0x10028 rect=0,0,768,512 size=768x512 previous=0x105329a20
[JuiceRect] input hwnd=0x10028 dpi=96/1 raw=96/1 win=60,60,780,520 client=64,83,776,516 visible=60,60,780,520
[JuiceRect] mapped hwnd=0x10028 win=60,60,780,520 client=64,83,776,516 visible=60,60,780,520
[JuiceGeom] changed hwnd=0x10028 flags=4000181f ptr=0x28010f970 window=60,60,780,520 client=64,83,776,516 visible=60,60,780,520 surface=0x105329a20 shown=1
0024:trace:vulkan:thunk64_vkEnumeratePhysicalDevices 0x102b5f9b0, 0x1070ff4b4, 0x1070ff9f0
0024:trace:vulkan:wine_vkEnumeratePhysicalDevices Returning 1 devices.
0024:trace:vulkan:thunk64_vkGetPhysicalDeviceQueueFamilyProperties 0x102b5f9c8, 0x1070ff4b0, 0x1070ffbf0
0024:trace:vulkan:thunk64_vkGetPhysicalDeviceSurfaceSupportKHR 0x102b5f9c8, 0, 0x105217d60, 0x1070ffa70
0024:trace:vulkan:vkCreateDevice Enabling 1 client device extensions
0024:trace:vulkan:vkCreateDevice   - VK_KHR_swapchain
0024:trace:vulkan:thunk64_vkCreateDevice 0x102b5f9c8, 0x1070ff780, 0x0, 0x1070ff490
0024:trace:vulkan:win32u_vkCreateDevice Device name: "Apple A13 GPU".
0024:trace:vulkan:win32u_vkCreateDevice Vendor ID: 0x106b, Device ID: 0x10050006.
0024:trace:vulkan:win32u_vkCreateDevice Driver version: 0x28a2.
0024:trace:vulkan:convert_device_create_info Enabling 1 host device extensions
0024:trace:vulkan:convert_device_create_info   - "VK_KHR_swapchain"
[mvk-info] Vulkan semaphores using MTLEvent.
[mvk-info] Descriptor sets binding resources using Metal3 argument buffers.
[mvk-info] Created VkDevice to run on GPU Apple A13 GPU with the following 1 Vulkan extensions enabled:
	VK_KHR_swapchain v70
0024:trace:vulkan:win32u_vkCreateDevice Device proc vkAcquireNextImage2KHR not found.
0024:trace:vulkan:win32u_vkCreateDevice Device proc vkAcquirePerformanceConfigurationINTEL not found.
0024:trace:vulkan:win32u_vkCreateDevice Device proc vkAcquireProfilingLockKHR not found.
0024:trace:vulkan:win32u_vkCreateDevice Device proc vkAntiLagUpdateAMD not found.
0024:trace:vulkan:win32u_vkCreateDevice Device proc vkBindAccelerationStructureMemoryNV not found.
0024:trace:vulkan:win32u_vkCreateDevice Device proc vkBindBufferMemory2 not found.
0024:trace:vulkan:win32u_vkCreateDevice Device proc vkBindBufferMemory2KHR not found.
0024:trace:vulkan:win32u_vkCreateDevice Device proc vkBindDataGraphPipelineSessionMemoryARM not found.
0024:trace:vulkan:win32u_vkCreateDevice Device proc vkBindImageMemory2 not found.
0024:trace:vulkan:win32u_vkCreateDevice Device proc vkBindImageMemory2KHR not found.
0024:trace:vulkan:win32u_vkCreateDevice Device proc vkBindOpticalFlowSessionImageNV not found.
0024:trace:vulkan:win32u_vkCreateDevice Device proc vkBindTensorMemoryARM not found.
0024:trace:vulkan:win32u_vkCreateDevice Device proc vkBindVideoSessionMemoryKHR not found.
0024:trace:vulkan:win32u_vkCreateDevice Device proc vkBuildAccelerationStructuresKHR not found.
0024:trace:vulkan:win32u_vkCreateDevice Device proc vkBuildMicromapsEXT not found.
0024:trace:vulkan:win32u_vkCreateDevice Device proc vkClearShaderInstrumentationMetricsARM not found.
0024:trace:vulkan:win32u_vkCreateDevice Device proc vkCmdBeginConditionalRendering2EXT not found.
0024:trace:vulkan:win32u_vkCreateDevice Device proc vkCmdBeginConditionalRenderingEXT not found.
0024:trace:vulkan:win32u_vkCreateDevice Device proc vkCmdBeginCustomResolveEXT not found.
0024:trace:vulkan:win32u_vkCreateDevice Device proc vkCmdBeginDebugUtilsLabelEXT not found.
0024:trace:vulkan:win32u_vkCreateDevice Device proc vkCmdBeginGpaSampleAMD not found.
0024:trace:vulkan:win32u_vkCreateDevice Device proc vkCmdBeginGpaSessionAMD not found.
0024:trace:vulkan:win32u_vkCreateDevice Device proc vkCmdBeginPerTileExecutionQCOM not found.
0024:trace:vulkan:win32u_vkCreateDevice Device proc vkCmdBeginQueryIndexedEXT not found.
0024:trace:vulkan:win32u_vkCreateDevice Device proc vkCmdBeginRenderPass2 not found.
0024:trace:vulkan:win32u_vkCreateDevice Device proc vkCmdBeginRenderPass2KHR not found.
0024:trace:vulkan:win32u_vkCreateDevice Device proc vkCmdBeginRendering not found.
0024:trace:vulkan:win32u_vkCreateDevice Device proc vkCmdBeginRenderingKHR not found.
0024:trace:vulkan:win32u_vkCreateDevice Device proc vkCmdBeginShaderInstrumentationARM not found.
0024:trace:vulkan:win32u_vkCreateDevice Device proc vkCmdBeginTransformFeedback2EXT not found.
0024:trace:vulkan:win32u_vkCreateDevice Device proc vkCmdBeginTransformFeedbackEXT not found.
0024:trace:vulkan:win32u_vkCreateDevice Device proc vkCmdBeginVideoCodingKHR not found.
0024:trace:vulkan:win32u_vkCreateDevice Device proc vkCmdBindDescriptorBufferEmbeddedSamplers2EXT not found.
0024:trace:vulkan:win32u_vkCreateDevice Device proc vkCmdBindDescriptorBufferEmbeddedSamplersEXT not found.
0024:trace:vulkan:win32u_vkCreateDevice Device proc vkCmdBindDescriptorBuffersEXT not found.
0024:trace:vulkan:win32u_vkCreateDevice Device proc vkCmdBindDescriptorSets2 not found.
0024:trace:vulkan:win32u_vkCreateDevice Device proc vkCmdBindDescriptorSets2KHR not found.
0024:trace:vulkan:win32u_vkCreateDevice Device proc vkCmdBindIndexBuffer2 not found.
0024:trace:vulkan:win32u_vkCreateDevice Device proc vkCmdBindIndexBuffer2KHR not found.
0024:trace:vulkan:win32u_vkCreateDevice Device proc vkCmdBindIndexBuffer3KHR not found.
0024:trace:vulkan:win32u_vkCreateDevice Device proc vkCmdBindInvocationMaskHUAWEI not found.
0024:trace:vulkan:win32u_vkCreateDevice Device proc vkCmdBindPipelineShaderGroupNV not found.
0024:trace:vulkan:win32u_vkCreateDevice Device proc vkCmdBindResourceHeapEXT not found.
0024:trace:vulkan:win32u_vkCreateDevice Device proc vkCmdBindSamplerHeapEXT not found.
0024:trace:vulkan:win32u_vkCreateDevice Device proc vkCmdBindShadersEXT not found.
0024:trace:vulkan:win32u_vkCreateDevice Device proc vkCmdBindShadingRateImageNV not found.
0024:trace:vulkan:win32u_vkCreateDevice Device proc vkCmdBindTileMemoryQCOM not found.
0024:trace:vulkan:win32u_vkCreateDevice Device proc vkCmdBindTransformFeedbackBuffers2EXT not found.
0024:trace:vulkan:win32u_vkCreateDevice Device proc vkCmdBindTransformFeedbackBuffersEXT not found.
0024:trace:vulkan:win32u_vkCreateDevice Device proc vkCmdBindVertexBuffers2 not found.
0024:trace:vulkan:win32u_vkCreateDevice Device proc vkCmdBindVertexBuffers2EXT not found.
0024:trace:vulkan:win32u_vkCreateDevice Device proc vkCmdBindVertexBuffers3KHR not found.
0024:trace:vulkan:win32u_vkCreateDevice Device proc vkCmdBlitImage2 not found.
0024:trace:vulkan:win32u_vkCreateDevice Device proc vkCmdBlitImage2KHR not found.
0024:trace:vulkan:win32u_vkCreateDevice Device proc vkCmdBuildAccelerationStructureNV not found.
0024:trace:vulkan:win32u_vkCreateDevice Device proc vkCmdBuildAccelerationStructuresIndirectKHR not found.
0024:trace:vulkan:win32u_vkCreateDevice Device proc vkCmdBuildAccelerationStructuresKHR not found.
0024:trace:vulkan:win32u_vkCreateDevice Device proc vkCmdBuildClusterAccelerationStructureIndirectNV not found.
0024:trace:vulkan:win32u_vkCreateDevice Device proc vkCmdBuildMicromapsEXT not found.
0024:trace:vulkan:win32u_vkCreateDevice Device proc vkCmdBuildPartitionedAccelerationStructuresNV not found.
0024:trace:vulkan:win32u_vkCreateDevice Device proc vkCmdControlVideoCodingKHR not found.
0024:trace:vulkan:win32u_vkCreateDevice Device proc vkCmdConvertCooperativeVectorMatrixNV not found.
0024:trace:vulkan:win32u_vkCreateDevice Device proc vkCmdCopyAccelerationStructureKHR not found.
0024:trace:vulkan:win32u_vkCreateDevice Device proc vkCmdCopyAccelerationStructureNV not found.
0024:trace:vulkan:win32u_vkCreateDevice Device proc vkCmdCopyAccelerationStructureToMemoryKHR not found.
0024:trace:vulkan:win32u_vkCreateDevice Device proc vkCmdCopyBuffer2 not found.
0024:trace:vulkan:win32u_vkCreateDevice Device proc vkCmdCopyBuffer2KHR not found.
0024:trace:vulkan:win32u_vkCreateDevice Device proc vkCmdCopyBufferToImage2 not found.
0024:trace:vulkan:win32u_vkCreateDevice Device proc vkCmdCopyBufferToImage2KHR not found.
0024:trace:vulkan:win32u_vkCreateDevice Device proc vkCmdCopyGpaSessionResultsAMD not found.
0024:trace:vulkan:win32u_vkCreateDevice Device proc vkCmdCopyImage2 not found.
0024:trace:vulkan:win32u_vkCreateDevice Device proc vkCmdCopyImage2KHR not found.
0024:trace:vulkan:win32u_vkCreateDevice Device proc vkCmdCopyImageToBuffer2 not found.
0024:trace:vulkan:win32u_vkCreateDevice Device proc vkCmdCopyImageToBuffer2KHR not found.
0024:trace:vulkan:win32u_vkCreateDevice Device proc vkCmdCopyImageToMemoryKHR not found.
0024:trace:vulkan:win32u_vkCreateDevice Device proc vkCmdCopyMemoryIndirectKHR not found.
0024:trace:vulkan:win32u_vkCreateDevice Device proc vkCmdCopyMemoryIndirectNV not found.
0024:trace:vulkan:win32u_vkCreateDevice Device proc vkCmdCopyMemoryKHR not found.
0024:trace:vulkan:win32u_vkCreateDevice Device proc vkCmdCopyMemoryToAccelerationStructureKHR not found.
0024:trace:vulkan:win32u_vkCreateDevice Device proc vkCmdCopyMemoryToImageIndirectKHR not found.
0024:trace:vulkan:win32u_vkCreateDevice Device proc vkCmdCopyMemoryToImageIndirectNV not found.
0024:trace:vulkan:win32u_vkCreateDevice Device proc vkCmdCopyMemoryToImageKHR not found.
0024:trace:vulkan:win32u_vkCreateDevice Device proc vkCmdCopyMemoryToMicromapEXT not found.
0024:trace:vulkan:win32u_vkCreateDevice Device proc vkCmdCopyMicromapEXT not found.
0024:trace:vulkan:win32u_vkCreateDevice Device proc vkCmdCopyMicromapToMemoryEXT not found.
0024:trace:vulkan:win32u_vkCreateDevice Device proc vkCmdCopyQueryPoolResultsToMemoryKHR not found.
0024:trace:vulkan:win32u_vkCreateDevice Device proc vkCmdCopyTensorARM not found.
0024:trace:vulkan:win32u_vkCreateDevice Device proc vkCmdCuLaunchKernelNVX not found.
0024:trace:vulkan:win32u_vkCreateDevice Device proc vkCmdDebugMarkerBeginEXT not found.
0024:trace:vulkan:win32u_vkCreateDevice Device proc vkCmdDebugMarkerEndEXT not found.
0024:trace:vulkan:win32u_vkCreateDevice Device proc vkCmdDebugMarkerInsertEXT not found.
0024:trace:vulkan:win32u_vkCreateDevice Device proc vkCmdDecodeVideoKHR not found.
0024:trace:vulkan:win32u_vkCreateDevice Device proc vkCmdDecompressMemoryEXT not found.
0024:trace:vulkan:win32u_vkCreateDevice Device proc vkCmdDecompressMemoryIndirectCountEXT not found.
0024:trace:vulkan:win32u_vkCreateDevice Device proc vkCmdDecompressMemoryIndirectCountNV not found.
0024:trace:vulkan:win32u_vkCreateDevice Device proc vkCmdDecompressMemoryNV not found.
0024:trace:vulkan:win32u_vkCreateDevice Device proc vkCmdDispatchBase not found.
0024:trace:vulkan:win32u_vkCreateDevice Device proc vkCmdDispatchBaseKHR not found.
0024:trace:vulkan:win32u_vkCreateDevice Device proc vkCmdDispatchDataGraphARM not found.
0024:trace:vulkan:win32u_vkCreateDevice Device proc vkCmdDispatchIndirect2KHR not found.
0024:trace:vulkan:win32u_vkCreateDevice Device proc vkCmdDispatchTileQCOM not found.
0024:trace:vulkan:win32u_vkCreateDevice Device proc vkCmdDrawClusterHUAWEI not found.
0024:trace:vulkan:win32u_vkCreateDevice Device proc vkCmdDrawClusterIndirectHUAWEI not found.
0024:trace:vulkan:win32u_vkCreateDevice Device proc vkCmdDrawIndexedIndirect2KHR not found.
0024:trace:vulkan:win32u_vkCreateDevice Device proc vkCmdDrawIndexedIndirectCount not found.
0024:trace:vulkan:win32u_vkCreateDevice Device proc vkCmdDrawIndexedIndirectCount2KHR not found.
0024:trace:vulkan:win32u_vkCreateDevice Device proc vkCmdDrawIndexedIndirectCountAMD not found.
0024:trace:vulkan:win32u_vkCreateDevice Device proc vkCmdDrawIndexedIndirectCountKHR not found.
0024:trace:vulkan:win32u_vkCreateDevice Device proc vkCmdDrawIndirect2KHR not found.
0024:trace:vulkan:win32u_vkCreateDevice Device proc vkCmdDrawIndirectByteCount2EXT not found.
0024:trace:vulkan:win32u_vkCreateDevice Device proc vkCmdDrawIndirectByteCountEXT not found.
0024:trace:vulkan:win32u_vkCreateDevice Device proc vkCmdDrawIndirectCount not found.
0024:trace:vulkan:win32u_vkCreateDevice Device proc vkCmdDrawIndirectCount2KHR not found.
0024:trace:vulkan:win32u_vkCreateDevice Device proc vkCmdDrawIndirectCountAMD not found.
0024:trace:vulkan:win32u_vkCreateDevice Device proc vkCmdDrawIndirectCountKHR not found.
0024:trace:vulkan:win32u_vkCreateDevice Device proc vkCmdDrawMeshTasksEXT not found.
0024:trace:vulkan:win32u_vkCreateDevice Device proc vkCmdDrawMeshTasksIndirect2EXT not found.
0024:trace:vulkan:win32u_vkCreateDevice Device proc vkCmdDrawMeshTasksIndirectCount2EXT not found.
0024:trace:vulkan:win32u_vkCreateDevice Device proc vkCmdDrawMeshTasksIndirectCountEXT not found.
0024:trace:vulkan:win32u_vkCreateDevice Device proc vkCmdDrawMeshTasksIndirectCountNV not found.
0024:trace:vulkan:win32u_vkCreateDevice Device proc vkCmdDrawMeshTasksIndirectEXT not found.
0024:trace:vulkan:win32u_vkCreateDevice Device proc vkCmdDrawMeshTasksIndirectNV not found.
0024:trace:vulkan:win32u_vkCreateDevice Device proc vkCmdDrawMeshTasksNV not found.
0024:trace:vulkan:win32u_vkCreateDevice Device proc vkCmdDrawMultiEXT not found.
0024:trace:vulkan:win32u_vkCreateDevice Device proc vkCmdDrawMultiIndexedEXT not found.
0024:trace:vulkan:win32u_vkCreateDevice Device proc vkCmdEncodeVideoKHR not found.
0024:trace:vulkan:win32u_vkCreateDevice Device proc vkCmdEndConditionalRenderingEXT not found.
0024:trace:vulkan:win32u_vkCreateDevice Device proc vkCmdEndDebugUtilsLabelEXT not found.
0024:trace:vulkan:win32u_vkCreateDevice Device proc vkCmdEndGpaSampleAMD not found.
0024:trace:vulkan:win32u_vkCreateDevice Device proc vkCmdEndGpaSessionAMD not found.
0024:trace:vulkan:win32u_vkCreateDevice Device proc vkCmdEndPerTileExecutionQCOM not found.
0024:trace:vulkan:win32u_vkCreateDevice Device proc vkCmdEndQueryIndexedEXT not found.
0024:trace:vulkan:win32u_vkCreateDevice Device proc vkCmdEndRenderPass2 not found.
0024:trace:vulkan:win32u_vkCreateDevice Device proc vkCmdEndRenderPass2KHR not found.
0024:trace:vulkan:win32u_vkCreateDevice Device proc vkCmdEndRendering not found.
0024:trace:vulkan:win32u_vkCreateDevice Device proc vkCmdEndRendering2EXT not found.
0024:trace:vulkan:win32u_vkCreateDevice Device proc vkCmdEndRendering2KHR not found.
0024:trace:vulkan:win32u_vkCreateDevice Device proc vkCmdEndRenderingKHR not found.
0024:trace:vulkan:win32u_vkCreateDevice Device proc vkCmdEndShaderInstrumentationARM not found.
0024:trace:vulkan:win32u_vkCreateDevice Device proc vkCmdEndTransformFeedback2EXT not found.
0024:trace:vulkan:win32u_vkCreateDevice Device proc vkCmdEndTransformFeedbackEXT not found.
0024:trace:vulkan:win32u_vkCreateDevice Device proc vkCmdEndVideoCodingKHR not found.
0024:trace:vulkan:win32u_vkCreateDevice Device proc vkCmdExecuteGeneratedCommandsEXT not found.
0024:trace:vulkan:win32u_vkCreateDevice Device proc vkCmdExecuteGeneratedCommandsNV not found.
0024:trace:vulkan:win32u_vkCreateDevice Device proc vkCmdFillMemoryKHR not found.
0024:trace:vulkan:win32u_vkCreateDevice Device proc vkCmdInsertDebugUtilsLabelEXT not found.
0024:trace:vulkan:win32u_vkCreateDevice Device proc vkCmdNextSubpass2 not found.
0024:trace:vulkan:win32u_vkCreateDevice Device proc vkCmdNextSubpass2KHR not found.
0024:trace:vulkan:win32u_vkCreateDevice Device proc vkCmdOpticalFlowExecuteNV not found.
0024:trace:vulkan:win32u_vkCreateDevice Device proc vkCmdPipelineBarrier2 not found.
0024:trace:vulkan:win32u_vkCreateDevice Device proc vkCmdPipelineBarrier2KHR not found.
0024:trace:vulkan:win32u_vkCreateDevice Device proc vkCmdPreprocessGeneratedCommandsEXT not found.
0024:trace:vulkan:win32u_vkCreateDevice Device proc vkCmdPreprocessGeneratedCommandsNV not found.
0024:trace:vulkan:win32u_vkCreateDevice Device proc vkCmdPushConstants2 not found.
0024:trace:vulkan:win32u_vkCreateDevice Device proc vkCmdPushConstants2KHR not found.
0024:trace:vulkan:win32u_vkCreateDevice Device proc vkCmdPushDataEXT not found.
0024:trace:vulkan:win32u_vkCreateDevice Device proc vkCmdPushDescriptorSet not found.
0024:trace:vulkan:win32u_vkCreateDevice Device proc vkCmdPushDescriptorSet2 not found.
0024:trace:vulkan:win32u_vkCreateDevice Device proc vkCmdPushDescriptorSet2KHR not found.
0024:trace:vulkan:win32u_vkCreateDevice Device proc vkCmdPushDescriptorSetKHR not found.
0024:trace:vulkan:win32u_vkCreateDevice Device proc vkCmdPushDescriptorSetWithTemplate not found.
0024:trace:vulkan:win32u_vkCreateDevice Device proc vkCmdPushDescriptorSetWithTemplate2 not found.
0024:trace:vulkan:win32u_vkCreateDevice Device proc vkCmdPushDescriptorSetWithTemplate2KHR not found.
0024:trace:vulkan:win32u_vkCreateDevice Device proc vkCmdPushDescriptorSetWithTemplateKHR not found.
0024:trace:vulkan:win32u_vkCreateDevice Device proc vkCmdResetEvent2 not found.
0024:trace:vulkan:win32u_vkCreateDevice Device proc vkCmdResetEvent2KHR not found.
0024:trace:vulkan:win32u_vkCreateDevice Device proc vkCmdResolveImage2 not found.
0024:trace:vulkan:win32u_vkCreateDevice Device proc vkCmdResolveImage2KHR not found.
0024:trace:vulkan:win32u_vkCreateDevice Device proc vkCmdSetAlphaToCoverageEnableEXT not found.
0024:trace:vulkan:win32u_vkCreateDevice Device proc vkCmdSetAlphaToOneEnableEXT not found.
0024:trace:vulkan:win32u_vkCreateDevice Device proc vkCmdSetAttachmentFeedbackLoopEnableEXT not found.
0024:trace:vulkan:win32u_vkCreateDevice Device proc vkCmdSetCheckpointNV not found.
0024:trace:vulkan:win32u_vkCreateDevice Device proc vkCmdSetCoarseSampleOrderNV not found.
0024:trace:vulkan:win32u_vkCreateDevice Device proc vkCmdSetColorBlendAdvancedEXT not found.
0024:trace:vulkan:win32u_vkCreateDevice Device proc vkCmdSetColorBlendEnableEXT not found.
0024:trace:vulkan:win32u_vkCreateDevice Device proc vkCmdSetColorBlendEquationEXT not found.
0024:trace:vulkan:win32u_vkCreateDevice Device proc vkCmdSetColorWriteEnableEXT not found.
0024:trace:vulkan:win32u_vkCreateDevice Device proc vkCmdSetColorWriteMaskEXT not found.
0024:trace:vulkan:win32u_vkCreateDevice Device proc vkCmdSetComputeOccupancyPriorityNV not found.
0024:trace:vulkan:win32u_vkCreateDevice Device proc vkCmdSetConservativeRasterizationModeEXT not found.
0024:trace:vulkan:win32u_vkCreateDevice Device proc vkCmdSetCoverageModulationModeNV not found.
0024:trace:vulkan:win32u_vkCreateDevice Device proc vkCmdSetCoverageModulationTableEnableNV not found.
0024:trace:vulkan:win32u_vkCreateDevice Device proc vkCmdSetCoverageModulationTableNV not found.
0024:trace:vulkan:win32u_vkCreateDevice Device proc vkCmdSetCoverageReductionModeNV not found.
0024:trace:vulkan:win32u_vkCreateDevice Device proc vkCmdSetCoverageToColorEnableNV not found.
0024:trace:vulkan:win32u_vkCreateDevice Device proc vkCmdSetCoverageToColorLocationNV not found.
0024:trace:vulkan:win32u_vkCreateDevice Device proc vkCmdSetCullMode not found.
0024:trace:vulkan:win32u_vkCreateDevice Device proc vkCmdSetCullModeEXT not found.
0024:trace:vulkan:win32u_vkCreateDevice Device proc vkCmdSetDepthBias2EXT not found.
0024:trace:vulkan:win32u_vkCreateDevice Device proc vkCmdSetDepthBiasEnable not found.
0024:trace:vulkan:win32u_vkCreateDevice Device proc vkCmdSetDepthBiasEnableEXT not found.
0024:trace:vulkan:win32u_vkCreateDevice Device proc vkCmdSetDepthBoundsTestEnable not found.
0024:trace:vulkan:win32u_vkCreateDevice Device proc vkCmdSetDepthBoundsTestEnableEXT not found.
0024:trace:vulkan:win32u_vkCreateDevice Device proc vkCmdSetDepthClampEnableEXT not found.
0024:trace:vulkan:win32u_vkCreateDevice Device proc vkCmdSetDepthClampRangeEXT not found.
0024:trace:vulkan:win32u_vkCreateDevice Device proc vkCmdSetDepthClipEnableEXT not found.
0024:trace:vulkan:win32u_vkCreateDevice Device proc vkCmdSetDepthClipNegativeOneToOneEXT not found.
0024:trace:vulkan:win32u_vkCreateDevice Device proc vkCmdSetDepthCompareOp not found.
0024:trace:vulkan:win32u_vkCreateDevice Device proc vkCmdSetDepthCompareOpEXT not found.
0024:trace:vulkan:win32u_vkCreateDevice Device proc vkCmdSetDepthTestEnable not found.
0024:trace:vulkan:win32u_vkCreateDevice Device proc vkCmdSetDepthTestEnableEXT not found.
0024:trace:vulkan:win32u_vkCreateDevice Device proc vkCmdSetDepthWriteEnable not found.
0024:trace:vulkan:win32u_vkCreateDevice Device proc vkCmdSetDepthWriteEnableEXT not found.
0024:trace:vulkan:win32u_vkCreateDevice Device proc vkCmdSetDescriptorBufferOffsets2EXT not found.
0024:trace:vulkan:win32u_vkCreateDevice Device proc vkCmdSetDescriptorBufferOffsetsEXT not found.
0024:trace:vulkan:win32u_vkCreateDevice Device proc vkCmdSetDeviceMask not found.
0024:trace:vulkan:win32u_vkCreateDevice Device proc vkCmdSetDeviceMaskKHR not found.
0024:trace:vulkan:win32u_vkCreateDevice Device proc vkCmdSetDiscardRectangleEXT not found.
0024:trace:vulkan:win32u_vkCreateDevice Device proc vkCmdSetDiscardRectangleEnableEXT not found.
0024:trace:vulkan:win32u_vkCreateDevice Device proc vkCmdSetDiscardRectangleModeEXT not found.
0024:trace:vulkan:win32u_vkCreateDevice Device proc vkCmdSetDispatchParametersARM not found.
0024:trace:vulkan:win32u_vkCreateDevice Device proc vkCmdSetEvent2 not found.
0024:trace:vulkan:win32u_vkCreateDevice Device proc vkCmdSetEvent2KHR not found.
0024:trace:vulkan:win32u_vkCreateDevice Device proc vkCmdSetExclusiveScissorEnableNV not found.
0024:trace:vulkan:win32u_vkCreateDevice Device proc vkCmdSetExclusiveScissorNV not found.
0024:trace:vulkan:win32u_vkCreateDevice Device proc vkCmdSetExtraPrimitiveOverestimationSizeEXT not found.
0024:trace:vulkan:win32u_vkCreateDevice Device proc vkCmdSetFragmentShadingRateEnumNV not found.
0024:trace:vulkan:win32u_vkCreateDevice Device proc vkCmdSetFragmentShadingRateKHR not found.
0024:trace:vulkan:win32u_vkCreateDevice Device proc vkCmdSetFrontFace not found.
0024:trace:vulkan:win32u_vkCreateDevice Device proc vkCmdSetFrontFaceEXT not found.
0024:trace:vulkan:win32u_vkCreateDevice Device proc vkCmdSetLineRasterizationModeEXT not found.
0024:trace:vulkan:win32u_vkCreateDevice Device proc vkCmdSetLineStipple not found.
0024:trace:vulkan:win32u_vkCreateDevice Device proc vkCmdSetLineStippleEXT not found.
0024:trace:vulkan:win32u_vkCreateDevice Device proc vkCmdSetLineStippleEnableEXT not found.
0024:trace:vulkan:win32u_vkCreateDevice Device proc vkCmdSetLineStippleKHR not found.
0024:trace:vulkan:win32u_vkCreateDevice Device proc vkCmdSetLogicOpEXT not found.
0024:trace:vulkan:win32u_vkCreateDevice Device proc vkCmdSetLogicOpEnableEXT not found.
0024:trace:vulkan:win32u_vkCreateDevice Device proc vkCmdSetPatchControlPointsEXT not found.
0024:trace:vulkan:win32u_vkCreateDevice Device proc vkCmdSetPerformanceMarkerINTEL not found.
0024:trace:vulkan:win32u_vkCreateDevice Device proc vkCmdSetPerformanceOverrideINTEL not found.
0024:trace:vulkan:win32u_vkCreateDevice Device proc vkCmdSetPerformanceStreamMarkerINTEL not found.
0024:trace:vulkan:win32u_vkCreateDevice Device proc vkCmdSetPolygonModeEXT not found.
0024:trace:vulkan:win32u_vkCreateDevice Device proc vkCmdSetPrimitiveRestartEnable not found.
0024:trace:vulkan:win32u_vkCreateDevice Device proc vkCmdSetPrimitiveRestartEnableEXT not found.
0024:trace:vulkan:win32u_vkCreateDevice Device proc vkCmdSetPrimitiveRestartIndexEXT not found.
0024:trace:vulkan:win32u_vkCreateDevice Device proc vkCmdSetPrimitiveTopology not found.
0024:trace:vulkan:win32u_vkCreateDevice Device proc vkCmdSetPrimitiveTopologyEXT not found.
0024:trace:vulkan:win32u_vkCreateDevice Device proc vkCmdSetProvokingVertexModeEXT not found.
0024:trace:vulkan:win32u_vkCreateDevice Device proc vkCmdSetRasterizationSamplesEXT not found.
0024:trace:vulkan:win32u_vkCreateDevice Device proc vkCmdSetRasterizationStreamEXT not found.
0024:trace:vulkan:win32u_vkCreateDevice Device proc vkCmdSetRasterizerDiscardEnable not found.
0024:trace:vulkan:win32u_vkCreateDevice Device proc vkCmdSetRasterizerDiscardEnableEXT not found.
0024:trace:vulkan:win32u_vkCreateDevice Device proc vkCmdSetRayTracingPipelineStackSizeKHR not found.
0024:trace:vulkan:win32u_vkCreateDevice Device proc vkCmdSetRenderingAttachmentLocations not found.
0024:trace:vulkan:win32u_vkCreateDevice Device proc vkCmdSetRenderingAttachmentLocationsKHR not found.
0024:trace:vulkan:win32u_vkCreateDevice Device proc vkCmdSetRenderingInputAttachmentIndices not found.
0024:trace:vulkan:win32u_vkCreateDevice Device proc vkCmdSetRenderingInputAttachmentIndicesKHR not found.
0024:trace:vulkan:win32u_vkCreateDevice Device proc vkCmdSetRepresentativeFragmentTestEnableNV not found.
0024:trace:vulkan:win32u_vkCreateDevice Device proc vkCmdSetSampleLocationsEXT not found.
0024:trace:vulkan:win32u_vkCreateDevice Device proc vkCmdSetSampleLocationsEnableEXT not found.
0024:trace:vulkan:win32u_vkCreateDevice Device proc vkCmdSetSampleMaskEXT not found.
0024:trace:vulkan:win32u_vkCreateDevice Device proc vkCmdSetScissorWithCount not found.
0024:trace:vulkan:win32u_vkCreateDevice Device proc vkCmdSetScissorWithCountEXT not found.
0024:trace:vulkan:win32u_vkCreateDevice Device proc vkCmdSetShadingRateImageEnableNV not found.
0024:trace:vulkan:win32u_vkCreateDevice Device proc vkCmdSetStencilOp not found.
0024:trace:vulkan:win32u_vkCreateDevice Device proc vkCmdSetStencilOpEXT not found.
0024:trace:vulkan:win32u_vkCreateDevice Device proc vkCmdSetStencilTestEnable not found.
0024:trace:vulkan:win32u_vkCreateDevice Device proc vkCmdSetStencilTestEnableEXT not found.
0024:trace:vulkan:win32u_vkCreateDevice Device proc vkCmdSetTessellationDomainOriginEXT not found.
0024:trace:vulkan:win32u_vkCreateDevice Device proc vkCmdSetVertexInputEXT not found.
0024:trace:vulkan:win32u_vkCreateDevice Device proc vkCmdSetViewportShadingRatePaletteNV not found.
0024:trace:vulkan:win32u_vkCreateDevice Device proc vkCmdSetViewportSwizzleNV not found.
0024:trace:vulkan:win32u_vkCreateDevice Device proc vkCmdSetViewportWScalingEnableNV not found.
0024:trace:vulkan:win32u_vkCreateDevice Device proc vkCmdSetViewportWScalingNV not found.
0024:trace:vulkan:win32u_vkCreateDevice Device proc vkCmdSetViewportWithCount not found.
0024:trace:vulkan:win32u_vkCreateDevice Device proc vkCmdSetViewportWithCountEXT not found.
0024:trace:vulkan:win32u_vkCreateDevice Device proc vkCmdSubpassShadingHUAWEI not found.
0024:trace:vulkan:win32u_vkCreateDevice Device proc vkCmdTraceRaysIndirect2KHR not found.
0024:trace:vulkan:win32u_vkCreateDevice Device proc vkCmdTraceRaysIndirectKHR not found.
0024:trace:vulkan:win32u_vkCreateDevice Device proc vkCmdTraceRaysKHR not found.
0024:trace:vulkan:win32u_vkCreateDevice Device proc vkCmdTraceRaysNV not found.
0024:trace:vulkan:win32u_vkCreateDevice Device proc vkCmdUpdateMemoryKHR not found.
0024:trace:vulkan:win32u_vkCreateDevice Device proc vkCmdUpdatePipelineIndirectBufferNV not found.
0024:trace:vulkan:win32u_vkCreateDevice Device proc vkCmdWaitEvents2 not found.
0024:trace:vulkan:win32u_vkCreateDevice Device proc vkCmdWaitEvents2KHR not found.
0024:trace:vulkan:win32u_vkCreateDevice Device proc vkCmdWriteAccelerationStructuresPropertiesKHR not found.
0024:trace:vulkan:win32u_vkCreateDevice Device proc vkCmdWriteAccelerationStructuresPropertiesNV not found.
0024:trace:vulkan:win32u_vkCreateDevice Device proc vkCmdWriteBufferMarker2AMD not found.
0024:trace:vulkan:win32u_vkCreateDevice Device proc vkCmdWriteBufferMarkerAMD not found.
0024:trace:vulkan:win32u_vkCreateDevice Device proc vkCmdWriteMarkerToMemoryAMD not found.
0024:trace:vulkan:win32u_vkCreateDevice Device proc vkCmdWriteMicromapsPropertiesEXT not found.
0024:trace:vulkan:win32u_vkCreateDevice Device proc vkCmdWriteTimestamp2 not found.
0024:trace:vulkan:win32u_vkCreateDevice Device proc vkCmdWriteTimestamp2KHR not found.
0024:trace:vulkan:win32u_vkCreateDevice Device proc vkCompileDeferredNV not found.
0024:trace:vulkan:win32u_vkCreateDevice Device proc vkConvertCooperativeVectorMatrixNV not found.
0024:trace:vulkan:win32u_vkCreateDevice Device proc vkCopyAccelerationStructureKHR not found.
0024:trace:vulkan:win32u_vkCreateDevice Device proc vkCopyAccelerationStructureToMemoryKHR not found.
0024:trace:vulkan:win32u_vkCreateDevice Device proc vkCopyImageToImage not found.
0024:trace:vulkan:win32u_vkCreateDevice Device proc vkCopyImageToImageEXT not found.
0024:trace:vulkan:win32u_vkCreateDevice Device proc vkCopyImageToMemory not found.
0024:trace:vulkan:win32u_vkCreateDevice Device proc vkCopyImageToMemoryEXT not found.
0024:trace:vulkan:win32u_vkCreateDevice Device proc vkCopyMemoryToAccelerationStructureKHR not found.
0024:trace:vulkan:win32u_vkCreateDevice Device proc vkCopyMemoryToImage not found.
0024:trace:vulkan:win32u_vkCreateDevice Device proc vkCopyMemoryToImageEXT not found.
0024:trace:vulkan:win32u_vkCreateDevice Device proc vkCopyMemoryToMicromapEXT not found.
0024:trace:vulkan:win32u_vkCreateDevice Device proc vkCopyMicromapEXT not found.
0024:trace:vulkan:win32u_vkCreateDevice Device proc vkCopyMicromapToMemoryEXT not found.
0024:trace:vulkan:win32u_vkCreateDevice Device proc vkCreateAccelerationStructure2KHR not found.
0024:trace:vulkan:win32u_vkCreateDevice Device proc vkCreateAccelerationStructureKHR not found.
0024:trace:vulkan:win32u_vkCreateDevice Device proc vkCreateAccelerationStructureNV not found.
0024:trace:vulkan:win32u_vkCreateDevice Device proc vkCreateCuFunctionNVX not found.
0024:trace:vulkan:win32u_vkCreateDevice Device proc vkCreateCuModuleNVX not found.
0024:trace:vulkan:win32u_vkCreateDevice Device proc vkCreateDataGraphPipelineSessionARM not found.
0024:trace:vulkan:win32u_vkCreateDevice Device proc vkCreateDataGraphPipelinesARM not found.
0024:trace:vulkan:win32u_vkCreateDevice Device proc vkCreateDeferredOperationKHR not found.
0024:trace:vulkan:win32u_vkCreateDevice Device proc vkCreateDescriptorUpdateTemplate not found.
0024:trace:vulkan:win32u_vkCreateDevice Device proc vkCreateDescriptorUpdateTemplateKHR not found.
0024:trace:vulkan:win32u_vkCreateDevice Device proc vkCreateGpaSessionAMD not found.
0024:trace:vulkan:win32u_vkCreateDevice Device proc vkCreateIndirectCommandsLayoutEXT not found.
0024:trace:vulkan:win32u_vkCreateDevice Device proc vkCreateIndirectCommandsLayoutNV not found.
0024:trace:vulkan:win32u_vkCreateDevice Device proc vkCreateIndirectExecutionSetEXT not found.
0024:trace:vulkan:win32u_vkCreateDevice Device proc vkCreateMicromapEXT not found.
0024:trace:vulkan:win32u_vkCreateDevice Device proc vkCreateOpticalFlowSessionNV not found.
0024:trace:vulkan:win32u_vkCreateDevice Device proc vkCreatePipelineBinariesKHR not found.
0024:trace:vulkan:win32u_vkCreateDevice Device proc vkCreatePrivateDataSlot not found.
0024:trace:vulkan:win32u_vkCreateDevice Device proc vkCreatePrivateDataSlotEXT not found.
0024:trace:vulkan:win32u_vkCreateDevice Device proc vkCreateRayTracingPipelinesKHR not found.
0024:trace:vulkan:win32u_vkCreateDevice Device proc vkCreateRayTracingPipelinesNV not found.
0024:trace:vulkan:win32u_vkCreateDevice Device proc vkCreateRenderPass2 not found.
0024:trace:vulkan:win32u_vkCreateDevice Device proc vkCreateRenderPass2KHR not found.
0024:trace:vulkan:win32u_vkCreateDevice Device proc vkCreateSamplerYcbcrConversion not found.
0024:trace:vulkan:win32u_vkCreateDevice Device proc vkCreateSamplerYcbcrConversionKHR not found.
0024:trace:vulkan:win32u_vkCreateDevice Device proc vkCreateShaderInstrumentationARM not found.
0024:trace:vulkan:win32u_vkCreateDevice Device proc vkCreateShadersEXT not found.
0024:trace:vulkan:win32u_vkCreateDevice Device proc vkCreateTensorARM not found.
0024:trace:vulkan:win32u_vkCreateDevice Device proc vkCreateTensorViewARM not found.
0024:trace:vulkan:win32u_vkCreateDevice Device proc vkCreateValidationCacheEXT not found.
0024:trace:vulkan:win32u_vkCreateDevice Device proc vkCreateVideoSessionKHR not found.
0024:trace:vulkan:win32u_vkCreateDevice Device proc vkCreateVideoSessionParametersKHR not found.
0024:trace:vulkan:win32u_vkCreateDevice Device proc vkDebugMarkerSetObjectNameEXT not found.
0024:trace:vulkan:win32u_vkCreateDevice Device proc vkDebugMarkerSetObjectTagEXT not found.
0024:trace:vulkan:win32u_vkCreateDevice Device proc vkDeferredOperationJoinKHR not found.
0024:trace:vulkan:win32u_vkCreateDevice Device proc vkDestroyAccelerationStructureKHR not found.
0024:trace:vulkan:win32u_vkCreateDevice Device proc vkDestroyAccelerationStructureNV not found.
0024:trace:vulkan:win32u_vkCreateDevice Device proc vkDestroyCuFunctionNVX not found.
0024:trace:vulkan:win32u_vkCreateDevice Device proc vkDestroyCuModuleNVX not found.
0024:trace:vulkan:win32u_vkCreateDevice Device proc vkDestroyDataGraphPipelineSessionARM not found.
0024:trace:vulkan:win32u_vkCreateDevice Device proc vkDestroyDeferredOperationKHR not found.
0024:trace:vulkan:win32u_vkCreateDevice Device proc vkDestroyDescriptorUpdateTemplate not found.
0024:trace:vulkan:win32u_vkCreateDevice Device proc vkDestroyDescriptorUpdateTemplateKHR not found.
0024:trace:vulkan:win32u_vkCreateDevice Device proc vkDestroyGpaSessionAMD not found.
0024:trace:vulkan:win32u_vkCreateDevice Device proc vkDestroyIndirectCommandsLayoutEXT not found.
0024:trace:vulkan:win32u_vkCreateDevice Device proc vkDestroyIndirectCommandsLayoutNV not found.
0024:trace:vulkan:win32u_vkCreateDevice Device proc vkDestroyIndirectExecutionSetEXT not found.
0024:trace:vulkan:win32u_vkCreateDevice Device proc vkDestroyMicromapEXT not found.
0024:trace:vulkan:win32u_vkCreateDevice Device proc vkDestroyOpticalFlowSessionNV not found.
0024:trace:vulkan:win32u_vkCreateDevice Device proc vkDestroyPipelineBinaryKHR not found.
0024:trace:vulkan:win32u_vkCreateDevice Device proc vkDestroyPrivateDataSlot not found.
0024:trace:vulkan:win32u_vkCreateDevice Device proc vkDestroyPrivateDataSlotEXT not found.
0024:trace:vulkan:win32u_vkCreateDevice Device proc vkDestroySamplerYcbcrConversion not found.
0024:trace:vulkan:win32u_vkCreateDevice Device proc vkDestroySamplerYcbcrConversionKHR not found.
0024:trace:vulkan:win32u_vkCreateDevice Device proc vkDestroyShaderEXT not found.
0024:trace:vulkan:win32u_vkCreateDevice Device proc vkDestroyShaderInstrumentationARM not found.
0024:trace:vulkan:win32u_vkCreateDevice Device proc vkDestroyTensorARM not found.
0024:trace:vulkan:win32u_vkCreateDevice Device proc vkDestroyTensorViewARM not found.
0024:trace:vulkan:win32u_vkCreateDevice Device proc vkDestroyValidationCacheEXT not found.
0024:trace:vulkan:win32u_vkCreateDevice Device proc vkDestroyVideoSessionKHR not found.
0024:trace:vulkan:win32u_vkCreateDevice Device proc vkDestroyVideoSessionParametersKHR not found.
0024:trace:vulkan:win32u_vkCreateDevice Device proc vkGetAccelerationStructureBuildSizesKHR not found.
0024:trace:vulkan:win32u_vkCreateDevice Device proc vkGetAccelerationStructureDeviceAddressKHR not found.
0024:trace:vulkan:win32u_vkCreateDevice Device proc vkGetAccelerationStructureHandleNV not found.
0024:trace:vulkan:win32u_vkCreateDevice Device proc vkGetAccelerationStructureMemoryRequirementsNV not found.
0024:trace:vulkan:win32u_vkCreateDevice Device proc vkGetAccelerationStructureOpaqueCaptureDescriptorDataEXT not found.
0024:trace:vulkan:win32u_vkCreateDevice Device proc vkGetBufferDeviceAddress not found.
0024:trace:vulkan:win32u_vkCreateDevice Device proc vkGetBufferDeviceAddressEXT not found.
0024:trace:vulkan:win32u_vkCreateDevice Device proc vkGetBufferDeviceAddressKHR not found.
0024:trace:vulkan:win32u_vkCreateDevice Device proc vkGetBufferMemoryRequirements2 not found.
0024:trace:vulkan:win32u_vkCreateDevice Device proc vkGetBufferMemoryRequirements2KHR not found.
0024:trace:vulkan:win32u_vkCreateDevice Device proc vkGetBufferOpaqueCaptureAddress not found.
0024:trace:vulkan:win32u_vkCreateDevice Device proc vkGetBufferOpaqueCaptureAddressKHR not found.
0024:trace:vulkan:win32u_vkCreateDevice Device proc vkGetBufferOpaqueCaptureDescriptorDataEXT not found.
0024:trace:vulkan:win32u_vkCreateDevice Device proc vkGetCalibratedTimestampsEXT not found.
0024:trace:vulkan:win32u_vkCreateDevice Device proc vkGetCalibratedTimestampsKHR not found.
0024:trace:vulkan:win32u_vkCreateDevice Device proc vkGetClusterAccelerationStructureBuildSizesNV not found.
0024:trace:vulkan:win32u_vkCreateDevice Device proc vkGetDataGraphPipelineAvailablePropertiesARM not found.
0024:trace:vulkan:win32u_vkCreateDevice Device proc vkGetDataGraphPipelinePropertiesARM not found.
0024:trace:vulkan:win32u_vkCreateDevice Device proc vkGetDataGraphPipelineSessionBindPointRequirementsARM not found.
0024:trace:vulkan:win32u_vkCreateDevice Device proc vkGetDataGraphPipelineSessionMemoryRequirementsARM not found.
0024:trace:vulkan:win32u_vkCreateDevice Device proc vkGetDeferredOperationMaxConcurrencyKHR not found.
0024:trace:vulkan:win32u_vkCreateDevice Device proc vkGetDeferredOperationResultKHR not found.
0024:trace:vulkan:win32u_vkCreateDevice Device proc vkGetDescriptorEXT not found.
0024:trace:vulkan:win32u_vkCreateDevice Device proc vkGetDescriptorSetHostMappingVALVE not found.
0024:trace:vulkan:win32u_vkCreateDevice Device proc vkGetDescriptorSetLayoutBindingOffsetEXT not found.
0024:trace:vulkan:win32u_vkCreateDevice Device proc vkGetDescriptorSetLayoutHostMappingInfoVALVE not found.
0024:trace:vulkan:win32u_vkCreateDevice Device proc vkGetDescriptorSetLayoutSizeEXT not found.
0024:trace:vulkan:win32u_vkCreateDevice Device proc vkGetDescriptorSetLayoutSupport not found.
0024:trace:vulkan:win32u_vkCreateDevice Device proc vkGetDescriptorSetLayoutSupportKHR not found.
0024:trace:vulkan:win32u_vkCreateDevice Device proc vkGetDeviceAccelerationStructureCompatibilityKHR not found.
0024:trace:vulkan:win32u_vkCreateDevice Device proc vkGetDeviceBufferMemoryRequirements not found.
0024:trace:vulkan:win32u_vkCreateDevice Device proc vkGetDeviceBufferMemoryRequirementsKHR not found.
0024:trace:vulkan:win32u_vkCreateDevice Device proc vkGetDeviceCombinedImageSamplerIndexNVX not found.
0024:trace:vulkan:win32u_vkCreateDevice Device proc vkGetDeviceFaultDebugInfoKHR not found.
0024:trace:vulkan:win32u_vkCreateDevice Device proc vkGetDeviceFaultInfoEXT not found.
0024:trace:vulkan:win32u_vkCreateDevice Device proc vkGetDeviceFaultReportsKHR not found.
0024:trace:vulkan:win32u_vkCreateDevice Device proc vkGetDeviceGroupPeerMemoryFeatures not found.
0024:trace:vulkan:win32u_vkCreateDevice Device proc vkGetDeviceGroupPeerMemoryFeaturesKHR not found.
0024:trace:vulkan:win32u_vkCreateDevice Device proc vkGetDeviceGroupPresentCapabilitiesKHR not found.
0024:trace:vulkan:win32u_vkCreateDevice Device proc vkGetDeviceGroupSurfacePresentModesKHR not found.
0024:trace:vulkan:win32u_vkCreateDevice Device proc vkGetDeviceImageMemoryRequirements not found.
0024:trace:vulkan:win32u_vkCreateDevice Device proc vkGetDeviceImageMemoryRequirementsKHR not found.
0024:trace:vulkan:win32u_vkCreateDevice Device proc vkGetDeviceImageSparseMemoryRequirements not found.
0024:trace:vulkan:win32u_vkCreateDevice Device proc vkGetDeviceImageSparseMemoryRequirementsKHR not found.
0024:trace:vulkan:win32u_vkCreateDevice Device proc vkGetDeviceImageSubresourceLayout not found.
0024:trace:vulkan:win32u_vkCreateDevice Device proc vkGetDeviceImageSubresourceLayoutKHR not found.
0024:trace:vulkan:win32u_vkCreateDevice Device proc vkGetDeviceMemoryOpaqueCaptureAddress not found.
0024:trace:vulkan:win32u_vkCreateDevice Device proc vkGetDeviceMemoryOpaqueCaptureAddressKHR not found.
0024:trace:vulkan:win32u_vkCreateDevice Device proc vkGetDeviceMicromapCompatibilityEXT not found.
0024:trace:vulkan:win32u_vkCreateDevice Device proc vkGetDeviceQueue2 not found.
0024:trace:vulkan:win32u_vkCreateDevice Device proc vkGetDeviceSubpassShadingMaxWorkgroupSizeHUAWEI not found.
0024:trace:vulkan:win32u_vkCreateDevice Device proc vkGetDeviceTensorMemoryRequirementsARM not found.
0024:trace:vulkan:win32u_vkCreateDevice Device proc vkGetDynamicRenderingTilePropertiesQCOM not found.
0024:trace:vulkan:win32u_vkCreateDevice Device proc vkGetEncodedVideoSessionParametersKHR not found.
0024:trace:vulkan:win32u_vkCreateDevice Device proc vkGetFenceFdKHR not found.
0024:trace:vulkan:win32u_vkCreateDevice Device proc vkGetFenceWin32HandleKHR not found.
0024:trace:vulkan:win32u_vkCreateDevice Device proc vkGetFramebufferTilePropertiesQCOM not found.
0024:trace:vulkan:win32u_vkCreateDevice Device proc vkGetGeneratedCommandsMemoryRequirementsEXT not found.
0024:trace:vulkan:win32u_vkCreateDevice Device proc vkGetGeneratedCommandsMemoryRequirementsNV not found.
0024:trace:vulkan:win32u_vkCreateDevice Device proc vkGetGpaDeviceClockInfoAMD not found.
0024:trace:vulkan:win32u_vkCreateDevice Device proc vkGetGpaSessionResultsAMD not found.
0024:trace:vulkan:win32u_vkCreateDevice Device proc vkGetGpaSessionStatusAMD not found.
0024:trace:vulkan:win32u_vkCreateDevice Device proc vkGetImageDrmFormatModifierPropertiesEXT not found.
0024:trace:vulkan:win32u_vkCreateDevice Device proc vkGetImageMemoryRequirements2 not found.
0024:trace:vulkan:win32u_vkCreateDevice Device proc vkGetImageMemoryRequirements2KHR not found.
0024:trace:vulkan:win32u_vkCreateDevice Device proc vkGetImageOpaqueCaptureDataEXT not found.
0024:trace:vulkan:win32u_vkCreateDevice Device proc vkGetImageOpaqueCaptureDescriptorDataEXT not found.
0024:trace:vulkan:win32u_vkCreateDevice Device proc vkGetImageSparseMemoryRequirements2 not found.
0024:trace:vulkan:win32u_vkCreateDevice Device proc vkGetImageSparseMemoryRequirements2KHR not found.
0024:trace:vulkan:win32u_vkCreateDevice Device proc vkGetImageSubresourceLayout2 not found.
0024:trace:vulkan:win32u_vkCreateDevice Device proc vkGetImageSubresourceLayout2EXT not found.
0024:trace:vulkan:win32u_vkCreateDevice Device proc vkGetImageSubresourceLayout2KHR not found.
0024:trace:vulkan:win32u_vkCreateDevice Device proc vkGetImageViewAddressNVX not found.
0024:trace:vulkan:win32u_vkCreateDevice Device proc vkGetImageViewHandle64NVX not found.
0024:trace:vulkan:win32u_vkCreateDevice Device proc vkGetImageViewHandleNVX not found.
0024:trace:vulkan:win32u_vkCreateDevice Device proc vkGetImageViewOpaqueCaptureDescriptorDataEXT not found.
0024:trace:vulkan:win32u_vkCreateDevice Device proc vkGetLatencyTimingsNV not found.
0024:trace:vulkan:win32u_vkCreateDevice Device proc vkGetMemoryFdKHR not found.
0024:trace:vulkan:win32u_vkCreateDevice Device proc vkGetMemoryFdPropertiesKHR not found.
0024:trace:vulkan:win32u_vkCreateDevice Device proc vkGetMemoryHostPointerPropertiesEXT not found.
0024:trace:vulkan:win32u_vkCreateDevice Device proc vkGetMemoryMetalHandleEXT not found.
0024:trace:vulkan:win32u_vkCreateDevice Device proc vkGetMemoryMetalHandlePropertiesEXT not found.
0024:trace:vulkan:win32u_vkCreateDevice Device proc vkGetMemoryWin32HandleKHR not found.
0024:trace:vulkan:win32u_vkCreateDevice Device proc vkGetMemoryWin32HandlePropertiesKHR not found.
0024:trace:vulkan:win32u_vkCreateDevice Device proc vkGetMicromapBuildSizesEXT not found.
0024:trace:vulkan:win32u_vkCreateDevice Device proc vkGetPartitionedAccelerationStructuresBuildSizesNV not found.
0024:trace:vulkan:win32u_vkCreateDevice Device proc vkGetPastPresentationTimingEXT not found.
0024:trace:vulkan:win32u_vkCreateDevice Device proc vkGetPerformanceParameterINTEL not found.
0024:trace:vulkan:win32u_vkCreateDevice Device proc vkGetPipelineBinaryDataKHR not found.
0024:trace:vulkan:win32u_vkCreateDevice Device proc vkGetPipelineExecutableInternalRepresentationsKHR not found.
0024:trace:vulkan:win32u_vkCreateDevice Device proc vkGetPipelineExecutablePropertiesKHR not found.
0024:trace:vulkan:win32u_vkCreateDevice Device proc vkGetPipelineExecutableStatisticsKHR not found.
0024:trace:vulkan:win32u_vkCreateDevice Device proc vkGetPipelineIndirectDeviceAddressNV not found.
0024:trace:vulkan:win32u_vkCreateDevice Device proc vkGetPipelineIndirectMemoryRequirementsNV not found.
0024:trace:vulkan:win32u_vkCreateDevice Device proc vkGetPipelineKeyKHR not found.
0024:trace:vulkan:win32u_vkCreateDevice Device proc vkGetPipelinePropertiesEXT not found.
0024:trace:vulkan:win32u_vkCreateDevice Device proc vkGetPrivateData not found.
0024:trace:vulkan:win32u_vkCreateDevice Device proc vkGetPrivateDataEXT not found.
0024:trace:vulkan:win32u_vkCreateDevice Device proc vkGetQueueCheckpointData2NV not found.
0024:trace:vulkan:win32u_vkCreateDevice Device proc vkGetQueueCheckpointDataNV not found.
0024:trace:vulkan:win32u_vkCreateDevice Device proc vkGetRayTracingCaptureReplayShaderGroupHandlesKHR not found.
0024:trace:vulkan:win32u_vkCreateDevice Device proc vkGetRayTracingShaderGroupHandlesKHR not found.
0024:trace:vulkan:win32u_vkCreateDevice Device proc vkGetRayTracingShaderGroupHandlesNV not found.
0024:trace:vulkan:win32u_vkCreateDevice Device proc vkGetRayTracingShaderGroupStackSizeKHR not found.
0024:trace:vulkan:win32u_vkCreateDevice Device proc vkGetRenderingAreaGranularity not found.
0024:trace:vulkan:win32u_vkCreateDevice Device proc vkGetRenderingAreaGranularityKHR not found.
0024:trace:vulkan:win32u_vkCreateDevice Device proc vkGetSamplerOpDISPLAY_EVENT FRAME pid=21508 hwnd=0x10028 size=712x433 stride=3072 bytes=1330176 count=1
aqueCaptureDescriptorDataEXT not found.
0024:trace:vulkan:win32u_vkCreateDevice Device proc vkGetSemaphoreCounterValue not found.
0024:trace:vulkan:win32u_vkCreateDevice Device proc vkGetSemaphoreCounterValueKHR not found.
0024:trace:vulkan:win32u_vkCreateDevice Device proc vkGetSemaphoreFdKHR not found.
0024:trace:vulkan:win32u_vkCreateDevice Device proc vkGetSemaphoreWin32HandleKHR not found.
0024:trace:vulkan:win32u_vkCreateDevice Device proc vkGetShaderBinaryDataEXT not found.
0024:trace:vulkan:win32u_vkCreateDevice Device proc vkGetShaderInfoAMD not found.
0024:trace:vulkan:win32u_vkCreateDevice Device proc vkGetShaderInstrumentationValuesARM not found.
0024:trace:vulkan:win32u_vkCreateDevice Device proc vkGetShaderModuleCreateInfoIdentifierEXT not found.
0024:trace:vulkan:win32u_vkCreateDevice Device proc vkGetShaderModuleIdentifierEXT not found.
0024:trace:vulkan:win32u_vkCreateDevice Device proc vkGetSwapchainTimeDomainPropertiesEXT not found.
0024:trace:vulkan:win32u_vkCreateDevice Device proc vkGetSwapchainTimingPropertiesEXT not found.
0024:trace:vulkan:win32u_vkCreateDevice Device proc vkGetTensorMemoryRequirementsARM not found.
0024:trace:vulkan:win32u_vkCreateDevice Device proc vkGetTensorOpaqueCaptureDataARM not found.
0024:trace:vulkan:win32u_vkCreateDevice Device proc vkGetTensorOpaqueCaptureDescriptorDataARM not found.
0024:trace:vulkan:win32u_vkCreateDevice Device proc vkGetTensorViewOpaqueCaptureDescriptorDataARM not found.
0024:trace:vulkan:win32u_vkCreateDevice Device proc vkGetValidationCacheDataEXT not found.
0024:trace:vulkan:win32u_vkCreateDevice Device proc vkGetVideoSessionMemoryRequirementsKHR not found.
0024:trace:vulkan:win32u_vkCreateDevice Device proc vkImportFenceFdKHR not found.
0024:trace:vulkan:win32u_vkCreateDevice Device proc vkImportFenceWin32HandleKHR not found.
0024:trace:vulkan:win32u_vkCreateDevice Device proc vkImportSemaphoreFdKHR not found.
0024:trace:vulkan:win32u_vkCreateDevice Device proc vkImportSemaphoreWin32HandleKHR not found.
0024:trace:vulkan:win32u_vkCreateDevice Device proc vkInitializePerformanceApiINTEL not found.
0024:trace:vulkan:win32u_vkCreateDevice Device proc vkLatencySleepNV not found.
0024:trace:vulkan:win32u_vkCreateDevice Device proc vkMapMemory2 not found.
0024:trace:vulkan:win32u_vkCreateDevice Device proc vkMapMemory2KHR not found.
0024:trace:vulkan:win32u_vkCreateDevice Device proc vkMergeValidationCachesEXT not found.
0024:trace:vulkan:win32u_vkCreateDevice Device proc vkQueueBeginDebugUtilsLabelEXT not found.
0024:trace:vulkan:win32u_vkCreateDevice Device proc vkQueueEndDebugUtilsLabelEXT not found.
0024:trace:vulkan:win32u_vkCreateDevice Device proc vkQueueInsertDebugUtilsLabelEXT not found.
0024:trace:vulkan:win32u_vkCreateDevice Device proc vkQueueNotifyOutOfBandNV not found.
0024:trace:vulkan:win32u_vkCreateDevice Device proc vkQueueSetPerfHintQCOM not found.
0024:trace:vulkan:win32u_vkCreateDevice Device proc vkQueueSetPerformanceConfigurationINTEL not found.
0024:trace:vulkan:win32u_vkCreateDevice Device proc vkQueueSubmit2 not found.
0024:trace:vulkan:win32u_vkCreateDevice Device proc vkQueueSubmit2KHR not found.
0024:trace:vulkan:win32u_vkCreateDevice Device proc vkRegisterCustomBorderColorEXT not found.
0024:trace:vulkan:win32u_vkCreateDevice Device proc vkReleaseCapturedPipelineDataKHR not found.
0024:trace:vulkan:win32u_vkCreateDevice Device proc vkReleasePerformanceConfigurationINTEL not found.
0024:trace:vulkan:win32u_vkCreateDevice Device proc vkReleaseProfilingLockKHR not found.
0024:trace:vulkan:win32u_vkCreateDevice Device proc vkReleaseSwapchainImagesEXT not found.
0024:trace:vulkan:win32u_vkCreateDevice Device proc vkReleaseSwapchainImagesKHR not found.
0024:trace:vulkan:win32u_vkCreateDevice Device proc vkResetGpaSessionAMD not found.
0024:trace:vulkan:win32u_vkCreateDevice Device proc vkResetQueryPool not found.
0024:trace:vulkan:win32u_vkCreateDevice Device proc vkResetQueryPoolEXT not found.
0024:trace:vulkan:win32u_vkCreateDevice Device proc vkSetDebugUtilsObjectNameEXT not found.
0024:trace:vulkan:win32u_vkCreateDevice Device proc vkSetDebugUtilsObjectTagEXT not found.
0024:trace:vulkan:win32u_vkCreateDevice Device proc vkSetDeviceMemoryPriorityEXT not found.
0024:trace:vulkan:win32u_vkCreateDevice Device proc vkSetGpaDeviceClockModeAMD not found.
0024:trace:vulkan:win32u_vkCreateDevice Device proc vkSetHdrMetadataEXT not found.
0024:trace:vulkan:win32u_vkCreateDevice Device proc vkSetLatencyMarkerNV not found.
0024:trace:vulkan:win32u_vkCreateDevice Device proc vkSetLatencySleepModeNV not found.
0024:trace:vulkan:win32u_vkCreateDevice Device proc vkSetPrivateData not found.
0024:trace:vulkan:win32u_vkCreateDevice Device proc vkSetPrivateDataEXT not found.
0024:trace:vulkan:win32u_vkCreateDevice Device proc vkSetSwapchainPresentTimingQueueSizeEXT not found.
0024:trace:vulkan:win32u_vkCreateDevice Device proc vkSignalSemaphore not found.
0024:trace:vulkan:win32u_vkCreateDevice Device proc vkSignalSemaphoreKHR not found.
0024:trace:vulkan:win32u_vkCreateDevice Device proc vkTransitionImageLayout not found.
0024:trace:vulkan:win32u_vkCreateDevice Device proc vkTransitionImageLayoutEXT not found.
0024:trace:vulkan:win32u_vkCreateDevice Device proc vkTrimCommandPool not found.
0024:trace:vulkan:win32u_vkCreateDevice Device proc vkTrimCommandPoolKHR not found.
0024:trace:vulkan:win32u_vkCreateDevice Device proc vkUninitializePerformanceApiINTEL not found.
0024:trace:vulkan:win32u_vkCreateDevice Device proc vkUnmapMemory2 not found.
0024:trace:vulkan:win32u_vkCreateDevice Device proc vkUnmapMemory2KHR not found.
0024:trace:vulkan:win32u_vkCreateDevice Device proc vkUnregisterCustomBorderColorEXT not found.
0024:trace:vulkan:win32u_vkCreateDevice Device proc vkUpdateDescriptorSetWithTemplate not found.
0024:trace:vulkan:win32u_vkCreateDevice Device proc vkUpdateDescriptorSetWithTemplateKHR not found.
0024:trace:vulkan:win32u_vkCreateDevice Device proc vkUpdateIndirectExecutionSetPipelineEXT not found.
0024:trace:vulkan:win32u_vkCreateDevice Device proc vkUpdateIndirectExecutionSetShaderEXT not found.
0024:trace:vulkan:win32u_vkCreateDevice Device proc vkUpdateVideoSessionParametersKHR not found.
0024:trace:vulkan:win32u_vkCreateDevice Device proc vkWaitForPresent2KHR not found.
0024:trace:vulkan:win32u_vkCreateDevice Device proc vkWaitForPresentKHR not found.
0024:trace:vulkan:win32u_vkCreateDevice Device proc vkWaitSemaphores not found.
0024:trace:vulkan:win32u_vkCreateDevice Device proc vkWaitSemaphoresKHR not found.
0024:trace:vulkan:win32u_vkCreateDevice Device proc vkWriteAccelerationStructuresPropertiesKHR not found.
0024:trace:vulkan:win32u_vkCreateDevice Device proc vkWriteMicromapsPropertiesEXT not found.
0024:trace:vulkan:win32u_vkCreateDevice Device proc vkWriteResourceDescriptorsEXT not found.
0024:trace:vulkan:win32u_vkCreateDevice Device proc vkWriteSamplerDescriptorsEXT not found.
0024:trace:vulkan:init_device_queues Queue family index 0, queue count 1.
0024:trace:vulkan:init_device_queues Got device 0x10401c400 queue 0x10401d948, host_queue 0x102e3b0b8.
0024:trace:vulkan:win32u_vkCreateDevice Created device 0x10401c400, host_device 0x104021a18.
0024:trace:vulkan:vkGetDeviceProcAddr 0000000102B5EE10, "vkDestroyDevice"
0024:trace:vulkan:wine_vk_get_device_proc_addr Found name="vkDestroyDevice" in device table
0024:trace:vulkan:vkGetDeviceProcAddr 0000000102B5EE10, "vkGetDeviceQueue"
0024:trace:vulkan:wine_vk_get_device_proc_addr Found name="vkGetDeviceQueue" in device table
0024:trace:vulkan:vkGetDeviceProcAddr 0000000102B5EE10, "vkCreateSwapchainKHR"
0024:trace:vulkan:wine_vk_get_device_proc_addr Found name="vkCreateSwapchainKHR" in device table
0024:trace:vulkan:vkGetDeviceProcAddr 0000000102B5EE10, "vkDestroySwapchainKHR"
0024:trace:vulkan:wine_vk_get_device_proc_addr Found name="vkDestroySwapchainKHR" in device table
0024:trace:vulkan:vkGetDeviceProcAddr 0000000102B5EE10, "vkGetSwapchainImagesKHR"
0024:trace:vulkan:wine_vk_get_device_proc_addr Found name="vkGetSwapchainImagesKHR" in device table
0024:trace:vulkan:vkGetDeviceProcAddr 0000000102B5EE10, "vkCreateCommandPool"
0024:trace:vulkan:wine_vk_get_device_proc_addr Found name="vkCreateCommandPool" in device table
0024:trace:vulkan:vkGetDeviceProcAddr 0000000102B5EE10, "vkDestroyCommandPool"
0024:trace:vulkan:wine_vk_get_device_proc_addr Found name="vkDestroyCommandPool" in device table
0024:trace:vulkan:vkGetDeviceProcAddr 0000000102B5EE10, "vkAllocateCommandBuffers"
0024:trace:vulkan:wine_vk_get_device_proc_addr Found name="vkAllocateCommandBuffers" in device table
0024:trace:vulkan:vkGetDeviceProcAddr 0000000102B5EE10, "vkResetCommandBuffer"
0024:trace:vulkan:wine_vk_get_device_proc_addr Found name="vkResetCommandBuffer" in device table
0024:trace:vulkan:vkGetDeviceProcAddr 0000000102B5EE10, "vkBeginCommandBuffer"
0024:trace:vulkan:wine_vk_get_device_proc_addr Found name="vkBeginCommandBuffer" in device table
0024:trace:vulkan:vkGetDeviceProcAddr 0000000102B5EE10, "vkCmdPipelineBarrier"
0024:trace:vulkan:wine_vk_get_device_proc_addr Found name="vkCmdPipelineBarrier" in device table
0024:trace:vulkan:vkGetDeviceProcAddr 0000000102B5EE10, "vkCmdClearColorImage"
0024:trace:vulkan:wine_vk_get_device_proc_addr Found name="vkCmdClearColorImage" in device table
0024:trace:vulkan:vkGetDeviceProcAddr 0000000102B5EE10, "vkEndCommandBuffer"
0024:trace:vulkan:wine_vk_get_device_proc_addr Found name="vkEndCommandBuffer" in device table
0024:trace:vulkan:vkGetDeviceProcAddr 0000000102B5EE10, "vkCreateSemaphore"
0024:trace:vulkan:wine_vk_get_device_proc_addr Found name="vkCreateSemaphore" in device table
0024:trace:vulkan:vkGetDeviceProcAddr 0000000102B5EE10, "vkDestroySemaphore"
0024:trace:vulkan:wine_vk_get_device_proc_addr Found name="vkDestroySemaphore" in device table
0024:trace:vulkan:vkGetDeviceProcAddr 0000000102B5EE10, "vkAcquireNextImageKHR"
0024:trace:vulkan:wine_vk_get_device_proc_addr Found name="vkAcquireNextImageKHR" in device table
0024:trace:vulkan:vkGetDeviceProcAddr 0000000102B5EE10, "vkQueueSubmit"
0024:trace:vulkan:wine_vk_get_device_proc_addr Found name="vkQueueSubmit" in device table
0024:trace:vulkan:vkGetDeviceProcAddr 0000000102B5EE10, "vkQueuePresentKHR"
0024:trace:vulkan:wine_vk_get_device_proc_addr Found name="vkQueuePresentKHR" in device table
0024:trace:vulkan:vkGetDeviceProcAddr 0000000102B5EE10, "vkQueueWaitIdle"
0024:trace:vulkan:wine_vk_get_device_proc_addr Found name="vkQueueWaitIdle" in device table
0024:trace:vulkan:thunk64_vkGetDeviceQueue 0x102b5ee10, 0, 0, 0x1070ff4e8
0024:trace:vulkan:thunk64_vkGetPhysicalDeviceSurfaceCapabilitiesKHR 0x102b5f9c8, 0x105217d60, 0x1070ff5cc
0024:trace:vulkan:thunk64_vkGetPhysicalDeviceSurfaceFormatsKHR 0x102b5f9c8, 0x105217d60, 0x1070ff4dc, 0x1070ffa70
0024:trace:vulkan:thunk64_vkCreateSwapchainKHR 0x102b5ee10, 0x1070ff850, 0x0, 0x1070ff4d0
[mvk-info] Created 3 swapchain images with size (712, 433) and contents scale 1.0 in layer (null) (0x105218220) on screen Main Screen.
0024:trace:vulkan:thunk64_vkGetSwapchainImagesKHR 0x102b5ee10, 0x102f299f0, 0x1070ff4ac, 0x1070ffa30
0024:trace:vulkan:thunk64_vkCreateCommandPool 0x102b5ee10, 0x1070ff6b0, 0x0, 0x1070ff508
0024:trace:vulkan:thunk64_vkAllocateCommandBuffers 0x102b5ee10, 0x1070ff7f0, 0x1070ff6d0
0024:trace:vulkan:wine_vkAllocateCommandBuffers Allocating command buffer 0 from pool 0x104025a00.
0024:trace:vulkan:wine_vkAllocateCommandBuffers Allocating command buffer 1 from pool 0x104025a00.
0024:trace:vulkan:wine_vkAllocateCommandBuffers Allocating command buffer 2 from pool 0x104025a00.
0024:trace:vulkan:thunk64_vkCreateSemaphore 0x102b5ee10, 0x1070ff690, 0x0, 0x1070ff4e0
0024:trace:vulkan:win32u_vkCreateSemaphore device 0x10401c400, create_info 0x28010fc50, allocator 0x0, ret 0x1070ff4e0
0024:trace:vulkan:thunk64_vkCreateSemaphore 0x102b5ee10, 0x1070ff690, 0x0, 0x1070ff500
0024:trace:vulkan:win32u_vkCreateSemaphore device 0x10401c400, create_info 0x28010fc50, allocator 0x0, ret 0x1070ff500
0024:trace:vulkan:thunk64_vkAcquireNextImageKHR 0x102b5ee10, 0x102f299f0, 0xffffffffffffffff, 0x102e3e510, 0x0, 0x1070ff49c
0024:trace:vulkan:thunk64_vkResetCommandBuffer 0x102b523a0, 0
0024:trace:vulkan:thunk64_vkBeginCommandBuffer 0x102b523a0, 0x1070ff7d0
0024:trace:vulkan:thunk64_vkEndCommandBuffer 0x102b523a0
0024:trace:vulkan:thunk64_vkQueueSubmit 0x102b5ee58, 1, 0x1070ff600, 0x0
0024:trace:vulkan:win32u_vkQueueSubmit queue 0x10401d948, count 1, submits 0x28010f450, fence 0x0
0024:trace:vulkan:thunk64_vkQueuePresentKHR 0x102b5ee58, 0x1070ff650
0024:trace:vulkan:win32u_vkQueuePresentKHR queue 0x10401d948, present_info 0x28010fc28
JUICE_MOLTENVK_PRESENT_OK hwnd=0x10028 width=712 height=433 stride=3072 frame=1
0024:trace:vulkan:thunk64_vkAcquireNextImageKHR 0x102b5ee10, 0x102f299f0, 0xffffffffffffffff, 0x102e3e510, 0x0, 0x1070ff49c
0024:trace:vulkan:thunk64_vkResetCommandBuffer 0x102b523d0, 0
0024:trace:vulkan:thunk64_vkBeginCommandBuffer 0x102b523d0, 0x1070ff7d0
0024:trace:vulkan:thunk64_vkEndCommandBuffer 0x102b523d0
0024:trace:vulkan:thunk64_vkQueueSubmit 0x102b5ee58, 1, 0x1070ff600, 0x0
0024:trace:vulkan:win32u_vkQueueSubmit queue 0x10401d948, count 1, submits 0x28010f450, fence 0x0
0024:trace:vulkan:thunk64_vkQueuePresentKHR 0x102b5ee58, 0x1070ff650
0024:trace:vulkan:win32u_vkQueuePresentKHR queue 0x10401d948, present_info 0x28010fc28
JUICE_MOLTENVK_PRESENT_OK hwnd=0x10028 width=712 height=433 stride=3072 frame=2
DISPLAY_EVENT FRAME pid=21508 hwnd=0x10028 size=712x433 stride=3072 bytes=1330176 count=2
0024:trace:vulkan:thunk64_vkAcquireNextImageKHR 0x102b5ee10, 0x102f299f0, 0xffffffffffffffff, 0x102e3e510, 0x0, 0x1070ff49c
0024:trace:vulkan:thunk64_vkResetCommandBuffer 0x102b52400, 0
0024:trace:vulkan:thunk64_vkBeginCommandBuffer 0x102b52400, 0x1070ff7d0
0024:trace:vulkan:thunk64_vkEndCommandBuffer 0x102b52400
0024:trace:vulkan:thunk64_vkQueueSubmit 0x102b5ee58, 1, 0x1070ff600, 0x0
0024:trace:vulkan:win32u_vkQueueSubmit queue 0x10401d948, count 1, submits 0x28010f450, fence 0x0
0024:trace:vulkan:thunk64_vkQueuePresentKHR 0x102b5ee58, 0x1070ff650
0024:trace:vulkan:win32u_vkQueuePresentKHR queue 0x10401d948, present_info 0x28010fc28
JUICE_MOLTENVK_PRESENT_OK hwnd=0x10028 width=712 height=433 stride=3072 frame=3
DISPLAY_EVENT FRAME pid=21508 hwnd=0x10028 size=712x433 stride=3072 bytes=1330176 count=3
0024:trace:vulkan:thunk64_vkAcquireNextImageKHR 0x102b5ee10, 0x102f299f0, 0xffffffffffffffff, 0x102e3e510, 0x0, 0x1070ff49c
0024:trace:vulkan:thunk64_vkResetCommandBuffer 0x102b523a0, 0
0024:trace:vulkan:thunk64_vkBeginCommandBuffer 0x102b523a0, 0x1070ff7d0
0024:trace:vulkan:thunk64_vkEndCommandBuffer 0x102b523a0
0024:trace:vulkan:thunk64_vkQueueSubmit 0x102b5ee58, 1, 0x1070ff600, 0x0
0024:trace:vulkan:win32u_vkQueueSubmit queue 0x10401d948, count 1, submits 0x28010f450, fence 0x0
0024:trace:vulkan:thunk64_vkQueuePresentKHR 0x102b5ee58, 0x1070ff650
0024:trace:vulkan:win32u_vkQueuePresentKHR queue 0x10401d948, present_info 0x28010fc28
MULTI_WINDOW_VIEWPORT rect=47,47 738x459 desktop=1024x768 locked=0
JUICE_GUI_FRAME_RECEIVED pid=21508 hwnd=0x10028 frame=712x433 path=/var/mobile/Containers/Data/Application/31FD36ED-09D6-4C6D-B8F7-CD64EFFB7022/Documents/Juice-frame-21508.png
0024:trace:vulkan:thunk64_vkAcquireNextImageKHR 0x102b5ee10, 0x102f299f0, 0xffffffffffffffff, 0x102e3e510, 0x0, 0x1070ff49c
0024:trace:vulkan:thunk64_vkResetCommandBuffer 0x102b523d0, 0
0024:trace:vulkan:thunk64_vkBeginCommandBuffer 0x102b523d0, 0x1070ff7d0
0024:trace:vulkan:thunk64_vkEndCommandBuffer 0x102b523d0
0024:trace:vulkan:thunk64_vkQueueSubmit 0x102b5ee58, 1, 0x1070ff600, 0x0
0024:trace:vulkan:win32u_vkQueueSubmit queue 0x10401d948, count 1, submits 0x28010f450, fence 0x0
0024:trace:vulkan:thunk64_vkQueuePresentKHR 0x102b5ee58, 0x1070ff650
0024:trace:vulkan:win32u_vkQueuePresentKHR queue 0x10401d948, present_info 0x28010fc28
0024:trace:vulkan:thunk64_vkAcquireNextImageKHR 0x102b5ee10, 0x102f299f0, 0xffffffffffffffff, 0x102e3e510, 0x0, 0x1070ff49c
0024:trace:vulkan:thunk64_vkResetCommandBuffer 0x102b52400, 0
0024:trace:vulkan:thunk64_vkBeginCommandBuffer 0x102b52400, 0x1070ff7d0
0024:trace:vulkan:thunk64_vkEndCommandBuffer 0x102b52400
0024:trace:vulkan:thunk64_vkQueueSubmit 0x102b5ee58, 1, 0x1070ff600, 0x0
0024:trace:vulkan:win32u_vkQueueSubmit queue 0x10401d948, count 1, submits 0x28010f450, fence 0x0
0024:trace:vulkan:thunk64_vkQueuePresentKHR 0x102b5ee58, 0x1070ff650
0024:trace:vulkan:win32u_vkQueuePresentKHR queue 0x10401d948, present_info 0x28010fc28
0024:trace:vulkan:thunk64_vkAcquireNextImageKHR 0x102b5ee10, 0x102f299f0, 0xffffffffffffffff, 0x102e3e510, 0x0, 0x1070ff49c
0024:trace:vulkan:thunk64_vkResetCommandBuffer 0x102b523a0, 0
0024:trace:vulkan:thunk64_vkBeginCommandBuffer 0x102b523a0, 0x1070ff7d0
0024:trace:vulkan:thunk64_vkEndCommandBuffer 0x102b523a0
0024:trace:vulkan:thunk64_vkQueueSubmit 0x102b5ee58, 1, 0x1070ff600, 0x0
0024:trace:vulkan:win32u_vkQueueSubmit queue 0x10401d948, count 1, submits 0x28010f450, fence 0x0
0024:trace:vulkan:thunk64_vkQueuePresentKHR 0x102b5ee58, 0x1070ff650
0024:trace:vulkan:win32u_vkQueuePresentKHR queue 0x10401d948, present_info 0x28010fc28
0024:trace:vulkan:thunk64_vkAcquireNextImageKHR 0x102b5ee10, 0x102f299f0, 0xffffffffffffffff, 0x102e3e510, 0x0, 0x1070ff49c
0024:trace:vulkan:thunk64_vkResetCommandBuffer 0x102b523d0, 0
0024:trace:vulkan:thunk64_vkBeginCommandBuffer 0x102b523d0, 0x1070ff7d0
0024:trace:vulkan:thunk64_vkEndCommandBuffer 0x102b523d0
0024:trace:vulkan:thunk64_vkQueueSubmit 0x102b5ee58, 1, 0x1070ff600, 0x0
0024:trace:vulkan:win32u_vkQueueSubmit queue 0x10401d948, count 1, submits 0x28010f450, fence 0x0
0024:trace:vulkan:thunk64_vkQueuePresentKHR 0x102b5ee58, 0x1070ff650
0024:trace:vulkan:win32u_vkQueuePresentKHR queue 0x10401d948, present_info 0x28010fc28
0024:trace:vulkan:thunk64_vkAcquireNextImageKHR 0x102b5ee10, 0x102f299f0, 0xffffffffffffffff, 0x102e3e510, 0x0, 0x1070ff49c
0024:trace:vulkan:thunk64_vkResetCommandBuffer 0x102b52400, 0
0024:trace:vulkan:thunk64_vkBeginCommandBuffer 0x102b52400, 0x1070ff7d0
0024:trace:vulkan:thunk64_vkEndCommandBuffer 0x102b52400
0024:trace:vulkan:thunk64_vkQueueSubmit 0x102b5ee58, 1, 0x1070ff600, 0x0
0024:trace:vulkan:win32u_vkQueueSubmit queue 0x10401d948, count 1, submits 0x28010f450, fence 0x0
0024:trace:vulkan:thunk64_vkQueuePresentKHR 0x102b5ee58, 0x1070ff650
0024:trace:vulkan:win32u_vkQueuePresentKHR queue 0x10401d948, present_info 0x28010fc28
0024:trace:vulkan:thunk64_vkAcquireNextImageKHR 0x102b5ee10, 0x102f299f0, 0xffffffffffffffff, 0x102e3e510, 0x0, 0x1070ff49c
0024:trace:vulkan:thunk64_vkResetCommandBuffer 0x102b523a0, 0
0024:trace:vulkan:thunk64_vkBeginCommandBuffer 0x102b523a0, 0x1070ff7d0
0024:trace:vulkan:thunk64_vkEndCommandBuffer 0x102b523a0
0024:trace:vulkan:thunk64_vkQueueSubmit 0x102b5ee58, 1, 0x1070ff600, 0x0
0024:trace:vulkan:win32u_vkQueueSubmit queue 0x10401d948, count 1, submits 0x28010f450, fence 0x0
0024:trace:vulkan:thunk64_vkQueuePresentKHR 0x102b5ee58, 0x1070ff650
0024:trace:vulkan:win32u_vkQueuePresentKHR queue 0x10401d948, present_info 0x28010fc28
0024:trace:vulkan:thunk64_vkAcquireNextImageKHR 0x102b5ee10, 0x102f299f0, 0xffffffffffffffff, 0x102e3e510, 0x0, 0x1070ff49c
0024:trace:vulkan:thunk64_vkResetCommandBuffer 0x102b523d0, 0
0024:trace:vulkan:thunk64_vkBeginCommandBuffer 0x102b523d0, 0x1070ff7d0
0024:trace:vulkan:thunk64_vkEndCommandBuffer 0x102b523d0
0024:trace:vulkan:thunk64_vkQueueSubmit 0x102b5ee58, 1, 0x1070ff600, 0x0
0024:trace:vulkan:win32u_vkQueueSubmit queue 0x10401d948, count 1, submits 0x28010f450, fence 0x0
0024:trace:vulkan:thunk64_vkQueuePresentKHR 0x102b5ee58, 0x1070ff650
0024:trace:vulkan:win32u_vkQueuePresentKHR queue 0x10401d948, present_info 0x28010fc28
0024:trace:vulkan:thunk64_vkAcquireNextImageKHR 0x102b5ee10, 0x102f299f0, 0xffffffffffffffff, 0x102e3e510, 0x0, 0x1070ff49c
0024:trace:vulkan:thunk64_vkResetCommandBuffer 0x102b52400, 0
0024:trace:vulkan:thunk64_vkBeginCommandBuffer 0x102b52400, 0x1070ff7d0
0024:trace:vulkan:thunk64_vkEndCommandBuffer 0x102b52400
0024:trace:vulkan:thunk64_vkQueueSubmit 0x102b5ee58, 1, 0x1070ff600, 0x0
0024:trace:vulkan:win32u_vkQueueSubmit queue 0x10401d948, count 1, submits 0x28010f450, fence 0x0
0024:trace:vulkan:thunk64_vkQueuePresentKHR 0x102b5ee58, 0x1070ff650
0024:trace:vulkan:win32u_vkQueuePresentKHR queue 0x10401d948, present_info 0x28010fc28
0024:trace:vulkan:thunk64_vkAcquireNextImageKHR 0x102b5ee10, 0x102f299f0, 0xffffffffffffffff, 0x102e3e510, 0x0, 0x1070ff49c
0024:trace:vulkan:thunk64_vkResetCommandBuffer 0x102b523a0, 0
0024:trace:vulkan:thunk64_vkBeginCommandBuffer 0x102b523a0, 0x1070ff7d0
0024:trace:vulkan:thunk64_vkEndCommandBuffer 0x102b523a0
0024:trace:vulkan:thunk64_vkQueueSubmit 0x102b5ee58, 1, 0x1070ff600, 0x0
0024:trace:vulkan:win32u_vkQueueSubmit queue 0x10401d948, count 1, submits 0x28010f450, fence 0x0
0024:trace:vulkan:thunk64_vkQueuePresentKHR 0x102b5ee58, 0x1070ff650
0024:trace:vulkan:win32u_vkQueuePresentKHR queue 0x10401d948, present_info 0x28010fc28
0024:trace:vulkan:thunk64_vkAcquireNextImageKHR 0x102b5ee10, 0x102f299f0, 0xffffffffffffffff, 0x102e3e510, 0x0, 0x1070ff49c
0024:trace:vulkan:thunk64_vkResetCommandBuffer 0x102b523d0, 0
0024:trace:vulkan:thunk64_vkBeginCommandBuffer 0x102b523d0, 0x1070ff7d0
0024:trace:vulkan:thunk64_vkEndCommandBuffer 0x102b523d0
0024:trace:vulkan:thunk64_vkQueueSubmit 0x102b5ee58, 1, 0x1070ff600, 0x0
0024:trace:vulkan:win32u_vkQueueSubmit queue 0x10401d948, count 1, submits 0x28010f450, fence 0x0
0024:trace:vulkan:thunk64_vkQueuePresentKHR 0x102b5ee58, 0x1070ff650
0024:trace:vulkan:win32u_vkQueuePresentKHR queue 0x10401d948, present_info 0x28010fc28
0024:trace:vulkan:thunk64_vkAcquireNextImageKHR 0x102b5ee10, 0x102f299f0, 0xffffffffffffffff, 0x102e3e510, 0x0, 0x1070ff49c
0024:trace:vulkan:thunk64_vkResetCommandBuffer 0x102b52400, 0
0024:trace:vulkan:thunk64_vkBeginCommandBuffer 0x102b52400, 0x1070ff7d0
0024:trace:vulkan:thunk64_vkEndCommandBuffer 0x102b52400
0024:trace:vulkan:thunk64_vkQueueSubmit 0x102b5ee58, 1, 0x1070ff600, 0x0
0024:trace:vulkan:win32u_vkQueueSubmit queue 0x10401d948, count 1, submits 0x28010f450, fence 0x0
0024:trace:vulkan:thunk64_vkQueuePresentKHR 0x102b5ee58, 0x1070ff650
0024:trace:vulkan:win32u_vkQueuePresentKHR queue 0x10401d948, present_info 0x28010fc28
0024:trace:vulkan:thunk64_vkAcquireNextImageKHR 0x102b5ee10, 0x102f299f0, 0xffffffffffffffff, 0x102e3e510, 0x0, 0x1070ff49c
0024:trace:vulkan:thunk64_vkResetCommandBuffer 0x102b523a0, 0
0024:trace:vulkan:thunk64_vkBeginCommandBuffer 0x102b523a0, 0x1070ff7d0
0024:trace:vulkan:thunk64_vkEndCommandBuffer 0x102b523a0
0024:trace:vulkan:thunk64_vkQueueSubmit 0x102b5ee58, 1, 0x1070ff600, 0x0
0024:trace:vulkan:win32u_vkQueueSubmit queue 0x10401d948, count 1, submits 0x28010f450, fence 0x0
0024:trace:vulkan:thunk64_vkQueuePresentKHR 0x102b5ee58, 0x1070ff650
0024:trace:vulkan:win32u_vkQueuePresentKHR queue 0x10401d948, present_info 0x28010fc28
0024:trace:vulkan:thunk64_vkAcquireNextImageKHR 0x102b5ee10, 0x102f299f0, 0xffffffffffffffff, 0x102e3e510, 0x0, 0x1070ff49c
0024:trace:vulkan:thunk64_vkResetCommandBuffer 0x102b523d0, 0
0024:trace:vulkan:thunk64_vkBeginCommandBuffer 0x102b523d0, 0x1070ff7d0
0024:trace:vulkan:thunk64_vkEndCommandBuffer 0x102b523d0
0024:trace:vulkan:thunk64_vkQueueSubmit 0x102b5ee58, 1, 0x1070ff600, 0x0
0024:trace:vulkan:win32u_vkQueueSubmit queue 0x10401d948, count 1, submits 0x28010f450, fence 0x0
0024:trace:vulkan:thunk64_vkQueuePresentKHR 0x102b5ee58, 0x1070ff650
0024:trace:vulkan:win32u_vkQueuePresentKHR queue 0x10401d948, present_info 0x28010fc28
0024:trace:vulkan:thunk64_vkAcquireNextImageKHR 0x102b5ee10, 0x102f299f0, 0xffffffffffffffff, 0x102e3e510, 0x0, 0x1070ff49c
0024:trace:vulkan:thunk64_vkResetCommandBuffer 0x102b52400, 0
0024:trace:vulkan:thunk64_vkBeginCommandBuffer 0x102b52400, 0x1070ff7d0
0024:trace:vulkan:thunk64_vkEndCommandBuffer 0x102b52400
0024:trace:vulkan:thunk64_vkQueueSubmit 0x102b5ee58, 1, 0x1070ff600, 0x0
0024:trace:vulkan:win32u_vkQueueSubmit queue 0x10401d948, count 1, submits 0x28010f450, fence 0x0
0024:trace:vulkan:thunk64_vkQueuePresentKHR 0x102b5ee58, 0x1070ff650
0024:trace:vulkan:win32u_vkQueuePresentKHR queue 0x10401d948, present_info 0x28010fc28
0024:trace:vulkan:thunk64_vkAcquireNextImageKHR 0x102b5ee10, 0x102f299f0, 0xffffffffffffffff, 0x102e3e510, 0x0, 0x1070ff49c
0024:trace:vulkan:thunk64_vkResetCommandBuffer 0x102b523a0, 0
0024:trace:vulkan:thunk64_vkBeginCommandBuffer 0x102b523a0, 0x1070ff7d0
0024:trace:vulkan:thunk64_vkEndCommandBuffer 0x102b523a0
0024:trace:vulkan:thunk64_vkQueueSubmit 0x102b5ee58, 1, 0x1070ff600, 0x0
0024:trace:vulkan:win32u_vkQueueSubmit queue 0x10401d948, count 1, submits 0x28010f450, fence 0x0
0024:trace:vulkan:thunk64_vkQueuePresentKHR 0x102b5ee58, 0x1070ff650
0024:trace:vulkan:win32u_vkQueuePresentKHR queue 0x10401d948, present_info 0x28010fc28
0024:trace:vulkan:thunk64_vkAcquireNextImageKHR 0x102b5ee10, 0x102f299f0, 0xffffffffffffffff, 0x102e3e510, 0x0, 0x1070ff49c
0024:trace:vulkan:thunk64_vkResetCommandBuffer 0x102b523d0, 0
0024:trace:vulkan:thunk64_vkBeginCommandBuffer 0x102b523d0, 0x1070ff7d0
0024:trace:vulkan:thunk64_vkEndCommandBuffer 0x102b523d0
0024:trace:vulkan:thunk64_vkQueueSubmit 0x102b5ee58, 1, 0x1070ff600, 0x0
0024:trace:vulkan:win32u_vkQueueSubmit queue 0x10401d948, count 1, submits 0x28010f450, fence 0x0
0024:trace:vulkan:thunk64_vkQueuePresentKHR 0x102b5ee58, 0x1070ff650
0024:trace:vulkan:win32u_vkQueuePresentKHR queue 0x10401d948, present_info 0x28010fc28
0024:trace:vulkan:thunk64_vkAcquireNextImageKHR 0x102b5ee10, 0x102f299f0, 0xffffffffffffffff, 0x102e3e510, 0x0, 0x1070ff49c
0024:trace:vulkan:thunk64_vkResetCommandBuffer 0x102b52400, 0
0024:trace:vulkan:thunk64_vkBeginCommandBuffer 0x102b52400, 0x1070ff7d0
0024:trace:vulkan:thunk64_vkEndCommandBuffer 0x102b52400
0024:trace:vulkan:thunk64_vkQueueSubmit 0x102b5ee58, 1, 0x1070ff600, 0x0
0024:trace:vulkan:win32u_vkQueueSubmit queue 0x10401d948, count 1, submits 0x28010f450, fence 0x0
0024:trace:vulkan:thunk64_vkQueuePresentKHR 0x102b5ee58, 0x1070ff650
0024:trace:vulkan:win32u_vkQueuePresentKHR queue 0x10401d948, present_info 0x28010fc28
0024:trace:vulkan:thunk64_vkAcquireNextImageKHR 0x102b5ee10, 0x102f299f0, 0xffffffffffffffff, 0x102e3e510, 0x0, 0x1070ff49c
0024:trace:vulkan:thunk64_vkResetCommandBuffer 0x102b523a0, 0
0024:trace:vulkan:thunk64_vkBeginCommandBuffer 0x102b523a0, 0x1070ff7d0
0024:trace:vulkan:thunk64_vkEndCommandBuffer 0x102b523a0
0024:trace:vulkan:thunk64_vkQueueSubmit 0x102b5ee58, 1, 0x1070ff600, 0x0
0024:trace:vulkan:win32u_vkQueueSubmit queue 0x10401d948, count 1, submits 0x28010f450, fence 0x0
0024:trace:vulkan:thunk64_vkQueuePresentKHR 0x102b5ee58, 0x1070ff650
0024:trace:vulkan:win32u_vkQueuePresentKHR queue 0x10401d948, present_info 0x28010fc28
0024:trace:vulkan:thunk64_vkAcquireNextImageKHR 0x102b5ee10, 0x102f299f0, 0xffffffffffffffff, 0x102e3e510, 0x0, 0x1070ff49c
0024:trace:vulkan:thunk64_vkResetCommandBuffer 0x102b523d0, 0
0024:trace:vulkan:thunk64_vkBeginCommandBuffer 0x102b523d0, 0x1070ff7d0
0024:trace:vulkan:thunk64_vkEndCommandBuffer 0x102b523d0
0024:trace:vulkan:thunk64_vkQueueSubmit 0x102b5ee58, 1, 0x1070ff600, 0x0
0024:trace:vulkan:win32u_vkQueueSubmit queue 0x10401d948, count 1, submits 0x28010f450, fence 0x0
0024:trace:vulkan:thunk64_vkQueuePresentKHR 0x102b5ee58, 0x1070ff650
0024:trace:vulkan:win32u_vkQueuePresentKHR queue 0x10401d948, present_info 0x28010fc28
0024:trace:vulkan:thunk64_vkAcquireNextImageKHR 0x102b5ee10, 0x102f299f0, 0xffffffffffffffff, 0x102e3e510, 0x0, 0x1070ff49c
0024:trace:vulkan:thunk64_vkResetCommandBuffer 0x102b52400, 0
0024:trace:vulkan:thunk64_vkBeginCommandBuffer 0x102b52400, 0x1070ff7d0
0024:trace:vulkan:thunk64_vkEndCommandBuffer 0x102b52400
0024:trace:vulkan:thunk64_vkQueueSubmit 0x102b5ee58, 1, 0x1070ff600, 0x0
0024:trace:vulkan:win32u_vkQueueSubmit queue 0x10401d948, count 1, submits 0x28010f450, fence 0x0
0024:trace:vulkan:thunk64_vkQueuePresentKHR 0x102b5ee58, 0x1070ff650
0024:trace:vulkan:win32u_vkQueuePresentKHR queue 0x10401d948, present_info 0x28010fc28
0024:trace:vulkan:thunk64_vkAcquireNextImageKHR 0x102b5ee10, 0x102f299f0, 0xffffffffffffffff, 0x102e3e510, 0x0, 0x1070ff49c
0024:trace:vulkan:thunk64_vkResetCommandBuffer 0x102b523a0, 0
0024:trace:vulkan:thunk64_vkBeginCommandBuffer 0x102b523a0, 0x1070ff7d0
0024:trace:vulkan:thunk64_vkEndCommandBuffer 0x102b523a0
0024:trace:vulkan:thunk64_vkQueueSubmit 0x102b5ee58, 1, 0x1070ff600, 0x0
0024:trace:vulkan:win32u_vkQueueSubmit queue 0x10401d948, count 1, submits 0x28010f450, fence 0x0
0024:trace:vulkan:thunk64_vkQueuePresentKHR 0x102b5ee58, 0x1070ff650
0024:trace:vulkan:win32u_vkQueuePresentKHR queue 0x10401d948, present_info 0x28010fc28
0024:trace:vulkan:thunk64_vkAcquireNextImageKHR 0x102b5ee10, 0x102f299f0, 0xffffffffffffffff, 0x102e3e510, 0x0, 0x1070ff49c
0024:trace:vulkan:thunk64_vkResetCommandBuffer 0x102b523d0, 0
0024:trace:vulkan:thunk64_vkBeginCommandBuffer 0x102b523d0, 0x1070ff7d0
0024:trace:vulkan:thunk64_vkEndCommandBuffer 0x102b523d0
0024:trace:vulkan:thunk64_vkQueueSubmit 0x102b5ee58, 1, 0x1070ff600, 0x0
0024:trace:vulkan:win32u_vkQueueSubmit queue 0x10401d948, count 1, submits 0x28010f450, fence 0x0
0024:trace:vulkan:thunk64_vkQueuePresentKHR 0x102b5ee58, 0x1070ff650
0024:trace:vulkan:win32u_vkQueuePresentKHR queue 0x10401d948, present_info 0x28010fc28
0024:trace:vulkan:thunk64_vkAcquireNextImageKHR 0x102b5ee10, 0x102f299f0, 0xffffffffffffffff, 0x102e3e510, 0x0, 0x1070ff49c
0024:trace:vulkan:thunk64_vkResetCommandBuffer 0x102b52400, 0
0024:trace:vulkan:thunk64_vkBeginCommandBuffer 0x102b52400, 0x1070ff7d0
0024:trace:vulkan:thunk64_vkEndCommandBuffer 0x102b52400
0024:trace:vulkan:thunk64_vkQueueSubmit 0x102b5ee58, 1, 0x1070ff600, 0x0
0024:trace:vulkan:win32u_vkQueueSubmit queue 0x10401d948, count 1, submits 0x28010f450, fence 0x0
0024:trace:vulkan:thunk64_vkQueuePresentKHR 0x102b5ee58, 0x1070ff650
0024:trace:vulkan:win32u_vkQueuePresentKHR queue 0x10401d948, present_info 0x28010fc28
0024:trace:vulkan:thunk64_vkAcquireNextImageKHR 0x102b5ee10, 0x102f299f0, 0xffffffffffffffff, 0x102e3e510, 0x0, 0x1070ff49c
0024:trace:vulkan:thunk64_vkResetCommandBuffer 0x102b523a0, 0
0024:trace:vulkan:thunk64_vkBeginCommandBuffer 0x102b523a0, 0x1070ff7d0
0024:trace:vulkan:thunk64_vkEndCommandBuffer 0x102b523a0
0024:trace:vulkan:thunk64_vkQueueSubmit 0x102b5ee58, 1, 0x1070ff600, 0x0
0024:trace:vulkan:win32u_vkQueueSubmit queue 0x10401d948, count 1, submits 0x28010f450, fence 0x0
0024:trace:vulkan:thunk64_vkQueuePresentKHR 0x102b5ee58, 0x1070ff650
0024:trace:vulkan:win32u_vkQueuePresentKHR queue 0x10401d948, present_info 0x28010fc28
0024:trace:vulkan:thunk64_vkAcquireNextImageKHR 0x102b5ee10, 0x102f299f0, 0xffffffffffffffff, 0x102e3e510, 0x0, 0x1070ff49c
0024:trace:vulkan:thunk64_vkResetCommandBuffer 0x102b523d0, 0
0024:trace:vulkan:thunk64_vkBeginCommandBuffer 0x102b523d0, 0x1070ff7d0
0024:trace:vulkan:thunk64_vkEndCommandBuffer 0x102b523d0
0024:trace:vulkan:thunk64_vkQueueSubmit 0x102b5ee58, 1, 0x1070ff600, 0x0
0024:trace:vulkan:win32u_vkQueueSubmit queue 0x10401d948, count 1, submits 0x28010f450, fence 0x0
0024:trace:vulkan:thunk64_vkQueuePresentKHR 0x102b5ee58, 0x1070ff650
0024:trace:vulkan:win32u_vkQueuePresentKHR queue 0x10401d948, present_info 0x28010fc28
0024:trace:vulkan:thunk64_vkAcquireNextImageKHR 0x102b5ee10, 0x102f299f0, 0xffffffffffffffff, 0x102e3e510, 0x0, 0x1070ff49c
0024:trace:vulkan:thunk64_vkResetCommandBuffer 0x102b52400, 0
0024:trace:vulkan:thunk64_vkBeginCommandBuffer 0x102b52400, 0x1070ff7d0
0024:trace:vulkan:thunk64_vkEndCommandBuffer 0x102b52400
0024:trace:vulkan:thunk64_vkQueueSubmit 0x102b5ee58, 1, 0x1070ff600, 0x0
0024:trace:vulkan:win32u_vkQueueSubmit queue 0x10401d948, count 1, submits 0x28010f450, fence 0x0
0024:trace:vulkan:thunk64_vkQueuePresentKHR 0x102b5ee58, 0x1070ff650
0024:trace:vulkan:win32u_vkQueuePresentKHR queue 0x10401d948, present_info 0x28010fc28
0024:trace:vulkan:thunk64_vkAcquireNextImageKHR 0x102b5ee10, 0x102f299f0, 0xffffffffffffffff, 0x102e3e510, 0x0, 0x1070ff49c
0024:trace:vulkan:thunk64_vkResetCommandBuffer 0x102b523a0, 0
0024:trace:vulkan:thunk64_vkBeginCommandBuffer 0x102b523a0, 0x1070ff7d0
0024:trace:vulkan:thunk64_vkEndCommandBuffer 0x102b523a0
0024:trace:vulkan:thunk64_vkQueueSubmit 0x102b5ee58, 1, 0x1070ff600, 0x0
0024:trace:vulkan:win32u_vkQueueSubmit queue 0x10401d948, count 1, submits 0x28010f450, fence 0x0
0024:trace:vulkan:thunk64_vkQueuePresentKHR 0x102b5ee58, 0x1070ff650
0024:trace:vulkan:win32u_vkQueuePresentKHR queue 0x10401d948, present_info 0x28010fc28
0024:trace:vulkan:thunk64_vkAcquireNextImageKHR 0x102b5ee10, 0x102f299f0, 0xffffffffffffffff, 0x102e3e510, 0x0, 0x1070ff49c
0024:trace:vulkan:thunk64_vkResetCommandBuffer 0x102b523d0, 0
0024:trace:vulkan:thunk64_vkBeginCommandBuffer 0x102b523d0, 0x1070ff7d0
0024:trace:vulkan:thunk64_vkEndCommandBuffer 0x102b523d0
0024:trace:vulkan:thunk64_vkQueueSubmit 0x102b5ee58, 1, 0x1070ff600, 0x0
0024:trace:vulkan:win32u_vkQueueSubmit queue 0x10401d948, count 1, submits 0x28010f450, fence 0x0
0024:trace:vulkan:thunk64_vkQueuePresentKHR 0x102b5ee58, 0x1070ff650
0024:trace:vulkan:win32u_vkQueuePresentKHR queue 0x10401d948, present_info 0x28010fc28
0024:trace:vulkan:thunk64_vkAcquireNextImageKHR 0x102b5ee10, 0x102f299f0, 0xffffffffffffffff, 0x102e3e510, 0x0, 0x1070ff49c
0024:trace:vulkan:thunk64_vkResetCommandBuffer 0x102b52400, 0
0024:trace:vulkan:thunk64_vkBeginCommandBuffer 0x102b52400, 0x1070ff7d0
0024:trace:vulkan:thunk64_vkEndCommandBuffer 0x102b52400
0024:trace:vulkan:thunk64_vkQueueSubmit 0x102b5ee58, 1, 0x1070ff600, 0x0
0024:trace:vulkan:win32u_vkQueueSubmit queue 0x10401d948, count 1, submits 0x28010f450, fence 0x0
0024:trace:vulkan:thunk64_vkQueuePresentKHR 0x102b5ee58, 0x1070ff650
0024:trace:vulkan:win32u_vkQueuePresentKHR queue 0x10401d948, present_info 0x28010fc28
0024:trace:vulkan:thunk64_vkAcquireNextImageKHR 0x102b5ee10, 0x102f299f0, 0xffffffffffffffff, 0x102e3e510, 0x0, 0x1070ff49c
0024:trace:vulkan:thunk64_vkResetCommandBuffer 0x102b523a0, 0
0024:trace:vulkan:thunk64_vkBeginCommandBuffer 0x102b523a0, 0x1070ff7d0
0024:trace:vulkan:thunk64_vkEndCommandBuffer 0x102b523a0
0024:trace:vulkan:thunk64_vkQueueSubmit 0x102b5ee58, 1, 0x1070ff600, 0x0
0024:trace:vulkan:win32u_vkQueueSubmit queue 0x10401d948, count 1, submits 0x28010f450, fence 0x0
0024:trace:vulkan:thunk64_vkQueuePresentKHR 0x102b5ee58, 0x1070ff650
0024:trace:vulkan:win32u_vkQueuePresentKHR queue 0x10401d948, present_info 0x28010fc28
0024:trace:vulkan:thunk64_vkAcquireNextImageKHR 0x102b5ee10, 0x102f299f0, 0xffffffffffffffff, 0x102e3e510, 0x0, 0x1070ff49c
0024:trace:vulkan:thunk64_vkResetCommandBuffer 0x102b523d0, 0
0024:trace:vulkan:thunk64_vkBeginCommandBuffer 0x102b523d0, 0x1070ff7d0
0024:trace:vulkan:thunk64_vkEndCommandBuffer 0x102b523d0
0024:trace:vulkan:thunk64_vkQueueSubmit 0x102b5ee58, 1, 0x1070ff600, 0x0
0024:trace:vulkan:win32u_vkQueueSubmit queue 0x10401d948, count 1, submits 0x28010f450, fence 0x0
0024:trace:vulkan:thunk64_vkQueuePresentKHR 0x102b5ee58, 0x1070ff650
0024:trace:vulkan:win32u_vkQueuePresentKHR queue 0x10401d948, present_info 0x28010fc28
0024:trace:vulkan:thunk64_vkAcquireNextImageKHR 0x102b5ee10, 0x102f299f0, 0xffffffffffffffff, 0x102e3e510, 0x0, 0x1070ff49c
0024:trace:vulkan:thunk64_vkResetCommandBuffer 0x102b52400, 0
0024:trace:vulkan:thunk64_vkBeginCommandBuffer 0x102b52400, 0x1070ff7d0
0024:trace:vulkan:thunk64_vkEndCommandBuffer 0x102b52400
0024:trace:vulkan:thunk64_vkQueueSubmit 0x102b5ee58, 1, 0x1070ff600, 0x0
0024:trace:vulkan:win32u_vkQueueSubmit queue 0x10401d948, count 1, submits 0x28010f450, fence 0x0
0024:trace:vulkan:thunk64_vkQueuePresentKHR 0x102b5ee58, 0x1070ff650
0024:trace:vulkan:win32u_vkQueuePresentKHR queue 0x10401d948, present_info 0x28010fc28
0024:trace:vulkan:thunk64_vkAcquireNextImageKHR 0x102b5ee10, 0x102f299f0, 0xffffffffffffffff, 0x102e3e510, 0x0, 0x1070ff49c
0024:trace:vulkan:thunk64_vkResetCommandBuffer 0x102b523a0, 0
0024:trace:vulkan:thunk64_vkBeginCommandBuffer 0x102b523a0, 0x1070ff7d0
0024:trace:vulkan:thunk64_vkEndCommandBuffer 0x102b523a0
0024:trace:vulkan:thunk64_vkQueueSubmit 0x102b5ee58, 1, 0x1070ff600, 0x0
0024:trace:vulkan:win32u_vkQueueSubmit queue 0x10401d948, count 1, submits 0x28010f450, fence 0x0
0024:trace:vulkan:thunk64_vkQueuePresentKHR 0x102b5ee58, 0x1070ff650
0024:trace:vulkan:win32u_vkQueuePresentKHR queue 0x10401d948, present_info 0x28010fc28
0024:trace:vulkan:thunk64_vkAcquireNextImageKHR 0x102b5ee10, 0x102f299f0, 0xffffffffffffffff, 0x102e3e510, 0x0, 0x1070ff49c
0024:trace:vulkan:thunk64_vkResetCommandBuffer 0x102b523d0, 0
0024:trace:vulkan:thunk64_vkBeginCommandBuffer 0x102b523d0, 0x1070ff7d0
0024:trace:vulkan:thunk64_vkEndCommandBuffer 0x102b523d0
0024:trace:vulkan:thunk64_vkQueueSubmit 0x102b5ee58, 1, 0x1070ff600, 0x0
0024:trace:vulkan:win32u_vkQueueSubmit queue 0x10401d948, count 1, submits 0x28010f450, fence 0x0
0024:trace:vulkan:thunk64_vkQueuePresentKHR 0x102b5ee58, 0x1070ff650
0024:trace:vulkan:win32u_vkQueuePresentKHR queue 0x10401d948, present_info 0x28010fc28
0024:trace:vulkan:thunk64_vkAcquireNextImageKHR 0x102b5ee10, 0x102f299f0, 0xffffffffffffffff, 0x102e3e510, 0x0, 0x1070ff49c
0024:trace:vulkan:thunk64_vkResetCommandBuffer 0x102b52400, 0
0024:trace:vulkan:thunk64_vkBeginCommandBuffer 0x102b52400, 0x1070ff7d0
0024:trace:vulkan:thunk64_vkEndCommandBuffer 0x102b52400
0024:trace:vulkan:thunk64_vkQueueSubmit 0x102b5ee58, 1, 0x1070ff600, 0x0
0024:trace:vulkan:win32u_vkQueueSubmit queue 0x10401d948, count 1, submits 0x28010f450, fence 0x0
0024:trace:vulkan:thunk64_vkQueuePresentKHR 0x102b5ee58, 0x1070ff650
0024:trace:vulkan:win32u_vkQueuePresentKHR queue 0x10401d948, present_info 0x28010fc28
[JuiceX18] trampoline #1 retry=0x17f497b3c restored_x17=0x28010fcd0 teb=0x17ffd8000
0024:trace:vulkan:thunk64_vkAcquireNextImageKHR 0x102b5ee10, 0x102f299f0, 0xffffffffffffffff, 0x102e3e510, 0x0, 0x1070ff49c
0024:trace:vulkan:thunk64_vkResetCommandBuffer 0x102b523a0, 0
0024:trace:vulkan:thunk64_vkBeginCommandBuffer 0x102b523a0, 0x1070ff7d0
0024:trace:vulkan:thunk64_vkEndCommandBuffer 0x102b523a0
0024:trace:vulkan:thunk64_vkQueueSubmit 0x102b5ee58, 1, 0x1070ff600, 0x0
0024:trace:vulkan:win32u_vkQueueSubmit queue 0x10401d948, count 1, submits 0x28010f450, fence 0x0
0024:trace:vulkan:thunk64_vkQueuePresentKHR 0x102b5ee58, 0x1070ff650
0024:trace:vulkan:win32u_vkQueuePresentKHR queue 0x10401d948, present_info 0x28010fc28
0024:trace:vulkan:thunk64_vkAcquireNextImageKHR 0x102b5ee10, 0x102f299f0, 0xffffffffffffffff, 0x102e3e510, 0x0, 0x1070ff49c
0024:trace:vulkan:thunk64_vkResetCommandBuffer 0x102b523d0, 0
0024:trace:vulkan:thunk64_vkBeginCommandBuffer 0x102b523d0, 0x1070ff7d0
0024:trace:vulkan:thunk64_vkEndCommandBuffer 0x102b523d0
0024:trace:vulkan:thunk64_vkQueueSubmit 0x102b5ee58, 1, 0x1070ff600, 0x0
0024:trace:vulkan:win32u_vkQueueSubmit queue 0x10401d948, count 1, submits 0x28010f450, fence 0x0
0024:trace:vulkan:thunk64_vkQueuePresentKHR 0x102b5ee58, 0x1070ff650
0024:trace:vulkan:win32u_vkQueuePresentKHR queue 0x10401d948, present_info 0x28010fc28
0024:trace:vulkan:thunk64_vkAcquireNextImageKHR 0x102b5ee10, 0x102f299f0, 0xffffffffffffffff, 0x102e3e510, 0x0, 0x1070ff49c
0024:trace:vulkan:thunk64_vkResetCommandBuffer 0x102b52400, 0
0024:trace:vulkan:thunk64_vkBeginCommandBuffer 0x102b52400, 0x1070ff7d0
0024:trace:vulkan:thunk64_vkEndCommandBuffer 0x102b52400
0024:trace:vulkan:thunk64_vkQueueSubmit 0x102b5ee58, 1, 0x1070ff600, 0x0
0024:trace:vulkan:win32u_vkQueueSubmit queue 0x10401d948, count 1, submits 0x28010f450, fence 0x0
0024:trace:vulkan:thunk64_vkQueuePresentKHR 0x102b5ee58, 0x1070ff650
0024:trace:vulkan:win32u_vkQueuePresentKHR queue 0x10401d948, present_info 0x28010fc28
0024:trace:vulkan:thunk64_vkAcquireNextImageKHR 0x102b5ee10, 0x102f299f0, 0xffffffffffffffff, 0x102e3e510, 0x0, 0x1070ff49c
0024:trace:vulkan:thunk64_vkResetCommandBuffer 0x102b523a0, 0
0024:trace:vulkan:thunk64_vkBeginCommandBuffer 0x102b523a0, 0x1070ff7d0
0024:trace:vulkan:thunk64_vkEndCommandBuffer 0x102b523a0
0024:trace:vulkan:thunk64_vkQueueSubmit 0x102b5ee58, 1, 0x1070ff600, 0x0
0024:trace:vulkan:win32u_vkQueueSubmit queue 0x10401d948, count 1, submits 0x28010f450, fence 0x0
0024:trace:vulkan:thunk64_vkQueuePresentKHR 0x102b5ee58, 0x1070ff650
0024:trace:vulkan:win32u_vkQueuePresentKHR queue 0x10401d948, present_info 0x28010fc28
0024:trace:vulkan:thunk64_vkAcquireNextImageKHR 0x102b5ee10, 0x102f299f0, 0xffffffffffffffff, 0x102e3e510, 0x0, 0x1070ff49c
0024:trace:vulkan:thunk64_vkResetCommandBuffer 0x102b523d0, 0
0024:trace:vulkan:thunk64_vkBeginCommandBuffer 0x102b523d0, 0x1070ff7d0
0024:trace:vulkan:thunk64_vkEndCommandBuffer 0x102b523d0
0024:trace:vulkan:thunk64_vkQueueSubmit 0x102b5ee58, 1, 0x1070ff600, 0x0
0024:trace:vulkan:win32u_vkQueueSubmit queue 0x10401d948, count 1, submits 0x28010f450, fence 0x0
0024:trace:vulkan:thunk64_vkQueuePresentKHR 0x102b5ee58, 0x1070ff650
0024:trace:vulkan:win32u_vkQueuePresentKHR queue 0x10401d948, present_info 0x28010fc28
0024:trace:vulkan:thunk64_vkAcquireNextImageKHR 0x102b5ee10, 0x102f299f0, 0xffffffffffffffff, 0x102e3e510, 0x0, 0x1070ff49c
0024:trace:vulkan:thunk64_vkResetCommandBuffer 0x102b52400, 0
0024:trace:vulkan:thunk64_vkBeginCommandBuffer 0x102b52400, 0x1070ff7d0
0024:trace:vulkan:thunk64_vkEndCommandBuffer 0x102b52400
0024:trace:vulkan:thunk64_vkQueueSubmit 0x102b5ee58, 1, 0x1070ff600, 0x0
0024:trace:vulkan:win32u_vkQueueSubmit queue 0x10401d948, count 1, submits 0x28010f450, fence 0x0
0024:trace:vulkan:thunk64_vkQueuePresentKHR 0x102b5ee58, 0x1070ff650
0024:trace:vulkan:win32u_vkQueuePresentKHR queue 0x10401d948, present_info 0x28010fc28
0024:trace:vulkan:thunk64_vkAcquireNextImageKHR 0x102b5ee10, 0x102f299f0, 0xffffffffffffffff, 0x102e3e510, 0x0, 0x1070ff49c
0024:trace:vulkan:thunk64_vkResetCommandBuffer 0x102b523a0, 0
0024:trace:vulkan:thunk64_vkBeginCommandBuffer 0x102b523a0, 0x1070ff7d0
0024:trace:vulkan:thunk64_vkEndCommandBuffer 0x102b523a0
0024:trace:vulkan:thunk64_vkQueueSubmit 0x102b5ee58, 1, 0x1070ff600, 0x0
0024:trace:vulkan:win32u_vkQueueSubmit queue 0x10401d948, count 1, submits 0x28010f450, fence 0x0
0024:trace:vulkan:thunk64_vkQueuePresentKHR 0x102b5ee58, 0x1070ff650
0024:trace:vulkan:win32u_vkQueuePresentKHR queue 0x10401d948, present_info 0x28010fc28
0024:trace:vulkan:thunk64_vkAcquireNextImageKHR 0x102b5ee10, 0x102f299f0, 0xffffffffffffffff, 0x102e3e510, 0x0, 0x1070ff49c
0024:trace:vulkan:thunk64_vkResetCommandBuffer 0x102b523d0, 0
0024:trace:vulkan:thunk64_vkBeginCommandBuffer 0x102b523d0, 0x1070ff7d0
0024:trace:vulkan:thunk64_vkEndCommandBuffer 0x102b523d0
0024:trace:vulkan:thunk64_vkQueueSubmit 0x102b5ee58, 1, 0x1070ff600, 0x0
0024:trace:vulkan:win32u_vkQueueSubmit queue 0x10401d948, count 1, submits 0x28010f450, fence 0x0
0024:trace:vulkan:thunk64_vkQueuePresentKHR 0x102b5ee58, 0x1070ff650
0024:trace:vulkan:win32u_vkQueuePresentKHR queue 0x10401d948, present_info 0x28010fc28
0024:trace:vulkan:thunk64_vkAcquireNextImageKHR 0x102b5ee10, 0x102f299f0, 0xffffffffffffffff, 0x102e3e510, 0x0, 0x1070ff49c
0024:trace:vulkan:thunk64_vkResetCommandBuffer 0x102b52400, 0
0024:trace:vulkan:thunk64_vkBeginCommandBuffer 0x102b52400, 0x1070ff7d0
0024:trace:vulkan:thunk64_vkEndCommandBuffer 0x102b52400
0024:trace:vulkan:thunk64_vkQueueSubmit 0x102b5ee58, 1, 0x1070ff600, 0x0
0024:trace:vulkan:win32u_vkQueueSubmit queue 0x10401d948, count 1, submits 0x28010f450, fence 0x0
0024:trace:vulkan:thunk64_vkQueuePresentKHR 0x102b5ee58, 0x1070ff650
0024:trace:vulkan:win32u_vkQueuePresentKHR queue 0x10401d948, present_info 0x28010fc28
0024:trace:vulkan:thunk64_vkAcquireNextImageKHR 0x102b5ee10, 0x102f299f0, 0xffffffffffffffff, 0x102e3e510, 0x0, 0x1070ff49c
0024:trace:vulkan:thunk64_vkResetCommandBuffer 0x102b523a0, 0
0024:trace:vulkan:thunk64_vkBeginCommandBuffer 0x102b523a0, 0x1070ff7d0
0024:trace:vulkan:thunk64_vkEndCommandBuffer 0x102b523a0
0024:trace:vulkan:thunk64_vkQueueSubmit 0x102b5ee58, 1, 0x1070ff600, 0x0
0024:trace:vulkan:win32u_vkQueueSubmit queue 0x10401d948, count 1, submits 0x28010f450, fence 0x0
0024:trace:vulkan:thunk64_vkQueuePresentKHR 0x102b5ee58, 0x1070ff650
0024:trace:vulkan:win32u_vkQueuePresentKHR queue 0x10401d948, present_info 0x28010fc28
0024:trace:vulkan:thunk64_vkAcquireNextImageKHR 0x102b5ee10, 0x102f299f0, 0xffffffffffffffff, 0x102e3e510, 0x0, 0x1070ff49c
0024:trace:vulkan:thunk64_vkResetCommandBuffer 0x102b523d0, 0
0024:trace:vulkan:thunk64_vkBeginCommandBuffer 0x102b523d0, 0x1070ff7d0
0024:trace:vulkan:thunk64_vkEndCommandBuffer 0x102b523d0
0024:trace:vulkan:thunk64_vkQueueSubmit 0x102b5ee58, 1, 0x1070ff600, 0x0
0024:trace:vulkan:win32u_vkQueueSubmit queue 0x10401d948, count 1, submits 0x28010f450, fence 0x0
0024:trace:vulkan:thunk64_vkQueuePresentKHR 0x102b5ee58, 0x1070ff650
0024:trace:vulkan:win32u_vkQueuePresentKHR queue 0x10401d948, present_info 0x28010fc28
0024:trace:vulkan:thunk64_vkAcquireNextImageKHR 0x102b5ee10, 0x102f299f0, 0xffffffffffffffff, 0x102e3e510, 0x0, 0x1070ff49c
0024:trace:vulkan:thunk64_vkResetCommandBuffer 0x102b52400, 0
0024:trace:vulkan:thunk64_vkBeginCommandBuffer 0x102b52400, 0x1070ff7d0
0024:trace:vulkan:thunk64_vkEndCommandBuffer 0x102b52400
0024:trace:vulkan:thunk64_vkQueueSubmit 0x102b5ee58, 1, 0x1070ff600, 0x0
0024:trace:vulkan:win32u_vkQueueSubmit queue 0x10401d948, count 1, submits 0x28010f450, fence 0x0
0024:trace:vulkan:thunk64_vkQueuePresentKHR 0x102b5ee58, 0x1070ff650
0024:trace:vulkan:win32u_vkQueuePresentKHR queue 0x10401d948, present_info 0x28010fc28
0024:trace:vulkan:thunk64_vkAcquireNextImageKHR 0x102b5ee10, 0x102f299f0, 0xffffffffffffffff, 0x102e3e510, 0x0, 0x1070ff49c
0024:trace:vulkan:thunk64_vkResetCommandBuffer 0x102b523a0, 0
0024:trace:vulkan:thunk64_vkBeginCommandBuffer 0x102b523a0, 0x1070ff7d0
0024:trace:vulkan:thunk64_vkEndCommandBuffer 0x102b523a0
0024:trace:vulkan:thunk64_vkQueueSubmit 0x102b5ee58, 1, 0x1070ff600, 0x0
0024:trace:vulkan:win32u_vkQueueSubmit queue 0x10401d948, count 1, submits 0x28010f450, fence 0x0
0024:trace:vulkan:thunk64_vkQueuePresentKHR 0x102b5ee58, 0x1070ff650
0024:trace:vulkan:win32u_vkQueuePresentKHR queue 0x10401d948, present_info 0x28010fc28
0024:trace:vulkan:thunk64_vkAcquireNextImageKHR 0x102b5ee10, 0x102f299f0, 0xffffffffffffffff, 0x102e3e510, 0x0, 0x1070ff49c
0024:trace:vulkan:thunk64_vkResetCommandBuffer 0x102b523d0, 0
0024:trace:vulkan:thunk64_vkBeginCommandBuffer 0x102b523d0, 0x1070ff7d0
0024:trace:vulkan:thunk64_vkEndCommandBuffer 0x102b523d0
0024:trace:vulkan:thunk64_vkQueueSubmit 0x102b5ee58, 1, 0x1070ff600, 0x0
0024:trace:vulkan:win32u_vkQueueSubmit queue 0x10401d948, count 1, submits 0x28010f450, fence 0x0
0024:trace:vulkan:thunk64_vkQueuePresentKHR 0x102b5ee58, 0x1070ff650
0024:trace:vulkan:win32u_vkQueuePresentKHR queue 0x10401d948, present_info 0x28010fc28
0024:trace:vulkan:thunk64_vkAcquireNextImageKHR 0x102b5ee10, 0x102f299f0, 0xffffffffffffffff, 0x102e3e510, 0x0, 0x1070ff49c
0024:trace:vulkan:thunk64_vkResetCommandBuffer 0x102b52400, 0
0024:trace:vulkan:thunk64_vkBeginCommandBuffer 0x102b52400, 0x1070ff7d0
0024:trace:vulkan:thunk64_vkEndCommandBuffer 0x102b52400
0024:trace:vulkan:thunk64_vkQueueSubmit 0x102b5ee58, 1, 0x1070ff600, 0x0
0024:trace:vulkan:win32u_vkQueueSubmit queue 0x10401d948, count 1, submits 0x28010f450, fence 0x0
0024:trace:vulkan:thunk64_vkQueuePresentKHR 0x102b5ee58, 0x1070ff650
0024:trace:vulkan:win32u_vkQueuePresentKHR queue 0x10401d948, present_info 0x28010fc28
0024:trace:vulkan:thunk64_vkAcquireNextImageKHR 0x102b5ee10, 0x102f299f0, 0xffffffffffffffff, 0x102e3e510, 0x0, 0x1070ff49c
0024:trace:vulkan:thunk64_vkResetCommandBuffer 0x102b523a0, 0
0024:trace:vulkan:thunk64_vkBeginCommandBuffer 0x102b523a0, 0x1070ff7d0
0024:trace:vulkan:thunk64_vkEndCommandBuffer 0x102b523a0
0024:trace:vulkan:thunk64_vkQueueSubmit 0x102b5ee58, 1, 0x1070ff600, 0x0
0024:trace:vulkan:win32u_vkQueueSubmit queue 0x10401d948, count 1, submits 0x28010f450, fence 0x0
0024:trace:vulkan:thunk64_vkQueuePresentKHR 0x102b5ee58, 0x1070ff650
0024:trace:vulkan:win32u_vkQueuePresentKHR queue 0x10401d948, present_info 0x28010fc28
0024:trace:vulkan:thunk64_vkAcquireNextImageKHR 0x102b5ee10, 0x102f299f0, 0xffffffffffffffff, 0x102e3e510, 0x0, 0x1070ff49c
0024:trace:vulkan:thunk64_vkResetCommandBuffer 0x102b523d0, 0
0024:trace:vulkan:thunk64_vkBeginCommandBuffer 0x102b523d0, 0x1070ff7d0
0024:trace:vulkan:thunk64_vkEndCommandBuffer 0x102b523d0
0024:trace:vulkan:thunk64_vkQueueSubmit 0x102b5ee58, 1, 0x1070ff600, 0x0
0024:trace:vulkan:win32u_vkQueueSubmit queue 0x10401d948, count 1, submits 0x28010f450, fence 0x0
0024:trace:vulkan:thunk64_vkQueuePresentKHR 0x102b5ee58, 0x1070ff650
0024:trace:vulkan:win32u_vkQueuePresentKHR queue 0x10401d948, present_info 0x28010fc28
0024:trace:vulkan:thunk64_vkAcquireNextImageKHR 0x102b5ee10, 0x102f299f0, 0xffffffffffffffff, 0x102e3e510, 0x0, 0x1070ff49c
0024:trace:vulkan:thunk64_vkResetCommandBuffer 0x102b52400, 0
0024:trace:vulkan:thunk64_vkBeginCommandBuffer 0x102b52400, 0x1070ff7d0
0024:trace:vulkan:thunk64_vkEndCommandBuffer 0x102b52400
0024:trace:vulkan:thunk64_vkQueueSubmit 0x102b5ee58, 1, 0x1070ff600, 0x0
0024:trace:vulkan:win32u_vkQueueSubmit queue 0x10401d948, count 1, submits 0x28010f450, fence 0x0
0024:trace:vulkan:thunk64_vkQueuePresentKHR 0x102b5ee58, 0x1070ff650
0024:trace:vulkan:win32u_vkQueuePresentKHR queue 0x10401d948, present_info 0x28010fc28
0024:trace:vulkan:thunk64_vkAcquireNextImageKHR 0x102b5ee10, 0x102f299f0, 0xffffffffffffffff, 0x102e3e510, 0x0, 0x1070ff49c
0024:trace:vulkan:thunk64_vkResetCommandBuffer 0x102b523a0, 0
0024:trace:vulkan:thunk64_vkBeginCommandBuffer 0x102b523a0, 0x1070ff7d0
0024:trace:vulkan:thunk64_vkEndCommandBuffer 0x102b523a0
0024:trace:vulkan:thunk64_vkQueueSubmit 0x102b5ee58, 1, 0x1070ff600, 0x0
0024:trace:vulkan:win32u_vkQueueSubmit queue 0x10401d948, count 1, submits 0x28010f450, fence 0x0
0024:trace:vulkan:thunk64_vkQueuePresentKHR 0x102b5ee58, 0x1070ff650
0024:trace:vulkan:win32u_vkQueuePresentKHR queue 0x10401d948, present_info 0x28010fc28
0024:trace:vulkan:thunk64_vkAcquireNextImageKHR 0x102b5ee10, 0x102f299f0, 0xffffffffffffffff, 0x102e3e510, 0x0, 0x1070ff49c
0024:trace:vulkan:thunk64_vkResetCommandBuffer 0x102b523d0, 0
0024:trace:vulkan:thunk64_vkBeginCommandBuffer 0x102b523d0, 0x1070ff7d0
0024:trace:vulkan:thunk64_vkEndCommandBuffer 0x102b523d0
0024:trace:vulkan:thunk64_vkQueueSubmit 0x102b5ee58, 1, 0x1070ff600, 0x0
0024:trace:vulkan:win32u_vkQueueSubmit queue 0x10401d948, count 1, submits 0x28010f450, fence 0x0
0024:trace:vulkan:thunk64_vkQueuePresentKHR 0x102b5ee58, 0x1070ff650
0024:trace:vulkan:win32u_vkQueuePresentKHR queue 0x10401d948, present_info 0x28010fc28
0024:trace:vulkan:thunk64_vkAcquireNextImageKHR 0x102b5ee10, 0x102f299f0, 0xffffffffffffffff, 0x102e3e510, 0x0, 0x1070ff49c
0024:trace:vulkan:thunk64_vkResetCommandBuffer 0x102b52400, 0
0024:trace:vulkan:thunk64_vkBeginCommandBuffer 0x102b52400, 0x1070ff7d0
0024:trace:vulkan:thunk64_vkEndCommandBuffer 0x102b52400
0024:trace:vulkan:thunk64_vkQueueSubmit 0x102b5ee58, 1, 0x1070ff600, 0x0
0024:trace:vulkan:win32u_vkQueueSubmit queue 0x10401d948, count 1, submits 0x28010f450, fence 0x0
0024:trace:vulkan:thunk64_vkQueuePresentKHR 0x102b5ee58, 0x1070ff650
0024:trace:vulkan:win32u_vkQueuePresentKHR queue 0x10401d948, present_info 0x28010fc28
0024:trace:vulkan:thunk64_vkAcquireNextImageKHR 0x102b5ee10, 0x102f299f0, 0xffffffffffffffff, 0x102e3e510, 0x0, 0x1070ff49c
0024:trace:vulkan:thunk64_vkResetCommandBuffer 0x102b523a0, 0
0024:trace:vulkan:thunk64_vkBeginCommandBuffer 0x102b523a0, 0x1070ff7d0
0024:trace:vulkan:thunk64_vkEndCommandBuffer 0x102b523a0
0024:trace:vulkan:thunk64_vkQueueSubmit 0x102b5ee58, 1, 0x1070ff600, 0x0
0024:trace:vulkan:win32u_vkQueueSubmit queue 0x10401d948, count 1, submits 0x28010f450, fence 0x0
0024:trace:vulkan:thunk64_vkQueuePresentKHR 0x102b5ee58, 0x1070ff650
0024:trace:vulkan:win32u_vkQueuePresentKHR queue 0x10401d948, present_info 0x28010fc28
0024:trace:vulkan:thunk64_vkAcquireNextImageKHR 0x102b5ee10, 0x102f299f0, 0xffffffffffffffff, 0x102e3e510, 0x0, 0x1070ff49c
0024:trace:vulkan:thunk64_vkResetCommandBuffer 0x102b523d0, 0
0024:trace:vulkan:thunk64_vkBeginCommandBuffer 0x102b523d0, 0x1070ff7d0
0024:trace:vulkan:thunk64_vkEndCommandBuffer 0x102b523d0
0024:trace:vulkan:thunk64_vkQueueSubmit 0x102b5ee58, 1, 0x1070ff600, 0x0
0024:trace:vulkan:win32u_vkQueueSubmit queue 0x10401d948, count 1, submits 0x28010f450, fence 0x0
0024:trace:vulkan:thunk64_vkQueuePresentKHR 0x102b5ee58, 0x1070ff650
0024:trace:vulkan:win32u_vkQueuePresentKHR queue 0x10401d948, present_info 0x28010fc28
0024:trace:vulkan:thunk64_vkAcquireNextImageKHR 0x102b5ee10, 0x102f299f0, 0xffffffffffffffff, 0x102e3e510, 0x0, 0x1070ff49c
0024:trace:vulkan:thunk64_vkResetCommandBuffer 0x102b52400, 0
0024:trace:vulkan:thunk64_vkBeginCommandBuffer 0x102b52400, 0x1070ff7d0
0024:trace:vulkan:thunk64_vkEndCommandBuffer 0x102b52400
0024:trace:vulkan:thunk64_vkQueueSubmit 0x102b5ee58, 1, 0x1070ff600, 0x0
0024:trace:vulkan:win32u_vkQueueSubmit queue 0x10401d948, count 1, submits 0x28010f450, fence 0x0
0024:trace:vulkan:thunk64_vkQueuePresentKHR 0x102b5ee58, 0x1070ff650
0024:trace:vulkan:win32u_vkQueuePresentKHR queue 0x10401d948, present_info 0x28010fc28
0024:trace:vulkan:thunk64_vkAcquireNextImageKHR 0x102b5ee10, 0x102f299f0, 0xffffffffffffffff, 0x102e3e510, 0x0, 0x1070ff49c
0024:trace:vulkan:thunk64_vkResetCommandBuffer 0x102b523a0, 0
0024:trace:vulkan:thunk64_vkBeginCommandBuffer 0x102b523a0, 0x1070ff7d0
0024:trace:vulkan:thunk64_vkEndCommandBuffer 0x102b523a0
0024:trace:vulkan:thunk64_vkQueueSubmit 0x102b5ee58, 1, 0x1070ff600, 0x0
0024:trace:vulkan:win32u_vkQueueSubmit queue 0x10401d948, count 1, submits 0x28010f450, fence 0x0
0024:trace:vulkan:thunk64_vkQueuePresentKHR 0x102b5ee58, 0x1070ff650
0024:trace:vulkan:win32u_vkQueuePresentKHR queue 0x10401d948, present_info 0x28010fc28
0024:trace:vulkan:thunk64_vkAcquireNextImageKHR 0x102b5ee10, 0x102f299f0, 0xffffffffffffffff, 0x102e3e510, 0x0, 0x1070ff49c
0024:trace:vulkan:thunk64_vkResetCommandBuffer 0x102b523d0, 0
0024:trace:vulkan:thunk64_vkBeginCommandBuffer 0x102b523d0, 0x1070ff7d0
0024:trace:vulkan:thunk64_vkEndCommandBuffer 0x102b523d0
0024:trace:vulkan:thunk64_vkQueueSubmit 0x102b5ee58, 1, 0x1070ff600, 0x0
0024:trace:vulkan:win32u_vkQueueSubmit queue 0x10401d948, count 1, submits 0x28010f450, fence 0x0
0024:trace:vulkan:thunk64_vkQueuePresentKHR 0x102b5ee58, 0x1070ff650
0024:trace:vulkan:win32u_vkQueuePresentKHR queue 0x10401d948, present_info 0x28010fc28
0024:trace:vulkan:thunk64_vkAcquireNextImageKHR 0x102b5ee10, 0x102f299f0, 0xffffffffffffffff, 0x102e3e510, 0x0, 0x1070ff49c
0024:trace:vulkan:thunk64_vkResetCommandBuffer 0x102b52400, 0
0024:trace:vulkan:thunk64_vkBeginCommandBuffer 0x102b52400, 0x1070ff7d0
0024:trace:vulkan:thunk64_vkEndCommandBuffer 0x102b52400
0024:trace:vulkan:thunk64_vkQueueSubmit 0x102b5ee58, 1, 0x1070ff600, 0x0
0024:trace:vulkan:win32u_vkQueueSubmit queue 0x10401d948, count 1, submits 0x28010f450, fence 0x0
0024:trace:vulkan:thunk64_vkQueuePresentKHR 0x102b5ee58, 0x1070ff650
0024:trace:vulkan:win32u_vkQueuePresentKHR queue 0x10401d948, present_info 0x28010fc28
0024:trace:vulkan:thunk64_vkAcquireNextImageKHR 0x102b5ee10, 0x102f299f0, 0xffffffffffffffff, 0x102e3e510, 0x0, 0x1070ff49c
0024:trace:vulkan:thunk64_vkResetCommandBuffer 0x102b523a0, 0
0024:trace:vulkan:thunk64_vkBeginCommandBuffer 0x102b523a0, 0x1070ff7d0
0024:trace:vulkan:thunk64_vkEndCommandBuffer 0x102b523a0
0024:trace:vulkan:thunk64_vkQueueSubmit 0x102b5ee58, 1, 0x1070ff600, 0x0
0024:trace:vulkan:win32u_vkQueueSubmit queue 0x10401d948, count 1, submits 0x28010f450, fence 0x0
0024:trace:vulkan:thunk64_vkQueuePresentKHR 0x102b5ee58, 0x1070ff650
0024:trace:vulkan:win32u_vkQueuePresentKHR queue 0x10401d948, present_info 0x28010fc28
0024:trace:vulkan:thunk64_vkAcquireNextImageKHR 0x102b5ee10, 0x102f299f0, 0xffffffffffffffff, 0x102e3e510, 0x0, 0x1070ff49c
0024:trace:vulkan:thunk64_vkResetCommandBuffer 0x102b523d0, 0
0024:trace:vulkan:thunk64_vkBeginCommandBuffer 0x102b523d0, 0x1070ff7d0
0024:trace:vulkan:thunk64_vkEndCommandBuffer 0x102b523d0
0024:trace:vulkan:thunk64_vkQueueSubmit 0x102b5ee58, 1, 0x1070ff600, 0x0
0024:trace:vulkan:win32u_vkQueueSubmit queue 0x10401d948, count 1, submits 0x28010f450, fence 0x0
0024:trace:vulkan:thunk64_vkQueuePresentKHR 0x102b5ee58, 0x1070ff650
0024:trace:vulkan:win32u_vkQueuePresentKHR queue 0x10401d948, present_info 0x28010fc28
0024:trace:vulkan:thunk64_vkAcquireNextImageKHR 0x102b5ee10, 0x102f299f0, 0xffffffffffffffff, 0x102e3e510, 0x0, 0x1070ff49c
0024:trace:vulkan:thunk64_vkResetCommandBuffer 0x102b52400, 0
0024:trace:vulkan:thunk64_vkBeginCommandBuffer 0x102b52400, 0x1070ff7d0
0024:trace:vulkan:thunk64_vkEndCommandBuffer 0x102b52400
0024:trace:vulkan:thunk64_vkQueueSubmit 0x102b5ee58, 1, 0x1070ff600, 0x0
0024:trace:vulkan:win32u_vkQueueSubmit queue 0x10401d948, count 1, submits 0x28010f450, fence 0x0
0024:trace:vulkan:thunk64_vkQueuePresentKHR 0x102b5ee58, 0x1070ff650
0024:trace:vulkan:win32u_vkQueuePresentKHR queue 0x10401d948, present_info 0x28010fc28
0024:trace:vulkan:thunk64_vkAcquireNextImageKHR 0x102b5ee10, 0x102f299f0, 0xffffffffffffffff, 0x102e3e510, 0x0, 0x1070ff49c
0024:trace:vulkan:thunk64_vkResetCommandBuffer 0x102b523a0, 0
0024:trace:vulkan:thunk64_vkBeginCommandBuffer 0x102b523a0, 0x1070ff7d0
0024:trace:vulkan:thunk64_vkEndCommandBuffer 0x102b523a0
0024:trace:vulkan:thunk64_vkQueueSubmit 0x102b5ee58, 1, 0x1070ff600, 0x0
0024:trace:vulkan:win32u_vkQueueSubmit queue 0x10401d948, count 1, submits 0x28010f450, fence 0x0
0024:trace:vulkan:thunk64_vkQueuePresentKHR 0x102b5ee58, 0x1070ff650
0024:trace:vulkan:win32u_vkQueuePresentKHR queue 0x10401d948, present_info 0x28010fc28
0024:trace:vulkan:thunk64_vkAcquireNextImageKHR 0x102b5ee10, 0x102f299f0, 0xffffffffffffffff, 0x102e3e510, 0x0, 0x1070ff49c
0024:trace:vulkan:thunk64_vkResetCommandBuffer 0x102b523d0, 0
0024:trace:vulkan:thunk64_vkBeginCommandBuffer 0x102b523d0, 0x1070ff7d0
0024:trace:vulkan:thunk64_vkEndCommandBuffer 0x102b523d0
0024:trace:vulkan:thunk64_vkQueueSubmit 0x102b5ee58, 1, 0x1070ff600, 0x0
0024:trace:vulkan:win32u_vkQueueSubmit queue 0x10401d948, count 1, submits 0x28010f450, fence 0x0
0024:trace:vulkan:thunk64_vkQueuePresentKHR 0x102b5ee58, 0x1070ff650
0024:trace:vulkan:win32u_vkQueuePresentKHR queue 0x10401d948, present_info 0x28010fc28
0024:trace:vulkan:thunk64_vkAcquireNextImageKHR 0x102b5ee10, 0x102f299f0, 0xffffffffffffffff, 0x102e3e510, 0x0, 0x1070ff49c
0024:trace:vulkan:thunk64_vkResetCommandBuffer 0x102b52400, 0
0024:trace:vulkan:thunk64_vkBeginCommandBuffer 0x102b52400, 0x1070ff7d0
0024:trace:vulkan:thunk64_vkEndCommandBuffer 0x102b52400
0024:trace:vulkan:thunk64_vkQueueSubmit 0x102b5ee58, 1, 0x1070ff600, 0x0
0024:trace:vulkan:win32u_vkQueueSubmit queue 0x10401d948, count 1, submits 0x28010f450, fence 0x0
0024:trace:vulkan:thunk64_vkQueuePresentKHR 0x102b5ee58, 0x1070ff650
0024:trace:vulkan:win32u_vkQueuePresentKHR queue 0x10401d948, present_info 0x28010fc28
0024:trace:vulkan:thunk64_vkAcquireNextImageKHR 0x102b5ee10, 0x102f299f0, 0xffffffffffffffff, 0x102e3e510, 0x0, 0x1070ff49c
0024:trace:vulkan:thunk64_vkResetCommandBuffer 0x102b523a0, 0
0024:trace:vulkan:thunk64_vkBeginCommandBuffer 0x102b523a0, 0x1070ff7d0
0024:trace:vulkan:thunk64_vkEndCommandBuffer 0x102b523a0
0024:trace:vulkan:thunk64_vkQueueSubmit 0x102b5ee58, 1, 0x1070ff600, 0x0
0024:trace:vulkan:win32u_vkQueueSubmit queue 0x10401d948, count 1, submits 0x28010f450, fence 0x0
0024:trace:vulkan:thunk64_vkQueuePresentKHR 0x102b5ee58, 0x1070ff650
0024:trace:vulkan:win32u_vkQueuePresentKHR queue 0x10401d948, present_info 0x28010fc28
0024:trace:vulkan:thunk64_vkAcquireNextImageKHR 0x102b5ee10, 0x102f299f0, 0xffffffffffffffff, 0x102e3e510, 0x0, 0x1070ff49c
0024:trace:vulkan:thunk64_vkResetCommandBuffer 0x102b523d0, 0
0024:trace:vulkan:thunk64_vkBeginCommandBuffer 0x102b523d0, 0x1070ff7d0
0024:trace:vulkan:thunk64_vkEndCommandBuffer 0x102b523d0
0024:trace:vulkan:thunk64_vkQueueSubmit 0x102b5ee58, 1, 0x1070ff600, 0x0
0024:trace:vulkan:win32u_vkQueueSubmit queue 0x10401d948, count 1, submits 0x28010f450, fence 0x0
0024:trace:vulkan:thunk64_vkQueuePresentKHR 0x102b5ee58, 0x1070ff650
0024:trace:vulkan:win32u_vkQueuePresentKHR queue 0x10401d948, present_info 0x28010fc28
0024:trace:vulkan:thunk64_vkAcquireNextImageKHR 0x102b5ee10, 0x102f299f0, 0xffffffffffffffff, 0x102e3e510, 0x0, 0x1070ff49c
0024:trace:vulkan:thunk64_vkResetCommandBuffer 0x102b52400, 0
0024:trace:vulkan:thunk64_vkBeginCommandBuffer 0x102b52400, 0x1070ff7d0
0024:trace:vulkan:thunk64_vkEndCommandBuffer 0x102b52400
0024:trace:vulkan:thunk64_vkQueueSubmit 0x102b5ee58, 1, 0x1070ff600, 0x0
0024:trace:vulkan:win32u_vkQueueSubmit queue 0x10401d948, count 1, submits 0x28010f450, fence 0x0
0024:trace:vulkan:thunk64_vkQueuePresentKHR 0x102b5ee58, 0x1070ff650
0024:trace:vulkan:win32u_vkQueuePresentKHR queue 0x10401d948, present_info 0x28010fc28
0024:trace:vulkan:thunk64_vkAcquireNextImageKHR 0x102b5ee10, 0x102f299f0, 0xffffffffffffffff, 0x102e3e510, 0x0, 0x1070ff49c
0024:trace:vulkan:thunk64_vkResetCommandBuffer 0x102b523a0, 0
0024:trace:vulkan:thunk64_vkBeginCommandBuffer 0x102b523a0, 0x1070ff7d0
0024:trace:vulkan:thunk64_vkEndCommandBuffer 0x102b523a0
0024:trace:vulkan:thunk64_vkQueueSubmit 0x102b5ee58, 1, 0x1070ff600, 0x0
0024:trace:vulkan:win32u_vkQueueSubmit queue 0x10401d948, count 1, submits 0x28010f450, fence 0x0
0024:trace:vulkan:thunk64_vkQueuePresentKHR 0x102b5ee58, 0x1070ff650
0024:trace:vulkan:win32u_vkQueuePresentKHR queue 0x10401d948, present_info 0x28010fc28
0024:trace:vulkan:thunk64_vkAcquireNextImageKHR 0x102b5ee10, 0x102f299f0, 0xffffffffffffffff, 0x102e3e510, 0x0, 0x1070ff49c
0024:trace:vulkan:thunk64_vkResetCommandBuffer 0x102b523d0, 0
0024:trace:vulkan:thunk64_vkBeginCommandBuffer 0x102b523d0, 0x1070ff7d0
0024:trace:vulkan:thunk64_vkEndCommandBuffer 0x102b523d0
0024:trace:vulkan:thunk64_vkQueueSubmit 0x102b5ee58, 1, 0x1070ff600, 0x0
0024:trace:vulkan:win32u_vkQueueSubmit queue 0x10401d948, count 1, submits 0x28010f450, fence 0x0
0024:trace:vulkan:thunk64_vkQueuePresentKHR 0x102b5ee58, 0x1070ff650
0024:trace:vulkan:win32u_vkQueuePresentKHR queue 0x10401d948, present_info 0x28010fc28
0024:trace:vulkan:thunk64_vkAcquireNextImageKHR 0x102b5ee10, 0x102f299f0, 0xffffffffffffffff, 0x102e3e510, 0x0, 0x1070ff49c
0024:trace:vulkan:thunk64_vkResetCommandBuffer 0x102b52400, 0
0024:trace:vulkan:thunk64_vkBeginCommandBuffer 0x102b52400, 0x1070ff7d0
0024:trace:vulkan:thunk64_vkEndCommandBuffer 0x102b52400
0024:trace:vulkan:thunk64_vkQueueSubmit 0x102b5ee58, 1, 0x1070ff600, 0x0
0024:trace:vulkan:win32u_vkQueueSubmit queue 0x10401d948, count 1, submits 0x28010f450, fence 0x0
0024:trace:vulkan:thunk64_vkQueuePresentKHR 0x102b5ee58, 0x1070ff650
0024:trace:vulkan:win32u_vkQueuePresentKHR queue 0x10401d948, present_info 0x28010fc28
0024:trace:vulkan:thunk64_vkAcquireNextImageKHR 0x102b5ee10, 0x102f299f0, 0xffffffffffffffff, 0x102e3e510, 0x0, 0x1070ff49c
0024:trace:vulkan:thunk64_vkResetCommandBuffer 0x102b523a0, 0
0024:trace:vulkan:thunk64_vkBeginCommandBuffer 0x102b523a0, 0x1070ff7d0
0024:trace:vulkan:thunk64_vkEndCommandBuffer 0x102b523a0
0024:trace:vulkan:thunk64_vkQueueSubmit 0x102b5ee58, 1, 0x1070ff600, 0x0
0024:trace:vulkan:win32u_vkQueueSubmit queue 0x10401d948, count 1, submits 0x28010f450, fence 0x0
0024:trace:vulkan:thunk64_vkQueuePresentKHR 0x102b5ee58, 0x1070ff650
0024:trace:vulkan:win32u_vkQueuePresentKHR queue 0x10401d948, present_info 0x28010fc28
0024:trace:vulkan:thunk64_vkAcquireNextImageKHR 0x102b5ee10, 0x102f299f0, 0xffffffffffffffff, 0x102e3e510, 0x0, 0x1070ff49c
0024:trace:vulkan:thunk64_vkResetCommandBuffer 0x102b523d0, 0
0024:trace:vulkan:thunk64_vkBeginCommandBuffer 0x102b523d0, 0x1070ff7d0
0024:trace:vulkan:thunk64_vkEndCommandBuffer 0x102b523d0
0024:trace:vulkan:thunk64_vkQueueSubmit 0x102b5ee58, 1, 0x1070ff600, 0x0
0024:trace:vulkan:win32u_vkQueueSubmit queue 0x10401d948, count 1, submits 0x28010f450, fence 0x0
0024:trace:vulkan:thunk64_vkQueuePresentKHR 0x102b5ee58, 0x1070ff650
0024:trace:vulkan:win32u_vkQueuePresentKHR queue 0x10401d948, present_info 0x28010fc28
0024:trace:vulkan:thunk64_vkAcquireNextImageKHR 0x102b5ee10, 0x102f299f0, 0xffffffffffffffff, 0x102e3e510, 0x0, 0x1070ff49c
0024:trace:vulkan:thunk64_vkResetCommandBuffer 0x102b52400, 0
0024:trace:vulkan:thunk64_vkBeginCommandBuffer 0x102b52400, 0x1070ff7d0
0024:trace:vulkan:thunk64_vkEndCommandBuffer 0x102b52400
0024:trace:vulkan:thunk64_vkQueueSubmit 0x102b5ee58, 1, 0x1070ff600, 0x0
0024:trace:vulkan:win32u_vkQueueSubmit queue 0x10401d948, count 1, submits 0x28010f450, fence 0x0
0024:trace:vulkan:thunk64_vkQueuePresentKHR 0x102b5ee58, 0x1070ff650
0024:trace:vulkan:win32u_vkQueuePresentKHR queue 0x10401d948, present_info 0x28010fc28
0024:trace:vulkan:thunk64_vkAcquireNextImageKHR 0x102b5ee10, 0x102f299f0, 0xffffffffffffffff, 0x102e3e510, 0x0, 0x1070ff49c
0024:trace:vulkan:thunk64_vkResetCommandBuffer 0x102b523a0, 0
0024:trace:vulkan:thunk64_vkBeginCommandBuffer 0x102b523a0, 0x1070ff7d0
0024:trace:vulkan:thunk64_vkEndCommandBuffer 0x102b523a0
0024:trace:vulkan:thunk64_vkQueueSubmit 0x102b5ee58, 1, 0x1070ff600, 0x0
0024:trace:vulkan:win32u_vkQueueSubmit queue 0x10401d948, count 1, submits 0x28010f450, fence 0x0
0024:trace:vulkan:thunk64_vkQueuePresentKHR 0x102b5ee58, 0x1070ff650
0024:trace:vulkan:win32u_vkQueuePresentKHR queue 0x10401d948, present_info 0x28010fc28
0024:trace:vulkan:thunk64_vkAcquireNextImageKHR 0x102b5ee10, 0x102f299f0, 0xffffffffffffffff, 0x102e3e510, 0x0, 0x1070ff49c
0024:trace:vulkan:thunk64_vkResetCommandBuffer 0x102b523d0, 0
0024:trace:vulkan:thunk64_vkBeginCommandBuffer 0x102b523d0, 0x1070ff7d0
0024:trace:vulkan:thunk64_vkEndCommandBuffer 0x102b523d0
0024:trace:vulkan:thunk64_vkQueueSubmit 0x102b5ee58, 1, 0x1070ff600, 0x0
0024:trace:vulkan:win32u_vkQueueSubmit queue 0x10401d948, count 1, submits 0x28010f450, fence 0x0
0024:trace:vulkan:thunk64_vkQueuePresentKHR 0x102b5ee58, 0x1070ff650
0024:trace:vulkan:win32u_vkQueuePresentKHR queue 0x10401d948, present_info 0x28010fc28
0024:trace:vulkan:thunk64_vkAcquireNextImageKHR 0x102b5ee10, 0x102f299f0, 0xffffffffffffffff, 0x102e3e510, 0x0, 0x1070ff49c
0024:trace:vulkan:thunk64_vkResetCommandBuffer 0x102b52400, 0
0024:trace:vulkan:thunk64_vkBeginCommandBuffer 0x102b52400, 0x1070ff7d0
0024:trace:vulkan:thunk64_vkEndCommandBuffer 0x102b52400
0024:trace:vulkan:thunk64_vkQueueSubmit 0x102b5ee58, 1, 0x1070ff600, 0x0
0024:trace:vulkan:win32u_vkQueueSubmit queue 0x10401d948, count 1, submits 0x28010f450, fence 0x0
0024:trace:vulkan:thunk64_vkQueuePresentKHR 0x102b5ee58, 0x1070ff650
0024:trace:vulkan:win32u_vkQueuePresentKHR queue 0x10401d948, present_info 0x28010fc28
0024:trace:vulkan:thunk64_vkAcquireNextImageKHR 0x102b5ee10, 0x102f299f0, 0xffffffffffffffff, 0x102e3e510, 0x0, 0x1070ff49c
0024:trace:vulkan:thunk64_vkResetCommandBuffer 0x102b523a0, 0
0024:trace:vulkan:thunk64_vkBeginCommandBuffer 0x102b523a0, 0x1070ff7d0
0024:trace:vulkan:thunk64_vkEndCommandBuffer 0x102b523a0
0024:trace:vulkan:thunk64_vkQueueSubmit 0x102b5ee58, 1, 0x1070ff600, 0x0
0024:trace:vulkan:win32u_vkQueueSubmit queue 0x10401d948, count 1, submits 0x28010f450, fence 0x0
0024:trace:vulkan:thunk64_vkQueuePresentKHR 0x102b5ee58, 0x1070ff650
0024:trace:vulkan:win32u_vkQueuePresentKHR queue 0x10401d948, present_info 0x28010fc28
0024:trace:vulkan:thunk64_vkAcquireNextImageKHR 0x102b5ee10, 0x102f299f0, 0xffffffffffffffff, 0x102e3e510, 0x0, 0x1070ff49c
0024:trace:vulkan:thunk64_vkResetCommandBuffer 0x102b523d0, 0
0024:trace:vulkan:thunk64_vkBeginCommandBuffer 0x102b523d0, 0x1070ff7d0
0024:trace:vulkan:thunk64_vkEndCommandBuffer 0x102b523d0
0024:trace:vulkan:thunk64_vkQueueSubmit 0x102b5ee58, 1, 0x1070ff600, 0x0
0024:trace:vulkan:win32u_vkQueueSubmit queue 0x10401d948, count 1, submits 0x28010f450, fence 0x0
0024:trace:vulkan:thunk64_vkQueuePresentKHR 0x102b5ee58, 0x1070ff650
0024:trace:vulkan:win32u_vkQueuePresentKHR queue 0x10401d948, present_info 0x28010fc28
0024:trace:vulkan:thunk64_vkAcquireNextImageKHR 0x102b5ee10, 0x102f299f0, 0xffffffffffffffff, 0x102e3e510, 0x0, 0x1070ff49c
0024:trace:vulkan:thunk64_vkResetCommandBuffer 0x102b52400, 0
0024:trace:vulkan:thunk64_vkBeginCommandBuffer 0x102b52400, 0x1070ff7d0
0024:trace:vulkan:thunk64_vkEndCommandBuffer 0x102b52400
0024:trace:vulkan:thunk64_vkQueueSubmit 0x102b5ee58, 1, 0x1070ff600, 0x0
0024:trace:vulkan:win32u_vkQueueSubmit queue 0x10401d948, count 1, submits 0x28010f450, fence 0x0
0024:trace:vulkan:thunk64_vkQueuePresentKHR 0x102b5ee58, 0x1070ff650
0024:trace:vulkan:win32u_vkQueuePresentKHR queue 0x10401d948, present_info 0x28010fc28
0024:trace:vulkan:thunk64_vkAcquireNextImageKHR 0x102b5ee10, 0x102f299f0, 0xffffffffffffffff, 0x102e3e510, 0x0, 0x1070ff49c
0024:trace:vulkan:thunk64_vkResetCommandBuffer 0x102b523a0, 0
0024:trace:vulkan:thunk64_vkBeginCommandBuffer 0x102b523a0, 0x1070ff7d0
0024:trace:vulkan:thunk64_vkEndCommandBuffer 0x102b523a0
0024:trace:vulkan:thunk64_vkQueueSubmit 0x102b5ee58, 1, 0x1070ff600, 0x0
0024:trace:vulkan:win32u_vkQueueSubmit queue 0x10401d948, count 1, submits 0x28010f450, fence 0x0
0024:trace:vulkan:thunk64_vkQueuePresentKHR 0x102b5ee58, 0x1070ff650
0024:trace:vulkan:win32u_vkQueuePresentKHR queue 0x10401d948, present_info 0x28010fc28
0024:trace:vulkan:thunk64_vkAcquireNextImageKHR 0x102b5ee10, 0x102f299f0, 0xffffffffffffffff, 0x102e3e510, 0x0, 0x1070ff49c
0024:trace:vulkan:thunk64_vkResetCommandBuffer 0x102b523d0, 0
0024:trace:vulkan:thunk64_vkBeginCommandBuffer 0x102b523d0, 0x1070ff7d0
0024:trace:vulkan:thunk64_vkEndCommandBuffer 0x102b523d0
0024:trace:vulkan:thunk64_vkQueueSubmit 0x102b5ee58, 1, 0x1070ff600, 0x0
0024:trace:vulkan:win32u_vkQueueSubmit queue 0x10401d948, count 1, submits 0x28010f450, fence 0x0
0024:trace:vulkan:thunk64_vkQueuePresentKHR 0x102b5ee58, 0x1070ff650
0024:trace:vulkan:win32u_vkQueuePresentKHR queue 0x10401d948, present_info 0x28010fc28
0024:trace:vulkan:thunk64_vkAcquireNextImageKHR 0x102b5ee10, 0x102f299f0, 0xffffffffffffffff, 0x102e3e510, 0x0, 0x1070ff49c
0024:trace:vulkan:thunk64_vkResetCommandBuffer 0x102b52400, 0
0024:trace:vulkan:thunk64_vkBeginCommandBuffer 0x102b52400, 0x1070ff7d0
0024:trace:vulkan:thunk64_vkEndCommandBuffer 0x102b52400
0024:trace:vulkan:thunk64_vkQueueSubmit 0x102b5ee58, 1, 0x1070ff600, 0x0
0024:trace:vulkan:win32u_vkQueueSubmit queue 0x10401d948, count 1, submits 0x28010f450, fence 0x0
0024:trace:vulkan:thunk64_vkQueuePresentKHR 0x102b5ee58, 0x1070ff650
0024:trace:vulkan:win32u_vkQueuePresentKHR queue 0x10401d948, present_info 0x28010fc28
0024:trace:vulkan:thunk64_vkAcquireNextImageKHR 0x102b5ee10, 0x102f299f0, 0xffffffffffffffff, 0x102e3e510, 0x0, 0x1070ff49c
0024:trace:vulkan:thunk64_vkResetCommandBuffer 0x102b523a0, 0
0024:trace:vulkan:thunk64_vkBeginCommandBuffer 0x102b523a0, 0x1070ff7d0
0024:trace:vulkan:thunk64_vkEndCommandBuffer 0x102b523a0
0024:trace:vulkan:thunk64_vkQueueSubmit 0x102b5ee58, 1, 0x1070ff600, 0x0
0024:trace:vulkan:win32u_vkQueueSubmit queue 0x10401d948, count 1, submits 0x28010f450, fence 0x0
0024:trace:vulkan:thunk64_vkQueuePresentKHR 0x102b5ee58, 0x1070ff650
0024:trace:vulkan:win32u_vkQueuePresentKHR queue 0x10401d948, present_info 0x28010fc28
0024:trace:vulkan:thunk64_vkAcquireNextImageKHR 0x102b5ee10, 0x102f299f0, 0xffffffffffffffff, 0x102e3e510, 0x0, 0x1070ff49c
0024:trace:vulkan:thunk64_vkResetCommandBuffer 0x102b523d0, 0
0024:trace:vulkan:thunk64_vkBeginCommandBuffer 0x102b523d0, 0x1070ff7d0
0024:trace:vulkan:thunk64_vkEndCommandBuffer 0x102b523d0
0024:trace:vulkan:thunk64_vkQueueSubmit 0x102b5ee58, 1, 0x1070ff600, 0x0
0024:trace:vulkan:win32u_vkQueueSubmit queue 0x10401d948, count 1, submits 0x28010f450, fence 0x0
0024:trace:vulkan:thunk64_vkQueuePresentKHR 0x102b5ee58, 0x1070ff650
0024:trace:vulkan:win32u_vkQueuePresentKHR queue 0x10401d948, present_info 0x28010fc28
0024:trace:vulkan:thunk64_vkAcquireNextImageKHR 0x102b5ee10, 0x102f299f0, 0xffffffffffffffff, 0x102e3e510, 0x0, 0x1070ff49c
0024:trace:vulkan:thunk64_vkResetCommandBuffer 0x102b52400, 0
0024:trace:vulkan:thunk64_vkBeginCommandBuffer 0x102b52400, 0x1070ff7d0
0024:trace:vulkan:thunk64_vkEndCommandBuffer 0x102b52400
0024:trace:vulkan:thunk64_vkQueueSubmit 0x102b5ee58, 1, 0x1070ff600, 0x0
0024:trace:vulkan:win32u_vkQueueSubmit queue 0x10401d948, count 1, submits 0x28010f450, fence 0x0
0024:trace:vulkan:thunk64_vkQueuePresentKHR 0x102b5ee58, 0x1070ff650
0024:trace:vulkan:win32u_vkQueuePresentKHR queue 0x10401d948, present_info 0x28010fc28
0024:trace:vulkan:thunk64_vkAcquireNextImageKHR 0x102b5ee10, 0x102f299f0, 0xffffffffffffffff, 0x102e3e510, 0x0, 0x1070ff49c
0024:trace:vulkan:thunk64_vkResetCommandBuffer 0x102b523a0, 0
0024:trace:vulkan:thunk64_vkBeginCommandBuffer 0x102b523a0, 0x1070ff7d0
0024:trace:vulkan:thunk64_vkEndCommandBuffer 0x102b523a0
0024:trace:vulkan:thunk64_vkQueueSubmit 0x102b5ee58, 1, 0x1070ff600, 0x0
0024:trace:vulkan:win32u_vkQueueSubmit queue 0x10401d948, count 1, submits 0x28010f450, fence 0x0
0024:trace:vulkan:thunk64_vkQueuePresentKHR 0x102b5ee58, 0x1070ff650
0024:trace:vulkan:win32u_vkQueuePresentKHR queue 0x10401d948, present_info 0x28010fc28
0024:trace:vulkan:thunk64_vkAcquireNextImageKHR 0x102b5ee10, 0x102f299f0, 0xffffffffffffffff, 0x102e3e510, 0x0, 0x1070ff49c
0024:trace:vulkan:thunk64_vkResetCommandBuffer 0x102b523d0, 0
0024:trace:vulkan:thunk64_vkBeginCommandBuffer 0x102b523d0, 0x1070ff7d0
0024:trace:vulkan:thunk64_vkEndCommandBuffer 0x102b523d0
0024:trace:vulkan:thunk64_vkQueueSubmit 0x102b5ee58, 1, 0x1070ff600, 0x0
0024:trace:vulkan:win32u_vkQueueSubmit queue 0x10401d948, count 1, submits 0x28010f450, fence 0x0
0024:trace:vulkan:thunk64_vkQueuePresentKHR 0x102b5ee58, 0x1070ff650
0024:trace:vulkan:win32u_vkQueuePresentKHR queue 0x10401d948, present_info 0x28010fc28
0024:trace:vulkan:thunk64_vkAcquireNextImageKHR 0x102b5ee10, 0x102f299f0, 0xffffffffffffffff, 0x102e3e510, 0x0, 0x1070ff49c
0024:trace:vulkan:thunk64_vkResetCommandBuffer 0x102b52400, 0
0024:trace:vulkan:thunk64_vkBeginCommandBuffer 0x102b52400, 0x1070ff7d0
0024:trace:vulkan:thunk64_vkEndCommandBuffer 0x102b52400
0024:trace:vulkan:thunk64_vkQueueSubmit 0x102b5ee58, 1, 0x1070ff600, 0x0
0024:trace:vulkan:win32u_vkQueueSubmit queue 0x10401d948, count 1, submits 0x28010f450, fence 0x0
0024:trace:vulkan:thunk64_vkQueuePresentKHR 0x102b5ee58, 0x1070ff650
0024:trace:vulkan:win32u_vkQueuePresentKHR queue 0x10401d948, present_info 0x28010fc28
0024:trace:vulkan:thunk64_vkAcquireNextImageKHR 0x102b5ee10, 0x102f299f0, 0xffffffffffffffff, 0x102e3e510, 0x0, 0x1070ff49c
0024:trace:vulkan:thunk64_vkResetCommandBuffer 0x102b523a0, 0
0024:trace:vulkan:thunk64_vkBeginCommandBuffer 0x102b523a0, 0x1070ff7d0
0024:trace:vulkan:thunk64_vkEndCommandBuffer 0x102b523a0
0024:trace:vulkan:thunk64_vkQueueSubmit 0x102b5ee58, 1, 0x1070ff600, 0x0
0024:trace:vulkan:win32u_vkQueueSubmit queue 0x10401d948, count 1, submits 0x28010f450, fence 0x0
0024:trace:vulkan:thunk64_vkQueuePresentKHR 0x102b5ee58, 0x1070ff650
0024:trace:vulkan:win32u_vkQueuePresentKHR queue 0x10401d948, present_info 0x28010fc28
0024:trace:vulkan:thunk64_vkAcquireNextImageKHR 0x102b5ee10, 0x102f299f0, 0xffffffffffffffff, 0x102e3e510, 0x0, 0x1070ff49c
0024:trace:vulkan:thunk64_vkResetCommandBuffer 0x102b523d0, 0
0024:trace:vulkan:thunk64_vkBeginCommandBuffer 0x102b523d0, 0x1070ff7d0
0024:trace:vulkan:thunk64_vkEndCommandBuffer 0x102b523d0
0024:trace:vulkan:thunk64_vkQueueSubmit 0x102b5ee58, 1, 0x1070ff600, 0x0
0024:trace:vulkan:win32u_vkQueueSubmit queue 0x10401d948, count 1, submits 0x28010f450, fence 0x0
0024:trace:vulkan:thunk64_vkQueuePresentKHR 0x102b5ee58, 0x1070ff650
0024:trace:vulkan:win32u_vkQueuePresentKHR queue 0x10401d948, present_info 0x28010fc28
0024:trace:vulkan:thunk64_vkAcquireNextImageKHR 0x102b5ee10, 0x102f299f0, 0xffffffffffffffff, 0x102e3e510, 0x0, 0x1070ff49c
0024:trace:vulkan:thunk64_vkResetCommandBuffer 0x102b52400, 0
0024:trace:vulkan:thunk64_vkBeginCommandBuffer 0x102b52400, 0x1070ff7d0
0024:trace:vulkan:thunk64_vkEndCommandBuffer 0x102b52400
0024:trace:vulkan:thunk64_vkQueueSubmit 0x102b5ee58, 1, 0x1070ff600, 0x0
0024:trace:vulkan:win32u_vkQueueSubmit queue 0x10401d948, count 1, submits 0x28010f450, fence 0x0
0024:trace:vulkan:thunk64_vkQueuePresentKHR 0x102b5ee58, 0x1070ff650
0024:trace:vulkan:win32u_vkQueuePresentKHR queue 0x10401d948, present_info 0x28010fc28
0024:trace:vulkan:thunk64_vkAcquireNextImageKHR 0x102b5ee10, 0x102f299f0, 0xffffffffffffffff, 0x102e3e510, 0x0, 0x1070ff49c
0024:trace:vulkan:thunk64_vkResetCommandBuffer 0x102b523a0, 0
0024:trace:vulkan:thunk64_vkBeginCommandBuffer 0x102b523a0, 0x1070ff7d0
0024:trace:vulkan:thunk64_vkEndCommandBuffer 0x102b523a0
0024:trace:vulkan:thunk64_vkQueueSubmit 0x102b5ee58, 1, 0x1070ff600, 0x0
0024:trace:vulkan:win32u_vkQueueSubmit queue 0x10401d948, count 1, submits 0x28010f450, fence 0x0
0024:trace:vulkan:thunk64_vkQueuePresentKHR 0x102b5ee58, 0x1070ff650
0024:trace:vulkan:win32u_vkQueuePresentKHR queue 0x10401d948, present_info 0x28010fc28
0024:trace:vulkan:thunk64_vkAcquireNextImageKHR 0x102b5ee10, 0x102f299f0, 0xffffffffffffffff, 0x102e3e510, 0x0, 0x1070ff49c
0024:trace:vulkan:thunk64_vkResetCommandBuffer 0x102b523d0, 0
0024:trace:vulkan:thunk64_vkBeginCommandBuffer 0x102b523d0, 0x1070ff7d0
0024:trace:vulkan:thunk64_vkEndCommandBuffer 0x102b523d0
0024:trace:vulkan:thunk64_vkQueueSubmit 0x102b5ee58, 1, 0x1070ff600, 0x0
0024:trace:vulkan:win32u_vkQueueSubmit queue 0x10401d948, count 1, submits 0x28010f450, fence 0x0
0024:trace:vulkan:thunk64_vkQueuePresentKHR 0x102b5ee58, 0x1070ff650
0024:trace:vulkan:win32u_vkQueuePresentKHR queue 0x10401d948, present_info 0x28010fc28
0024:trace:vulkan:thunk64_vkAcquireNextImageKHR 0x102b5ee10, 0x102f299f0, 0xffffffffffffffff, 0x102e3e510, 0x0, 0x1070ff49c
0024:trace:vulkan:thunk64_vkResetCommandBuffer 0x102b52400, 0
0024:trace:vulkan:thunk64_vkBeginCommandBuffer 0x102b52400, 0x1070ff7d0
0024:trace:vulkan:thunk64_vkEndCommandBuffer 0x102b52400
0024:trace:vulkan:thunk64_vkQueueSubmit 0x102b5ee58, 1, 0x1070ff600, 0x0
0024:trace:vulkan:win32u_vkQueueSubmit queue 0x10401d948, count 1, submits 0x28010f450, fence 0x0
0024:trace:vulkan:thunk64_vkQueuePresentKHR 0x102b5ee58, 0x1070ff650
0024:trace:vulkan:win32u_vkQueuePresentKHR queue 0x10401d948, present_info 0x28010fc28
0024:trace:vulkan:thunk64_vkAcquireNextImageKHR 0x102b5ee10, 0x102f299f0, 0xffffffffffffffff, 0x102e3e510, 0x0, 0x1070ff49c
0024:trace:vulkan:thunk64_vkResetCommandBuffer 0x102b523a0, 0
0024:trace:vulkan:thunk64_vkBeginCommandBuffer 0x102b523a0, 0x1070ff7d0
0024:trace:vulkan:thunk64_vkEndCommandBuffer 0x102b523a0
0024:trace:vulkan:thunk64_vkQueueSubmit 0x102b5ee58, 1, 0x1070ff600, 0x0
0024:trace:vulkan:win32u_vkQueueSubmit queue 0x10401d948, count 1, submits 0x28010f450, fence 0x0
0024:trace:vulkan:thunk64_vkQueuePresentKHR 0x102b5ee58, 0x1070ff650
0024:trace:vulkan:win32u_vkQueuePresentKHR queue 0x10401d948, present_info 0x28010fc28
0024:trace:vulkan:thunk64_vkAcquireNextImageKHR 0x102b5ee10, 0x102f299f0, 0xffffffffffffffff, 0x102e3e510, 0x0, 0x1070ff49c
0024:trace:vulkan:thunk64_vkResetCommandBuffer 0x102b523d0, 0
0024:trace:vulkan:thunk64_vkBeginCommandBuffer 0x102b523d0, 0x1070ff7d0
0024:trace:vulkan:thunk64_vkEndCommandBuffer 0x102b523d0
0024:trace:vulkan:thunk64_vkQueueSubmit 0x102b5ee58, 1, 0x1070ff600, 0x0
0024:trace:vulkan:win32u_vkQueueSubmit queue 0x10401d948, count 1, submits 0x28010f450, fence 0x0
0024:trace:vulkan:thunk64_vkQueuePresentKHR 0x102b5ee58, 0x1070ff650
0024:trace:vulkan:win32u_vkQueuePresentKHR queue 0x10401d948, present_info 0x28010fc28
0024:trace:vulkan:thunk64_vkAcquireNextImageKHR 0x102b5ee10, 0x102f299f0, 0xffffffffffffffff, 0x102e3e510, 0x0, 0x1070ff49c
0024:trace:vulkan:thunk64_vkResetCommandBuffer 0x102b52400, 0
0024:trace:vulkan:thunk64_vkBeginCommandBuffer 0x102b52400, 0x1070ff7d0
0024:trace:vulkan:thunk64_vkEndCommandBuffer 0x102b52400
0024:trace:vulkan:thunk64_vkQueueSubmit 0x102b5ee58, 1, 0x1070ff600, 0x0
0024:trace:vulkan:win32u_vkQueueSubmit queue 0x10401d948, count 1, submits 0x28010f450, fence 0x0
0024:trace:vulkan:thunk64_vkQueuePresentKHR 0x102b5ee58, 0x1070ff650
0024:trace:vulkan:win32u_vkQueuePresentKHR queue 0x10401d948, present_info 0x28010fc28
0024:trace:vulkan:thunk64_vkAcquireNextImageKHR 0x102b5ee10, 0x102f299f0, 0xffffffffffffffff, 0x102e3e510, 0x0, 0x1070ff49c
0024:trace:vulkan:thunk64_vkResetCommandBuffer 0x102b523a0, 0
0024:trace:vulkan:thunk64_vkBeginCommandBuffer 0x102b523a0, 0x1070ff7d0
0024:trace:vulkan:thunk64_vkEndCommandBuffer 0x102b523a0
0024:trace:vulkan:thunk64_vkQueueSubmit 0x102b5ee58, 1, 0x1070ff600, 0x0
0024:trace:vulkan:win32u_vkQueueSubmit queue 0x10401d948, count 1, submits 0x28010f450, fence 0x0
0024:trace:vulkan:thunk64_vkQueuePresentKHR 0x102b5ee58, 0x1070ff650
0024:trace:vulkan:win32u_vkQueuePresentKHR queue 0x10401d948, present_info 0x28010fc28
0024:trace:vulkan:thunk64_vkAcquireNextImageKHR 0x102b5ee10, 0x102f299f0, 0xffffffffffffffff, 0x102e3e510, 0x0, 0x1070ff49c
0024:trace:vulkan:thunk64_vkResetCommandBuffer 0x102b523d0, 0
0024:trace:vulkan:thunk64_vkBeginCommandBuffer 0x102b523d0, 0x1070ff7d0
0024:trace:vulkan:thunk64_vkEndCommandBuffer 0x102b523d0
0024:trace:vulkan:thunk64_vkQueueSubmit 0x102b5ee58, 1, 0x1070ff600, 0x0
0024:trace:vulkan:win32u_vkQueueSubmit queue 0x10401d948, count 1, submits 0x28010f450, fence 0x0
0024:trace:vulkan:thunk64_vkQueuePresentKHR 0x102b5ee58, 0x1070ff650
0024:trace:vulkan:win32u_vkQueuePresentKHR queue 0x10401d948, present_info 0x28010fc28
0024:trace:vulkan:thunk64_vkAcquireNextImageKHR 0x102b5ee10, 0x102f299f0, 0xffffffffffffffff, 0x102e3e510, 0x0, 0x1070ff49c
0024:trace:vulkan:thunk64_vkResetCommandBuffer 0x102b52400, 0
0024:trace:vulkan:thunk64_vkBeginCommandBuffer 0x102b52400, 0x1070ff7d0
0024:trace:vulkan:thunk64_vkEndCommandBuffer 0x102b52400
0024:trace:vulkan:thunk64_vkQueueSubmit 0x102b5ee58, 1, 0x1070ff600, 0x0
0024:trace:vulkan:win32u_vkQueueSubmit queue 0x10401d948, count 1, submits 0x28010f450, fence 0x0
0024:trace:vulkan:thunk64_vkQueuePresentKHR 0x102b5ee58, 0x1070ff650
0024:trace:vulkan:win32u_vkQueuePresentKHR queue 0x10401d948, present_info 0x28010fc28
0024:trace:vulkan:thunk64_vkAcquireNextImageKHR 0x102b5ee10, 0x102f299f0, 0xffffffffffffffff, 0x102e3e510, 0x0, 0x1070ff49c
0024:trace:vulkan:thunk64_vkResetCommandBuffer 0x102b523a0, 0
0024:trace:vulkan:thunk64_vkBeginCommandBuffer 0x102b523a0, 0x1070ff7d0
0024:trace:vulkan:thunk64_vkEndCommandBuffer 0x102b523a0
0024:trace:vulkan:thunk64_vkQueueSubmit 0x102b5ee58, 1, 0x1070ff600, 0x0
0024:trace:vulkan:win32u_vkQueueSubmit queue 0x10401d948, count 1, submits 0x28010f450, fence 0x0
0024:trace:vulkan:thunk64_vkQueuePresentKHR 0x102b5ee58, 0x1070ff650
0024:trace:vulkan:win32u_vkQueuePresentKHR queue 0x10401d948, present_info 0x28010fc28
0024:trace:vulkan:thunk64_vkAcquireNextImageKHR 0x102b5ee10, 0x102f299f0, 0xffffffffffffffff, 0x102e3e510, 0x0, 0x1070ff49c
0024:trace:vulkan:thunk64_vkResetCommandBuffer 0x102b523d0, 0
0024:trace:vulkan:thunk64_vkBeginCommandBuffer 0x102b523d0, 0x1070ff7d0
0024:trace:vulkan:thunk64_vkEndCommandBuffer 0x102b523d0
0024:trace:vulkan:thunk64_vkQueueSubmit 0x102b5ee58, 1, 0x1070ff600, 0x0
0024:trace:vulkan:win32u_vkQueueSubmit queue 0x10401d948, count 1, submits 0x28010f450, fence 0x0
0024:trace:vulkan:thunk64_vkQueuePresentKHR 0x102b5ee58, 0x1070ff650
0024:trace:vulkan:win32u_vkQueuePresentKHR queue 0x10401d948, present_info 0x28010fc28
0024:trace:vulkan:thunk64_vkAcquireNextImageKHR 0x102b5ee10, 0x102f299f0, 0xffffffffffffffff, 0x102e3e510, 0x0, 0x1070ff49c
0024:trace:vulkan:thunk64_vkResetCommandBuffer 0x102b52400, 0
0024:trace:vulkan:thunk64_vkBeginCommandBuffer 0x102b52400, 0x1070ff7d0
0024:trace:vulkan:thunk64_vkEndCommandBuffer 0x102b52400
0024:trace:vulkan:thunk64_vkQueueSubmit 0x102b5ee58, 1, 0x1070ff600, 0x0
0024:trace:vulkan:win32u_vkQueueSubmit queue 0x10401d948, count 1, submits 0x28010f450, fence 0x0
0024:trace:vulkan:thunk64_vkQueuePresentKHR 0x102b5ee58, 0x1070ff650
0024:trace:vulkan:win32u_vkQueuePresentKHR queue 0x10401d948, present_info 0x28010fc28
0024:trace:vulkan:thunk64_vkAcquireNextImageKHR 0x102b5ee10, 0x102f299f0, 0xffffffffffffffff, 0x102e3e510, 0x0, 0x1070ff49c
0024:trace:vulkan:thunk64_vkResetCommandBuffer 0x102b523a0, 0
0024:trace:vulkan:thunk64_vkBeginCommandBuffer 0x102b523a0, 0x1070ff7d0
0024:trace:vulkan:thunk64_vkEndCommandBuffer 0x102b523a0
0024:trace:vulkan:thunk64_vkQueueSubmit 0x102b5ee58, 1, 0x1070ff600, 0x0
0024:trace:vulkan:win32u_vkQueueSubmit queue 0x10401d948, count 1, submits 0x28010f450, fence 0x0
0024:trace:vulkan:thunk64_vkQueuePresentKHR 0x102b5ee58, 0x1070ff650
0024:trace:vulkan:win32u_vkQueuePresentKHR queue 0x10401d948, present_info 0x28010fc28
0024:trace:vulkan:thunk64_vkAcquireNextImageKHR 0x102b5ee10, 0x102f299f0, 0xffffffffffffffff, 0x102e3e510, 0x0, 0x1070ff49c
0024:trace:vulkan:thunk64_vkResetCommandBuffer 0x102b523d0, 0
0024:trace:vulkan:thunk64_vkBeginCommandBuffer 0x102b523d0, 0x1070ff7d0
0024:trace:vulkan:thunk64_vkEndCommandBuffer 0x102b523d0
0024:trace:vulkan:thunk64_vkQueueSubmit 0x102b5ee58, 1, 0x1070ff600, 0x0
0024:trace:vulkan:win32u_vkQueueSubmit queue 0x10401d948, count 1, submits 0x28010f450, fence 0x0
0024:trace:vulkan:thunk64_vkQueuePresentKHR 0x102b5ee58, 0x1070ff650
0024:trace:vulkan:win32u_vkQueuePresentKHR queue 0x10401d948, present_info 0x28010fc28
0024:trace:vulkan:thunk64_vkAcquireNextImageKHR 0x102b5ee10, 0x102f299f0, 0xffffffffffffffff, 0x102e3e510, 0x0, 0x1070ff49c
0024:trace:vulkan:thunk64_vkResetCommandBuffer 0x102b52400, 0
0024:trace:vulkan:thunk64_vkBeginCommandBuffer 0x102b52400, 0x1070ff7d0
0024:trace:vulkan:thunk64_vkEndCommandBuffer 0x102b52400
0024:trace:vulkan:thunk64_vkQueueSubmit 0x102b5ee58, 1, 0x1070ff600, 0x0
0024:trace:vulkan:win32u_vkQueueSubmit queue 0x10401d948, count 1, submits 0x28010f450, fence 0x0
0024:trace:vulkan:thunk64_vkQueuePresentKHR 0x102b5ee58, 0x1070ff650
0024:trace:vulkan:win32u_vkQueuePresentKHR queue 0x10401d948, present_info 0x28010fc28
0024:trace:vulkan:thunk64_vkAcquireNextImageKHR 0x102b5ee10, 0x102f299f0, 0xffffffffffffffff, 0x102e3e510, 0x0, 0x1070ff49c
0024:trace:vulkan:thunk64_vkResetCommandBuffer 0x102b523a0, 0
0024:trace:vulkan:thunk64_vkBeginCommandBuffer 0x102b523a0, 0x1070ff7d0
0024:trace:vulkan:thunk64_vkEndCommandBuffer 0x102b523a0
0024:trace:vulkan:thunk64_vkQueueSubmit 0x102b5ee58, 1, 0x1070ff600, 0x0
0024:trace:vulkan:win32u_vkQueueSubmit queue 0x10401d948, count 1, submits 0x28010f450, fence 0x0
0024:trace:vulkan:thunk64_vkQueuePresentKHR 0x102b5ee58, 0x1070ff650
0024:trace:vulkan:win32u_vkQueuePresentKHR queue 0x10401d948, present_info 0x28010fc28
0024:trace:vulkan:thunk64_vkAcquireNextImageKHR 0x102b5ee10, 0x102f299f0, 0xffffffffffffffff, 0x102e3e510, 0x0, 0x1070ff49c
0024:trace:vulkan:thunk64_vkResetCommandBuffer 0x102b523d0, 0
0024:trace:vulkan:thunk64_vkBeginCommandBuffer 0x102b523d0, 0x1070ff7d0
0024:trace:vulkan:thunk64_vkEndCommandBuffer 0x102b523d0
0024:trace:vulkan:thunk64_vkQueueSubmit 0x102b5ee58, 1, 0x1070ff600, 0x0
0024:trace:vulkan:win32u_vkQueueSubmit queue 0x10401d948, count 1, submits 0x28010f450, fence 0x0
0024:trace:vulkan:thunk64_vkQueuePresentKHR 0x102b5ee58, 0x1070ff650
0024:trace:vulkan:win32u_vkQueuePresentKHR queue 0x10401d948, present_info 0x28010fc28
0024:trace:vulkan:thunk64_vkAcquireNextImageKHR 0x102b5ee10, 0x102f299f0, 0xffffffffffffffff, 0x102e3e510, 0x0, 0x1070ff49c
0024:trace:vulkan:thunk64_vkResetCommandBuffer 0x102b52400, 0
0024:trace:vulkan:thunk64_vkBeginCommandBuffer 0x102b52400, 0x1070ff7d0
0024:trace:vulkan:thunk64_vkEndCommandBuffer 0x102b52400
0024:trace:vulkan:thunk64_vkQueueSubmit 0x102b5ee58, 1, 0x1070ff600, 0x0
0024:trace:vulkan:win32u_vkQueueSubmit queue 0x10401d948, count 1, submits 0x28010f450, fence 0x0
0024:trace:vulkan:thunk64_vkQueuePresentKHR 0x102b5ee58, 0x1070ff650
0024:trace:vulkan:win32u_vkQueuePresentKHR queue 0x10401d948, present_info 0x28010fc28
0024:trace:vulkan:thunk64_vkAcquireNextImageKHR 0x102b5ee10, 0x102f299f0, 0xffffffffffffffff, 0x102e3e510, 0x0, 0x1070ff49c
0024:trace:vulkan:thunk64_vkResetCommandBuffer 0x102b523a0, 0
0024:trace:vulkan:thunk64_vkBeginCommandBuffer 0x102b523a0, 0x1070ff7d0
0024:trace:vulkan:thunk64_vkEndCommandBuffer 0x102b523a0
0024:trace:vulkan:thunk64_vkQueueSubmit 0x102b5ee58, 1, 0x1070ff600, 0x0
0024:trace:vulkan:win32u_vkQueueSubmit queue 0x10401d948, count 1, submits 0x28010f450, fence 0x0
0024:trace:vulkan:thunk64_vkQueuePresentKHR 0x102b5ee58, 0x1070ff650
0024:trace:vulkan:win32u_vkQueuePresentKHR queue 0x10401d948, present_info 0x28010fc28
0024:trace:vulkan:thunk64_vkAcquireNextImageKHR 0x102b5ee10, 0x102f299f0, 0xffffffffffffffff, 0x102e3e510, 0x0, 0x1070ff49c
0024:trace:vulkan:thunk64_vkResetCommandBuffer 0x102b523d0, 0
0024:trace:vulkan:thunk64_vkBeginCommandBuffer 0x102b523d0, 0x1070ff7d0
0024:trace:vulkan:thunk64_vkEndCommandBuffer 0x102b523d0
0024:trace:vulkan:thunk64_vkQueueSubmit 0x102b5ee58, 1, 0x1070ff600, 0x0
0024:trace:vulkan:win32u_vkQueueSubmit queue 0x10401d948, count 1, submits 0x28010f450, fence 0x0
0024:trace:vulkan:thunk64_vkQueuePresentKHR 0x102b5ee58, 0x1070ff650
0024:trace:vulkan:win32u_vkQueuePresentKHR queue 0x10401d948, present_info 0x28010fc28
0024:trace:vulkan:thunk64_vkAcquireNextImageKHR 0x102b5ee10, 0x102f299f0, 0xffffffffffffffff, 0x102e3e510, 0x0, 0x1070ff49c
0024:trace:vulkan:thunk64_vkResetCommandBuffer 0x102b52400, 0
0024:trace:vulkan:thunk64_vkBeginCommandBuffer 0x102b52400, 0x1070ff7d0
0024:trace:vulkan:thunk64_vkEndCommandBuffer 0x102b52400
0024:trace:vulkan:thunk64_vkQueueSubmit 0x102b5ee58, 1, 0x1070ff600, 0x0
0024:trace:vulkan:win32u_vkQueueSubmit queue 0x10401d948, count 1, submits 0x28010f450, fence 0x0
0024:trace:vulkan:thunk64_vkQueuePresentKHR 0x102b5ee58, 0x1070ff650
0024:trace:vulkan:win32u_vkQueuePresentKHR queue 0x10401d948, present_info 0x28010fc28
JUICE_VULKAN_STAGE queue-wait-enter
0024:trace:vulkan:thunk64_vkQueueWaitIdle 0x102b5ee58
JUICE_VULKAN_STAGE queue-wait-complete
JUICE_VULKAN_SMOKE_OK frames=120 width=712 height=433 format=44
JUICE_VULKAN_STAGE marker-written
0024:trace:vulkan:thunk64_vkDestroySemaphore 0x102b5ee10, 0x102e3ee30, 0x0
0024:trace:vulkan:win32u_vkDestroySemaphore device 0x10401c400, semaphore 0x102e3ee30, allocator 0x0
0024:trace:vulkan:thunk64_vkDestroySemaphore 0x102b5ee10, 0x102e3e510, 0x0
0024:trace:vulkan:win32u_vkDestroySemaphore device 0x10401c400, semaphore 0x102e3e510, allocator 0x0
0024:trace:vulkan:thunk64_vkFreeCommandBuffers 0x102b5ee10, 0x102b52370, 1, 0x1070ff378
0024:trace:vulkan:thunk64_vkFreeCommandBuffers 0x102b5ee10, 0x102b52370, 1, 0x1070ff378
0024:trace:vulkan:thunk64_vkFreeCommandBuffers 0x102b5ee10, 0x102b52370, 1, 0x1070ff378
0024:trace:vulkan:thunk64_vkDestroyCommandPool 0x102b5ee10, 0x102b52370, 0x0
0024:trace:vulkan:thunk64_vkDestroySwapchainKHR 0x102b5ee10, 0x102f299f0, 0x0
0024:trace:vulkan:thunk64_vkDestroyDevice 0x102b5ee10, 0x0
[mvk-info] Destroyed VkDevice on GPU Apple A13 GPU with 1 Vulkan extensions enabled.
0024:trace:vulkan:thunk64_vkDestroySurfaceKHR 0x102b5f9b0, 0x105217d60, 0x0
0024:trace:vulkan:win32u_vkDestroySurfaceKHR instance 0x106015200, handle 0x105217d60, allocator 0x0
0024:trace:vulkan:thunk64_vkDestroyInstance 0x102b5f9b0, 0x0
[mvk-info] Destroyed VkPhysicalDevice for GPU Apple A13 GPU with 10 MB of GPU memory still allocated.
[mvk-info] Destroying VkInstance for Vulkan version 1.0.357 with 4 Vulkan extensions enabled.
0024:trace:vulkan:DllMain 00000001694E0000, 0, 0000000000000001
DISPLAY_CLIENT_CLOSED fd=7 pid=21508
[JuiceWine parent] child exited with 0
MULTI_WINDOW_VIEWPORT rect=0,0 1024x768 desktop=1024x768 locked=0
