JUICE_TEXT_HOST_LISTENING socket=/var/mobile/Documents/JuiceData/proofs/steamsetup-i386-v2-entry-context/display.sock
JUICE_WIN32_RUNTIME_LINKS count=86 syswow64=/var/mobile/Documents/JuiceData/GrapePrefix-steam-i386/drive_c/windows/syswow64
[JuiceWine parent] bundle libraries path=/var/containers/Bundle/Application/F3BC928B-CF6E-41E9-AA5B-114329A364D0/Juice.app/Libraries:/var/jb/usr/lib
[JuiceWine parent] launching /var/containers/Bundle/Application/F3BC928B-CF6E-41E9-AA5B-114329A364D0/Juice.app/Grape-X64/build/wine-ios/loader/wine
[JuiceWine parent] child PID=28942
[JuiceWine] iOS low-VA release start=0x10000 end=0x100000000 status=0 OK
JUICE_LOWVA_HOLELIST_OK old_reuse=0 new_reuse=1 allocator=entry-list
JUICE_LOWVA_HELPER_BEGIN path=/private/var/containers/Bundle/Application/F3BC928B-CF6E-41E9-AA5B-114329A364D0/Juice.app/Grape-X64/tools/juice-lowva-helper target_pid=28942 root_persona=1
JUICE_LOWVA_KERNEL_MIN_OK pid=28942 task=0xffffffde20706c80 map=0xffffffdcec8eab00 old=0x10497c000 new=0x10000 max=0x2d8000000 already=0
JUICE_LOWVA_HELPER_OK target_pid=28942
JUICE_LOWVA_KERNEL_PROBE_OK address=0x20000 size=0x4000
JUICE_LOWVA_READY target_pid=28942
[JuiceLowVA] MAP_FIXED enabled start=0x10000 size=0x67ff0000 prot=0 failures=0
[JuiceWine] PT_TRACE_ME succeeded; csflags=0x3280780d CS_DEBUGGED=YES
[JuiceWine] requesting controlled tracer detach
[JuiceWine parent] child stopped pid=28942 signal=17 (Suspended (signal): 17)
[JuiceWine parent] PT_DETACH pid=28942 result=0
[JuiceWine parent] child now running untraced
[JuiceWine] resumed after tracer detach; csflags=0x3280780d CS_DEBUGGED=YES
[JuiceStage] wineboot disabled by JUICE_SKIP_WINEBOOT=1
[JuiceWine] host-page expanding executable section .text: section=0x401000 mapping=0x400000 size=32768
[JuiceWine] anonymous PE executable section .text at 0x400000 size=32768
[JuiceStage] loading Windows ntdll; transfer=0x4033b6 teb=0x7ffe8000 peb=0x7ffec000
[JuiceHybrid] open name=/private/var/containers/Bundle/Application/F3BC928B-CF6E-41E9-AA5B-114329A364D0/Juice.app/Grape-X64/build/wine-ios/dlls/ntdll/aarch64-windows/ntdll.dll machine=aa64 status=00000000
[JuiceWine] anonymous PE executable section .text at 0x2d7970000 size=983040
[JuiceWine] anonymous PE executable section .hexpthk at 0x2d7a60000 size=65536
[JuiceHybrid] map name=/private/var/containers/Bundle/Application/F3BC928B-CF6E-41E9-AA5B-114329A364D0/Juice.app/Grape-X64/build/wine-ios/dlls/ntdll/aarch64-windows/ntdll.dll status=40000003 module=0x2d7960000 size=6a0000
[JuiceStage] load_ntdll returned; transfer=0x4033b6
[JuiceHybrid] open name=/private/var/containers/Bundle/Application/F3BC928B-CF6E-41E9-AA5B-114329A364D0/Juice.app/Grape-X64/build/wine-ios/dlls/ntdll/i386-windows/ntdll.dll machine=0000 status=00000000
[JuiceWine] host-page expanding executable section .text: section=0x7bd91000 mapping=0x7bd90000 size=442368
[JuiceWine] anonymous PE executable section .text at 0x7bd90000 size=442368
[JuiceHybrid] map name=/private/var/containers/Bundle/Application/F3BC928B-CF6E-41E9-AA5B-114329A364D0/Juice.app/Grape-X64/build/wine-ios/dlls/ntdll/i386-windows/ntdll.dll status=00000000 module=0x7bd90000 size=251000
[JuiceStage] load_wow64_ntdll returned
[JuiceStage] calling load_apiset_dll
[JuiceStage] load_apiset_dll returned; stack_base=0x10020fd20 stack_limit=0x100118000
[JuiceStage] calling server_init_process_done
[JuiceStage] server_init_process_done entered
[JuiceStage] calling signal_init_process; teb=0x7ffe8000
[JuiceStage] signal_init_process returned
[JuiceStage] init_teb_data returned; syscall_frame=0x10010fcd0 stack_base=0x10020fd20 stack_limit=0x100118000
[JuiceStage] init_process_done server call returned; status=00000000 suspend=0 transfer=0x4033b6 teb=0x7ffe8000 peb=0x7ffec000
[JuiceStage] calling signal_start_thread
[JuiceStage] init_syscall_frame entered; entry=0x4033b6 arg=0x7ffec000 teb=0x7ffe8000 data=0x100000000 frame=0x10010fcd0 stack_base=0x10020fd20 stack_limit=0x100118000
[JuiceStage] calling signal_set_full_context; ctx=0x10020f990 target_pc=0x2d79c9650 target_sp=0x10020fd20 target_x18=0x7ffe8000 LdrInitializeThunk=0x2d79c9670 RtlUserThreadStart=0x2d79c9650
[JuiceStage] signal_set_full_context returned; status=00000000 frame_pc=0x2d79c9650 frame_sp=0x10020fd20 frame_x18=0x7ffe8000 restore=00400007
[JuiceStage] init_syscall_frame complete; dispatcher_pc=0x2d79c9670 user_sp=0x10020f990 x16=0x2d79c9670 x17=0x10020f990 x18=0x7ffe8000 restore=00400007
[JuiceX18] broad #1 pc=0x2d79a5920 fault=0x30 instr=f9401a48 x8=0x0 x16=0x2d79c9670 x17=0x10020f990 x18=0x0 teb=0x7ffe8000
[JuiceX18] broad #2 pc=0x2d79ce748 fault=0x30 instr=f9401a48 x8=0x0 x16=0x2d79a5920 x17=0x10020f990 x18=0x0 teb=0x7ffe8000
[JuiceX18] broad #3 pc=0x2d79d0344 fault=0x30 instr=f9401a59 x8=0x10020f770 x16=0x2d79ce748 x17=0x10020f990 x18=0x0 teb=0x7ffe8000
[JuiceX18] broad #4 pc=0x2d79d037c fault=0x30 instr=f9401a4a x8=0x10020f770 x16=0x2d79d0344 x17=0x10020f990 x18=0x0 teb=0x7ffe8000
[JuiceX18] broad #5 pc=0x104c31864 fault=0x378 instr=f941be4a x8=0x18 x16=0x104c31860 x17=0x10020f990 x18=0x0 teb=0x7ffe8000
[JuiceX18] broad #6 pc=0x2d79d0e88 fault=0x30 instr=f9401a48 x8=0x0 x16=0x2d79c7554 x17=0x10020f760 x18=0x0 teb=0x7ffe8000
[JuiceX18] broad #7 pc=0x2d79ce748 fault=0x30 instr=f9401a48 x8=0x0 x16=0x10021fff8 x17=0x10021fff8 x18=0x0 teb=0x7ffe8000
[JuiceX18] broad #8 pc=0x2d79d0344 fault=0x30 instr=f9401a59 x8=0x10020f7c0 x16=0x2d79c7554 x17=0x10020f790 x18=0x0 teb=0x7ffe8000
[JuiceX18] broad #9 pc=0x2d79d02b4 fault=0x30 instr=f9401a54 x8=0x10020f10e x16=0x5c5c x17=0x10020f10d x18=0x0 teb=0x7ffe8000
[JuiceX18] broad #10 pc=0x2d79972ec fault=0x30 instr=f9401a48 x8=0x0 x16=0x2d79d02b4 x17=0x10020f990 x18=0x0 teb=0x7ffe8000
[JuiceX18] broad #11 pc=0x2d79c0744 fault=0x30 instr=f9401a48 x8=0x0 x16=0x2d79c7b74 x17=0x10020f4d0 x18=0x0 teb=0x7ffe8000
[JuiceX18] broad #12 pc=0x2d7997bac fault=0x30 instr=f9401a48 x8=0x0 x16=0x5c5c x17=0x10020f3cc x18=0x0 teb=0x7ffe8000
[JuiceX18] broad #13 pc=0x2d79d0344 fault=0x30 instr=f9401a59 x8=0x10020f3f0 x16=0x2d79c7914 x17=0x10020f470 x18=0x0 teb=0x7ffe8000
[JuiceX18] broad #14 pc=0x2d79d0344 fault=0x30 instr=f9401a59 x8=0x10020f6e0 x16=0x2d79c7d54 x17=0x10020f800 x18=0x0 teb=0x7ffe8000
[JuiceHybrid] open name=/private/var/containers/Bundle/Application/F3BC928B-CF6E-41E9-AA5B-114329A364D0/Juice.app/Grape-X64/build/wine-ios/dlls/wow64/aarch64-windows/wow64.dll machine=0000 status=c0000135
[JuiceHybrid] open name=/private/var/containers/Bundle/Application/F3BC928B-CF6E-41E9-AA5B-114329A364D0/Juice.app/Grape-X64/build/wine-ios/programs/wow64.dll/aarch64-windows/wow64.dll machine=0000 status=c0000135
[JuiceHybrid] open name=/var/containers/Bundle/Application/F3BC928B-CF6E-41E9-AA5B-114329A364D0/Juice.app/Grape-X64/runtime/lib/wine/aarch64-windows/wow64.dll machine=0000 status=00000000
[JuiceWine] anonymous PE executable section .text at 0x2d7850000 size=131072
[JuiceHybrid] map name=/var/containers/Bundle/Application/F3BC928B-CF6E-41E9-AA5B-114329A364D0/Juice.app/Grape-X64/runtime/lib/wine/aarch64-windows/wow64.dll status=40000003 module=0x2d7840000 size=120000
[JuiceX18] broad #15 pc=0x104c31864 fault=0x378 instr=f941be4a x8=0x50 x16=0x104c31860 x17=0x10020f570 x18=0x0 teb=0x7ffe8000
[JuiceX18] broad #16 pc=0x2d79a86c8 fault=0x30 instr=f9401a48 x8=0x0 x16=0x2d79c7c54 x17=0x10020f570 x18=0x0 teb=0x7ffe8000
[JuiceX18] broad #17 pc=0x2d79d02b4 fault=0x30 instr=f9401a54 x8=0x10020edb0 x16=0x5c5c x17=0x10020edaf x18=0x0 teb=0x7ffe8000
[JuiceX18] broad #18 pc=0x2d79d0344 fault=0x30 instr=f9401a59 x8=0x10020eed0 x16=0x2d79d02b4 x17=0x10020f990 x18=0x0 teb=0x7ffe8000
[JuiceX18] broad #19 pc=0x2d79d0344 fault=0x30 instr=f9401a59 x8=0x10020f1f0 x16=0x2d79c7c54 x17=0x10020f210 x18=0x0 teb=0x7ffe8000
[JuiceX18] broad #20 pc=0x104c31864 fault=0x378 instr=f941be4a x8=0xd1 x16=0x104c31860 x17=0x10020f640 x18=0x0 teb=0x7ffe8000
[JuiceHybrid] open name=/private/var/containers/Bundle/Application/F3BC928B-CF6E-41E9-AA5B-114329A364D0/Juice.app/Grape-X64/build/wine-ios/dlls/libwow64fex/aarch64-windows/libwow64fex.dll machine=0000 status=c0000135
[JuiceHybrid] open name=/private/var/containers/Bundle/Application/F3BC928B-CF6E-41E9-AA5B-114329A364D0/Juice.app/Grape-X64/build/wine-ios/programs/libwow64fex.dll/aarch64-windows/libwow64fex.dll machine=0000 status=c0000135
[JuiceHybrid] open name=/var/containers/Bundle/Application/F3BC928B-CF6E-41E9-AA5B-114329A364D0/Juice.app/Grape-X64/runtime/lib/wine/aarch64-windows/libwow64fex.dll machine=0000 status=00000000
[JuiceWine] host-page expanding executable section .text: section=0x2d74c1000 mapping=0x2d74c0000 size=1916928
[JuiceWine] anonymous PE executable section .text at 0x2d74c0000 size=1916928
[JuiceHybrid] map name=/var/containers/Bundle/Application/F3BC928B-CF6E-41E9-AA5B-114329A364D0/Juice.app/Grape-X64/runtime/lib/wine/aarch64-windows/libwow64fex.dll status=40000003 module=0x2d74c0000 size=37d000
[JuiceX18] broad #21 pc=0x104c31864 fault=0x378 instr=f941be4a x8=0x50 x16=0x104c31860 x17=0x10020eed0 x18=0x0 teb=0x7ffe8000
[JuiceX18] broad #22 pc=0x104c31864 fault=0x378 instr=f941be4a x8=0x50 x16=0x104c31860 x17=0x10020eb70 x18=0x0 teb=0x7ffe8000
[JuiceX18] broad #23 pc=0x104c31864 fault=0x378 instr=f941be4a x8=0x50 x16=0x104c31860 x17=0x10020eb70 x18=0x0 teb=0x7ffe8000
[JuiceX18] broad #24 pc=0x2d79ce6e4 fault=0x30 instr=f9401a49 x8=0x24 x16=0x2d79c7434 x17=0x10020efa0 x18=0x0 teb=0x7ffe8000
[JuiceX18] broad #25 pc=0x2d79ce6e4 fault=0x30 instr=f9401a49 x8=0x24 x16=0x2d79a1298 x17=0x10020f990 x18=0x0 teb=0x7ffe8000
[JuiceHybrid] open name=/private/var/containers/Bundle/Application/F3BC928B-CF6E-41E9-AA5B-114329A364D0/Juice.app/Grape-X64/build/wine-ios/dlls/wow64win/aarch64-windows/wow64win.dll machine=0000 status=c0000135
[JuiceHybrid] open name=/private/var/containers/Bundle/Application/F3BC928B-CF6E-41E9-AA5B-114329A364D0/Juice.app/Grape-X64/build/wine-ios/programs/wow64win.dll/aarch64-windows/wow64win.dll machine=0000 status=c0000135
[JuiceHybrid] open name=/var/containers/Bundle/Application/F3BC928B-CF6E-41E9-AA5B-114329A364D0/Juice.app/Grape-X64/runtime/lib/wine/aarch64-windows/wow64win.dll machine=0000 status=00000000
[JuiceWine] anonymous PE executable section .text at 0x2d73a0000 size=65536
[JuiceHybrid] map name=/var/containers/Bundle/Application/F3BC928B-CF6E-41E9-AA5B-114329A364D0/Juice.app/Grape-X64/runtime/lib/wine/aarch64-windows/wow64win.dll status=40000003 module=0x2d7390000 size=130000
[JuiceX18] broad #26 pc=0x104c31864 fault=0x378 instr=f941be4a x8=0x50 x16=0x104c31860 x17=0x10020eed0 x18=0x0 teb=0x7ffe8000
[JuiceX18] broad #27 pc=0x2d79a86c8 fault=0x30 instr=f9401a48 x8=0x0 x16=0x2d79c7c54 x17=0x10020eed0 x18=0x0 teb=0x7ffe8000
[JuiceX18] broad #28 pc=0x104c31864 fault=0x378 instr=f941be4a x8=0x50 x16=0x104c31860 x17=0x10020eb70 x18=0x0 teb=0x7ffe8000
[JuiceHybrid] open name=/private/var/containers/Bundle/Application/F3BC928B-CF6E-41E9-AA5B-114329A364D0/Juice.app/Grape-X64/build/wine-ios/dlls/win32u/aarch64-windows/win32u.dll machine=0000 status=c0000135
[JuiceHybrid] open name=/private/var/containers/Bundle/Application/F3BC928B-CF6E-41E9-AA5B-114329A364D0/Juice.app/Grape-X64/build/wine-ios/programs/win32u.dll/aarch64-windows/win32u.dll machine=0000 status=c0000135
[JuiceHybrid] open name=/var/containers/Bundle/Application/F3BC928B-CF6E-41E9-AA5B-114329A364D0/Juice.app/Grape-X64/runtime/lib/wine/aarch64-windows/win32u.dll machine=0000 status=00000000
[JuiceWine] anonymous PE executable section .text at 0x2d7270000 size=262144
[JuiceWine] anonymous PE executable section .hexpthk at 0x2d72b0000 size=65536
[JuiceHybrid] map name=/var/containers/Bundle/Application/F3BC928B-CF6E-41E9-AA5B-114329A364D0/Juice.app/Grape-X64/runtime/lib/wine/aarch64-windows/win32u.dll status=40000003 module=0x2d7260000 size=130000
[JuiceX18] broad #29 pc=0x104c31864 fault=0x378 instr=f941be4a x8=0x50 x16=0x104c31860 x17=0x10020e920 x18=0x0 teb=0x7ffe8000
[JuiceX18] broad #30 pc=0x104c31864 fault=0x378 instr=f941be4a x8=0x50 x16=0x104c31860 x17=0x10020e5c0 x18=0x0 teb=0x7ffe8000
[JuiceX18] broad #31 pc=0x104c31864 fault=0x378 instr=f941be4a x8=0x50 x16=0x104c31860 x17=0x10020eb70 x18=0x0 teb=0x7ffe8000
[JuiceX18] broad #32 pc=0x104c31864 fault=0x378 instr=f941be4a x8=0x50 x16=0x104c31860 x17=0x10020eb70 x18=0x0 teb=0x7ffe8000
0024:warn:file:NtQueryAttributesFile L"\\??\\Z:\\var\\jb\\var\\mobile\\.fex-emu\\" not found (c0000034)
0024:warn:file:NtQueryAttributesFile L"\\??\\Z:\\var\\jb\\var\\mobile\\.fex-emu\\" not found (c0000034)
0024:warn:file:NtQueryAttributesFile L"\\??\\Z:\\var\\jb\\var\\mobile\\.fex-emu\\" not found (c0000034)
0024:warn:file:NtCreateFile L"\\??\\unix\\usr\\local\\share\\fex-emu\\AppConfig\\SteamSetup.exe.json" not found (c0000034)
0024:warn:file:NtCreateFile L"\\??\\unix\\usr\\local\\share\\fex-emu\\AppConfig" not found (c0000034)
0024:warn:file:NtCreateFile L"\\??\\Z:\\usr\\local\\share\\fex-emu\\AppConfig\\SteamSetup.exe.json" not found (c000003a)
0024:warn:file:NtCreateFile L"\\??\\Z:\\var\\jb\\var\\mobile\\.config\\fex-emu\\AppConfig\\SteamSetup.exe.json" not found (c0000034)
0024:warn:file:NtCreateFile L"\\??\\unix\\usr\\local\\share\\fex-emu\\Config.json" not found (c0000034)
0024:warn:file:NtCreateFile L"\\??\\unix\\usr\\local\\share\\fex-emu" not found (c0000034)
0024:warn:file:NtCreateFile L"\\??\\Z:\\usr\\local\\share\\fex-emu\\Config.json" not found (c000003a)
0024:warn:file:NtCreateFile L"\\??\\Z:\\var\\jb\\var\\mobile\\.config\\fex-emu\\Config.json" not found (c0000034)
0024:warn:file:NtCreateFile L"\\??\\unix\\usr\\local\\share\\fex-emu\\AppConfig\\SteamSetup.exe.json" not found (c0000034)
0024:warn:file:NtCreateFile L"\\??\\unix\\usr\\local\\share\\fex-emu\\AppConfig" not found (c0000034)
0024:warn:file:NtCreateFile L"\\??\\Z:\\usr\\local\\share\\fex-emu\\AppConfig\\SteamSetup.exe.json" not found (c000003a)
0024:warn:file:NtCreateFile L"\\??\\Z:\\var\\jb\\var\\mobile\\.config\\fex-emu\\AppConfig\\SteamSetup.exe.json" not found (c0000034)
0024:warn:file:NtCreateFile L"\\??\\unix\\run\\host\\container-manager" not found (c0000034)
0024:warn:file:NtCreateFile L"\\??\\unix\\run\\host" not found (c0000034)
0024:warn:file:NtQueryAttributesFile L"\\??\\Z:\\run\\host\\container-manager" not found (c000003a)
starting FEX based libwow64fex.dll
0024:fixme:process:NtSetInformationProcess (0xffffffffffffffff,0x000007d0,0x10020f290,0x00000004) stub
0024:fixme:process:NtSetInformationProcess (0xffffffffffffffff,0x000007d1,0x10020f2b8,0x00000008) stub
0024:warn:module:LdrGetProcedureAddress "__wine_set_unix_env" (ordinal 0) not found in L"C:\\windows\\system32\\ntdll.dll"
0024:fixme:process:NtSetInformationProcess (0xffffffffffffffff,0x000007d0,0x10020f2d0,0x00000004) stub
0024:warn:file:NtCreateFile L"\\??\\Z:\\var\\mobile\\Documents\\JuiceData\\imported-files\\kernel32.dll" not found (c0000034)
[JuiceHybrid] open name=/private/var/containers/Bundle/Application/F3BC928B-CF6E-41E9-AA5B-114329A364D0/Juice.app/Grape-X64/build/wine-ios/dlls/kernel32/i386-windows/kernel32.dll machine=0000 status=c0000135
[JuiceHybrid] open name=/private/var/containers/Bundle/Application/F3BC928B-CF6E-41E9-AA5B-114329A364D0/Juice.app/Grape-X64/build/wine-ios/programs/kernel32.dll/i386-windows/kernel32.dll machine=0000 status=c0000135
[JuiceHybrid] open name=/var/containers/Bundle/Application/F3BC928B-CF6E-41E9-AA5B-114329A364D0/Juice.app/Grape-X64/runtime/lib/wine/i386-windows/kernel32.dll machine=0000 status=00000000
[JuiceWine] host-page expanding executable section .text: section=0x7bc61000 mapping=0x7bc60000 size=180224
[JuiceWine] anonymous PE executable section .text at 0x7bc60000 size=180224
[JuiceHybrid] map name=/var/containers/Bundle/Application/F3BC928B-CF6E-41E9-AA5B-114329A364D0/Juice.app/Grape-X64/runtime/lib/wine/i386-windows/kernel32.dll status=00000000 module=0x7bc60000 size=115000
0024:warn:file:NtCreateFile L"\\??\\Z:\\var\\mobile\\Documents\\JuiceData\\imported-files\\kernelbase.dll" not found (c0000034)
[JuiceHybrid] open name=/private/var/containers/Bundle/Application/F3BC928B-CF6E-41E9-AA5B-114329A364D0/Juice.app/Grape-X64/build/wine-ios/dlls/kernelbase/i386-windows/kernelbase.dll machine=0000 status=c0000135
[JuiceHybrid] open name=/private/var/containers/Bundle/Application/F3BC928B-CF6E-41E9-AA5B-114329A364D0/Juice.app/Grape-X64/build/wine-ios/programs/kernelbase.dll/i386-windows/kernelbase.dll machine=0000 status=c0000135
[JuiceHybrid] open name=/var/containers/Bundle/Application/F3BC928B-CF6E-41E9-AA5B-114329A364D0/Juice.app/Grape-X64/runtime/lib/wine/i386-windows/kernelbase.dll machine=0000 status=00000000
[JuiceWine] host-page expanding executable section .text: section=0x7b991000 mapping=0x7b990000 size=442368
[JuiceWine] anonymous PE executable section .text at 0x7b990000 size=442368
[JuiceHybrid] map name=/var/containers/Bundle/Application/F3BC928B-CF6E-41E9-AA5B-114329A364D0/Juice.app/Grape-X64/runtime/lib/wine/i386-windows/kernelbase.dll status=00000000 module=0x7b990000 size=2b2000
0024:warn:file:NtCreateFile L"\\??\\C:\\windows\\winsxs\\manifests" not found (c000003a)
0024:warn:file:NtCreateFile L"\\??\\Z:\\var\\mobile\\Documents\\JuiceData\\imported-files\\Microsoft.Windows.Common-Controls.dll" not found (c0000034)
0024:warn:file:NtCreateFile L"\\??\\Z:\\var\\mobile\\Documents\\JuiceData\\imported-files\\Microsoft.Windows.Common-Controls.manifest" not found (c0000034)
0024:warn:file:NtCreateFile L"\\??\\Z:\\var\\mobile\\Documents\\JuiceData\\imported-files\\Microsoft.Windows.Common-Controls\\Microsoft.Windows.Common-Controls.dll" not found (c000003a)
0024:warn:file:NtCreateFile L"\\??\\Z:\\var\\mobile\\Documents\\JuiceData\\imported-files\\Microsoft.Windows.Common-Controls\\Microsoft.Windows.Common-Controls.manifest" not found (c000003a)
0024:warn:file:NtCreateFile L"\\??\\Z:\\var\\mobile\\Documents\\JuiceData\\imported-files\\Microsoft.Windows.Common-Controls.dll" not found (c0000034)
0024:warn:file:NtCreateFile L"\\??\\Z:\\var\\mobile\\Documents\\JuiceData\\imported-files\\Microsoft.Windows.Common-Controls.manifest" not found (c0000034)
0024:warn:file:NtCreateFile L"\\??\\Z:\\var\\mobile\\Documents\\JuiceData\\imported-files\\Microsoft.Windows.Common-Controls\\Microsoft.Windows.Common-Controls.dll" not found (c000003a)
0024:warn:file:NtCreateFile L"\\??\\Z:\\var\\mobile\\Documents\\JuiceData\\imported-files\\Microsoft.Windows.Common-Controls\\Microsoft.Windows.Common-Controls.manifest" not found (c000003a)
0024:fixme:actctx:parse_depend_manifests Could not find dependent assembly L"Microsoft.Windows.Common-Controls" (6.0.0.0)
0024:warn:file:NtCreateFile L"\\??\\Z:\\var\\mobile\\Documents\\JuiceData\\imported-files\\USER32.dll" not found (c0000034)
[JuiceHybrid] open name=/private/var/containers/Bundle/Application/F3BC928B-CF6E-41E9-AA5B-114329A364D0/Juice.app/Grape-X64/build/wine-ios/dlls/user32/i386-windows/user32.dll machine=0000 status=c0000135
[JuiceHybrid] open name=/private/var/containers/Bundle/Application/F3BC928B-CF6E-41E9-AA5B-114329A364D0/Juice.app/Grape-X64/build/wine-ios/programs/user32.dll/i386-windows/user32.dll machine=0000 status=c0000135
[JuiceHybrid] open name=/var/containers/Bundle/Application/F3BC928B-CF6E-41E9-AA5B-114329A364D0/Juice.app/Grape-X64/runtime/lib/wine/i386-windows/user32.dll machine=0000 status=00000000
[JuiceWine] host-page expanding executable section .text: section=0x7b5b1000 mapping=0x7b5b0000 size=540672
[JuiceWine] anonymous PE executable section .text at 0x7b5b0000 size=540672
[JuiceHybrid] map name=/var/containers/Bundle/Application/F3BC928B-CF6E-41E9-AA5B-114329A364D0/Juice.app/Grape-X64/runtime/lib/wine/i386-windows/user32.dll status=00000000 module=0x7b5b0000 size=3c2000
0024:warn:file:NtCreateFile L"\\??\\Z:\\var\\mobile\\Documents\\JuiceData\\imported-files\\gdi32.dll" not found (c0000034)
[JuiceHybrid] open name=/private/var/containers/Bundle/Application/F3BC928B-CF6E-41E9-AA5B-114329A364D0/Juice.app/Grape-X64/build/wine-ios/dlls/gdi32/i386-windows/gdi32.dll machine=0000 status=c0000135
[JuiceHybrid] open name=/private/var/containers/Bundle/Application/F3BC928B-CF6E-41E9-AA5B-114329A364D0/Juice.app/Grape-X64/build/wine-ios/programs/gdi32.dll/i386-windows/gdi32.dll machine=0000 status=c0000135
[JuiceHybrid] open name=/var/containers/Bundle/Application/F3BC928B-CF6E-41E9-AA5B-114329A364D0/Juice.app/Grape-X64/runtime/lib/wine/i386-windows/gdi32.dll machine=0000 status=00000000
[JuiceWine] host-page expanding executable section .text: section=0x7b431000 mapping=0x7b430000 size=294912
[JuiceWine] anonymous PE executable section .text at 0x7b430000 size=294912
[JuiceHybrid] map name=/var/containers/Bundle/Application/F3BC928B-CF6E-41E9-AA5B-114329A364D0/Juice.app/Grape-X64/runtime/lib/wine/i386-windows/gdi32.dll status=00000000 module=0x7b430000 size=167000
0024:warn:file:NtCreateFile L"\\??\\Z:\\var\\mobile\\Documents\\JuiceData\\imported-files\\advapi32.dll" not found (c0000034)
[JuiceHybrid] open name=/private/var/containers/Bundle/Application/F3BC928B-CF6E-41E9-AA5B-114329A364D0/Juice.app/Grape-X64/build/wine-ios/dlls/advapi32/i386-windows/advapi32.dll machine=0000 status=c0000135
[JuiceHybrid] open name=/private/var/containers/Bundle/Application/F3BC928B-CF6E-41E9-AA5B-114329A364D0/Juice.app/Grape-X64/build/wine-ios/programs/advapi32.dll/i386-windows/advapi32.dll machine=0000 status=c0000135
[JuiceHybrid] open name=/var/containers/Bundle/Application/F3BC928B-CF6E-41E9-AA5B-114329A364D0/Juice.app/Grape-X64/runtime/lib/wine/i386-windows/advapi32.dll machine=0000 status=00000000
[JuiceWine] host-page expanding executable section .text: section=0x7b371000 mapping=0x7b370000 size=131072
[JuiceWine] anonymous PE executable section .text at 0x7b370000 size=131072
[JuiceHybrid] map name=/var/containers/Bundle/Application/F3BC928B-CF6E-41E9-AA5B-114329A364D0/Juice.app/Grape-X64/runtime/lib/wine/i386-windows/advapi32.dll status=00000000 module=0x7b370000 size=a8000
0024:warn:file:NtCreateFile L"\\??\\Z:\\var\\mobile\\Documents\\JuiceData\\imported-files\\sechost.dll" not found (c0000034)
[JuiceHybrid] open name=/private/var/containers/Bundle/Application/F3BC928B-CF6E-41E9-AA5B-114329A364D0/Juice.app/Grape-X64/build/wine-ios/dlls/sechost/i386-windows/sechost.dll machine=0000 status=c0000135
[JuiceHybrid] open name=/private/var/containers/Bundle/Application/F3BC928B-CF6E-41E9-AA5B-114329A364D0/Juice.app/Grape-X64/build/wine-ios/programs/sechost.dll/i386-windows/sechost.dll machine=0000 status=c0000135
[JuiceHybrid] open name=/var/containers/Bundle/Application/F3BC928B-CF6E-41E9-AA5B-114329A364D0/Juice.app/Grape-X64/runtime/lib/wine/i386-windows/sechost.dll machine=0000 status=00000000
[JuiceWine] host-page expanding executable section .text: section=0x7b311000 mapping=0x7b310000 size=65536
[JuiceWine] anonymous PE executable section .text at 0x7b310000 size=65536
[JuiceHybrid] map name=/var/containers/Bundle/Application/F3BC928B-CF6E-41E9-AA5B-114329A364D0/Juice.app/Grape-X64/runtime/lib/wine/i386-windows/sechost.dll status=00000000 module=0x7b310000 size=4f000
0024:warn:file:NtCreateFile L"\\??\\Z:\\var\\mobile\\Documents\\JuiceData\\imported-files\\ucrtbase.dll" not found (c0000034)
[JuiceHybrid] open name=/private/var/containers/Bundle/Application/F3BC928B-CF6E-41E9-AA5B-114329A364D0/Juice.app/Grape-X64/build/wine-ios/dlls/ucrtbase/i386-windows/ucrtbase.dll machine=0000 status=c0000135
[JuiceHybrid] open name=/private/var/containers/Bundle/Application/F3BC928B-CF6E-41E9-AA5B-114329A364D0/Juice.app/Grape-X64/build/wine-ios/programs/ucrtbase.dll/i386-windows/ucrtbase.dll machine=0000 status=c0000135
[JuiceHybrid] open name=/var/containers/Bundle/Application/F3BC928B-CF6E-41E9-AA5B-114329A364D0/Juice.app/Grape-X64/runtime/lib/wine/i386-windows/ucrtbase.dll machine=0000 status=00000000
[JuiceWine] host-page expanding executable section .text: section=0x7b081000 mapping=0x7b080000 size=622592
[JuiceWine] anonymous PE executable section .text at 0x7b080000 size=622592
[JuiceHybrid] map name=/var/containers/Bundle/Application/F3BC928B-CF6E-41E9-AA5B-114329A364D0/Juice.app/Grape-X64/runtime/lib/wine/i386-windows/ucrtbase.dll status=00000000 module=0x7b080000 size=27a000
0024:warn:file:NtCreateFile L"\\??\\Z:\\var\\mobile\\Documents\\JuiceData\\imported-files\\msvcrt.dll" not found (c0000034)
[JuiceHybrid] open name=/private/var/containers/Bundle/Application/F3BC928B-CF6E-41E9-AA5B-114329A364D0/Juice.app/Grape-X64/build/wine-ios/dlls/msvcrt/i386-windows/msvcrt.dll machine=0000 status=c0000135
[JuiceHybrid] open name=/private/var/containers/Bundle/Application/F3BC928B-CF6E-41E9-AA5B-114329A364D0/Juice.app/Grape-X64/build/wine-ios/programs/msvcrt.dll/i386-windows/msvcrt.dll machine=0000 status=c0000135
[JuiceHybrid] open name=/var/containers/Bundle/Application/F3BC928B-CF6E-41E9-AA5B-114329A364D0/Juice.app/Grape-X64/runtime/lib/wine/i386-windows/msvcrt.dll machine=0000 status=00000000
[JuiceWine] host-page expanding executable section .text: section=0x7ae71000 mapping=0x7ae70000 size=491520
[JuiceWine] anonymous PE executable section .text at 0x7ae70000 size=491520
[JuiceHybrid] map name=/var/containers/Bundle/Application/F3BC928B-CF6E-41E9-AA5B-114329A364D0/Juice.app/Grape-X64/runtime/lib/wine/i386-windows/msvcrt.dll status=00000000 module=0x7ae70000 size=1fd000
0024:warn:file:NtCreateFile L"\\??\\Z:\\var\\mobile\\Documents\\JuiceData\\imported-files\\win32u.dll" not found (c0000034)
[JuiceHybrid] open name=/private/var/containers/Bundle/Application/F3BC928B-CF6E-41E9-AA5B-114329A364D0/Juice.app/Grape-X64/build/wine-ios/dlls/win32u/i386-windows/win32u.dll machine=0000 status=c0000135
[JuiceHybrid] open name=/private/var/containers/Bundle/Application/F3BC928B-CF6E-41E9-AA5B-114329A364D0/Juice.app/Grape-X64/build/wine-ios/programs/win32u.dll/i386-windows/win32u.dll machine=0000 status=c0000135
[JuiceHybrid] open name=/var/containers/Bundle/Application/F3BC928B-CF6E-41E9-AA5B-114329A364D0/Juice.app/Grape-X64/runtime/lib/wine/i386-windows/win32u.dll machine=0000 status=00000000
[JuiceWine] host-page expanding executable section .text: section=0x7ae21000 mapping=0x7ae20000 size=81920
[JuiceWine] anonymous PE executable section .text at 0x7ae20000 size=81920
[JuiceHybrid] map name=/var/containers/Bundle/Application/F3BC928B-CF6E-41E9-AA5B-114329A364D0/Juice.app/Grape-X64/runtime/lib/wine/i386-windows/win32u.dll status=00000000 module=0x7ae20000 size=39000
0024:warn:file:NtCreateFile L"\\??\\Z:\\var\\mobile\\Documents\\JuiceData\\imported-files\\SHELL32.dll" not found (c0000034)
[JuiceHybrid] open name=/private/var/containers/Bundle/Application/F3BC928B-CF6E-41E9-AA5B-114329A364D0/Juice.app/Grape-X64/build/wine-ios/dlls/shell32/i386-windows/shell32.dll machine=0000 status=c0000135
[JuiceHybrid] open name=/private/var/containers/Bundle/Application/F3BC928B-CF6E-41E9-AA5B-114329A364D0/Juice.app/Grape-X64/build/wine-ios/programs/shell32.dll/i386-windows/shell32.dll machine=0000 status=c0000135
[JuiceHybrid] open name=/var/containers/Bundle/Application/F3BC928B-CF6E-41E9-AA5B-114329A364D0/Juice.app/Grape-X64/runtime/lib/wine/i386-windows/shell32.dll machine=0000 status=00000000
[JuiceWine] host-page expanding executable section .text: section=0x7a321000 mapping=0x7a320000 size=475136
[JuiceWine] anonymous PE executable section .text at 0x7a320000 size=475136
[JuiceHybrid] map name=/var/containers/Bundle/Application/F3BC928B-CF6E-41E9-AA5B-114329A364D0/Juice.app/Grape-X64/runtime/lib/wine/i386-windows/shell32.dll status=00000000 module=0x7a320000 size=ae2000
0024:warn:file:NtCreateFile L"\\??\\Z:\\var\\mobile\\Documents\\JuiceData\\imported-files\\shlwapi.dll" not found (c0000034)
[JuiceHybrid] open name=/private/var/containers/Bundle/Application/F3BC928B-CF6E-41E9-AA5B-114329A364D0/Juice.app/Grape-X64/build/wine-ios/dlls/shlwapi/i386-windows/shlwapi.dll machine=0000 status=c0000135
[JuiceHybrid] open name=/private/var/containers/Bundle/Application/F3BC928B-CF6E-41E9-AA5B-114329A364D0/Juice.app/Grape-X64/build/wine-ios/programs/shlwapi.dll/i386-windows/shlwapi.dll machine=0000 status=c0000135
[JuiceHybrid] open name=/var/containers/Bundle/Application/F3BC928B-CF6E-41E9-AA5B-114329A364D0/Juice.app/Grape-X64/runtime/lib/wine/i386-windows/shlwapi.dll machine=0000 status=00000000
[JuiceWine] host-page expanding executable section .text: section=0x7a261000 mapping=0x7a260000 size=114688
[JuiceWine] anonymous PE executable section .text at 0x7a260000 size=114688
[JuiceHybrid] map name=/var/containers/Bundle/Application/F3BC928B-CF6E-41E9-AA5B-114329A364D0/Juice.app/Grape-X64/runtime/lib/wine/i386-windows/shlwapi.dll status=00000000 module=0x7a260000 size=a7000
0024:warn:file:NtCreateFile L"\\??\\Z:\\var\\mobile\\Documents\\JuiceData\\imported-files\\shcore.dll" not found (c0000034)
[JuiceHybrid] open name=/private/var/containers/Bundle/Application/F3BC928B-CF6E-41E9-AA5B-114329A364D0/Juice.app/Grape-X64/build/wine-ios/dlls/shcore/i386-windows/shcore.dll machine=0000 status=c0000135
[JuiceHybrid] open name=/private/var/containers/Bundle/Application/F3BC928B-CF6E-41E9-AA5B-114329A364D0/Juice.app/Grape-X64/build/wine-ios/programs/shcore.dll/i386-windows/shcore.dll machine=0000 status=c0000135
[JuiceHybrid] open name=/var/containers/Bundle/Application/F3BC928B-CF6E-41E9-AA5B-114329A364D0/Juice.app/Grape-X64/runtime/lib/wine/i386-windows/shcore.dll machine=0000 status=00000000
[JuiceWine] host-page expanding executable section .text: section=0x7a221000 mapping=0x7a220000 size=49152
[JuiceWine] anonymous PE executable section .text at 0x7a220000 size=49152
[JuiceHybrid] map name=/var/containers/Bundle/Application/F3BC928B-CF6E-41E9-AA5B-114329A364D0/Juice.app/Grape-X64/runtime/lib/wine/i386-windows/shcore.dll status=00000000 module=0x7a220000 size=2e000
0024:warn:file:NtCreateFile L"\\??\\Z:\\var\\mobile\\Documents\\JuiceData\\imported-files\\COMCTL32.dll" not found (c0000034)
[JuiceHybrid] open name=/private/var/containers/Bundle/Application/F3BC928B-CF6E-41E9-AA5B-114329A364D0/Juice.app/Grape-X64/build/wine-ios/dlls/comctl32/i386-windows/comctl32.dll machine=0000 status=c0000135
[JuiceHybrid] open name=/private/var/containers/Bundle/Application/F3BC928B-CF6E-41E9-AA5B-114329A364D0/Juice.app/Grape-X64/build/wine-ios/programs/comctl32.dll/i386-windows/comctl32.dll machine=0000 status=c0000135
[JuiceHybrid] open name=/var/containers/Bundle/Application/F3BC928B-CF6E-41E9-AA5B-114329A364D0/Juice.app/Grape-X64/runtime/lib/wine/i386-windows/comctl32.dll machine=0000 status=00000000
[JuiceWine] host-page expanding executable section .text: section=0x79fa1000 mapping=0x79fa0000 size=491520
[JuiceWine] anonymous PE executable section .text at 0x79fa0000 size=491520
[JuiceHybrid] map name=/var/containers/Bundle/Application/F3BC928B-CF6E-41E9-AA5B-114329A364D0/Juice.app/Grape-X64/runtime/lib/wine/i386-windows/comctl32.dll status=00000000 module=0x79fa0000 size=266000
0024:warn:file:NtCreateFile L"\\??\\Z:\\var\\mobile\\Documents\\JuiceData\\imported-files\\ole32.dll" not found (c0000034)
[JuiceHybrid] open name=/private/var/containers/Bundle/Application/F3BC928B-CF6E-41E9-AA5B-114329A364D0/Juice.app/Grape-X64/build/wine-ios/dlls/ole32/i386-windows/ole32.dll machine=0000 status=c0000135
[JuiceHybrid] open name=/private/var/containers/Bundle/Application/F3BC928B-CF6E-41E9-AA5B-114329A364D0/Juice.app/Grape-X64/build/wine-ios/programs/ole32.dll/i386-windows/ole32.dll machine=0000 status=c0000135
[JuiceHybrid] open name=/var/containers/Bundle/Application/F3BC928B-CF6E-41E9-AA5B-114329A364D0/Juice.app/Grape-X64/runtime/lib/wine/i386-windows/ole32.dll machine=0000 status=00000000
[JuiceWine] host-page expanding executable section .text: section=0x79d51000 mapping=0x79d50000 size=311296
[JuiceWine] anonymous PE executable section .text at 0x79d50000 size=311296
[JuiceHybrid] map name=/var/containers/Bundle/Application/F3BC928B-CF6E-41E9-AA5B-114329A364D0/Juice.app/Grape-X64/runtime/lib/wine/i386-windows/ole32.dll status=00000000 module=0x79d50000 size=234000
0024:warn:file:NtCreateFile L"\\??\\Z:\\var\\mobile\\Documents\\JuiceData\\imported-files\\combase.dll" not found (c0000034)
[JuiceHybrid] open name=/private/var/containers/Bundle/Application/F3BC928B-CF6E-41E9-AA5B-114329A364D0/Juice.app/Grape-X64/build/wine-ios/dlls/combase/i386-windows/combase.dll machine=0000 status=c0000135
[JuiceHybrid] open name=/private/var/containers/Bundle/Application/F3BC928B-CF6E-41E9-AA5B-114329A364D0/Juice.app/Grape-X64/build/wine-ios/programs/combase.dll/i386-windows/combase.dll machine=0000 status=c0000135
[JuiceHybrid] open name=/var/containers/Bundle/Application/F3BC928B-CF6E-41E9-AA5B-114329A364D0/Juice.app/Grape-X64/runtime/lib/wine/i386-windows/combase.dll machine=0000 status=00000000
[JuiceWine] host-page expanding executable section .text: section=0x79c41000 mapping=0x79c40000 size=163840
[JuiceWine] anonymous PE executable section .text at 0x79c40000 size=163840
[JuiceHybrid] map name=/var/containers/Bundle/Application/F3BC928B-CF6E-41E9-AA5B-114329A364D0/Juice.app/Grape-X64/runtime/lib/wine/i386-windows/combase.dll status=00000000 module=0x79c40000 size=f6000
0024:warn:file:NtCreateFile L"\\??\\Z:\\var\\mobile\\Documents\\JuiceData\\imported-files\\rpcrt4.dll" not found (c0000034)
[JuiceHybrid] open name=/private/var/containers/Bundle/Application/F3BC928B-CF6E-41E9-AA5B-114329A364D0/Juice.app/Grape-X64/build/wine-ios/dlls/rpcrt4/i386-windows/rpcrt4.dll machine=0000 status=c0000135
[JuiceHybrid] open name=/private/var/containers/Bundle/Application/F3BC928B-CF6E-41E9-AA5B-114329A364D0/Juice.app/Grape-X64/build/wine-ios/programs/rpcrt4.dll/i386-windows/rpcrt4.dll machine=0000 status=c0000135
[JuiceHybrid] open name=/var/containers/Bundle/Application/F3BC928B-CF6E-41E9-AA5B-114329A364D0/Juice.app/Grape-X64/runtime/lib/wine/i386-windows/rpcrt4.dll machine=0000 status=00000000
[JuiceWine] host-page expanding executable section .text: section=0x79ab1000 mapping=0x79ab0000 size=294912
[JuiceWine] anonymous PE executable section .text at 0x79ab0000 size=294912
[JuiceHybrid] map name=/var/containers/Bundle/Application/F3BC928B-CF6E-41E9-AA5B-114329A364D0/Juice.app/Grape-X64/runtime/lib/wine/i386-windows/rpcrt4.dll status=00000000 module=0x79ab0000 size=17b000
0024:warn:file:NtCreateFile L"\\??\\Z:\\var\\mobile\\Documents\\JuiceData\\imported-files\\cryptbase.dll" not found (c0000034)
[JuiceHybrid] open name=/private/var/containers/Bundle/Application/F3BC928B-CF6E-41E9-AA5B-114329A364D0/Juice.app/Grape-X64/build/wine-ios/dlls/cryptbase/i386-windows/cryptbase.dll machine=0000 status=c0000135
[JuiceHybrid] open name=/private/var/containers/Bundle/Application/F3BC928B-CF6E-41E9-AA5B-114329A364D0/Juice.app/Grape-X64/build/wine-ios/programs/cryptbase.dll/i386-windows/cryptbase.dll machine=0000 status=c0000135
[JuiceHybrid] open name=/var/containers/Bundle/Application/F3BC928B-CF6E-41E9-AA5B-114329A364D0/Juice.app/Grape-X64/runtime/lib/wine/i386-windows/cryptbase.dll machine=0000 status=00000000
[JuiceWine] host-page expanding executable section .text: section=0x79a81000 mapping=0x79a80000 size=16384
[JuiceWine] anonymous PE executable section .text at 0x79a80000 size=16384
[JuiceHybrid] map name=/var/containers/Bundle/Application/F3BC928B-CF6E-41E9-AA5B-114329A364D0/Juice.app/Grape-X64/runtime/lib/wine/i386-windows/cryptbase.dll status=00000000 module=0x79a80000 size=18000
0024:warn:file:NtCreateFile L"\\??\\Z:\\var\\mobile\\Documents\\JuiceData\\imported-files\\coml2.dll" not found (c0000034)
[JuiceHybrid] open name=/private/var/containers/Bundle/Application/F3BC928B-CF6E-41E9-AA5B-114329A364D0/Juice.app/Grape-X64/build/wine-ios/dlls/coml2/i386-windows/coml2.dll machine=0000 status=c0000135
[JuiceHybrid] open name=/private/var/containers/Bundle/Application/F3BC928B-CF6E-41E9-AA5B-114329A364D0/Juice.app/Grape-X64/build/wine-ios/programs/coml2.dll/i386-windows/coml2.dll machine=0000 status=c0000135
[JuiceHybrid] open name=/var/containers/Bundle/Application/F3BC928B-CF6E-41E9-AA5B-114329A364D0/Juice.app/Grape-X64/runtime/lib/wine/i386-windows/coml2.dll machine=0000 status=00000000
[JuiceWine] host-page expanding executable section .text: section=0x79a21000 mapping=0x79a20000 size=16384
[JuiceWine] anonymous PE executable section .text at 0x79a20000 size=16384
[JuiceHybrid] map name=/var/containers/Bundle/Application/F3BC928B-CF6E-41E9-AA5B-114329A364D0/Juice.app/Grape-X64/runtime/lib/wine/i386-windows/coml2.dll status=00000000 module=0x79a20000 size=43000
0024:warn:file:NtQueryAttributesFile L"\\??\\C:\\windows\\syswow64\\tzres.dll" not found (c0000034)
0024:warn:file:NtQueryAttributesFile L"\\??\\C:\\windows\\syswow64\\tzres.dll" not found (c0000034)
0024:warn:globalmem:KernelBaseGetGlobalData semi-stub!
0024:warn:file:NtCreateFile L"\\??\\Z:\\private\\var\\containers\\Bundle\\Application\\F3BC928B-CF6E-41E9-AA5B-114329A364D0\\Juice.app\\Grape-X64\\build\\wine-ios\\fonts" not found (c0000034)
0024:warn:font:opentype_get_ttc_sfnt_v1 unsupported sfnt font: embedded bitmap data.
0024:warn:font:unix_face_create unable to parse font, falling back to FreeType
0024:warn:font:opentype_get_ttc_sfnt_v1 unsupported sfnt font: embedded bitmap data.
0024:warn:font:unix_face_create unable to parse font, falling back to FreeType
0024:warn:file:NtCreateFile L"\\??\\Z:\\var\\mobile\\Documents\\JuiceData\\imported-files\\imm32.dll" not found (c0000034)
[JuiceHybrid] open name=/private/var/containers/Bundle/Application/F3BC928B-CF6E-41E9-AA5B-114329A364D0/Juice.app/Grape-X64/build/wine-ios/dlls/imm32/i386-windows/imm32.dll machine=0000 status=c0000135
[JuiceHybrid] open name=/private/var/containers/Bundle/Application/F3BC928B-CF6E-41E9-AA5B-114329A364D0/Juice.app/Grape-X64/build/wine-ios/programs/imm32.dll/i386-windows/imm32.dll machine=0000 status=c0000135
[JuiceHybrid] open name=/var/containers/Bundle/Application/F3BC928B-CF6E-41E9-AA5B-114329A364D0/Juice.app/Grape-X64/runtime/lib/wine/i386-windows/imm32.dll machine=0000 status=00000000
[JuiceWine] host-page expanding executable section .text: section=0x799c1000 mapping=0x799c0000 size=65536
[JuiceWine] anonymous PE executable section .text at 0x799c0000 size=65536
[JuiceHybrid] map name=/var/containers/Bundle/Application/F3BC928B-CF6E-41E9-AA5B-114329A364D0/Juice.app/Grape-X64/runtime/lib/wine/i386-windows/imm32.dll status=00000000 module=0x799c0000 size=4d000
[JuiceHybrid] open name=/private/var/containers/Bundle/Application/F3BC928B-CF6E-41E9-AA5B-114329A364D0/Juice.app/Grape-X64/build/wine-ios/dlls/uxtheme/i386-windows/uxtheme.dll machine=0000 status=c0000135
[JuiceHybrid] open name=/private/var/containers/Bundle/Application/F3BC928B-CF6E-41E9-AA5B-114329A364D0/Juice.app/Grape-X64/build/wine-ios/programs/uxtheme.dll/i386-windows/uxtheme.dll machine=0000 status=c0000135
[JuiceHybrid] open name=/var/containers/Bundle/Application/F3BC928B-CF6E-41E9-AA5B-114329A364D0/Juice.app/Grape-X64/runtime/lib/wine/i386-windows/uxtheme.dll machine=0000 status=00000000
[JuiceWine] host-page expanding executable section .text: section=0x79941000 mapping=0x79940000 size=81920
[JuiceWine] anonymous PE executable section .text at 0x79940000 size=81920
[JuiceHybrid] map name=/var/containers/Bundle/Application/F3BC928B-CF6E-41E9-AA5B-114329A364D0/Juice.app/Grape-X64/runtime/lib/wine/i386-windows/uxtheme.dll status=00000000 module=0x79940000 size=6c000
0024:warn:file:NtCreateFile L"\\??\\C:\\windows\\resources\\themes\\aero\\aero.msstyles" not found (c0000034)
0024:warn:file:NtQueryAttributesFile L"\\??\\C:\\windows\\resources\\themes\\aero\\aero.msstyles" not found (c0000034)
[JuiceHybrid] open name=/private/var/containers/Bundle/Application/F3BC928B-CF6E-41E9-AA5B-114329A364D0/Juice.app/Grape-X64/build/wine-ios/dlls/userenv/i386-windows/userenv.dll machine=0000 status=c0000135
[JuiceHybrid] open name=/private/var/containers/Bundle/Application/F3BC928B-CF6E-41E9-AA5B-114329A364D0/Juice.app/Grape-X64/build/wine-ios/programs/userenv.dll/i386-windows/userenv.dll machine=0000 status=c0000135
[JuiceHybrid] open name=/var/containers/Bundle/Application/F3BC928B-CF6E-41E9-AA5B-114329A364D0/Juice.app/Grape-X64/runtime/lib/wine/i386-windows/userenv.dll machine=0000 status=00000000
[JuiceWine] host-page expanding executable section .text: section=0x79911000 mapping=0x79910000 size=16384
[JuiceWine] anonymous PE executable section .text at 0x79910000 size=16384
[JuiceHybrid] map name=/var/containers/Bundle/Application/F3BC928B-CF6E-41E9-AA5B-114329A364D0/Juice.app/Grape-X64/runtime/lib/wine/i386-windows/userenv.dll status=00000000 module=0x79910000 size=19000
[JuiceHybrid] open name=/private/var/containers/Bundle/Application/F3BC928B-CF6E-41E9-AA5B-114329A364D0/Juice.app/Grape-X64/build/wine-ios/dlls/setupapi/i386-windows/setupapi.dll machine=0000 status=c0000135
[JuiceHybrid] open name=/private/var/containers/Bundle/Application/F3BC928B-CF6E-41E9-AA5B-114329A364D0/Juice.app/Grape-X64/build/wine-ios/programs/setupapi.dll/i386-windows/setupapi.dll machine=0000 status=c0000135
[JuiceHybrid] open name=/var/containers/Bundle/Application/F3BC928B-CF6E-41E9-AA5B-114329A364D0/Juice.app/Grape-X64/runtime/lib/wine/i386-windows/setupapi.dll machine=0000 status=00000000
[JuiceWine] host-page expanding executable section .text: section=0x797f1000 mapping=0x797f0000 size=196608
[JuiceWine] anonymous PE executable section .text at 0x797f0000 size=196608
[JuiceHybrid] map name=/var/containers/Bundle/Application/F3BC928B-CF6E-41E9-AA5B-114329A364D0/Juice.app/Grape-X64/runtime/lib/wine/i386-windows/setupapi.dll status=00000000 module=0x797f0000 size=10b000
[JuiceHybrid] open name=/private/var/containers/Bundle/Application/F3BC928B-CF6E-41E9-AA5B-114329A364D0/Juice.app/Grape-X64/build/wine-ios/dlls/cfgmgr32/i386-windows/cfgmgr32.dll machine=0000 status=c0000135
[JuiceHybrid] open name=/private/var/containers/Bundle/Application/F3BC928B-CF6E-41E9-AA5B-114329A364D0/Juice.app/Grape-X64/build/wine-ios/programs/cfgmgr32.dll/i386-windows/cfgmgr32.dll machine=0000 status=c0000135
[JuiceHybrid] open name=/var/containers/Bundle/Application/F3BC928B-CF6E-41E9-AA5B-114329A364D0/Juice.app/Grape-X64/runtime/lib/wine/i386-windows/cfgmgr32.dll machine=0000 status=00000000
[JuiceWine] host-page expanding executable section .text: section=0x79781000 mapping=0x79780000 size=81920
[JuiceWine] anonymous PE executable section .text at 0x79780000 size=81920
[JuiceHybrid] map name=/var/containers/Bundle/Application/F3BC928B-CF6E-41E9-AA5B-114329A364D0/Juice.app/Grape-X64/runtime/lib/wine/i386-windows/cfgmgr32.dll status=00000000 module=0x79780000 size=56000
0024:warn:file:NtCreateFile L"\\??\\C:\\windows\\syswow64\\APPHELP.dll" not found (c0000034)
0024:warn:module:load_dll Failed to load module L"C:\\windows\\system32\\APPHELP.dll"; status=c0000135
0024:warn:file:NtCreateFile L"\\??\\C:\\windows\\syswow64\\PROPSYS.dll" not found (c0000034)
0024:warn:module:load_dll Failed to load module L"C:\\windows\\system32\\PROPSYS.dll"; status=c0000135
0024:warn:file:NtCreateFile L"\\??\\C:\\windows\\syswow64\\DWMAPI.dll" not found (c0000034)
0024:warn:module:load_dll Failed to load module L"C:\\windows\\system32\\DWMAPI.dll"; status=c0000135
0024:warn:file:NtCreateFile L"\\??\\C:\\windows\\syswow64\\OLEACC.dll" not found (c0000034)
0024:warn:module:load_dll Failed to load module L"C:\\windows\\system32\\OLEACC.dll"; status=c0000135
0024:warn:file:NtCreateFile L"\\??\\C:\\windows\\syswow64\\CLBCATQ.dll" not found (c0000034)
0024:warn:module:load_dll Failed to load module L"C:\\windows\\system32\\CLBCATQ.dll"; status=c0000135
[JuiceHybrid] open name=/private/var/containers/Bundle/Application/F3BC928B-CF6E-41E9-AA5B-114329A364D0/Juice.app/Grape-X64/build/wine-ios/dlls/version/i386-windows/version.dll machine=0000 status=c0000135
[JuiceHybrid] open name=/private/var/containers/Bundle/Application/F3BC928B-CF6E-41E9-AA5B-114329A364D0/Juice.app/Grape-X64/build/wine-ios/programs/version.dll/i386-windows/version.dll machine=0000 status=c0000135
[JuiceHybrid] open name=/var/containers/Bundle/Application/F3BC928B-CF6E-41E9-AA5B-114329A364D0/Juice.app/Grape-X64/runtime/lib/wine/i386-windows/version.dll machine=0000 status=00000000
[JuiceWine] host-page expanding executable section .text: section=0x79751000 mapping=0x79750000 size=16384
[JuiceWine] anonymous PE executable section .text at 0x79750000 size=16384
[JuiceHybrid] map name=/var/containers/Bundle/Application/F3BC928B-CF6E-41E9-AA5B-114329A364D0/Juice.app/Grape-X64/runtime/lib/wine/i386-windows/version.dll status=00000000 module=0x79750000 size=12000
0024:warn:file:NtCreateFile L"\\??\\C:\\windows\\syswow64\\SHFOLDER.dll" not found (c0000034)
0024:warn:module:load_dll Failed to load module L"C:\\windows\\system32\\SHFOLDER.dll"; status=c0000135
[JuiceWine parent] bundle libraries path=/private/var/containers/Bundle/Application/F3BC928B-CF6E-41E9-AA5B-114329A364D0/Juice.app/Libraries:/var/containers/Bundle/Application/F3BC928B-CF6E-41E9-AA5B-114329A364D0/Juice.app/Libraries:/var/jb/usr/lib
[JuiceWine parent] launching /private/var/containers/Bundle/Application/F3BC928B-CF6E-41E9-AA5B-114329A364D0/Juice.app/Grape-X64/build/wine-ios/loader/wine
[JuiceWine parent] child PID=28946
[JuiceWine] iOS low-VA release start=0x10000 end=0x100000000 status=0 OK
JUICE_LOWVA_HOLELIST_OK old_reuse=0 new_reuse=1 allocator=entry-list
JUICE_LOWVA_HELPER_BEGIN path=/private/var/containers/Bundle/Application/F3BC928B-CF6E-41E9-AA5B-114329A364D0/Juice.app/Grape-X64/tools/juice-lowva-helper target_pid=28946 root_persona=1
JUICE_LOWVA_KERNEL_MIN_OK pid=28946 task=0xffffffde20daec80 map=0xffffffdcec8dd180 old=0x102ae4000 new=0x10000 max=0x2d8000000 already=0
JUICE_LOWVA_HELPER_OK target_pid=28946
JUICE_LOWVA_KERNEL_PROBE_OK address=0x20000 size=0x4000
JUICE_LOWVA_READY target_pid=28946
[JuiceLowVA] MAP_FIXED enabled start=0x10000 size=0x67ff0000 prot=0 failures=0
[JuiceWine] PT_TRACE_ME succeeded; csflags=0x3280780d CS_DEBUGGED=YES
[JuiceWine] requesting controlled tracer detach
[JuiceWine parent] child stopped pid=28946 signal=17 (Suspended (signal): 17)
[JuiceWine parent] PT_DETACH pid=28946 result=0
[JuiceWine parent] child now running untraced
[JuiceWine] resumed after tracer detach; csflags=0x3280780d CS_DEBUGGED=YES
[JuiceHybrid] open name=/private/var/containers/Bundle/Application/F3BC928B-CF6E-41E9-AA5B-114329A364D0/Juice.app/Grape-X64/build/wine-ios/dlls/explorer.exe/aarch64-windows/explorer.exe machine=aa64 status=c0000135
[JuiceHybrid] open name=/private/var/containers/Bundle/Application/F3BC928B-CF6E-41E9-AA5B-114329A364D0/Juice.app/Grape-X64/build/wine-ios/programs/explorer/aarch64-windows/explorer.exe machine=aa64 status=c0000135
[JuiceHybrid] open name=/var/containers/Bundle/Application/F3BC928B-CF6E-41E9-AA5B-114329A364D0/Juice.app/Grape-X64/runtime/lib/wine/aarch64-windows/explorer.exe machine=aa64 status=00000000
[JuiceWine] anonymous PE executable section .text at 0x140010000 size=65536
[JuiceHybrid] map name=/var/containers/Bundle/Application/F3BC928B-CF6E-41E9-AA5B-114329A364D0/Juice.app/Grape-X64/runtime/lib/wine/aarch64-windows/explorer.exe status=00000000 module=0x140000000 size=110000
[JuiceStage] loading Windows ntdll; transfer=0x14001d3dc teb=0x7ffe8000 peb=0x7ffec000
[JuiceHybrid] open name=/private/var/containers/Bundle/Application/F3BC928B-CF6E-41E9-AA5B-114329A364D0/Juice.app/Grape-X64/build/wine-ios/dlls/ntdll/aarch64-windows/ntdll.dll machine=aa64 status=00000000
[JuiceWine] anonymous PE executable section .text at 0x2d7970000 size=983040
[JuiceWine] anonymous PE executable section .hexpthk at 0x2d7a60000 size=65536
[JuiceHybrid] map name=/private/var/containers/Bundle/Application/F3BC928B-CF6E-41E9-AA5B-114329A364D0/Juice.app/Grape-X64/build/wine-ios/dlls/ntdll/aarch64-windows/ntdll.dll status=40000003 module=0x2d7960000 size=6a0000
[JuiceStage] load_ntdll returned; transfer=0x14001d3dc
[JuiceStage] load_wow64_ntdll returned
[JuiceStage] calling load_apiset_dll
[JuiceStage] load_apiset_dll returned; stack_base=0x120000 stack_limit=0x28000
[JuiceStage] calling server_init_process_done
[JuiceStage] server_init_process_done entered
[JuiceStage] calling signal_init_process; teb=0x7ffe8000
[JuiceStage] signal_init_process returned
[JuiceStage] init_teb_data returned; syscall_frame=0x10010fcd0 stack_base=0x120000 stack_limit=0x28000
[JuiceStage] init_process_done server call returned; status=00000000 suspend=1 transfer=0x14001d3dc teb=0x7ffe8000 peb=0x7ffec000
[JuiceStage] calling signal_start_thread
[JuiceStage] init_syscall_frame entered; entry=0x14001d3dc arg=0x7ffec000 teb=0x7ffe8000 data=0x100000000 frame=0x10010fcd0 stack_base=0x120000 stack_limit=0x28000
[JuiceStage] calling signal_set_full_context; ctx=0x11fc70 target_pc=0x2d79c9650 target_sp=0x120000 target_x18=0x7ffe8000 LdrInitializeThunk=0x2d79c9670 RtlUserThreadStart=0x2d79c9650
[JuiceStage] signal_set_full_context returned; status=00000000 frame_pc=0x2d79c9650 frame_sp=0x120000 frame_x18=0x7ffe8000 restore=00400007
[JuiceStage] init_syscall_frame complete; dispatcher_pc=0x2d79c9670 user_sp=0x11fc70 x16=0x2d79c9670 x17=0x11fc70 x18=0x7ffe8000 restore=00400007
[JuiceX18] broad #1 pc=0x2d79a5920 fault=0x30 instr=f9401a48 x8=0x0 x16=0x2d79c9670 x17=0x11fc70 x18=0x0 teb=0x7ffe8000
[JuiceX18] broad #2 pc=0x2d79ce748 fault=0x30 instr=f9401a48 x8=0x0 x16=0x2d79a5920 x17=0x11fc70 x18=0x0 teb=0x7ffe8000
[JuiceX18] broad #3 pc=0x2d79d0344 fault=0x30 instr=f9401a59 x8=0x11fa50 x16=0x2d79ce748 x17=0x11fc70 x18=0x0 teb=0x7ffe8000
[JuiceX18] broad #4 pc=0x2d79d037c fault=0x30 instr=f9401a4a x8=0x11fa50 x16=0x2d79d0344 x17=0x11fc70 x18=0x0 teb=0x7ffe8000
[JuiceX18] broad #5 pc=0x102d8d864 fault=0x378 instr=f941be4a x8=0x18 x16=0x102d8d860 x17=0x11fc70 x18=0x0 teb=0x7ffe8000
[JuiceX18] broad #6 pc=0x2d79d0e88 fault=0x30 instr=f9401a48 x8=0x0 x16=0x2d79c7554 x17=0x11fa40 x18=0x0 teb=0x7ffe8000
[JuiceX18] broad #7 pc=0x2d79ce748 fault=0x30 instr=f9401a48 x8=0x0 x16=0x15fff8 x17=0x15fff8 x18=0x0 teb=0x7ffe8000
[JuiceX18] broad #8 pc=0x2d79d0344 fault=0x30 instr=f9401a59 x8=0x11faa0 x16=0x2d79c7554 x17=0x11fa70 x18=0x0 teb=0x7ffe8000
[JuiceX18] broad #9 pc=0x2d79d02b4 fault=0x30 instr=f9401a54 x8=0x11f3ce x16=0x5c5c x17=0x11f3cd x18=0x0 teb=0x7ffe8000
[JuiceX18] broad #10 pc=0x2d79972ec fault=0x30 instr=f9401a48 x8=0x0 x16=0x2d79d02b4 x17=0x11fc70 x18=0x0 teb=0x7ffe8000
[JuiceX18] broad #11 pc=0x2d79c0744 fault=0x30 instr=f9401a48 x8=0x0 x16=0x2d79c7b74 x17=0x11f7b0 x18=0x0 teb=0x7ffe8000
[JuiceX18] broad #12 pc=0x2d7997bac fault=0x30 instr=f9401a48 x8=0x0 x16=0x5c5c x17=0x11f6ac x18=0x0 teb=0x7ffe8000
[JuiceX18] broad #13 pc=0x2d79d0344 fault=0x30 instr=f9401a59 x8=0x11f6d0 x16=0x2d79c7914 x17=0x11f750 x18=0x0 teb=0x7ffe8000
[JuiceX18] broad #14 pc=0x102d8d864 fault=0x378 instr=f941be4a x8=0x17 x16=0x102d8d860 x17=0x11f750 x18=0x0 teb=0x7ffe8000
[JuiceX18] broad #15 pc=0x2d79d0344 fault=0x30 instr=f9401a59 x8=0x11f930 x16=0x2d79c7574 x17=0x11fae0 x18=0x0 teb=0x7ffe8000
[JuiceX18] broad #16 pc=0x2d79d02b4 fault=0x30 instr=f9401a54 x8=0x11f8f0 x16=0x5c5c x17=0x11f8ef x18=0x0 teb=0x7ffe8000
[JuiceX18] broad #17 pc=0x2d79d02b4 fault=0x30 instr=f9401a54 x8=0x11f683 x16=0x5c5c x17=0x11f682 x18=0x0 teb=0x7ffe8000
[JuiceX18] broad #18 pc=0x2d79d0344 fault=0x30 instr=f9401a59 x8=0x11f7a0 x16=0x2d79d02b4 x17=0x11fc70 x18=0x0 teb=0x7ffe8000
[JuiceHybrid] open name=/private/var/containers/Bundle/Application/F3BC928B-CF6E-41E9-AA5B-114329A364D0/Juice.app/Grape-X64/build/wine-ios/dlls/kernel32/aarch64-windows/kernel32.dll machine=0000 status=c0000135
[JuiceHybrid] open name=/private/var/containers/Bundle/Application/F3BC928B-CF6E-41E9-AA5B-114329A364D0/Juice.app/Grape-X64/build/wine-ios/programs/kernel32.dll/aarch64-windows/kernel32.dll machine=0000 status=c0000135
[JuiceHybrid] open name=/var/containers/Bundle/Application/F3BC928B-CF6E-41E9-AA5B-114329A364D0/Juice.app/Grape-X64/runtime/lib/wine/aarch64-windows/kernel32.dll machine=0000 status=00000000
[JuiceWine] anonymous PE executable section .text at 0x2d7630000 size=393216
[JuiceWine] anonymous PE executable section .hexpthk at 0x2d7690000 size=65536
[JuiceHybrid] map name=/var/containers/Bundle/Application/F3BC928B-CF6E-41E9-AA5B-114329A364D0/Juice.app/Grape-X64/runtime/lib/wine/aarch64-windows/kernel32.dll status=40000003 module=0x2d7620000 size=340000
[JuiceX18] broad #19 pc=0x102d8d864 fault=0x378 instr=f941be4a x8=0x50 x16=0x102d8d860 x17=0x11f890 x18=0x0 teb=0x7ffe8000
[JuiceX18] broad #20 pc=0x2d79d02b4 fault=0x30 instr=f9401a54 x8=0x5 x16=0x2d79c7c54 x17=0x11f890 x18=0x0 teb=0x7ffe8000
[JuiceX18] broad #21 pc=0x2d79a86c8 fault=0x30 instr=f9401a48 x8=0x0 x16=0x2d79d02b4 x17=0x11fc70 x18=0x0 teb=0x7ffe8000
[JuiceHybrid] open name=/private/var/containers/Bundle/Application/F3BC928B-CF6E-41E9-AA5B-114329A364D0/Juice.app/Grape-X64/build/wine-ios/dlls/kernelbase/aarch64-windows/kernelbase.dll machine=0000 status=c0000135
[JuiceHybrid] open name=/private/var/containers/Bundle/Application/F3BC928B-CF6E-41E9-AA5B-114329A364D0/Juice.app/Grape-X64/build/wine-ios/programs/kernelbase.dll/aarch64-windows/kernelbase.dll machine=0000 status=c0000135
[JuiceHybrid] open name=/var/containers/Bundle/Application/F3BC928B-CF6E-41E9-AA5B-114329A364D0/Juice.app/Grape-X64/runtime/lib/wine/aarch64-windows/kernelbase.dll machine=0000 status=00000000
[JuiceWine] anonymous PE executable section .text at 0x2d6ee0000 size=1048576
[JuiceWine] anonymous PE executable section .hexpthk at 0x2d6fe0000 size=65536
[JuiceHybrid] map name=/var/containers/Bundle/Application/F3BC928B-CF6E-41E9-AA5B-114329A364D0/Juice.app/Grape-X64/runtime/lib/wine/aarch64-windows/kernelbase.dll status=40000003 module=0x2d6ed0000 size=750000
[JuiceX18] broad #22 pc=0x102d8d864 fault=0x378 instr=f941be4a x8=0x50 x16=0x102d8d860 x17=0x11f2e0 x18=0x0 teb=0x7ffe8000
[JuiceX18] broad #23 pc=0x2d79a86c8 fault=0x30 instr=f9401a48 x8=0x0 x16=0x2d79c7c54 x17=0x11f2e0 x18=0x0 teb=0x7ffe8000
[JuiceX18] broad #24 pc=0x2d79d0344 fault=0x30 instr=f9401a59 x8=0x11ef60 x16=0x2d79c7c54 x17=0x11ef80 x18=0x0 teb=0x7ffe8000
[JuiceX18] broad #25 pc=0x2d79a86c8 fault=0x30 instr=f9401a48 x8=0x0 x16=0x2d79c7c54 x17=0x11f530 x18=0x0 teb=0x7ffe8000
[JuiceX18] broad #26 pc=0x2d79a86c8 fault=0x30 instr=f9401a48 x8=0x0 x16=0x2d79a86c8 x17=0x11fc70 x18=0x0 teb=0x7ffe8000
[JuiceX18] broad #27 pc=0x102d8d864 fault=0x378 instr=f941be4a x8=0x50 x16=0x102d8d860 x17=0x11f530 x18=0x0 teb=0x7ffe8000
[JuiceX18] broad #28 pc=0x2d79ce6e4 fault=0x30 instr=f9401a49 x8=0x2c x16=0x2d79c7434 x17=0x11f960 x18=0x0 teb=0x7ffe8000
[JuiceX18] broad #29 pc=0x2d79a86c8 fault=0x30 instr=f9401a48 x8=0x0 x16=0x2d79ce6e4 x17=0x11fc70 x18=0x0 teb=0x7ffe8000
[JuiceX18] broad #30 pc=0x2d79bb304 fault=0x30 instr=f9401a48 x8=0x0 x16=0x2d79a86c8 x17=0x11fc70 x18=0x0 teb=0x7ffe8000
[JuiceX18] broad #31 pc=0x2d799085c fault=0x30 instr=f9401a48 x8=0x0 x16=0x14005088a x17=0xa x18=0x0 teb=0x7ffe8000
002c:warn:file:NtCreateFile L"\\??\\C:\\windows\\winsxs\\manifests" not found (c000003a)
002c:warn:file:NtCreateFile L"\\??\\C:\\windows\\system32\\Microsoft.Windows.Common-Controls.dll" not found (c0000034)
002c:warn:file:NtCreateFile L"\\??\\C:\\windows\\system32\\Microsoft.Windows.Common-Controls.manifest" not found (c0000034)
002c:warn:file:NtCreateFile L"\\??\\C:\\windows\\system32\\Microsoft.Windows.Common-Controls\\Microsoft.Windows.Common-Controls.dll" not found (c000003a)
002c:warn:file:NtCreateFile L"\\??\\C:\\windows\\system32\\Microsoft.Windows.Common-Controls\\Microsoft.Windows.Common-Controls.manifest" not found (c000003a)
002c:warn:file:NtCreateFile L"\\??\\C:\\windows\\system32\\Microsoft.Windows.Common-Controls.dll" not found (c0000034)
002c:warn:file:NtCreateFile L"\\??\\C:\\windows\\system32\\Microsoft.Windows.Common-Controls.manifest" not found (c0000034)
002c:warn:file:NtCreateFile L"\\??\\C:\\windows\\system32\\Microsoft.Windows.Common-Controls\\Microsoft.Windows.Common-Controls.dll" not found (c000003a)
002c:warn:file:NtCreateFile L"\\??\\C:\\windows\\system32\\Microsoft.Windows.Common-Controls\\Microsoft.Windows.Common-Controls.manifest" not found (c000003a)
002c:fixme:actctx:parse_depend_manifests Could not find dependent assembly L"Microsoft.Windows.Common-Controls" (6.0.0.0)
[JuiceX18] broad #32 pc=0x102d8d864 fault=0x378 instr=f941be4a x8=0x15 x16=0x102d8d860 x17=0x11f9c0 x18=0x0 teb=0x7ffe8000
[JuiceHybrid] open name=/private/var/containers/Bundle/Application/F3BC928B-CF6E-41E9-AA5B-114329A364D0/Juice.app/Grape-X64/build/wine-ios/dlls/rpcrt4/aarch64-windows/rpcrt4.dll machine=0000 status=c0000135
[JuiceHybrid] open name=/private/var/containers/Bundle/Application/F3BC928B-CF6E-41E9-AA5B-114329A364D0/Juice.app/Grape-X64/build/wine-ios/programs/rpcrt4.dll/aarch64-windows/rpcrt4.dll machine=0000 status=c0000135
[JuiceHybrid] open name=/var/containers/Bundle/Application/F3BC928B-CF6E-41E9-AA5B-114329A364D0/Juice.app/Grape-X64/runtime/lib/wine/aarch64-windows/rpcrt4.dll machine=0000 status=00000000
[JuiceWine] anonymous PE executable section .text at 0x2d6a80000 size=655360
[JuiceWine] anonymous PE executable section .hexpthk at 0x2d6b20000 size=65536
[JuiceHybrid] map name=/var/containers/Bundle/Application/F3BC928B-CF6E-41E9-AA5B-114329A364D0/Juice.app/Grape-X64/runtime/lib/wine/aarch64-windows/rpcrt4.dll status=40000003 module=0x2d6a70000 size=460000
[JuiceHybrid] open name=/private/var/containers/Bundle/Application/F3BC928B-CF6E-41E9-AA5B-114329A364D0/Juice.app/Grape-X64/build/wine-ios/dlls/advapi32/aarch64-windows/advapi32.dll machine=0000 status=c0000135
[JuiceHybrid] open name=/private/var/containers/Bundle/Application/F3BC928B-CF6E-41E9-AA5B-114329A364D0/Juice.app/Grape-X64/build/wine-ios/programs/advapi32.dll/aarch64-windows/advapi32.dll machine=0000 status=c0000135
[JuiceHybrid] open name=/var/containers/Bundle/Application/F3BC928B-CF6E-41E9-AA5B-114329A364D0/Juice.app/Grape-X64/runtime/lib/wine/aarch64-windows/advapi32.dll machine=0000 status=00000000
[JuiceWine] anonymous PE executable section .text at 0x2d6820000 size=327680
[JuiceWine] anonymous PE executable section .hexpthk at 0x2d6870000 size=65536
[JuiceHybrid] map name=/var/containers/Bundle/Application/F3BC928B-CF6E-41E9-AA5B-114329A364D0/Juice.app/Grape-X64/runtime/lib/wine/aarch64-windows/advapi32.dll status=40000003 module=0x2d6810000 size=260000
[JuiceHybrid] open name=/private/var/containers/Bundle/Application/F3BC928B-CF6E-41E9-AA5B-114329A364D0/Juice.app/Grape-X64/build/wine-ios/dlls/sechost/aarch64-windows/sechost.dll machine=0000 status=c0000135
[JuiceHybrid] open name=/private/var/containers/Bundle/Application/F3BC928B-CF6E-41E9-AA5B-114329A364D0/Juice.app/Grape-X64/build/wine-ios/programs/sechost.dll/aarch64-windows/sechost.dll machine=0000 status=c0000135
[JuiceHybrid] open name=/var/containers/Bundle/Application/F3BC928B-CF6E-41E9-AA5B-114329A364D0/Juice.app/Grape-X64/runtime/lib/wine/aarch64-windows/sechost.dll machine=0000 status=00000000
[JuiceWine] anonymous PE executable section .text at 0x2d66d0000 size=131072
[JuiceWine] anonymous PE executable section .hexpthk at 0x2d66f0000 size=65536
[JuiceHybrid] map name=/var/containers/Bundle/Application/F3BC928B-CF6E-41E9-AA5B-114329A364D0/Juice.app/Grape-X64/runtime/lib/wine/aarch64-windows/sechost.dll status=40000003 module=0x2d66c0000 size=150000
[JuiceHybrid] open name=/private/var/containers/Bundle/Application/F3BC928B-CF6E-41E9-AA5B-114329A364D0/Juice.app/Grape-X64/build/wine-ios/dlls/ucrtbase/aarch64-windows/ucrtbase.dll machine=0000 status=c0000135
[JuiceHybrid] open name=/private/var/containers/Bundle/Application/F3BC928B-CF6E-41E9-AA5B-114329A364D0/Juice.app/Grape-X64/build/wine-ios/programs/ucrtbase.dll/aarch64-windows/ucrtbase.dll machine=0000 status=c0000135
[JuiceHybrid] open name=/var/containers/Bundle/Application/F3BC928B-CF6E-41E9-AA5B-114329A364D0/Juice.app/Grape-X64/runtime/lib/wine/aarch64-windows/ucrtbase.dll machine=0000 status=00000000
[JuiceWine] anonymous PE executable section .text at 0x2d6030000 size=1245184
[JuiceWine] anonymous PE executable section .hexpthk at 0x2d6160000 size=65536
[JuiceHybrid] map name=/var/containers/Bundle/Application/F3BC928B-CF6E-41E9-AA5B-114329A364D0/Juice.app/Grape-X64/runtime/lib/wine/aarch64-windows/ucrtbase.dll status=40000003 module=0x2d6020000 size=6a0000
[JuiceHybrid] open name=/private/var/containers/Bundle/Application/F3BC928B-CF6E-41E9-AA5B-114329A364D0/Juice.app/Grape-X64/build/wine-ios/dlls/msvcrt/aarch64-windows/msvcrt.dll machine=0000 status=c0000135
[JuiceHybrid] open name=/private/var/containers/Bundle/Application/F3BC928B-CF6E-41E9-AA5B-114329A364D0/Juice.app/Grape-X64/build/wine-ios/programs/msvcrt.dll/aarch64-windows/msvcrt.dll machine=0000 status=c0000135
[JuiceHybrid] open name=/var/containers/Bundle/Application/F3BC928B-CF6E-41E9-AA5B-114329A364D0/Juice.app/Grape-X64/runtime/lib/wine/aarch64-windows/msvcrt.dll machine=0000 status=00000000
[JuiceWine] anonymous PE executable section .text at 0x2d5a70000 size=983040
[JuiceWine] anonymous PE executable section .hexpthk at 0x2d5b60000 size=65536
[JuiceHybrid] map name=/var/containers/Bundle/Application/F3BC928B-CF6E-41E9-AA5B-114329A364D0/Juice.app/Grape-X64/runtime/lib/wine/aarch64-windows/msvcrt.dll status=40000003 module=0x2d5a60000 size=5c0000
[JuiceHybrid] open name=/private/var/containers/Bundle/Application/F3BC928B-CF6E-41E9-AA5B-114329A364D0/Juice.app/Grape-X64/build/wine-ios/dlls/cryptbase/aarch64-windows/cryptbase.dll machine=0000 status=c0000135
[JuiceHybrid] open name=/private/var/containers/Bundle/Application/F3BC928B-CF6E-41E9-AA5B-114329A364D0/Juice.app/Grape-X64/build/wine-ios/programs/cryptbase.dll/aarch64-windows/cryptbase.dll machine=0000 status=c0000135
[JuiceHybrid] open name=/var/containers/Bundle/Application/F3BC928B-CF6E-41E9-AA5B-114329A364D0/Juice.app/Grape-X64/runtime/lib/wine/aarch64-windows/cryptbase.dll machine=0000 status=00000000
[JuiceWine] anonymous PE executable section .text at 0x2d5990000 size=65536
[JuiceWine] anonymous PE executable section .hexpthk at 0x2d59a0000 size=65536
[JuiceHybrid] map name=/var/containers/Bundle/Application/F3BC928B-CF6E-41E9-AA5B-114329A364D0/Juice.app/Grape-X64/runtime/lib/wine/aarch64-windows/cryptbase.dll status=40000003 module=0x2d5980000 size=e0000
[JuiceHybrid] open name=/private/var/containers/Bundle/Application/F3BC928B-CF6E-41E9-AA5B-114329A364D0/Juice.app/Grape-X64/build/wine-ios/dlls/user32/aarch64-windows/user32.dll machine=0000 status=c0000135
[JuiceHybrid] open name=/private/var/containers/Bundle/Application/F3BC928B-CF6E-41E9-AA5B-114329A364D0/Juice.app/Grape-X64/build/wine-ios/programs/user32.dll/aarch64-windows/user32.dll machine=0000 status=c0000135
[JuiceHybrid] open name=/var/containers/Bundle/Application/F3BC928B-CF6E-41E9-AA5B-114329A364D0/Juice.app/Grape-X64/runtime/lib/wine/aarch64-windows/user32.dll machine=0000 status=00000000
[JuiceWine] anonymous PE executable section .text at 0x2d50a0000 size=1179648
[JuiceWine] anonymous PE executable section .hexpthk at 0x2d51c0000 size=65536
[JuiceHybrid] map name=/var/containers/Bundle/Application/F3BC928B-CF6E-41E9-AA5B-114329A364D0/Juice.app/Grape-X64/runtime/lib/wine/aarch64-windows/user32.dll status=40000003 module=0x2d5090000 size=8f0000
[JuiceHybrid] open name=/private/var/containers/Bundle/Application/F3BC928B-CF6E-41E9-AA5B-114329A364D0/Juice.app/Grape-X64/build/wine-ios/dlls/gdi32/aarch64-windows/gdi32.dll machine=0000 status=c0000135
[JuiceHybrid] open name=/private/var/containers/Bundle/Application/F3BC928B-CF6E-41E9-AA5B-114329A364D0/Juice.app/Grape-X64/build/wine-ios/programs/gdi32.dll/aarch64-windows/gdi32.dll machine=0000 status=c0000135
[JuiceHybrid] open name=/var/containers/Bundle/Application/F3BC928B-CF6E-41E9-AA5B-114329A364D0/Juice.app/Grape-X64/runtime/lib/wine/aarch64-windows/gdi32.dll machine=0000 status=00000000
[JuiceWine] anonymous PE executable section .text at 0x2d4c10000 size=655360
[JuiceWine] anonymous PE executable section .hexpthk at 0x2d4cb0000 size=65536
[JuiceHybrid] map name=/var/containers/Bundle/Application/F3BC928B-CF6E-41E9-AA5B-114329A364D0/Juice.app/Grape-X64/runtime/lib/wine/aarch64-windows/gdi32.dll status=40000003 module=0x2d4c00000 size=490000
[JuiceHybrid] open name=/private/var/containers/Bundle/Application/F3BC928B-CF6E-41E9-AA5B-114329A364D0/Juice.app/Grape-X64/build/wine-ios/dlls/win32u/aarch64-windows/win32u.dll machine=0000 status=c0000135
[JuiceHybrid] open name=/private/var/containers/Bundle/Application/F3BC928B-CF6E-41E9-AA5B-114329A364D0/Juice.app/Grape-X64/build/wine-ios/programs/win32u.dll/aarch64-windows/win32u.dll machine=0000 status=c0000135
[JuiceHybrid] open name=/var/containers/Bundle/Application/F3BC928B-CF6E-41E9-AA5B-114329A364D0/Juice.app/Grape-X64/runtime/lib/wine/aarch64-windows/win32u.dll machine=0000 status=00000000
[JuiceWine] anonymous PE executable section .text at 0x2d4ae0000 size=262144
[JuiceWine] anonymous PE executable section .hexpthk at 0x2d4b20000 size=65536
[JuiceHybrid] map name=/var/containers/Bundle/Application/F3BC928B-CF6E-41E9-AA5B-114329A364D0/Juice.app/Grape-X64/runtime/lib/wine/aarch64-windows/win32u.dll status=40000003 module=0x2d4ad0000 size=130000
002c:warn:file:NtQueryAttributesFile L"\\??\\C:\\windows\\system32\\tzres.dll" not found (c0000034)
002c:warn:file:NtQueryAttributesFile L"\\??\\C:\\windows\\system32\\tzres.dll" not found (c0000034)
002c:warn:globalmem:KernelBaseGetGlobalData semi-stub!
002c:warn:file:NtCreateFile L"\\??\\Z:\\private\\var\\containers\\Bundle\\Application\\F3BC928B-CF6E-41E9-AA5B-114329A364D0\\Juice.app\\Grape-X64\\build\\wine-ios\\fonts" not found (c0000034)
002c:warn:font:opentype_get_ttc_sfnt_v1 unsupported sfnt font: embedded bitmap data.
002c:warn:font:unix_face_create unable to parse font, falling back to FreeType
002c:warn:font:opentype_get_ttc_sfnt_v1 unsupported sfnt font: embedded bitmap data.
002c:warn:font:unix_face_create unable to parse font, falling back to FreeType
[JuiceHybrid] open name=/private/var/containers/Bundle/Application/F3BC928B-CF6E-41E9-AA5B-114329A364D0/Juice.app/Grape-X64/build/wine-ios/dlls/imm32/aarch64-windows/imm32.dll machine=0000 status=c0000135
[JuiceHybrid] open name=/private/var/containers/Bundle/Application/F3BC928B-CF6E-41E9-AA5B-114329A364D0/Juice.app/Grape-X64/build/wine-ios/programs/imm32.dll/aarch64-windows/imm32.dll machine=0000 status=c0000135
[JuiceHybrid] open name=/var/containers/Bundle/Application/F3BC928B-CF6E-41E9-AA5B-114329A364D0/Juice.app/Grape-X64/runtime/lib/wine/aarch64-windows/imm32.dll machine=0000 status=00000000
[JuiceWine] anonymous PE executable section .text at 0x2d4970000 size=196608
[JuiceWine] anonymous PE executable section .hexpthk at 0x2d49a0000 size=65536
[JuiceHybrid] map name=/var/containers/Bundle/Application/F3BC928B-CF6E-41E9-AA5B-114329A364D0/Juice.app/Grape-X64/runtime/lib/wine/aarch64-windows/imm32.dll status=40000003 module=0x2d4960000 size=170000
002c:warn:msvcrt:_configure_wide_argv (1) stub
[JuiceHybrid] open name=/private/var/containers/Bundle/Application/F3BC928B-CF6E-41E9-AA5B-114329A364D0/Juice.app/Grape-X64/build/wine-ios/dlls/wineios.drv/aarch64-windows/wineios.drv machine=0000 status=c0000135
[JuiceHybrid] open name=/private/var/containers/Bundle/Application/F3BC928B-CF6E-41E9-AA5B-114329A364D0/Juice.app/Grape-X64/build/wine-ios/programs/wineios.drv/aarch64-windows/wineios.drv machine=0000 status=c0000135
[JuiceHybrid] open name=/var/containers/Bundle/Application/F3BC928B-CF6E-41E9-AA5B-114329A364D0/Juice.app/Grape-X64/runtime/lib/wine/aarch64-windows/wineios.drv machine=0000 status=00000000
[JuiceWine] anonymous PE executable section .text at 0x2d4880000 size=65536
[JuiceWine] anonymous PE executable section .hexpthk at 0x2d4890000 size=65536
[JuiceHybrid] map name=/var/containers/Bundle/Application/F3BC928B-CF6E-41E9-AA5B-114329A364D0/Juice.app/Grape-X64/runtime/lib/wine/aarch64-windows/wineios.drv status=40000003 module=0x2d4870000 size=f0000
[JuiceInput] display connected path=/var/mobile/Documents/JuiceData/proofs/steamsetup-i386-v2-entry-context/display.sock desktop=1024x768 dpi=96
[JuiceInput] queue fd registered fd=8 tid=0x2c
[JuiceDriver] ios init set driver create=0x68288e78 client_surface=0x682899fc size=1216
[JuiceDriver] install prev=0x6913d3a8 lazy=0x6913d3a8 null=0x69169f10 candidate=0x130016400 create=0x68288e78 installed=1
JUICE_TEXT_HOST_HELLO pid=28946 desktop=1024x768 dpi=96
[JuiceCreate] ex=00000000 class=0x11ef10 version=0x0 name=0x11eef0 style=86000000 x=0 y=0 cx=0 cy=0 parent=0x0 menu=0x0 classinst=0x0 params=0x11f240 flags=00000000 inst=0x0 classptr=0x8001 ansi=0
002c:warn:vulkan:vulkan_init_once Extension "VK_KHR_surface_protected_capabilities" is not supported.
002c:warn:vulkan:vulkan_init_once Extension "VK_MVK_ios_surface" is not supported.
002c:warn:vulkan:vulkan_init_once Extension "VK_MVK_moltenvk" is not supported.
JUICE_MOLTENVK_DRIVER_READY version=48 handle=0x8dc20
[mvk-info] MoltenVK version 1.4.2, supporting Vulkan version 1.4.357.
	The following 152 Vulkan extensions are supported:
	VK_KHR_16bit_storage v1
	VK_KHR_8bit_storage v1
	VK_KHR_bind_memory2 v1
	VK_KHR_buffer_device_address v1
	VK_KHR_calibrated_timestamps v1
	VK_KHR_copy_commands2 v1
	VK_KHR_create_renderpass2 v1
	VK_KHR_dedicated_allocation v3
	VK_KHR_deferred_host_operations v4
	VK_KHR_depth_stencil_resolve v1
	VK_KHR_descriptor_update_template v1
	VK_KHR_device_group v4
	VK_KHR_device_group_creation v1
	VK_KHR_driver_properties v1
	VK_KHR_dynamic_rendering v1
	VK_KHR_dynamic_rendering_local_read v1
	VK_KHR_external_fence v1
	VK_KHR_external_fence_capabilities v1
	VK_KHR_external_memory v1
	VK_KHR_external_memory_capabilities v1
	VK_KHR_external_semaphore v1
	VK_KHR_external_semaphore_capabilities v1
	VK_KHR_format_feature_flags2 v2
	VK_KHR_fragment_shader_barycentric v1
	VK_KHR_get_memory_requirements2 v1
	VK_KHR_get_physical_device_properties2 v2
	VK_KHR_get_surface_capabilities2 v1
	VK_KHR_global_priority v1
	VK_KHR_image_format_list v1
	VK_KHR_imageless_framebuffer v1
	VK_KHR_incremental_present v2
	VK_KHR_index_type_uint8 v1
	VK_KHR_line_rasterization v1
	VK_KHR_load_store_op_none v1
	VK_KHR_maintenance1 v2
	VK_KHR_maintenance2 v1
	VK_KHR_maintenance3 v1
	VK_KHR_maintenance4 v2
	VK_KHR_maintenance5 v1
	VK_KHR_maintenance6 v1
	VK_KHR_maintenance7 v1
	VK_KHR_maintenance8 v1
	VK_KHR_maintenance9 v1
	VK_KHR_map_memory2 v1
	VK_KHR_multiview v1
	VK_KHR_portability_subset v1
	VK_KHR_present_id v1
	VK_KHR_present_id2 v1
	VK_KHR_present_wait v1
	VK_KHR_present_wait2 v1
	VK_KHR_push_descriptor v2
	VK_KHR_relaxed_block_layout v1
	VK_KHR_robustness2 v1
	VK_KHR_sampler_mirror_clamp_to_edge v3
	VK_KHR_sampler_ycbcr_conversion v14
	VK_KHR_separate_depth_stencil_layouts v1
	VK_KHR_shader_draw_parameters v1
	VK_KHR_shader_expect_assume v1
	VK_KHR_shader_float_controls v4
	VK_KHR_shader_float_controls2 v1
	VK_KHR_shader_float16_int8 v1
	VK_KHR_shader_fma v1
	VK_KHR_shader_integer_dot_product v1
	VK_KHR_shader_maximal_reconvergence v1
	VK_KHR_shader_non_semantic_info v1
	VK_KHR_shader_quad_control v1
	VK_KHR_shader_relaxed_extended_instruction v1
	VK_KHR_shader_subgroup_extended_types v1
	VK_KHR_shader_subgroup_rotate v2
	VK_KHR_shader_subgroup_uniform_control_flow v1
	VK_KHR_shader_terminate_invocation v1
	VK_KHR_spirv_1_4 v1
	VK_KHR_storage_buffer_storage_class v1
	VK_KHR_surface v25
	VK_KHR_surface_maintenance1 v1
	VK_KHR_surface_protected_capabilities v1
	VK_KHR_swapchain v70
	VK_KHR_swapchain_maintenance1 v1
	VK_KHR_swapchain_mutable_format v1
	VK_KHR_synchronization2 v1
	VK_KHR_timeline_semaphore v2
	VK_KHR_uniform_buffer_standard_layout v1
	VK_KHR_variable_pointers v1
	VK_KHR_vertex_attribute_divisor v1
	VK_KHR_vulkan_memory_model v3
	VK_KHR_zero_initialize_workgroup_memory v1
	VK_EXT_4444_formats v1
	VK_EXT_buffer_device_address v2
	VK_EXT_calibrated_timestamps v2
	VK_EXT_debug_marker v4
	VK_EXT_debug_report v10
	VK_EXT_debug_utils v2
	VK_EXT_depth_clip_control v1
	VK_EXT_descriptor_indexing v2
	VK_EXT_extended_dynamic_state v1
	VK_EXT_extended_dynamic_state2 v1
	VK_EXT_extended_dynamic_state3 v2
	VK_EXT_external_memory_host v1
	VK_EXT_external_memory_metal v1
	VK_EXT_fragment_shader_interlock v1
	VK_EXT_global_priority v2
	VK_EXT_global_priority_query v1
	VK_EXT_headless_surface v1
	VK_EXT_host_image_copy v1
	VK_EXT_host_query_reset v1
	VK_EXT_image_2d_view_of_3d v1
	VK_EXT_image_robustness v1
	VK_EXT_index_type_uint8 v1
	VK_EXT_inline_uniform_block v1
	VK_EXT_layer_settings v2
	VK_EXT_legacy_dithering v2
	VK_EXT_line_rasterization v1
	VK_EXT_load_store_op_none v1
	VK_EXT_memory_budget v1
	VK_EXT_metal_objects v2
	VK_EXT_metal_surface v1
	VK_EXT_non_seamless_cube_map v1
	VK_EXT_pipeline_creation_cache_control v3
	VK_EXT_pipeline_creation_feedback v1
	VK_EXT_pipeline_robustness v1
	VK_EXT_post_depth_coverage v1
	VK_EXT_primitive_topology_list_restart v1
	VK_EXT_private_data v1
	VK_EXT_provoking_vertex v1
	VK_EXT_robustness2 v1
	VK_EXT_sample_locations v1
	VK_EXT_scalar_block_layout v1
	VK_EXT_separate_stencil_usage v1
	VK_EXT_shader_atomic_float v1
	VK_EXT_shader_demote_to_helper_invocation v1
	VK_EXT_shader_stencil_export v1
	VK_EXT_shader_subgroup_ballot v1
	VK_EXT_shader_subgroup_vote v1
	VK_EXT_shader_viewport_index_layer v1
	VK_EXT_subgroup_size_control v2
	VK_EXT_surface_maintenance1 v1
	VK_EXT_swapchain_colorspace v5
	VK_EXT_swapchain_maintenance1 v1
	VK_EXT_texel_buffer_alignment v1
	VK_EXT_texture_compression_astc_hdr v1
	VK_EXT_tooling_info v1
	VK_EXT_vertex_attribute_divisor v3
	VK_AMD_gpu_shader_half_float v2
	VK_AMD_negative_viewport_height v1
	VK_AMD_shader_image_load_store_lod v1
	VK_AMD_shader_trinary_minmax v1
	VK_GOOGLE_display_timing v1
	VK_IMG_format_pvrtc v1
	VK_INTEL_shader_integer_functions2 v1
	VK_MVK_ios_surface v3
	VK_MVK_moltenvk v37
	VK_NV_fragment_shader_barycentric v1
[mvk-error] VK_ERROR_INCOMPATIBLE_DRIVER: Vulkan is not supported on this device. MoltenVK requires Metal, which is not available on this device.
[mvk-info] Created VkInstance for Vulkan version 1.0.357, as requested by app, with the following 3 Vulkan extensions enabled:
	VK_KHR_external_fence_capabilities v1
	VK_KHR_external_semaphore_capabilities v1
	VK_KHR_get_physical_device_properties2 v2
[mvk-info] Destroying VkInstance for Vulkan version 1.0.357 with 3 Vulkan extensions enabled.
002c:warn:vulkan:win32u_vkCreateInstance Failed to create vulkan instance, res -9
002c:warn:vulkan:vulkan_instance_create Failed to create instance, res -9
002c:warn:d3dkmt:d3dkmt_init_vulkan Failed to create the vulkan instance
002c:warn:system:lock_display_devices Failed to find any Vulkan GPU
002c:warn:wgl:egl_init EGL support not compiled in!
002c:fixme:iosdrv:ios_OpenGLInit OpenGL unavailable; Metal translation backend required
002c:warn:wgl:display_funcs_init Failed to initialize the driver OpenGL functions, status 0xc00000bb
002c:warn:wgl:display_funcs_init glAccum not found.
002c:warn:wgl:display_funcs_init glAlphaFunc not found.
002c:warn:wgl:display_funcs_init glAreTexturesResident not found.
002c:warn:wgl:display_funcs_init glArrayElement not found.
002c:warn:wgl:display_funcs_init glBegin not found.
002c:warn:wgl:display_funcs_init glBindTexture not found.
002c:warn:wgl:display_funcs_init glBitmap not found.
002c:warn:wgl:display_funcs_init glBlendFunc not found.
002c:warn:wgl:display_funcs_init glCallList not found.
002c:warn:wgl:display_funcs_init glCallLists not found.
002c:warn:wgl:display_funcs_init glClear not found.
002c:warn:wgl:display_funcs_init glClearAccum not found.
002c:warn:wgl:display_funcs_init glClearColor not found.
002c:warn:wgl:display_funcs_init glClearDepth not found.
002c:warn:wgl:display_funcs_init glClearIndex not found.
002c:warn:wgl:display_funcs_init glClearStencil not found.
002c:warn:wgl:display_funcs_init glClipPlane not found.
002c:warn:wgl:display_funcs_init glColor3b not found.
002c:warn:wgl:display_funcs_init glColor3bv not found.
002c:warn:wgl:display_funcs_init glColor3d not found.
002c:warn:wgl:display_funcs_init glColor3dv not found.
002c:warn:wgl:display_funcs_init glColor3f not found.
002c:warn:wgl:display_funcs_init glColor3fv not found.
002c:warn:wgl:display_funcs_init glColor3i not found.
002c:warn:wgl:display_funcs_init glColor3iv not found.
002c:warn:wgl:display_funcs_init glColor3s not found.
002c:warn:wgl:display_funcs_init glColor3sv not found.
002c:warn:wgl:display_funcs_init glColor3ub not found.
002c:warn:wgl:display_funcs_init glColor3ubv not found.
002c:warn:wgl:display_funcs_init glColor3ui not found.
002c:warn:wgl:display_funcs_init glColor3uiv not found.
002c:warn:wgl:display_funcs_init glColor3us not found.
002c:warn:wgl:display_funcs_init glColor3usv not found.
002c:warn:wgl:display_funcs_init glColor4b not found.
002c:warn:wgl:display_funcs_init glColor4bv not found.
002c:warn:wgl:display_funcs_init glColor4d not found.
002c:warn:wgl:display_funcs_init glColor4dv not found.
002c:warn:wgl:display_funcs_init glColor4f not found.
002c:warn:wgl:display_funcs_init glColor4fv not found.
002c:warn:wgl:display_funcs_init glColor4i not found.
002c:warn:wgl:display_funcs_init glColor4iv not found.
002c:warn:wgl:display_funcs_init glColor4s not found.
002c:warn:wgl:display_funcs_init glColor4sv not found.
002c:warn:wgl:display_funcs_init glColor4ub not found.
002c:warn:wgl:display_funcs_init glColor4ubv not found.
002c:warn:wgl:display_funcs_init glColor4ui not found.
002c:warn:wgl:display_funcs_init glColor4uiv not found.
002c:warn:wgl:display_funcs_init glColor4us not found.
002c:warn:wgl:display_funcs_init glColor4usv not found.
002c:warn:wgl:display_funcs_init glColorMask not found.
002c:warn:wgl:display_funcs_init glColorMaterial not found.
002c:warn:wgl:display_funcs_init glColorPointer not found.
002c:warn:wgl:display_funcs_init glCopyPixels not found.
002c:warn:wgl:display_funcs_init glCopyTexImage1D not found.
002c:warn:wgl:display_funcs_init glCopyTexImage2D not found.
002c:warn:wgl:display_funcs_init glCopyTexSubImage1D not found.
002c:warn:wgl:display_funcs_init glCopyTexSubImage2D not found.
002c:warn:wgl:display_funcs_init glCullFace not found.
002c:warn:wgl:display_funcs_init glDeleteLists not found.
002c:warn:wgl:display_funcs_init glDeleteTextures not found.
002c:warn:wgl:display_funcs_init glDepthFunc not found.
002c:warn:wgl:display_funcs_init glDepthMask not found.
002c:warn:wgl:display_funcs_init glDepthRange not found.
002c:warn:wgl:display_funcs_init glDisable not found.
002c:warn:wgl:display_funcs_init glDisableClientState not found.
002c:warn:wgl:display_funcs_init glDrawArrays not found.
002c:warn:wgl:display_funcs_init glDrawBuffer not found.
002c:warn:wgl:display_funcs_init glDrawElements not found.
002c:warn:wgl:display_funcs_init glDrawPixels not found.
002c:warn:wgl:display_funcs_init glEdgeFlag not found.
002c:warn:wgl:display_funcs_init glEdgeFlagPointer not found.
002c:warn:wgl:display_funcs_init glEdgeFlagv not found.
002c:warn:wgl:display_funcs_init glEnable not found.
002c:warn:wgl:display_funcs_init glEnableClientState not found.
002c:warn:wgl:display_funcs_init glEnd not found.
002c:warn:wgl:display_funcs_init glEndList not found.
002c:warn:wgl:display_funcs_init glEvalCoord1d not found.
002c:warn:wgl:display_funcs_init glEvalCoord1dv not found.
002c:warn:wgl:display_funcs_init glEvalCoord1f not found.
002c:warn:wgl:display_funcs_init glEvalCoord1fv not found.
002c:warn:wgl:display_funcs_init glEvalCoord2d not found.
002c:warn:wgl:display_funcs_init glEvalCoord2dv not found.
002c:warn:wgl:display_funcs_init glEvalCoord2f not found.
002c:warn:wgl:display_funcs_init glEvalCoord2fv not found.
002c:warn:wgl:display_funcs_init glEvalMesh1 not found.
002c:warn:wgl:display_funcs_init glEvalMesh2 not found.
002c:warn:wgl:display_funcs_init glEvalPoint1 not found.
002c:warn:wgl:display_funcs_init glEvalPoint2 not found.
002c:warn:wgl:display_funcs_init glFeedbackBuffer not found.
002c:warn:wgl:display_funcs_init glFinish not found.
002c:warn:wgl:display_funcs_init glFlush not found.
002c:warn:wgl:display_funcs_init glFogf not found.
002c:warn:wgl:display_funcs_init glFogfv not found.
002c:warn:wgl:display_funcs_init glFogi not found.
002c:warn:wgl:display_funcs_init glFogiv not found.
002c:warn:wgl:display_funcs_init glFrontFace not found.
002c:warn:wgl:display_funcs_init glFrustum not found.
002c:warn:wgl:display_funcs_init glGenLists not found.
002c:warn:wgl:display_funcs_init glGenTextures not found.
002c:warn:wgl:display_funcs_init glGetBooleanv not found.
002c:warn:wgl:display_funcs_init glGetClipPlane not found.
002c:warn:wgl:display_funcs_init glGetDoublev not found.
002c:warn:wgl:display_funcs_init glGetError not found.
002c:warn:wgl:display_funcs_init glGetFloatv not found.
002c:warn:wgl:display_funcs_init glGetIntegerv not found.
002c:warn:wgl:display_funcs_init glGetLightfv not found.
002c:warn:wgl:display_funcs_init glGetLightiv not found.
002c:warn:wgl:display_funcs_init glGetMapdv not found.
002c:warn:wgl:display_funcs_init glGetMapfv not found.
002c:warn:wgl:display_funcs_init glGetMapiv not found.
002c:warn:wgl:display_funcs_init glGetMaterialfv not found.
002c:warn:wgl:display_funcs_init glGetMaterialiv not found.
002c:warn:wgl:display_funcs_init glGetPixelMapfv not found.
002c:warn:wgl:display_funcs_init glGetPixelMapuiv not found.
002c:warn:wgl:display_funcs_init glGetPixelMapusv not found.
002c:warn:wgl:display_funcs_init glGetPointerv not found.
002c:warn:wgl:display_funcs_init glGetPolygonStipple not found.
002c:warn:wgl:display_funcs_init glGetString not found.
002c:warn:wgl:display_funcs_init glGetTexEnvfv not found.
002c:warn:wgl:display_funcs_init glGetTexEnviv not found.
002c:warn:wgl:display_funcs_init glGetTexGendv not found.
002c:warn:wgl:display_funcs_init glGetTexGenfv not found.
002c:warn:wgl:display_funcs_init glGetTexGeniv not found.
002c:warn:wgl:display_funcs_init glGetTexImage not found.
002c:warn:wgl:display_funcs_init glGetTexLevelParameterfv not found.
002c:warn:wgl:display_funcs_init glGetTexLevelParameteriv not found.
002c:warn:wgl:display_funcs_init glGetTexParameterfv not found.
002c:warn:wgl:display_funcs_init glGetTexParameteriv not found.
002c:warn:wgl:display_funcs_init glHint not found.
002c:warn:wgl:display_funcs_init glIndexMask not found.
002c:warn:wgl:display_funcs_init glIndexPointer not found.
002c:warn:wgl:display_funcs_init glIndexd not found.
002c:warn:wgl:display_funcs_init glIndexdv not found.
002c:warn:wgl:display_funcs_init glIndexf not found.
002c:warn:wgl:display_funcs_init glIndexfv not found.
002c:warn:wgl:display_funcs_init glIndexi not found.
002c:warn:wgl:display_funcs_init glIndexiv not found.
002c:warn:wgl:display_funcs_init glIndexs not found.
002c:warn:wgl:display_funcs_init glIndexsv not found.
002c:warn:wgl:display_funcs_init glIndexub not found.
002c:warn:wgl:display_funcs_init glIndexubv not found.
002c:warn:wgl:display_funcs_init glInitNames not found.
002c:warn:wgl:display_funcs_init glInterleavedArrays not found.
002c:warn:wgl:display_funcs_init glIsEnabled not found.
002c:warn:wgl:display_funcs_init glIsList not found.
002c:warn:wgl:display_funcs_init glIsTexture not found.
002c:warn:wgl:display_funcs_init glLightModelf not found.
002c:warn:wgl:display_funcs_init glLightModelfv not found.
002c:warn:wgl:display_funcs_init glLightModeli not found.
002c:warn:wgl:display_funcs_init glLightModeliv not found.
002c:warn:wgl:display_funcs_init glLightf not found.
002c:warn:wgl:display_funcs_init glLightfv not found.
002c:warn:wgl:display_funcs_init glLighti not found.
002c:warn:wgl:display_funcs_init glLightiv not found.
002c:warn:wgl:display_funcs_init glLineStipple not found.
002c:warn:wgl:display_funcs_init glLineWidth not found.
002c:warn:wgl:display_funcs_init glListBase not found.
002c:warn:wgl:display_funcs_init glLoadIdentity not found.
002c:warn:wgl:display_funcs_init glLoadMatrixd not found.
002c:warn:wgl:display_funcs_init glLoadMatrixf not found.
002c:warn:wgl:display_funcs_init glLoadName not found.
002c:warn:wgl:display_funcs_init glLogicOp not found.
002c:warn:wgl:display_funcs_init glMap1d not found.
002c:warn:wgl:display_funcs_init glMap1f not found.
002c:warn:wgl:display_funcs_init glMap2d not found.
002c:warn:wgl:display_funcs_init glMap2f not found.
002c:warn:wgl:display_funcs_init glMapGrid1d not found.
002c:warn:wgl:display_funcs_init glMapGrid1f not found.
002c:warn:wgl:display_funcs_init glMapGrid2d not found.
002c:warn:wgl:display_funcs_init glMapGrid2f not found.
002c:warn:wgl:display_funcs_init glMaterialf not found.
002c:warn:wgl:display_funcs_init glMaterialfv not found.
002c:warn:wgl:display_funcs_init glMateriali not found.
002c:warn:wgl:display_funcs_init glMaterialiv not found.
002c:warn:wgl:display_funcs_init glMatrixMode not found.
002c:warn:wgl:display_funcs_init glMultMatrixd not found.
002c:warn:wgl:display_funcs_init glMultMatrixf not found.
002c:warn:wgl:display_funcs_init glNewList not found.
002c:warn:wgl:display_funcs_init glNormal3b not found.
002c:warn:wgl:display_funcs_init glNormal3bv not found.
002c:warn:wgl:display_funcs_init glNormal3d not found.
002c:warn:wgl:display_funcs_init glNormal3dv not found.
002c:warn:wgl:display_funcs_init glNormal3f not found.
002c:warn:wgl:display_funcs_init glNormal3fv not found.
002c:warn:wgl:display_funcs_init glNormal3i not found.
002c:warn:wgl:display_funcs_init glNormal3iv not found.
002c:warn:wgl:display_funcs_init glNormal3s not found.
002c:warn:wgl:display_funcs_init glNormal3sv not found.
002c:warn:wgl:display_funcs_init glNormalPointer not found.
002c:warn:wgl:display_funcs_init glOrtho not found.
002c:warn:wgl:display_funcs_init glPassThrough not found.
002c:warn:wgl:display_funcs_init glPixelMapfv not found.
002c:warn:wgl:display_funcs_init glPixelMapuiv not found.
002c:warn:wgl:display_funcs_init glPixelMapusv not found.
002c:warn:wgl:display_funcs_init glPixelStoref not found.
002c:warn:wgl:display_funcs_init glPixelStorei not found.
002c:warn:wgl:display_funcs_init glPixelTransferf not found.
002c:warn:wgl:display_funcs_init glPixelTransferi not found.
002c:warn:wgl:display_funcs_init glPixelZoom not found.
002c:warn:wgl:display_funcs_init glPointSize not found.
002c:warn:wgl:display_funcs_init glPolygonMode not found.
002c:warn:wgl:display_funcs_init glPolygonOffset not found.
002c:warn:wgl:display_funcs_init glPolygonStipple not found.
002c:warn:wgl:display_funcs_init glPopAttrib not found.
002c:warn:wgl:display_funcs_init glPopClientAttrib not found.
002c:warn:wgl:display_funcs_init glPopMatrix not found.
002c:warn:wgl:display_funcs_init glPopName not found.
002c:warn:wgl:display_funcs_init glPrioritizeTextures not found.
002c:warn:wgl:display_funcs_init glPushAttrib not found.
002c:warn:wgl:display_funcs_init glPushClientAttrib not found.
002c:warn:wgl:display_funcs_init glPushMatrix not found.
002c:warn:wgl:display_funcs_init glPushName not found.
002c:warn:wgl:display_funcs_init glRasterPos2d not found.
002c:warn:wgl:display_funcs_init glRasterPos2dv not found.
002c:warn:wgl:display_funcs_init glRasterPos2f not found.
002c:warn:wgl:display_funcs_init glRasterPos2fv not found.
002c:warn:wgl:display_funcs_init glRasterPos2i not found.
002c:warn:wgl:display_funcs_init glRasterPos2iv not found.
002c:warn:wgl:display_funcs_init glRasterPos2s not found.
002c:warn:wgl:display_funcs_init glRasterPos2sv not found.
002c:warn:wgl:display_funcs_init glRasterPos3d not found.
002c:warn:wgl:display_funcs_init glRasterPos3dv not found.
002c:warn:wgl:display_funcs_init glRasterPos3f not found.
002c:warn:wgl:display_funcs_init glRasterPos3fv not found.
002c:warn:wgl:display_funcs_init glRasterPos3i not found.
002c:warn:wgl:display_funcs_init glRasterPos3iv not found.
002c:warn:wgl:display_funcs_init glRasterPos3s not found.
002c:warn:wgl:display_funcs_init glRasterPos3sv not found.
002c:warn:wgl:display_funcs_init glRasterPos4d not found.
002c:warn:wgl:display_funcs_init glRasterPos4dv not found.
002c:warn:wgl:display_funcs_init glRasterPos4f not found.
002c:warn:wgl:display_funcs_init glRasterPos4fv not found.
002c:warn:wgl:display_funcs_init glRasterPos4i not found.
002c:warn:wgl:display_funcs_init glRasterPos4iv not found.
002c:warn:wgl:display_funcs_init glRasterPos4s not found.
002c:warn:wgl:display_funcs_init glRasterPos4sv not found.
002c:warn:wgl:display_funcs_init glReadBuffer not found.
002c:warn:wgl:display_funcs_init glReadPixels not found.
002c:warn:wgl:display_funcs_init glRectd not found.
002c:warn:wgl:display_funcs_init glRectdv not found.
002c:warn:wgl:display_funcs_init glRectf not found.
002c:warn:wgl:display_funcs_init glRectfv not found.
002c:warn:wgl:display_funcs_init glRecti not found.
002c:warn:wgl:display_funcs_init glRectiv not found.
002c:warn:wgl:display_funcs_init glRects not found.
002c:warn:wgl:display_funcs_init glRectsv not found.
002c:warn:wgl:display_funcs_init glRenderMode not found.
002c:warn:wgl:display_funcs_init glRotated not found.
002c:warn:wgl:display_funcs_init glRotatef not found.
002c:warn:wgl:display_funcs_init glScaled not found.
002c:warn:wgl:display_funcs_init glScalef not found.
002c:warn:wgl:display_funcs_init glScissor not found.
002c:warn:wgl:display_funcs_init glSelectBuffer not found.
002c:warn:wgl:display_funcs_init glShadeModel not found.
002c:warn:wgl:display_funcs_init glStencilFunc not found.
002c:warn:wgl:display_funcs_init glStencilMask not found.
002c:warn:wgl:display_funcs_init glStencilOp not found.
002c:warn:wgl:display_funcs_init glTexCoord1d not found.
002c:warn:wgl:display_funcs_init glTexCoord1dv not found.
002c:warn:wgl:display_funcs_init glTexCoord1f not found.
002c:warn:wgl:display_funcs_init glTexCoord1fv not found.
002c:warn:wgl:display_funcs_init glTexCoord1i not found.
002c:warn:wgl:display_funcs_init glTexCoord1iv not found.
002c:warn:wgl:display_funcs_init glTexCoord1s not found.
002c:warn:wgl:display_funcs_init glTexCoord1sv not found.
002c:warn:wgl:display_funcs_init glTexCoord2d not found.
002c:warn:wgl:display_funcs_init glTexCoord2dv not found.
002c:warn:wgl:display_funcs_init glTexCoord2f not found.
002c:warn:wgl:display_funcs_init glTexCoord2fv not found.
002c:warn:wgl:display_funcs_init glTexCoord2i not found.
002c:warn:wgl:display_funcs_init glTexCoord2iv not found.
002c:warn:wgl:display_funcs_init glTexCoord2s not found.
002c:warn:wgl:display_funcs_init glTexCoord2sv not found.
002c:warn:wgl:display_funcs_init glTexCoord3d not found.
002c:warn:wgl:display_funcs_init glTexCoord3dv not found.
002c:warn:wgl:display_funcs_init glTexCoord3f not found.
002c:warn:wgl:display_funcs_init glTexCoord3fv not found.
002c:warn:wgl:display_funcs_init glTexCoord3i not found.
002c:warn:wgl:display_funcs_init glTexCoord3iv not found.
002c:warn:wgl:display_funcs_init glTexCoord3s not found.
002c:warn:wgl:display_funcs_init glTexCoord3sv not found.
002c:warn:wgl:display_funcs_init glTexCoord4d not found.
002c:warn:wgl:display_funcs_init glTexCoord4dv not found.
002c:warn:wgl:display_funcs_init glTexCoord4f not found.
002c:warn:wgl:display_funcs_init glTexCoord4fv not found.
002c:warn:wgl:display_funcs_init glTexCoord4i not found.
002c:warn:wgl:display_funcs_init glTexCoord4iv not found.
002c:warn:wgl:display_funcs_init glTexCoord4s not found.
002c:warn:wgl:display_funcs_init glTexCoord4sv not found.
002c:warn:wgl:display_funcs_init glTexCoordPointer not found.
002c:warn:wgl:display_funcs_init glTexEnvf not found.
002c:warn:wgl:display_funcs_init glTexEnvfv not found.
002c:warn:wgl:display_funcs_init glTexEnvi not found.
002c:warn:wgl:display_funcs_init glTexEnviv not found.
002c:warn:wgl:display_funcs_init glTexGend not found.
002c:warn:wgl:display_funcs_init glTexGendv not found.
002c:warn:wgl:display_funcs_init glTexGenf not found.
002c:warn:wgl:display_funcs_init glTexGenfv not found.
002c:warn:wgl:display_funcs_init glTexGeni not found.
002c:warn:wgl:display_funcs_init glTexGeniv not found.
002c:warn:wgl:display_funcs_init glTexImage1D not found.
002c:warn:wgl:display_funcs_init glTexImage2D not found.
002c:warn:wgl:display_funcs_init glTexParameterf not found.
002c:warn:wgl:display_funcs_init glTexParameterfv not found.
002c:warn:wgl:display_funcs_init glTexParameteri not found.
002c:warn:wgl:display_funcs_init glTexParameteriv not found.
002c:warn:wgl:display_funcs_init glTexSubImage1D not found.
002c:warn:wgl:display_funcs_init glTexSubImage2D not found.
002c:warn:wgl:display_funcs_init glTranslated not found.
002c:warn:wgl:display_funcs_init glTranslatef not found.
002c:warn:wgl:display_funcs_init glVertex2d not found.
002c:warn:wgl:display_funcs_init glVertex2dv not found.
002c:warn:wgl:display_funcs_init glVertex2f not found.
002c:warn:wgl:display_funcs_init glVertex2fv not found.
002c:warn:wgl:display_funcs_init glVertex2i not found.
002c:warn:wgl:display_funcs_init glVertex2iv not found.
002c:warn:wgl:display_funcs_init glVertex2s not found.
002c:warn:wgl:display_funcs_init glVertex2sv not found.
002c:warn:wgl:display_funcs_init glVertex3d not found.
002c:warn:wgl:display_funcs_init glVertex3dv not found.
002c:warn:wgl:display_funcs_init glVertex3f not found.
002c:warn:wgl:display_funcs_init glVertex3fv not found.
002c:warn:wgl:display_funcs_init glVertex3i not found.
002c:warn:wgl:display_funcs_init glVertex3iv not found.
002c:warn:wgl:display_funcs_init glVertex3s not found.
002c:warn:wgl:display_funcs_init glVertex3sv not found.
002c:warn:wgl:display_funcs_init glVertex4d not found.
002c:warn:wgl:display_funcs_init glVertex4dv not found.
002c:warn:wgl:display_funcs_init glVertex4f not found.
002c:warn:wgl:display_funcs_init glVertex4fv not found.
002c:warn:wgl:display_funcs_init glVertex4i not found.
002c:warn:wgl:display_funcs_init glVertex4iv not found.
002c:warn:wgl:display_funcs_init glVertex4s not found.
002c:warn:wgl:display_funcs_init glVertex4sv not found.
002c:warn:wgl:display_funcs_init glVertexPointer not found.
002c:warn:wgl:display_funcs_init glViewport not found.
002c:warn:wgl:display_funcs_init glAccumxOES not found.
002c:warn:wgl:display_funcs_init glAcquireKeyedMutexWin32EXT not found.
002c:warn:wgl:display_funcs_init glActiveProgramEXT not found.
002c:warn:wgl:display_funcs_init glActiveShaderProgram not found.
002c:warn:wgl:display_funcs_init glActiveStencilFaceEXT not found.
002c:warn:wgl:display_funcs_init glActiveTexture not found.
002c:warn:wgl:display_funcs_init glActiveTextureARB not found.
002c:warn:wgl:display_funcs_init glActiveVaryingNV not found.
002c:warn:wgl:display_funcs_init glAlphaFragmentOp1ATI not found.
002c:warn:wgl:display_funcs_init glAlphaFragmentOp2ATI not found.
002c:warn:wgl:display_funcs_init glAlphaFragmentOp3ATI not found.
002c:warn:wgl:display_funcs_init glAlphaFuncQCOM not found.
002c:warn:wgl:display_funcs_init glAlphaFuncx not found.
002c:warn:wgl:display_funcs_init glAlphaFuncxOES not found.
002c:warn:wgl:display_funcs_init glAlphaToCoverageDitherControlNV not found.
002c:warn:wgl:display_funcs_init glApplyFramebufferAttachmentCMAAINTEL not found.
002c:warn:wgl:display_funcs_init glApplyTextureEXT not found.
002c:warn:wgl:display_funcs_init glAreProgramsResidentNV not found.
002c:warn:wgl:display_funcs_init glAreTexturesResidentEXT not found.
002c:warn:wgl:display_funcs_init glArrayElementEXT not found.
002c:warn:wgl:display_funcs_init glArrayObjectATI not found.
002c:warn:wgl:display_funcs_init glAsyncCopyBufferSubDataNVX not found.
002c:warn:wgl:display_funcs_init glAsyncCopyImageSubDataNVX not found.
002c:warn:wgl:display_funcs_init glAsyncMarkerSGIX not found.
002c:warn:wgl:display_funcs_init glAttachObjectARB not found.
002c:warn:wgl:display_funcs_init glAttachShader not found.
002c:warn:wgl:display_funcs_init glBeginConditionalRender not found.
002c:warn:wgl:display_funcs_init glBeginConditionalRenderNV not found.
002c:warn:wgl:display_funcs_init glBeginConditionalRenderNVX not found.
002c:warn:wgl:display_funcs_init glBeginFragmentShaderATI not found.
002c:warn:wgl:display_funcs_init glBeginOcclusionQueryNV not found.
002c:warn:wgl:display_funcs_init glBeginPerfMonitorAMD not found.
002c:warn:wgl:display_funcs_init glBeginPerfQueryINTEL not found.
002c:warn:wgl:display_funcs_init glBeginQuery not found.
002c:warn:wgl:display_funcs_init glBeginQueryARB not found.
002c:warn:wgl:display_funcs_init glBeginQueryEXT not found.
002c:warn:wgl:display_funcs_init glBeginQueryIndexed not found.
002c:warn:wgl:display_funcs_init glBeginTransformFeedback not found.
002c:warn:wgl:display_funcs_init glBeginTransformFeedbackEXT not found.
002c:warn:wgl:display_funcs_init glBeginTransformFeedbackNV not found.
002c:warn:wgl:display_funcs_init glBeginVertexShaderEXT not found.
002c:warn:wgl:display_funcs_init glBeginVideoCaptureNV not found.
002c:warn:wgl:display_funcs_init glBindAttribLocation not found.
002c:warn:wgl:display_funcs_init glBindAttribLocationARB not found.
002c:warn:wgl:display_funcs_init glBindBuffer not found.
002c:warn:wgl:display_funcs_init glBindBufferARB not found.
002c:warn:wgl:display_funcs_init glBindBufferBase not found.
002c:warn:wgl:display_funcs_init glBindBufferBaseEXT not found.
002c:warn:wgl:display_funcs_init glBindBufferBaseNV not found.
002c:warn:wgl:display_funcs_init glBindBufferOffsetEXT not found.
002c:warn:wgl:display_funcs_init glBindBufferOffsetNV not found.
002c:warn:wgl:display_funcs_init glBindBufferRange not found.
002c:warn:wgl:display_funcs_init glBindBufferRangeEXT not found.
002c:warn:wgl:display_funcs_init glBindBufferRangeNV not found.
002c:warn:wgl:display_funcs_init glBindBuffersBase not found.
002c:warn:wgl:display_funcs_init glBindBuffersRange not found.
002c:warn:wgl:display_funcs_init glBindFragDataLocation not found.
002c:warn:wgl:display_funcs_init glBindFragDataLocationEXT not found.
002c:warn:wgl:display_funcs_init glBindFragDataLocationIndexed not found.
002c:warn:wgl:display_funcs_init glBindFragDataLocationIndexedEXT not found.
002c:warn:wgl:display_funcs_init glBindFragmentShaderATI not found.
002c:warn:wgl:display_funcs_init glBindFramebuffer not found.
002c:warn:wgl:display_funcs_init glBindFramebufferEXT not found.
002c:warn:wgl:display_funcs_init glBindFramebufferOES not found.
002c:warn:wgl:display_funcs_init glBindImageTexture not found.
002c:warn:wgl:display_funcs_init glBindImageTextureEXT not found.
002c:warn:wgl:display_funcs_init glBindImageTextures not found.
002c:warn:wgl:display_funcs_init glBindLightParameterEXT not found.
002c:warn:wgl:display_funcs_init glBindMaterialParameterEXT not found.
002c:warn:wgl:display_funcs_init glBindMultiTextureEXT not found.
002c:warn:wgl:display_funcs_init glBindParameterEXT not found.
002c:warn:wgl:display_funcs_init glBindProgramARB not found.
002c:warn:wgl:display_funcs_init glBindProgramNV not found.
002c:warn:wgl:display_funcs_init glBindProgramPipeline not found.
002c:warn:wgl:display_funcs_init glBindRenderbuffer not found.
002c:warn:wgl:display_funcs_init glBindRenderbufferEXT not found.
002c:warn:wgl:display_funcs_init glBindRenderbufferOES not found.
002c:warn:wgl:display_funcs_init glBindSampler not found.
002c:warn:wgl:display_funcs_init glBindSamplers not found.
002c:warn:wgl:display_funcs_init glBindShadingRateImageNV not found.
002c:warn:wgl:display_funcs_init glBindTexGenParameterEXT not found.
002c:warn:wgl:display_funcs_init glBindTextureEXT not found.
002c:warn:wgl:display_funcs_init glBindTextureUnit not found.
002c:warn:wgl:display_funcs_init glBindTextureUnitParameterEXT not found.
002c:warn:wgl:display_funcs_init glBindTextures not found.
002c:warn:wgl:display_funcs_init glBindTransformFeedback not found.
002c:warn:wgl:display_funcs_init glBindTransformFeedbackNV not found.
002c:warn:wgl:display_funcs_init glBindVertexArray not found.
002c:warn:wgl:display_funcs_init glBindVertexArrayAPPLE not found.
002c:warn:wgl:display_funcs_init glBindVertexArrayOES not found.
002c:warn:wgl:display_funcs_init glBindVertexBuffer not found.
002c:warn:wgl:display_funcs_init glBindVertexBuffers not found.
002c:warn:wgl:display_funcs_init glBindVertexShaderEXT not found.
002c:warn:wgl:display_funcs_init glBindVideoCaptureStreamBufferNV not found.
002c:warn:wgl:display_funcs_init glBindVideoCaptureStreamTextureNV not found.
002c:warn:wgl:display_funcs_init glBinormal3bEXT not found.
002c:warn:wgl:display_funcs_init glBinormal3bvEXT not found.
002c:warn:wgl:display_funcs_init glBinormal3dEXT not found.
002c:warn:wgl:display_funcs_init glBinormal3dvEXT not found.
002c:warn:wgl:display_funcs_init glBinormal3fEXT not found.
002c:warn:wgl:display_funcs_init glBinormal3fvEXT not found.
002c:warn:wgl:display_funcs_init glBinormal3iEXT not found.
002c:warn:wgl:display_funcs_init glBinormal3ivEXT not found.
002c:warn:wgl:display_funcs_init glBinormal3sEXT not found.
002c:warn:wgl:display_funcs_init glBinormal3svEXT not found.
002c:warn:wgl:display_funcs_init glBinormalPointerEXT not found.
002c:warn:wgl:display_funcs_init glBitmapxOES not found.
002c:warn:wgl:display_funcs_init glBlendBarrier not found.
002c:warn:wgl:display_funcs_init glBlendBarrierKHR not found.
002c:warn:wgl:display_funcs_init glBlendBarrierNV not found.
002c:warn:wgl:display_funcs_init glBlendColor not found.
002c:warn:wgl:display_funcs_init glBlendColorEXT not found.
002c:warn:wgl:display_funcs_init glBlendColorxOES not found.
002c:warn:wgl:display_funcs_init glBlendEquation not found.
002c:warn:wgl:display_funcs_init glBlendEquationEXT not found.
002c:warn:wgl:display_funcs_init glBlendEquationIndexedAMD not found.
002c:warn:wgl:display_funcs_init glBlendEquationOES not found.
002c:warn:wgl:display_funcs_init glBlendEquationSeparate not found.
002c:warn:wgl:display_funcs_init glBlendEquationSeparateEXT not found.
002c:warn:wgl:display_funcs_init glBlendEquationSeparateIndexedAMD not found.
002c:warn:wgl:display_funcs_init glBlendEquationSeparateOES not found.
002c:warn:wgl:display_funcs_init glBlendEquationSeparatei not found.
002c:warn:wgl:display_funcs_init glBlendEquationSeparateiARB not found.
002c:warn:wgl:display_funcs_init glBlendEquationSeparateiEXT not found.
002c:warn:wgl:display_funcs_init glBlendEquationSeparateiOES not found.
002c:warn:wgl:display_funcs_init glBlendEquationi not found.
002c:warn:wgl:display_funcs_init glBlendEquationiARB not found.
002c:warn:wgl:display_funcs_init glBlendEquationiEXT not found.
002c:warn:wgl:display_funcs_init glBlendEquationiOES not found.
002c:warn:wgl:display_funcs_init glBlendFuncIndexedAMD not found.
002c:warn:wgl:display_funcs_init glBlendFuncSeparate not found.
002c:warn:wgl:display_funcs_init glBlendFuncSeparateEXT not found.
002c:warn:wgl:display_funcs_init glBlendFuncSeparateINGR not found.
002c:warn:wgl:display_funcs_init glBlendFuncSeparateIndexedAMD not found.
002c:warn:wgl:display_funcs_init glBlendFuncSeparateOES not found.
002c:warn:wgl:display_funcs_init glBlendFuncSeparatei not found.
002c:warn:wgl:display_funcs_init glBlendFuncSeparateiARB not found.
002c:warn:wgl:display_funcs_init glBlendFuncSeparateiEXT not found.
002c:warn:wgl:display_funcs_init glBlendFuncSeparateiOES not found.
002c:warn:wgl:display_funcs_init glBlendFunci not found.
002c:warn:wgl:display_funcs_init glBlendFunciARB not found.
002c:warn:wgl:display_funcs_init glBlendFunciEXT not found.
002c:warn:wgl:display_funcs_init glBlendFunciOES not found.
002c:warn:wgl:display_funcs_init glBlendParameteriNV not found.
002c:warn:wgl:display_funcs_init glBlitFramebuffer not found.
002c:warn:wgl:display_funcs_init glBlitFramebufferANGLE not found.
002c:warn:wgl:display_funcs_init glBlitFramebufferEXT not found.
002c:warn:wgl:display_funcs_init glBlitFramebufferLayerEXT not found.
002c:warn:wgl:display_funcs_init glBlitFramebufferLayersEXT not found.
002c:warn:wgl:display_funcs_init glBlitFramebufferNV not found.
002c:warn:wgl:display_funcs_init glBlitNamedFramebuffer not found.
002c:warn:wgl:display_funcs_init glBufferAddressRangeNV not found.
002c:warn:wgl:display_funcs_init glBufferAttachMemoryNV not found.
002c:warn:wgl:display_funcs_init glBufferData not found.
002c:warn:wgl:display_funcs_init glBufferDataARB not found.
002c:warn:wgl:display_funcs_init glBufferPageCommitmentARB not found.
002c:warn:wgl:display_funcs_init glBufferPageCommitmentMemNV not found.
002c:warn:wgl:display_funcs_init glBufferParameteriAPPLE not found.
002c:warn:wgl:display_funcs_init glBufferRegionEnabled not found.
002c:warn:wgl:display_funcs_init glBufferStorage not found.
002c:warn:wgl:display_funcs_init glBufferStorageEXT not found.
002c:warn:wgl:display_funcs_init glBufferStorageMemEXT not found.
002c:warn:wgl:display_funcs_init glBufferSubData not found.
002c:warn:wgl:display_funcs_init glBufferSubDataARB not found.
002c:warn:wgl:display_funcs_init glCallCommandListNV not found.
002c:warn:wgl:display_funcs_init glCheckFramebufferStatus not found.
002c:warn:wgl:display_funcs_init glCheckFramebufferStatusEXT not found.
002c:warn:wgl:display_funcs_init glCheckFramebufferStatusOES not found.
002c:warn:wgl:display_funcs_init glCheckNamedFramebufferStatus not found.
002c:warn:wgl:display_funcs_init glCheckNamedFramebufferStatusEXT not found.
002c:warn:wgl:display_funcs_init glClampColor not found.
002c:warn:wgl:display_funcs_init glClampColorARB not found.
002c:warn:wgl:display_funcs_init glClearAccumxOES not found.
002c:warn:wgl:display_funcs_init glClearBufferData not found.
002c:warn:wgl:display_funcs_init glClearBufferSubData not found.
002c:warn:wgl:display_funcs_init glClearBufferfi not found.
002c:warn:wgl:display_funcs_init glClearBufferfv not found.
002c:warn:wgl:display_funcs_init glClearBufferiv not found.
002c:warn:wgl:display_funcs_init glClearBufferuiv not found.
002c:warn:wgl:display_funcs_init glClearColorIiEXT not found.
002c:warn:wgl:display_funcs_init glClearColorIuiEXT not found.
002c:warn:wgl:display_funcs_init glClearColorx not found.
002c:warn:wgl:display_funcs_init glClearColorxOES not found.
002c:warn:wgl:display_funcs_init glClearDepthdNV not found.
002c:warn:wgl:display_funcs_init glClearDepthf not found.
002c:warn:wgl:display_funcs_init glClearDepthfOES not found.
002c:warn:wgl:display_funcs_init glClearDepthx not found.
002c:warn:wgl:display_funcs_init glClearDepthxOES not found.
002c:warn:wgl:display_funcs_init glClearNamedBufferData not found.
002c:warn:wgl:display_funcs_init glClearNamedBufferDataEXT not found.
002c:warn:wgl:display_funcs_init glClearNamedBufferSubData not found.
002c:warn:wgl:display_funcs_init glClearNamedBufferSubDataEXT not found.
002c:warn:wgl:display_funcs_init glClearNamedFramebufferfi not found.
002c:warn:wgl:display_funcs_init glClearNamedFramebufferfv not found.
002c:warn:wgl:display_funcs_init glClearNamedFramebufferiv not found.
002c:warn:wgl:display_funcs_init glClearNamedFramebufferuiv not found.
002c:warn:wgl:display_funcs_init glClearPixelLocalStorageuiEXT not found.
002c:warn:wgl:display_funcs_init glClearTexImage not found.
002c:warn:wgl:display_funcs_init glClearTexImageEXT not found.
002c:warn:wgl:display_funcs_init glClearTexSubImage not found.
002c:warn:wgl:display_funcs_init glClearTexSubImageEXT not found.
002c:warn:wgl:display_funcs_init glClientActiveTexture not found.
002c:warn:wgl:display_funcs_init glClientActiveTextureARB not found.
002c:warn:wgl:display_funcs_init glClientActiveVertexStreamATI not found.
002c:warn:wgl:display_funcs_init glClientAttribDefaultEXT not found.
002c:warn:wgl:display_funcs_init glClientWaitSemaphoreui64NVX not found.
002c:warn:wgl:display_funcs_init glClientWaitSync not found.
002c:warn:wgl:display_funcs_init glClientWaitSyncAPPLE not found.
002c:warn:wgl:display_funcs_init glClipControl not found.
002c:warn:wgl:display_funcs_init glClipControlEXT not found.
002c:warn:wgl:display_funcs_init glClipPlanef not found.
002c:warn:wgl:display_funcs_init glClipPlanefIMG not found.
002c:warn:wgl:display_funcs_init glClipPlanefOES not found.
002c:warn:wgl:display_funcs_init glClipPlanex not found.
002c:warn:wgl:display_funcs_init glClipPlanexIMG not found.
002c:warn:wgl:display_funcs_init glClipPlanexOES not found.
002c:warn:wgl:display_funcs_init glColor3fVertex3fSUN not found.
002c:warn:wgl:display_funcs_init glColor3fVertex3fvSUN not found.
002c:warn:wgl:display_funcs_init glColor3hNV not found.
002c:warn:wgl:display_funcs_init glColor3hvNV not found.
002c:warn:wgl:display_funcs_init glColor3xOES not found.
002c:warn:wgl:display_funcs_init glColor3xvOES not found.
002c:warn:wgl:display_funcs_init glColor4fNormal3fVertex3fSUN not found.
002c:warn:wgl:display_funcs_init glColor4fNormal3fVertex3fvSUN not found.
002c:warn:wgl:display_funcs_init glColor4hNV not found.
002c:warn:wgl:display_funcs_init glColor4hvNV not found.
002c:warn:wgl:display_funcs_init glColor4ubVertex2fSUN not found.
002c:warn:wgl:display_funcs_init glColor4ubVertex2fvSUN not found.
002c:warn:wgl:display_funcs_init glColor4ubVertex3fSUN not found.
002c:warn:wgl:display_funcs_init glColor4ubVertex3fvSUN not found.
002c:warn:wgl:display_funcs_init glColor4x not found.
002c:warn:wgl:display_funcs_init glColor4xOES not found.
002c:warn:wgl:display_funcs_init glColor4xvOES not found.
002c:warn:wgl:display_funcs_init glColorFormatNV not found.
002c:warn:wgl:display_funcs_init glColorFragmentOp1ATI not found.
002c:warn:wgl:display_funcs_init glColorFragmentOp2ATI not found.
002c:warn:wgl:display_funcs_init glColorFragmentOp3ATI not found.
002c:warn:wgl:display_funcs_init glColorMaskIndexedEXT not found.
002c:warn:wgl:display_funcs_init glColorMaski not found.
002c:warn:wgl:display_funcs_init glColorMaskiEXT not found.
002c:warn:wgl:display_funcs_init glColorMaskiOES not found.
002c:warn:wgl:display_funcs_init glColorP3ui not found.
002c:warn:wgl:display_funcs_init glColorP3uiv not found.
002c:warn:wgl:display_funcs_init glColorP4ui not found.
002c:warn:wgl:display_funcs_init glColorP4uiv not found.
002c:warn:wgl:display_funcs_init glColorPointerEXT not found.
002c:warn:wgl:display_funcs_init glColorPointerListIBM not found.
002c:warn:wgl:display_funcs_init glColorPointervINTEL not found.
002c:warn:wgl:display_funcs_init glColorSubTable not found.
002c:warn:wgl:display_funcs_init glColorSubTableEXT not found.
002c:warn:wgl:display_funcs_init glColorTable not found.
002c:warn:wgl:display_funcs_init glColorTableEXT not found.
002c:warn:wgl:display_funcs_init glColorTableParameterfv not found.
002c:warn:wgl:display_funcs_init glColorTableParameterfvSGI not found.
002c:warn:wgl:display_funcs_init glColorTableParameteriv not found.
002c:warn:wgl:display_funcs_init glColorTableParameterivSGI not found.
002c:warn:wgl:display_funcs_init glColorTableSGI not found.
002c:warn:wgl:display_funcs_init glCombinerInputNV not found.
002c:warn:wgl:display_funcs_init glCombinerOutputNV not found.
002c:warn:wgl:display_funcs_init glCombinerParameterfNV not found.
002c:warn:wgl:display_funcs_init glCombinerParameterfvNV not found.
002c:warn:wgl:display_funcs_init glCombinerParameteriNV not found.
002c:warn:wgl:display_funcs_init glCombinerParameterivNV not found.
002c:warn:wgl:display_funcs_init glCombinerStageParameterfvNV not found.
002c:warn:wgl:display_funcs_init glCommandListSegmentsNV not found.
002c:warn:wgl:display_funcs_init glCompileCommandListNV not found.
002c:warn:wgl:display_funcs_init glCompileShader not found.
002c:warn:wgl:display_funcs_init glCompileShaderARB not found.
002c:warn:wgl:display_funcs_init glCompileShaderIncludeARB not found.
002c:warn:wgl:display_funcs_init glCompressedMultiTexImage1DEXT not found.
002c:warn:wgl:display_funcs_init glCompressedMultiTexImage2DEXT not found.
002c:warn:wgl:display_funcs_init glCompressedMultiTexImage3DEXT not found.
002c:warn:wgl:display_funcs_init glCompressedMultiTexSubImage1DEXT not found.
002c:warn:wgl:display_funcs_init glCompressedMultiTexSubImage2DEXT not found.
002c:warn:wgl:display_funcs_init glCompressedMultiTexSubImage3DEXT not found.
002c:warn:wgl:display_funcs_init glCompressedTexImage1D not found.
002c:warn:wgl:display_funcs_init glCompressedTexImage1DARB not found.
002c:warn:wgl:display_funcs_init glCompressedTexImage2D not found.
002c:warn:wgl:display_funcs_init glCompressedTexImage2DARB not found.
002c:warn:wgl:display_funcs_init glCompressedTexImage3D not found.
002c:warn:wgl:display_funcs_init glCompressedTexImage3DARB not found.
002c:warn:wgl:display_funcs_init glCompressedTexImage3DOES not found.
002c:warn:wgl:display_funcs_init glCompressedTexSubImage1D not found.
002c:warn:wgl:display_funcs_init glCompressedTexSubImage1DARB not found.
002c:warn:wgl:display_funcs_init glCompressedTexSubImage2D not found.
002c:warn:wgl:display_funcs_init glCompressedTexSubImage2DARB not found.
002c:warn:wgl:display_funcs_init glCompressedTexSubImage3D not found.
002c:warn:wgl:display_funcs_init glCompressedTexSubImage3DARB not found.
002c:warn:wgl:display_funcs_init glCompressedTexSubImage3DOES not found.
002c:warn:wgl:display_funcs_init glCompressedTextureImage1DEXT not found.
002c:warn:wgl:display_funcs_init glCompressedTextureImage2DEXT not found.
002c:warn:wgl:display_funcs_init glCompressedTextureImage3DEXT not found.
002c:warn:wgl:display_funcs_init glCompressedTextureSubImage1D not found.
002c:warn:wgl:display_funcs_init glCompressedTextureSubImage1DEXT not found.
002c:warn:wgl:display_funcs_init glCompressedTextureSubImage2D not found.
002c:warn:wgl:display_funcs_init glCompressedTextureSubImage2DEXT not found.
002c:warn:wgl:display_funcs_init glCompressedTextureSubImage3D not found.
002c:warn:wgl:display_funcs_init glCompressedTextureSubImage3DEXT not found.
002c:warn:wgl:display_funcs_init glConservativeRasterParameterfNV not found.
002c:warn:wgl:display_funcs_init glConservativeRasterParameteriNV not found.
002c:warn:wgl:display_funcs_init glConvolutionFilter1D not found.
002c:warn:wgl:display_funcs_init glConvolutionFilter1DEXT not found.
002c:warn:wgl:display_funcs_init glConvolutionFilter2D not found.
002c:warn:wgl:display_funcs_init glConvolutionFilter2DEXT not found.
002c:warn:wgl:display_funcs_init glConvolutionParameterf not found.
002c:warn:wgl:display_funcs_init glConvolutionParameterfEXT not found.
002c:warn:wgl:display_funcs_init glConvolutionParameterfv not found.
002c:warn:wgl:display_funcs_init glConvolutionParameterfvEXT not found.
002c:warn:wgl:display_funcs_init glConvolutionParameteri not found.
002c:warn:wgl:display_funcs_init glConvolutionParameteriEXT not found.
002c:warn:wgl:display_funcs_init glConvolutionParameteriv not found.
002c:warn:wgl:display_funcs_init glConvolutionParameterivEXT not found.
002c:warn:wgl:display_funcs_init glConvolutionParameterxOES not found.
002c:warn:wgl:display_funcs_init glConvolutionParameterxvOES not found.
002c:warn:wgl:display_funcs_init glCopyBufferSubData not found.
002c:warn:wgl:display_funcs_init glCopyBufferSubDataNV not found.
002c:warn:wgl:display_funcs_init glCopyColorSubTable not found.
002c:warn:wgl:display_funcs_init glCopyColorSubTableEXT not found.
002c:warn:wgl:display_funcs_init glCopyColorTable not found.
002c:warn:wgl:display_funcs_init glCopyColorTableSGI not found.
002c:warn:wgl:display_funcs_init glCopyConvolutionFilter1D not found.
002c:warn:wgl:display_funcs_init glCopyConvolutionFilter1DEXT not found.
002c:warn:wgl:display_funcs_init glCopyConvolutionFilter2D not found.
002c:warn:wgl:display_funcs_init glCopyConvolutionFilter2DEXT not found.
002c:warn:wgl:display_funcs_init glCopyImageSubData not found.
002c:warn:wgl:display_funcs_init glCopyImageSubDataEXT not found.
002c:warn:wgl:display_funcs_init glCopyImageSubDataNV not found.
002c:warn:wgl:display_funcs_init glCopyImageSubDataOES not found.
002c:warn:wgl:display_funcs_init glCopyMultiTexImage1DEXT not found.
002c:warn:wgl:display_funcs_init glCopyMultiTexImage2DEXT not found.
002c:warn:wgl:display_funcs_init glCopyMultiTexSubImage1DEXT not found.
002c:warn:wgl:display_funcs_init glCopyMultiTexSubImage2DEXT not found.
002c:warn:wgl:display_funcs_init glCopyMultiTexSubImage3DEXT not found.
002c:warn:wgl:display_funcs_init glCopyNamedBufferSubData not found.
002c:warn:wgl:display_funcs_init glCopyPathNV not found.
002c:warn:wgl:display_funcs_init glCopyTexImage1DEXT not found.
002c:warn:wgl:display_funcs_init glCopyTexImage2DEXT not found.
002c:warn:wgl:display_funcs_init glCopyTexSubImage1DEXT not found.
002c:warn:wgl:display_funcs_init glCopyTexSubImage2DEXT not found.
002c:warn:wgl:display_funcs_init glCopyTexSubImage3D not found.
002c:warn:wgl:display_funcs_init glCopyTexSubImage3DEXT not found.
002c:warn:wgl:display_funcs_init glCopyTexSubImage3DOES not found.
002c:warn:wgl:display_funcs_init glCopyTextureImage1DEXT not found.
002c:warn:wgl:display_funcs_init glCopyTextureImage2DEXT not found.
002c:warn:wgl:display_funcs_init glCopyTextureLevelsAPPLE not found.
002c:warn:wgl:display_funcs_init glCopyTextureSubImage1D not found.
002c:warn:wgl:display_funcs_init glCopyTextureSubImage1DEXT not found.
002c:warn:wgl:display_funcs_init glCopyTextureSubImage2D not found.
002c:warn:wgl:display_funcs_init glCopyTextureSubImage2DEXT not found.
002c:warn:wgl:display_funcs_init glCopyTextureSubImage3D not found.
002c:warn:wgl:display_funcs_init glCopyTextureSubImage3DEXT not found.
002c:warn:wgl:display_funcs_init glCoverFillPathInstancedNV not found.
002c:warn:wgl:display_funcs_init glCoverFillPathNV not found.
002c:warn:wgl:display_funcs_init glCoverStrokePathInstancedNV not found.
002c:warn:wgl:display_funcs_init glCoverStrokePathNV not found.
002c:warn:wgl:display_funcs_init glCoverageMaskNV not found.
002c:warn:wgl:display_funcs_init glCoverageModulationNV not found.
002c:warn:wgl:display_funcs_init glCoverageModulationTableNV not found.
002c:warn:wgl:display_funcs_init glCoverageOperationNV not found.
002c:warn:wgl:display_funcs_init glCreateBuffers not found.
002c:warn:wgl:display_funcs_init glCreateCommandListsNV not found.
002c:warn:wgl:display_funcs_init glCreateFramebuffers not found.
002c:warn:wgl:display_funcs_init glCreateMemoryObjectsEXT not found.
002c:warn:wgl:display_funcs_init glCreatePerfQueryINTEL not found.
002c:warn:wgl:display_funcs_init glCreateProgram not found.
002c:warn:wgl:display_funcs_init glCreateProgramObjectARB not found.
002c:warn:wgl:display_funcs_init glCreateProgramPipelines not found.
002c:warn:wgl:display_funcs_init glCreateProgressFenceNVX not found.
002c:warn:wgl:display_funcs_init glCreateQueries not found.
002c:warn:wgl:display_funcs_init glCreateRenderbuffers not found.
002c:warn:wgl:display_funcs_init glCreateSamplers not found.
002c:warn:wgl:display_funcs_init glCreateSemaphoresNV not found.
002c:warn:wgl:display_funcs_init glCreateShader not found.
002c:warn:wgl:display_funcs_init glCreateShaderObjectARB not found.
002c:warn:wgl:display_funcs_init glCreateShaderProgramEXT not found.
002c:warn:wgl:display_funcs_init glCreateShaderProgramv not found.
002c:warn:wgl:display_funcs_init glCreateStatesNV not found.
002c:warn:wgl:display_funcs_init glCreateSyncFromCLeventARB not found.
002c:warn:wgl:display_funcs_init glCreateTextures not found.
002c:warn:wgl:display_funcs_init glCreateTransformFeedbacks not found.
002c:warn:wgl:display_funcs_init glCreateVertexArrays not found.
002c:warn:wgl:display_funcs_init glCullParameterdvEXT not found.
002c:warn:wgl:display_funcs_init glCullParameterfvEXT not found.
002c:warn:wgl:display_funcs_init glCurrentPaletteMatrixARB not found.
002c:warn:wgl:display_funcs_init glCurrentPaletteMatrixOES not found.
002c:warn:wgl:display_funcs_init glDebugMessageCallback not found.
002c:warn:wgl:display_funcs_init glDebugMessageCallbackAMD not found.
002c:warn:wgl:display_funcs_init glDebugMessageCallbackARB not found.
002c:warn:wgl:display_funcs_init glDebugMessageControl not found.
002c:warn:wgl:display_funcs_init glDebugMessageControlARB not found.
002c:warn:wgl:display_funcs_init glDebugMessageEnableAMD not found.
002c:warn:wgl:display_funcs_init glDebugMessageInsert not found.
002c:warn:wgl:display_funcs_init glDebugMessageInsertAMD not found.
002c:warn:wgl:display_funcs_init glDebugMessageInsertARB not found.
002c:warn:wgl:display_funcs_init glDeformSGIX not found.
002c:warn:wgl:display_funcs_init glDeformationMap3dSGIX not found.
002c:warn:wgl:display_funcs_init glDeformationMap3fSGIX not found.
002c:warn:wgl:display_funcs_init glDeleteAsyncMarkersSGIX not found.
002c:warn:wgl:display_funcs_init glDeleteBufferRegion not found.
002c:warn:wgl:display_funcs_init glDeleteBuffers not found.
002c:warn:wgl:display_funcs_init glDeleteBuffersARB not found.
002c:warn:wgl:display_funcs_init glDeleteCommandListsNV not found.
002c:warn:wgl:display_funcs_init glDeleteFencesAPPLE not found.
002c:warn:wgl:display_funcs_init glDeleteFencesNV not found.
002c:warn:wgl:display_funcs_init glDeleteFragmentShaderATI not found.
002c:warn:wgl:display_funcs_init glDeleteFramebuffers not found.
002c:warn:wgl:display_funcs_init glDeleteFramebuffersEXT not found.
002c:warn:wgl:display_funcs_init glDeleteFramebuffersOES not found.
002c:warn:wgl:display_funcs_init glDeleteMemoryObjectsEXT not found.
002c:warn:wgl:display_funcs_init glDeleteNamedStringARB not found.
002c:warn:wgl:display_funcs_init glDeleteNamesAMD not found.
002c:warn:wgl:display_funcs_init glDeleteObjectARB not found.
002c:warn:wgl:display_funcs_init glDeleteObjectBufferATI not found.
002c:warn:wgl:display_funcs_init glDeleteOcclusionQueriesNV not found.
002c:warn:wgl:display_funcs_init glDeletePathsNV not found.
002c:warn:wgl:display_funcs_init glDeletePerfMonitorsAMD not found.
002c:warn:wgl:display_funcs_init glDeletePerfQueryINTEL not found.
002c:warn:wgl:display_funcs_init glDeleteProgram not found.
002c:warn:wgl:display_funcs_init glDeleteProgramPipelines not found.
002c:warn:wgl:display_funcs_init glDeleteProgramsARB not found.
002c:warn:wgl:display_funcs_init glDeleteProgramsNV not found.
002c:warn:wgl:display_funcs_init glDeleteQueries not found.
002c:warn:wgl:display_funcs_init glDeleteQueriesARB not found.
002c:warn:wgl:display_funcs_init glDeleteQueriesEXT not found.
002c:warn:wgl:display_funcs_init glDeleteQueryResourceTagNV not found.
002c:warn:wgl:display_funcs_init glDeleteRenderbuffers not found.
002c:warn:wgl:display_funcs_init glDeleteRenderbuffersEXT not found.
002c:warn:wgl:display_funcs_init glDeleteRenderbuffersOES not found.
002c:warn:wgl:display_funcs_init glDeleteSamplers not found.
002c:warn:wgl:display_funcs_init glDeleteSemaphoresEXT not found.
002c:warn:wgl:display_funcs_init glDeleteShader not found.
002c:warn:wgl:display_funcs_init glDeleteStatesNV not found.
002c:warn:wgl:display_funcs_init glDeleteSync not found.
002c:warn:wgl:display_funcs_init glDeleteSyncAPPLE not found.
002c:warn:wgl:display_funcs_init glDeleteTexturesEXT not found.
002c:warn:wgl:display_funcs_init glDeleteTransformFeedbacks not found.
002c:warn:wgl:display_funcs_init glDeleteTransformFeedbacksNV not found.
002c:warn:wgl:display_funcs_init glDeleteVertexArrays not found.
002c:warn:wgl:display_funcs_init glDeleteVertexArraysAPPLE not found.
002c:warn:wgl:display_funcs_init glDeleteVertexArraysOES not found.
002c:warn:wgl:display_funcs_init glDeleteVertexShaderEXT not found.
002c:warn:wgl:display_funcs_init glDepthBoundsEXT not found.
002c:warn:wgl:display_funcs_init glDepthBoundsdNV not found.
002c:warn:wgl:display_funcs_init glDepthRangeArraydvNV not found.
002c:warn:wgl:display_funcs_init glDepthRangeArrayfvNV not found.
002c:warn:wgl:display_funcs_init glDepthRangeArrayfvOES not found.
002c:warn:wgl:display_funcs_init glDepthRangeArrayv not found.
002c:warn:wgl:display_funcs_init glDepthRangeIndexed not found.
002c:warn:wgl:display_funcs_init glDepthRangeIndexeddNV not found.
002c:warn:wgl:display_funcs_init glDepthRangeIndexedfNV not found.
002c:warn:wgl:display_funcs_init glDepthRangeIndexedfOES not found.
002c:warn:wgl:display_funcs_init glDepthRangedNV not found.
002c:warn:wgl:display_funcs_init glDepthRangef not found.
002c:warn:wgl:display_funcs_init glDepthRangefOES not found.
002c:warn:wgl:display_funcs_init glDepthRangex not found.
002c:warn:wgl:display_funcs_init glDepthRangexOES not found.
002c:warn:wgl:display_funcs_init glDetachObjectARB not found.
002c:warn:wgl:display_funcs_init glDetachShader not found.
002c:warn:wgl:display_funcs_init glDetailTexFuncSGIS not found.
002c:warn:wgl:display_funcs_init glDisableClientStateIndexedEXT not found.
002c:warn:wgl:display_funcs_init glDisableClientStateiEXT not found.
002c:warn:wgl:display_funcs_init glDisableDriverControlQCOM not found.
002c:warn:wgl:display_funcs_init glDisableIndexedEXT not found.
002c:warn:wgl:display_funcs_init glDisableVariantClientStateEXT not found.
002c:warn:wgl:display_funcs_init glDisableVertexArrayAttrib not found.
002c:warn:wgl:display_funcs_init glDisableVertexArrayAttribEXT not found.
002c:warn:wgl:display_funcs_init glDisableVertexArrayEXT not found.
002c:warn:wgl:display_funcs_init glDisableVertexAttribAPPLE not found.
002c:warn:wgl:display_funcs_init glDisableVertexAttribArray not found.
002c:warn:wgl:display_funcs_init glDisableVertexAttribArrayARB not found.
002c:warn:wgl:display_funcs_init glDisablei not found.
002c:warn:wgl:display_funcs_init glDisableiEXT not found.
002c:warn:wgl:display_funcs_init glDisableiNV not found.
002c:warn:wgl:display_funcs_init glDisableiOES not found.
002c:warn:wgl:display_funcs_init glDiscardFramebufferEXT not found.
002c:warn:wgl:display_funcs_init glDispatchCompute not found.
002c:warn:wgl:display_funcs_init glDispatchComputeGroupSizeARB not found.
002c:warn:wgl:display_funcs_init glDispatchComputeIndirect not found.
002c:warn:wgl:display_funcs_init glDrawArraysEXT not found.
002c:warn:wgl:display_funcs_init glDrawArraysIndirect not found.
002c:warn:wgl:display_funcs_init glDrawArraysInstanced not found.
002c:warn:wgl:display_funcs_init glDrawArraysInstancedANGLE not found.
002c:warn:wgl:display_funcs_init glDrawArraysInstancedARB not found.
002c:warn:wgl:display_funcs_init glDrawArraysInstancedBaseInstance not found.
002c:warn:wgl:display_funcs_init glDrawArraysInstancedBaseInstanceEXT not found.
002c:warn:wgl:display_funcs_init glDrawArraysInstancedEXT not found.
002c:warn:wgl:display_funcs_init glDrawArraysInstancedNV not found.
002c:warn:wgl:display_funcs_init glDrawBufferRegion not found.
002c:warn:wgl:display_funcs_init glDrawBuffers not found.
002c:warn:wgl:display_funcs_init glDrawBuffersARB not found.
002c:warn:wgl:display_funcs_init glDrawBuffersATI not found.
002c:warn:wgl:display_funcs_init glDrawBuffersEXT not found.
002c:warn:wgl:display_funcs_init glDrawBuffersIndexedEXT not found.
002c:warn:wgl:display_funcs_init glDrawBuffersNV not found.
002c:warn:wgl:display_funcs_init glDrawCommandsAddressNV not found.
002c:warn:wgl:display_funcs_init glDrawCommandsNV not found.
002c:warn:wgl:display_funcs_init glDrawCommandsStatesAddressNV not found.
002c:warn:wgl:display_funcs_init glDrawCommandsStatesNV not found.
002c:warn:wgl:display_funcs_init glDrawElementArrayAPPLE not found.
002c:warn:wgl:display_funcs_init glDrawElementArrayATI not found.
002c:warn:wgl:display_funcs_init glDrawElementsBaseVertex not found.
002c:warn:wgl:display_funcs_init glDrawElementsBaseVertexEXT not found.
002c:warn:wgl:display_funcs_init glDrawElementsBaseVertexOES not found.
002c:warn:wgl:display_funcs_init glDrawElementsIndirect not found.
002c:warn:wgl:display_funcs_init glDrawElementsInstanced not found.
002c:warn:wgl:display_funcs_init glDrawElementsInstancedANGLE not found.
002c:warn:wgl:display_funcs_init glDrawElementsInstancedARB not found.
002c:warn:wgl:display_funcs_init glDrawElementsInstancedBaseInstance not found.
002c:warn:wgl:display_funcs_init glDrawElementsInstancedBaseInstanceEXT not found.
002c:warn:wgl:display_funcs_init glDrawElementsInstancedBaseVertex not found.
002c:warn:wgl:display_funcs_init glDrawElementsInstancedBaseVertexBaseInstance not found.
002c:warn:wgl:display_funcs_init glDrawElementsInstancedBaseVertexBaseInstanceEXT not found.
002c:warn:wgl:display_funcs_init glDrawElementsInstancedBaseVertexEXT not found.
002c:warn:wgl:display_funcs_init glDrawElementsInstancedBaseVertexOES not found.
002c:warn:wgl:display_funcs_init glDrawElementsInstancedEXT not found.
002c:warn:wgl:display_funcs_init glDrawElementsInstancedNV not found.
002c:warn:wgl:display_funcs_init glDrawMeshArraysSUN not found.
002c:warn:wgl:display_funcs_init glDrawMeshTasksEXT not found.
002c:warn:wgl:display_funcs_init glDrawMeshTasksIndirectEXT not found.
002c:warn:wgl:display_funcs_init glDrawMeshTasksIndirectNV not found.
002c:warn:wgl:display_funcs_init glDrawMeshTasksNV not found.
002c:warn:wgl:display_funcs_init glDrawRangeElementArrayAPPLE not found.
002c:warn:wgl:display_funcs_init glDrawRangeElementArrayATI not found.
002c:warn:wgl:display_funcs_init glDrawRangeElements not found.
002c:warn:wgl:display_funcs_init glDrawRangeElementsBaseVertex not found.
002c:warn:wgl:display_funcs_init glDrawRangeElementsBaseVertexEXT not found.
002c:warn:wgl:display_funcs_init glDrawRangeElementsBaseVertexOES not found.
002c:warn:wgl:display_funcs_init glDrawRangeElementsEXT not found.
002c:warn:wgl:display_funcs_init glDrawTexfOES not found.
002c:warn:wgl:display_funcs_init glDrawTexfvOES not found.
002c:warn:wgl:display_funcs_init glDrawTexiOES not found.
002c:warn:wgl:display_funcs_init glDrawTexivOES not found.
002c:warn:wgl:display_funcs_init glDrawTexsOES not found.
002c:warn:wgl:display_funcs_init glDrawTexsvOES not found.
002c:warn:wgl:display_funcs_init glDrawTextureNV not found.
002c:warn:wgl:display_funcs_init glDrawTexxOES not found.
002c:warn:wgl:display_funcs_init glDrawTexxvOES not found.
002c:warn:wgl:display_funcs_init glDrawTransformFeedback not found.
002c:warn:wgl:display_funcs_init glDrawTransformFeedbackEXT not found.
002c:warn:wgl:display_funcs_init glDrawTransformFeedbackInstanced not found.
002c:warn:wgl:display_funcs_init glDrawTransformFeedbackInstancedEXT not found.
002c:warn:wgl:display_funcs_init glDrawTransformFeedbackNV not found.
002c:warn:wgl:display_funcs_init glDrawTransformFeedbackStream not found.
002c:warn:wgl:display_funcs_init glDrawTransformFeedbackStreamInstanced not found.
002c:warn:wgl:display_funcs_init glDrawVkImageNV not found.
002c:warn:wgl:display_funcs_init glEGLImageTargetRenderbufferStorageOES not found.
002c:warn:wgl:display_funcs_init glEGLImageTargetTexStorageEXT not found.
002c:warn:wgl:display_funcs_init glEGLImageTargetTexture2DOES not found.
002c:warn:wgl:display_funcs_init glEGLImageTargetTextureStorageEXT not found.
002c:warn:wgl:display_funcs_init glEdgeFlagFormatNV not found.
002c:warn:wgl:display_funcs_init glEdgeFlagPointerEXT not found.
002c:warn:wgl:display_funcs_init glEdgeFlagPointerListIBM not found.
002c:warn:wgl:display_funcs_init glElementPointerAPPLE not found.
002c:warn:wgl:display_funcs_init glElementPointerATI not found.
002c:warn:wgl:display_funcs_init glEnableClientStateIndexedEXT not found.
002c:warn:wgl:display_funcs_init glEnableClientStateiEXT not found.
002c:warn:wgl:display_funcs_init glEnableDriverControlQCOM not found.
002c:warn:wgl:display_funcs_init glEnableIndexedEXT not found.
002c:warn:wgl:display_funcs_init glEnableVariantClientStateEXT not found.
002c:warn:wgl:display_funcs_init glEnableVertexArrayAttrib not found.
002c:warn:wgl:display_funcs_init glEnableVertexArrayAttribEXT not found.
002c:warn:wgl:display_funcs_init glEnableVertexArrayEXT not found.
002c:warn:wgl:display_funcs_init glEnableVertexAttribAPPLE not found.
002c:warn:wgl:display_funcs_init glEnableVertexAttribArray not found.
002c:warn:wgl:display_funcs_init glEnableVertexAttribArrayARB not found.
002c:warn:wgl:display_funcs_init glEnablei not found.
002c:warn:wgl:display_funcs_init glEnableiEXT not found.
002c:warn:wgl:display_funcs_init glEnableiNV not found.
002c:warn:wgl:display_funcs_init glEnableiOES not found.
002c:warn:wgl:display_funcs_init glEndConditionalRender not found.
002c:warn:wgl:display_funcs_init glEndConditionalRenderNV not found.
002c:warn:wgl:display_funcs_init glEndConditionalRenderNVX not found.
002c:warn:wgl:display_funcs_init glEndFragmentShaderATI not found.
002c:warn:wgl:display_funcs_init glEndOcclusionQueryNV not found.
002c:warn:wgl:display_funcs_init glEndPerfMonitorAMD not found.
002c:warn:wgl:display_funcs_init glEndPerfQueryINTEL not found.
002c:warn:wgl:display_funcs_init glEndQuery not found.
002c:warn:wgl:display_funcs_init glEndQueryARB not found.
002c:warn:wgl:display_funcs_init glEndQueryEXT not found.
002c:warn:wgl:display_funcs_init glEndQueryIndexed not found.
002c:warn:wgl:display_funcs_init glEndTilingQCOM not found.
002c:warn:wgl:display_funcs_init glEndTransformFeedback not found.
002c:warn:wgl:display_funcs_init glEndTransformFeedbackEXT not found.
002c:warn:wgl:display_funcs_init glEndTransformFeedbackNV not found.
002c:warn:wgl:display_funcs_init glEndVertexShaderEXT not found.
002c:warn:wgl:display_funcs_init glEndVideoCaptureNV not found.
002c:warn:wgl:display_funcs_init glEvalCoord1xOES not found.
002c:warn:wgl:display_funcs_init glEvalCoord1xvOES not found.
002c:warn:wgl:display_funcs_init glEvalCoord2xOES not found.
002c:warn:wgl:display_funcs_init glEvalCoord2xvOES not found.
002c:warn:wgl:display_funcs_init glEvalMapsNV not found.
002c:warn:wgl:display_funcs_init glEvaluateDepthValuesARB not found.
002c:warn:wgl:display_funcs_init glExecuteProgramNV not found.
002c:warn:wgl:display_funcs_init glExtGetBufferPointervQCOM not found.
002c:warn:wgl:display_funcs_init glExtGetBuffersQCOM not found.
002c:warn:wgl:display_funcs_init glExtGetFramebuffersQCOM not found.
002c:warn:wgl:display_funcs_init glExtGetProgramBinarySourceQCOM not found.
002c:warn:wgl:display_funcs_init glExtGetProgramsQCOM not found.
002c:warn:wgl:display_funcs_init glExtGetRenderbuffersQCOM not found.
002c:warn:wgl:display_funcs_init glExtGetShadersQCOM not found.
002c:warn:wgl:display_funcs_init glExtGetTexLevelParameterivQCOM not found.
002c:warn:wgl:display_funcs_init glExtGetTexSubImageQCOM not found.
002c:warn:wgl:display_funcs_init glExtGetTexturesQCOM not found.
002c:warn:wgl:display_funcs_init glExtIsProgramBinaryQCOM not found.
002c:warn:wgl:display_funcs_init glExtTexObjectStateOverrideiQCOM not found.
002c:warn:wgl:display_funcs_init glExtractComponentEXT not found.
002c:warn:wgl:display_funcs_init glExtrapolateTex2DQCOM not found.
002c:warn:wgl:display_funcs_init glFeedbackBufferxOES not found.
002c:warn:wgl:display_funcs_init glFenceSync not found.
002c:warn:wgl:display_funcs_init glFenceSyncAPPLE not found.
002c:warn:wgl:display_funcs_init glFinalCombinerInputNV not found.
002c:warn:wgl:display_funcs_init glFinishAsyncSGIX not found.
002c:warn:wgl:display_funcs_init glFinishFenceAPPLE not found.
002c:warn:wgl:display_funcs_init glFinishFenceNV not found.
002c:warn:wgl:display_funcs_init glFinishObjectAPPLE not found.
002c:warn:wgl:display_funcs_init glFinishTextureSUNX not found.
002c:warn:wgl:display_funcs_init glFlushMappedBufferRange not found.
002c:warn:wgl:display_funcs_init glFlushMappedBufferRangeAPPLE not found.
002c:warn:wgl:display_funcs_init glFlushMappedBufferRangeEXT not found.
002c:warn:wgl:display_funcs_init glFlushMappedNamedBufferRange not found.
002c:warn:wgl:display_funcs_init glFlushMappedNamedBufferRangeEXT not found.
002c:warn:wgl:display_funcs_init glFlushPixelDataRangeNV not found.
002c:warn:wgl:display_funcs_init glFlushRasterSGIX not found.
002c:warn:wgl:display_funcs_init glFlushStaticDataIBM not found.
002c:warn:wgl:display_funcs_init glFlushVertexArrayRangeAPPLE not found.
002c:warn:wgl:display_funcs_init glFlushVertexArrayRangeNV not found.
002c:warn:wgl:display_funcs_init glFogCoordFormatNV not found.
002c:warn:wgl:display_funcs_init glFogCoordPointer not found.
002c:warn:wgl:display_funcs_init glFogCoordPointerEXT not found.
002c:warn:wgl:display_funcs_init glFogCoordPointerListIBM not found.
002c:warn:wgl:display_funcs_init glFogCoordd not found.
002c:warn:wgl:display_funcs_init glFogCoorddEXT not found.
002c:warn:wgl:display_funcs_init glFogCoorddv not found.
002c:warn:wgl:display_funcs_init glFogCoorddvEXT not found.
002c:warn:wgl:display_funcs_init glFogCoordf not found.
002c:warn:wgl:display_funcs_init glFogCoordfEXT not found.
002c:warn:wgl:display_funcs_init glFogCoordfv not found.
002c:warn:wgl:display_funcs_init glFogCoordfvEXT not found.
002c:warn:wgl:display_funcs_init glFogCoordhNV not found.
002c:warn:wgl:display_funcs_init glFogCoordhvNV not found.
002c:warn:wgl:display_funcs_init glFogFuncSGIS not found.
002c:warn:wgl:display_funcs_init glFogx not found.
002c:warn:wgl:display_funcs_init glFogxOES not found.
002c:warn:wgl:display_funcs_init glFogxv not found.
002c:warn:wgl:display_funcs_init glFogxvOES not found.
002c:warn:wgl:display_funcs_init glFragmentColorMaterialSGIX not found.
002c:warn:wgl:display_funcs_init glFragmentCoverageColorNV not found.
002c:warn:wgl:display_funcs_init glFragmentLightModelfSGIX not found.
002c:warn:wgl:display_funcs_init glFragmentLightModelfvSGIX not found.
002c:warn:wgl:display_funcs_init glFragmentLightModeliSGIX not found.
002c:warn:wgl:display_funcs_init glFragmentLightModelivSGIX not found.
002c:warn:wgl:display_funcs_init glFragmentLightfSGIX not found.
002c:warn:wgl:display_funcs_init glFragmentLightfvSGIX not found.
002c:warn:wgl:display_funcs_init glFragmentLightiSGIX not found.
002c:warn:wgl:display_funcs_init glFragmentLightivSGIX not found.
002c:warn:wgl:display_funcs_init glFragmentMaterialfSGIX not found.
002c:warn:wgl:display_funcs_init glFragmentMaterialfvSGIX not found.
002c:warn:wgl:display_funcs_init glFragmentMaterialiSGIX not found.
002c:warn:wgl:display_funcs_init glFragmentMaterialivSGIX not found.
002c:warn:wgl:display_funcs_init glFrameTerminatorGREMEDY not found.
002c:warn:wgl:display_funcs_init glFrameZoomSGIX not found.
002c:warn:wgl:display_funcs_init glFramebufferDrawBufferEXT not found.
002c:warn:wgl:display_funcs_init glFramebufferDrawBuffersEXT not found.
002c:warn:wgl:display_funcs_init glFramebufferFetchBarrierEXT not found.
002c:warn:wgl:display_funcs_init glFramebufferFetchBarrierQCOM not found.
002c:warn:wgl:display_funcs_init glFramebufferFoveationConfigQCOM not found.
002c:warn:wgl:display_funcs_init glFramebufferFoveationParametersQCOM not found.
002c:warn:wgl:display_funcs_init glFramebufferParameteri not found.
002c:warn:wgl:display_funcs_init glFramebufferParameteriMESA not found.
002c:warn:wgl:display_funcs_init glFramebufferPixelLocalStorageSizeEXT not found.
002c:warn:wgl:display_funcs_init glFramebufferReadBufferEXT not found.
002c:warn:wgl:display_funcs_init glFramebufferRenderbuffer not found.
002c:warn:wgl:display_funcs_init glFramebufferRenderbufferEXT not found.
002c:warn:wgl:display_funcs_init glFramebufferRenderbufferOES not found.
002c:warn:wgl:display_funcs_init glFramebufferSampleLocationsfvARB not found.
002c:warn:wgl:display_funcs_init glFramebufferSampleLocationsfvNV not found.
002c:warn:wgl:display_funcs_init glFramebufferSamplePositionsfvAMD not found.
002c:warn:wgl:display_funcs_init glFramebufferShadingRateEXT not found.
002c:warn:wgl:display_funcs_init glFramebufferTexture not found.
002c:warn:wgl:display_funcs_init glFramebufferTexture1D not found.
002c:warn:wgl:display_funcs_init glFramebufferTexture1DEXT not found.
002c:warn:wgl:display_funcs_init glFramebufferTexture2D not found.
002c:warn:wgl:display_funcs_init glFramebufferTexture2DDownsampleIMG not found.
002c:warn:wgl:display_funcs_init glFramebufferTexture2DEXT not found.
002c:warn:wgl:display_funcs_init glFramebufferTexture2DMultisampleEXT not found.
002c:warn:wgl:display_funcs_init glFramebufferTexture2DMultisampleIMG not found.
002c:warn:wgl:display_funcs_init glFramebufferTexture2DOES not found.
002c:warn:wgl:display_funcs_init glFramebufferTexture3D not found.
002c:warn:wgl:display_funcs_init glFramebufferTexture3DEXT not found.
002c:warn:wgl:display_funcs_init glFramebufferTexture3DOES not found.
002c:warn:wgl:display_funcs_init glFramebufferTextureARB not found.
002c:warn:wgl:display_funcs_init glFramebufferTextureEXT not found.
002c:warn:wgl:display_funcs_init glFramebufferTextureFaceARB not found.
002c:warn:wgl:display_funcs_init glFramebufferTextureFaceEXT not found.
002c:warn:wgl:display_funcs_init glFramebufferTextureLayer not found.
002c:warn:wgl:display_funcs_init glFramebufferTextureLayerARB not found.
002c:warn:wgl:display_funcs_init glFramebufferTextureLayerDownsampleIMG not found.
002c:warn:wgl:display_funcs_init glFramebufferTextureLayerEXT not found.
002c:warn:wgl:display_funcs_init glFramebufferTextureMultisampleMultiviewOVR not found.
002c:warn:wgl:display_funcs_init glFramebufferTextureMultiviewOVR not found.
002c:warn:wgl:display_funcs_init glFramebufferTextureOES not found.
002c:warn:wgl:display_funcs_init glFreeObjectBufferATI not found.
002c:warn:wgl:display_funcs_init glFrustumf not found.
002c:warn:wgl:display_funcs_init glFrustumfOES not found.
002c:warn:wgl:display_funcs_init glFrustumx not found.
002c:warn:wgl:display_funcs_init glFrustumxOES not found.
002c:warn:wgl:display_funcs_init glGenAsyncMarkersSGIX not found.
002c:warn:wgl:display_funcs_init glGenBuffers not found.
002c:warn:wgl:display_funcs_init glGenBuffersARB not found.
002c:warn:wgl:display_funcs_init glGenFencesAPPLE not found.
002c:warn:wgl:display_funcs_init glGenFencesNV not found.
002c:warn:wgl:display_funcs_init glGenFragmentShadersATI not found.
002c:warn:wgl:display_funcs_init glGenFramebuffers not found.
002c:warn:wgl:display_funcs_init glGenFramebuffersEXT not found.
002c:warn:wgl:display_funcs_init glGenFramebuffersOES not found.
002c:warn:wgl:display_funcs_init glGenNamesAMD not found.
002c:warn:wgl:display_funcs_init glGenOcclusionQueriesNV not found.
002c:warn:wgl:display_funcs_init glGenPathsNV not found.
002c:warn:wgl:display_funcs_init glGenPerfMonitorsAMD not found.
002c:warn:wgl:display_funcs_init glGenProgramPipelines not found.
002c:warn:wgl:display_funcs_init glGenProgramsARB not found.
002c:warn:wgl:display_funcs_init glGenProgramsNV not found.
002c:warn:wgl:display_funcs_init glGenQueries not found.
002c:warn:wgl:display_funcs_init glGenQueriesARB not found.
002c:warn:wgl:display_funcs_init glGenQueriesEXT not found.
002c:warn:wgl:display_funcs_init glGenQueryResourceTagNV not found.
002c:warn:wgl:display_funcs_init glGenRenderbuffers not found.
002c:warn:wgl:display_funcs_init glGenRenderbuffersEXT not found.
002c:warn:wgl:display_funcs_init glGenRenderbuffersOES not found.
002c:warn:wgl:display_funcs_init glGenSamplers not found.
002c:warn:wgl:display_funcs_init glGenSemaphoresEXT not found.
002c:warn:wgl:display_funcs_init glGenSymbolsEXT not found.
002c:warn:wgl:display_funcs_init glGenTexturesEXT not found.
002c:warn:wgl:display_funcs_init glGenTransformFeedbacks not found.
002c:warn:wgl:display_funcs_init glGenTransformFeedbacksNV not found.
002c:warn:wgl:display_funcs_init glGenVertexArrays not found.
002c:warn:wgl:display_funcs_init glGenVertexArraysAPPLE not found.
002c:warn:wgl:display_funcs_init glGenVertexArraysOES not found.
002c:warn:wgl:display_funcs_init glGenVertexShadersEXT not found.
002c:warn:wgl:display_funcs_init glGenerateMipmap not found.
002c:warn:wgl:display_funcs_init glGenerateMipmapEXT not found.
002c:warn:wgl:display_funcs_init glGenerateMipmapOES not found.
002c:warn:wgl:display_funcs_init glGenerateMultiTexMipmapEXT not found.
002c:warn:wgl:display_funcs_init glGenerateTextureMipmap not found.
002c:warn:wgl:display_funcs_init glGenerateTextureMipmapEXT not found.
002c:warn:wgl:display_funcs_init glGetActiveAtomicCounterBufferiv not found.
002c:warn:wgl:display_funcs_init glGetActiveAttrib not found.
002c:warn:wgl:display_funcs_init glGetActiveAttribARB not found.
002c:warn:wgl:display_funcs_init glGetActiveSubroutineName not found.
002c:warn:wgl:display_funcs_init glGetActiveSubroutineUniformName not found.
002c:warn:wgl:display_funcs_init glGetActiveSubroutineUniformiv not found.
002c:warn:wgl:display_funcs_init glGetActiveUniform not found.
002c:warn:wgl:display_funcs_init glGetActiveUniformARB not found.
002c:warn:wgl:display_funcs_init glGetActiveUniformBlockName not found.
002c:warn:wgl:display_funcs_init glGetActiveUniformBlockiv not found.
002c:warn:wgl:display_funcs_init glGetActiveUniformName not found.
002c:warn:wgl:display_funcs_init glGetActiveUniformsiv not found.
002c:warn:wgl:display_funcs_init glGetActiveVaryingNV not found.
002c:warn:wgl:display_funcs_init glGetArrayObjectfvATI not found.
002c:warn:wgl:display_funcs_init glGetArrayObjectivATI not found.
002c:warn:wgl:display_funcs_init glGetAttachedObjectsARB not found.
002c:warn:wgl:display_funcs_init glGetAttachedShaders not found.
002c:warn:wgl:display_funcs_init glGetAttribLocation not found.
002c:warn:wgl:display_funcs_init glGetAttribLocationARB not found.
002c:warn:wgl:display_funcs_init glGetBooleanIndexedvEXT not found.
002c:warn:wgl:display_funcs_init glGetBooleani_v not found.
002c:warn:wgl:display_funcs_init glGetBufferParameteri64v not found.
002c:warn:wgl:display_funcs_init glGetBufferParameteriv not found.
002c:warn:wgl:display_funcs_init glGetBufferParameterivARB not found.
002c:warn:wgl:display_funcs_init glGetBufferParameterui64vNV not found.
002c:warn:wgl:display_funcs_init glGetBufferPointerv not found.
002c:warn:wgl:display_funcs_init glGetBufferPointervARB not found.
002c:warn:wgl:display_funcs_init glGetBufferPointervOES not found.
002c:warn:wgl:display_funcs_init glGetBufferSubData not found.
002c:warn:wgl:display_funcs_init glGetBufferSubDataARB not found.
002c:warn:wgl:display_funcs_init glGetClipPlanef not found.
002c:warn:wgl:display_funcs_init glGetClipPlanefOES not found.
002c:warn:wgl:display_funcs_init glGetClipPlanex not found.
002c:warn:wgl:display_funcs_init glGetClipPlanexOES not found.
002c:warn:wgl:display_funcs_init glGetColorTable not found.
002c:warn:wgl:display_funcs_init glGetColorTableEXT not found.
002c:warn:wgl:display_funcs_init glGetColorTableParameterfv not found.
002c:warn:wgl:display_funcs_init glGetColorTableParameterfvEXT not found.
002c:warn:wgl:display_funcs_init glGetColorTableParameterfvSGI not found.
002c:warn:wgl:display_funcs_init glGetColorTableParameteriv not found.
002c:warn:wgl:display_funcs_init glGetColorTableParameterivEXT not found.
002c:warn:wgl:display_funcs_init glGetColorTableParameterivSGI not found.
002c:warn:wgl:display_funcs_init glGetColorTableSGI not found.
002c:warn:wgl:display_funcs_init glGetCombinerInputParameterfvNV not found.
002c:warn:wgl:display_funcs_init glGetCombinerInputParameterivNV not found.
002c:warn:wgl:display_funcs_init glGetCombinerOutputParameterfvNV not found.
002c:warn:wgl:display_funcs_init glGetCombinerOutputParameterivNV not found.
002c:warn:wgl:display_funcs_init glGetCombinerStageParameterfvNV not found.
002c:warn:wgl:display_funcs_init glGetCommandHeaderNV not found.
002c:warn:wgl:display_funcs_init glGetCompressedMultiTexImageEXT not found.
002c:warn:wgl:display_funcs_init glGetCompressedTexImage not found.
002c:warn:wgl:display_funcs_init glGetCompressedTexImageARB not found.
002c:warn:wgl:display_funcs_init glGetCompressedTextureImage not found.
002c:warn:wgl:display_funcs_init glGetCompressedTextureImageEXT not found.
002c:warn:wgl:display_funcs_init glGetCompressedTextureSubImage not found.
002c:warn:wgl:display_funcs_init glGetConvolutionFilter not found.
002c:warn:wgl:display_funcs_init glGetConvolutionFilterEXT not found.
002c:warn:wgl:display_funcs_init glGetConvolutionParameterfv not found.
002c:warn:wgl:display_funcs_init glGetConvolutionParameterfvEXT not found.
002c:warn:wgl:display_funcs_init glGetConvolutionParameteriv not found.
002c:warn:wgl:display_funcs_init glGetConvolutionParameterivEXT not found.
002c:warn:wgl:display_funcs_init glGetConvolutionParameterxvOES not found.
002c:warn:wgl:display_funcs_init glGetCoverageModulationTableNV not found.
002c:warn:wgl:display_funcs_init glGetDebugMessageLog not found.
002c:warn:wgl:display_funcs_init glGetDebugMessageLogAMD not found.
002c:warn:wgl:display_funcs_init glGetDebugMessageLogARB not found.
002c:warn:wgl:display_funcs_init glGetDetailTexFuncSGIS not found.
002c:warn:wgl:display_funcs_init glGetDoubleIndexedvEXT not found.
002c:warn:wgl:display_funcs_init glGetDoublei_v not found.
002c:warn:wgl:display_funcs_init glGetDoublei_vEXT not found.
002c:warn:wgl:display_funcs_init glGetDriverControlStringQCOM not found.
002c:warn:wgl:display_funcs_init glGetDriverControlsQCOM not found.
002c:warn:wgl:display_funcs_init glGetFenceivNV not found.
002c:warn:wgl:display_funcs_init glGetFinalCombinerInputParameterfvNV not found.
002c:warn:wgl:display_funcs_init glGetFinalCombinerInputParameterivNV not found.
002c:warn:wgl:display_funcs_init glGetFirstPerfQueryIdINTEL not found.
002c:warn:wgl:display_funcs_init glGetFixedv not found.
002c:warn:wgl:display_funcs_init glGetFixedvOES not found.
002c:warn:wgl:display_funcs_init glGetFloatIndexedvEXT not found.
002c:warn:wgl:display_funcs_init glGetFloati_v not found.
002c:warn:wgl:display_funcs_init glGetFloati_vEXT not found.
002c:warn:wgl:display_funcs_init glGetFloati_vNV not found.
002c:warn:wgl:display_funcs_init glGetFloati_vOES not found.
002c:warn:wgl:display_funcs_init glGetFogFuncSGIS not found.
002c:warn:wgl:display_funcs_init glGetFragDataIndex not found.
002c:warn:wgl:display_funcs_init glGetFragDataIndexEXT not found.
002c:warn:wgl:display_funcs_init glGetFragDataLocation not found.
002c:warn:wgl:display_funcs_init glGetFragDataLocationEXT not found.
002c:warn:wgl:display_funcs_init glGetFragmentLightfvSGIX not found.
002c:warn:wgl:display_funcs_init glGetFragmentLightivSGIX not found.
002c:warn:wgl:display_funcs_init glGetFragmentMaterialfvSGIX not found.
002c:warn:wgl:display_funcs_init glGetFragmentMaterialivSGIX not found.
002c:warn:wgl:display_funcs_init glGetFragmentShadingRatesEXT not found.
002c:warn:wgl:display_funcs_init glGetFramebufferAttachmentParameteriv not found.
002c:warn:wgl:display_funcs_init glGetFramebufferAttachmentParameterivEXT not found.
002c:warn:wgl:display_funcs_init glGetFramebufferAttachmentParameterivOES not found.
002c:warn:wgl:display_funcs_init glGetFramebufferParameterfvAMD not found.
002c:warn:wgl:display_funcs_init glGetFramebufferParameteriv not found.
002c:warn:wgl:display_funcs_init glGetFramebufferParameterivEXT not found.
002c:warn:wgl:display_funcs_init glGetFramebufferParameterivMESA not found.
002c:warn:wgl:display_funcs_init glGetFramebufferPixelLocalStorageSizeEXT not found.
002c:warn:wgl:display_funcs_init glGetGraphicsResetStatus not found.
002c:warn:wgl:display_funcs_init glGetGraphicsResetStatusARB not found.
002c:warn:wgl:display_funcs_init glGetGraphicsResetStatusEXT not found.
002c:warn:wgl:display_funcs_init glGetHandleARB not found.
002c:warn:wgl:display_funcs_init glGetHistogram not found.
002c:warn:wgl:display_funcs_init glGetHistogramEXT not found.
002c:warn:wgl:display_funcs_init glGetHistogramParameterfv not found.
002c:warn:wgl:display_funcs_init glGetHistogramParameterfvEXT not found.
002c:warn:wgl:display_funcs_init glGetHistogramParameteriv not found.
002c:warn:wgl:display_funcs_init glGetHistogramParameterivEXT not found.
002c:warn:wgl:display_funcs_init glGetHistogramParameterxvOES not found.
002c:warn:wgl:display_funcs_init glGetImageHandleARB not found.
002c:warn:wgl:display_funcs_init glGetImageHandleNV not found.
002c:warn:wgl:display_funcs_init glGetImageTransformParameterfvHP not found.
002c:warn:wgl:display_funcs_init glGetImageTransformParameterivHP not found.
002c:warn:wgl:display_funcs_init glGetInfoLogARB not found.
002c:warn:wgl:display_funcs_init glGetInstrumentsSGIX not found.
002c:warn:wgl:display_funcs_init glGetInteger64i_v not found.
002c:warn:wgl:display_funcs_init glGetInteger64v not found.
002c:warn:wgl:display_funcs_init glGetInteger64vAPPLE not found.
002c:warn:wgl:display_funcs_init glGetInteger64vEXT not found.
002c:warn:wgl:display_funcs_init glGetIntegerIndexedvEXT not found.
002c:warn:wgl:display_funcs_init glGetIntegeri_v not found.
002c:warn:wgl:display_funcs_init glGetIntegeri_vEXT not found.
002c:warn:wgl:display_funcs_init glGetIntegerui64i_vNV not found.
002c:warn:wgl:display_funcs_init glGetIntegerui64vNV not found.
002c:warn:wgl:display_funcs_init glGetInternalformatSampleivNV not found.
002c:warn:wgl:display_funcs_init glGetInternalformati64v not found.
002c:warn:wgl:display_funcs_init glGetInternalformativ not found.
002c:warn:wgl:display_funcs_init glGetInvariantBooleanvEXT not found.
002c:warn:wgl:display_funcs_init glGetInvariantFloatvEXT not found.
002c:warn:wgl:display_funcs_init glGetInvariantIntegervEXT not found.
002c:warn:wgl:display_funcs_init glGetLightxOES not found.
002c:warn:wgl:display_funcs_init glGetLightxv not found.
002c:warn:wgl:display_funcs_init glGetListParameterfvSGIX not found.
002c:warn:wgl:display_funcs_init glGetListParameterivSGIX not found.
002c:warn:wgl:display_funcs_init glGetLocalConstantBooleanvEXT not found.
002c:warn:wgl:display_funcs_init glGetLocalConstantFloatvEXT not found.
002c:warn:wgl:display_funcs_init glGetLocalConstantIntegervEXT not found.
002c:warn:wgl:display_funcs_init glGetMapAttribParameterfvNV not found.
002c:warn:wgl:display_funcs_init glGetMapAttribParameterivNV not found.
002c:warn:wgl:display_funcs_init glGetMapControlPointsNV not found.
002c:warn:wgl:display_funcs_init glGetMapParameterfvNV not found.
002c:warn:wgl:display_funcs_init glGetMapParameterivNV not found.
002c:warn:wgl:display_funcs_init glGetMapxvOES not found.
002c:warn:wgl:display_funcs_init glGetMaterialxOES not found.
002c:warn:wgl:display_funcs_init glGetMaterialxv not found.
002c:warn:wgl:display_funcs_init glGetMemoryObjectDetachedResourcesuivNV not found.
002c:warn:wgl:display_funcs_init glGetMemoryObjectParameterivEXT not found.
002c:warn:wgl:display_funcs_init glGetMinmax not found.
002c:warn:wgl:display_funcs_init glGetMinmaxEXT not found.
002c:warn:wgl:display_funcs_init glGetMinmaxParameterfv not found.
002c:warn:wgl:display_funcs_init glGetMinmaxParameterfvEXT not found.
002c:warn:wgl:display_funcs_init glGetMinmaxParameteriv not found.
002c:warn:wgl:display_funcs_init glGetMinmaxParameterivEXT not found.
002c:warn:wgl:display_funcs_init glGetMultiTexEnvfvEXT not found.
002c:warn:wgl:display_funcs_init glGetMultiTexEnvivEXT not found.
002c:warn:wgl:display_funcs_init glGetMultiTexGendvEXT not found.
002c:warn:wgl:display_funcs_init glGetMultiTexGenfvEXT not found.
002c:warn:wgl:display_funcs_init glGetMultiTexGenivEXT not found.
002c:warn:wgl:display_funcs_init glGetMultiTexImageEXT not found.
002c:warn:wgl:display_funcs_init glGetMultiTexLevelParameterfvEXT not found.
002c:warn:wgl:display_funcs_init glGetMultiTexLevelParameterivEXT not found.
002c:warn:wgl:display_funcs_init glGetMultiTexParameterIivEXT not found.
002c:warn:wgl:display_funcs_init glGetMultiTexParameterIuivEXT not found.
002c:warn:wgl:display_funcs_init glGetMultiTexParameterfvEXT not found.
002c:warn:wgl:display_funcs_init glGetMultiTexParameterivEXT not found.
002c:warn:wgl:display_funcs_init glGetMultisamplefv not found.
002c:warn:wgl:display_funcs_init glGetMultisamplefvNV not found.
002c:warn:wgl:display_funcs_init glGetNamedBufferParameteri64v not found.
002c:warn:wgl:display_funcs_init glGetNamedBufferParameteriv not found.
002c:warn:wgl:display_funcs_init glGetNamedBufferParameterivEXT not found.
002c:warn:wgl:display_funcs_init glGetNamedBufferParameterui64vNV not found.
002c:warn:wgl:display_funcs_init glGetNamedBufferPointerv not found.
002c:warn:wgl:display_funcs_init glGetNamedBufferPointervEXT not found.
002c:warn:wgl:display_funcs_init glGetNamedBufferSubData not found.
002c:warn:wgl:display_funcs_init glGetNamedBufferSubDataEXT not found.
002c:warn:wgl:display_funcs_init glGetNamedFramebufferAttachmentParameteriv not found.
002c:warn:wgl:display_funcs_init glGetNamedFramebufferAttachmentParameterivEXT not found.
002c:warn:wgl:display_funcs_init glGetNamedFramebufferParameterfvAMD not found.
002c:warn:wgl:display_funcs_init glGetNamedFramebufferParameteriv not found.
002c:warn:wgl:display_funcs_init glGetNamedFramebufferParameterivEXT not found.
002c:warn:wgl:display_funcs_init glGetNamedProgramLocalParameterIivEXT not found.
002c:warn:wgl:display_funcs_init glGetNamedProgramLocalParameterIuivEXT not found.
002c:warn:wgl:display_funcs_init glGetNamedProgramLocalParameterdvEXT not found.
002c:warn:wgl:display_funcs_init glGetNamedProgramLocalParameterfvEXT not found.
002c:warn:wgl:display_funcs_init glGetNamedProgramStringEXT not found.
002c:warn:wgl:display_funcs_init glGetNamedProgramivEXT not found.
002c:warn:wgl:display_funcs_init glGetNamedRenderbufferParameteriv not found.
002c:warn:wgl:display_funcs_init glGetNamedRenderbufferParameterivEXT not found.
002c:warn:wgl:display_funcs_init glGetNamedStringARB not found.
002c:warn:wgl:display_funcs_init glGetNamedStringivARB not found.
002c:warn:wgl:display_funcs_init glGetNextPerfQueryIdINTEL not found.
002c:warn:wgl:display_funcs_init glGetObjectBufferfvATI not found.
002c:warn:wgl:display_funcs_init glGetObjectBufferivATI not found.
002c:warn:wgl:display_funcs_init glGetObjectLabel not found.
002c:warn:wgl:display_funcs_init glGetObjectLabelEXT not found.
002c:warn:wgl:display_funcs_init glGetObjectParameterfvARB not found.
002c:warn:wgl:display_funcs_init glGetObjectParameterivAPPLE not found.
002c:warn:wgl:display_funcs_init glGetObjectParameterivARB not found.
002c:warn:wgl:display_funcs_init glGetObjectPtrLabel not found.
002c:warn:wgl:display_funcs_init glGetOcclusionQueryivNV not found.
002c:warn:wgl:display_funcs_init glGetOcclusionQueryuivNV not found.
002c:warn:wgl:display_funcs_init glGetPathColorGenfvNV not found.
002c:warn:wgl:display_funcs_init glGetPathColorGenivNV not found.
002c:warn:wgl:display_funcs_init glGetPathCommandsNV not found.
002c:warn:wgl:display_funcs_init glGetPathCoordsNV not found.
002c:warn:wgl:display_funcs_init glGetPathDashArrayNV not found.
002c:warn:wgl:display_funcs_init glGetPathLengthNV not found.
002c:warn:wgl:display_funcs_init glGetPathMetricRangeNV not found.
002c:warn:wgl:display_funcs_init glGetPathMetricsNV not found.
002c:warn:wgl:display_funcs_init glGetPathParameterfvNV not found.
002c:warn:wgl:display_funcs_init glGetPathParameterivNV not found.
002c:warn:wgl:display_funcs_init glGetPathSpacingNV not found.
002c:warn:wgl:display_funcs_init glGetPathTexGenfvNV not found.
002c:warn:wgl:display_funcs_init glGetPathTexGenivNV not found.
002c:warn:wgl:display_funcs_init glGetPerfCounterInfoINTEL not found.
002c:warn:wgl:display_funcs_init glGetPerfMonitorCounterDataAMD not found.
002c:warn:wgl:display_funcs_init glGetPerfMonitorCounterInfoAMD not found.
002c:warn:wgl:display_funcs_init glGetPerfMonitorCounterStringAMD not found.
002c:warn:wgl:display_funcs_init glGetPerfMonitorCountersAMD not found.
002c:warn:wgl:display_funcs_init glGetPerfMonitorGroupStringAMD not found.
002c:warn:wgl:display_funcs_init glGetPerfMonitorGroupsAMD not found.
002c:warn:wgl:display_funcs_init glGetPerfQueryDataINTEL not found.
002c:warn:wgl:display_funcs_init glGetPerfQueryIdByNameINTEL not found.
002c:warn:wgl:display_funcs_init glGetPerfQueryInfoINTEL not found.
002c:warn:wgl:display_funcs_init glGetPixelMapxv not found.
002c:warn:wgl:display_funcs_init glGetPixelTexGenParameterfvSGIS not found.
002c:warn:wgl:display_funcs_init glGetPixelTexGenParameterivSGIS not found.
002c:warn:wgl:display_funcs_init glGetPixelTransformParameterfvEXT not found.
002c:warn:wgl:display_funcs_init glGetPixelTransformParameterivEXT not found.
002c:warn:wgl:display_funcs_init glGetPointerIndexedvEXT not found.
002c:warn:wgl:display_funcs_init glGetPointeri_vEXT not found.
002c:warn:wgl:display_funcs_init glGetPointervEXT not found.
002c:warn:wgl:display_funcs_init glGetProgramBinary not found.
002c:warn:wgl:display_funcs_init glGetProgramBinaryOES not found.
002c:warn:wgl:display_funcs_init glGetProgramEnvParameterIivNV not found.
002c:warn:wgl:display_funcs_init glGetProgramEnvParameterIuivNV not found.
002c:warn:wgl:display_funcs_init glGetProgramEnvParameterdvARB not found.
002c:warn:wgl:display_funcs_init glGetProgramEnvParameterfvARB not found.
002c:warn:wgl:display_funcs_init glGetProgramInfoLog not found.
002c:warn:wgl:display_funcs_init glGetProgramInterfaceiv not found.
002c:warn:wgl:display_funcs_init glGetProgramLocalParameterIivNV not found.
002c:warn:wgl:display_funcs_init glGetProgramLocalParameterIuivNV not found.
002c:warn:wgl:display_funcs_init glGetProgramLocalParameterdvARB not found.
002c:warn:wgl:display_funcs_init glGetProgramLocalParameterfvARB not found.
002c:warn:wgl:display_funcs_init glGetProgramNamedParameterdvNV not found.
002c:warn:wgl:display_funcs_init glGetProgramNamedParameterfvNV not found.
002c:warn:wgl:display_funcs_init glGetProgramParameterdvNV not found.
002c:warn:wgl:display_funcs_init glGetProgramParameterfvNV not found.
002c:warn:wgl:display_funcs_init glGetProgramPipelineInfoLog not found.
002c:warn:wgl:display_funcs_init glGetProgramPipelineiv not found.
002c:warn:wgl:display_funcs_init glGetProgramResourceIndex not found.
002c:warn:wgl:display_funcs_init glGetProgramResourceLocation not found.
002c:warn:wgl:display_funcs_init glGetProgramResourceLocationIndex not found.
002c:warn:wgl:display_funcs_init glGetProgramResourceLocationIndexEXT not found.
002c:warn:wgl:display_funcs_init glGetProgramResourceName not found.
002c:warn:wgl:display_funcs_init glGetProgramResourcefvNV not found.
002c:warn:wgl:display_funcs_init glGetProgramResourceiv not found.
002c:warn:wgl:display_funcs_init glGetProgramStageiv not found.
002c:warn:wgl:display_funcs_init glGetProgramStringARB not found.
002c:warn:wgl:display_funcs_init glGetProgramStringNV not found.
002c:warn:wgl:display_funcs_init glGetProgramSubroutineParameteruivNV not found.
002c:warn:wgl:display_funcs_init glGetProgramiv not found.
002c:warn:wgl:display_funcs_init glGetProgramivARB not found.
002c:warn:wgl:display_funcs_init glGetProgramivNV not found.
002c:warn:wgl:display_funcs_init glGetQueryBufferObjecti64v not found.
002c:warn:wgl:display_funcs_init glGetQueryBufferObjectiv not found.
002c:warn:wgl:display_funcs_init glGetQueryBufferObjectui64v not found.
002c:warn:wgl:display_funcs_init glGetQueryBufferObjectuiv not found.
002c:warn:wgl:display_funcs_init glGetQueryIndexediv not found.
002c:warn:wgl:display_funcs_init glGetQueryObjecti64v not found.
002c:warn:wgl:display_funcs_init glGetQueryObjecti64vEXT not found.
002c:warn:wgl:display_funcs_init glGetQueryObjectiv not found.
002c:warn:wgl:display_funcs_init glGetQueryObjectivARB not found.
002c:warn:wgl:display_funcs_init glGetQueryObjectivEXT not found.
002c:warn:wgl:display_funcs_init glGetQueryObjectui64v not found.
002c:warn:wgl:display_funcs_init glGetQueryObjectui64vEXT not found.
002c:warn:wgl:display_funcs_init glGetQueryObjectuiv not found.
002c:warn:wgl:display_funcs_init glGetQueryObjectuivARB not found.
002c:warn:wgl:display_funcs_init glGetQueryObjectuivEXT not found.
002c:warn:wgl:display_funcs_init glGetQueryiv not found.
002c:warn:wgl:display_funcs_init glGetQueryivARB not found.
002c:warn:wgl:display_funcs_init glGetQueryivEXT not found.
002c:warn:wgl:display_funcs_init glGetRenderbufferParameteriv not found.
002c:warn:wgl:display_funcs_init glGetRenderbufferParameterivEXT not found.
002c:warn:wgl:display_funcs_init glGetRenderbufferParameterivOES not found.
002c:warn:wgl:display_funcs_init glGetSamplerParameterIiv not found.
002c:warn:wgl:display_funcs_init glGetSamplerParameterIivEXT not found.
002c:warn:wgl:display_funcs_init glGetSamplerParameterIivOES not found.
002c:warn:wgl:display_funcs_init glGetSamplerParameterIuiv not found.
002c:warn:wgl:display_funcs_init glGetSamplerParameterIuivEXT not found.
002c:warn:wgl:display_funcs_init glGetSamplerParameterIuivOES not found.
002c:warn:wgl:display_funcs_init glGetSamplerParameterfv not found.
002c:warn:wgl:display_funcs_init glGetSamplerParameteriv not found.
002c:warn:wgl:display_funcs_init glGetSemaphoreParameterivNV not found.
002c:warn:wgl:display_funcs_init glGetSemaphoreParameterui64vEXT not found.
002c:warn:wgl:display_funcs_init glGetSeparableFilter not found.
002c:warn:wgl:display_funcs_init glGetSeparableFilterEXT not found.
002c:warn:wgl:display_funcs_init glGetShaderInfoLog not found.
002c:warn:wgl:display_funcs_init glGetShaderPrecisionFormat not found.
002c:warn:wgl:display_funcs_init glGetShaderSource not found.
002c:warn:wgl:display_funcs_init glGetShaderSourceARB not found.
002c:warn:wgl:display_funcs_init glGetShaderiv not found.
002c:warn:wgl:display_funcs_init glGetShadingRateImagePaletteNV not found.
002c:warn:wgl:display_funcs_init glGetShadingRateSampleLocationivNV not found.
002c:warn:wgl:display_funcs_init glGetSharpenTexFuncSGIS not found.
002c:warn:wgl:display_funcs_init glGetStageIndexNV not found.
002c:warn:wgl:display_funcs_init glGetStringi not found.
002c:warn:wgl:display_funcs_init glGetSubroutineIndex not found.
002c:warn:wgl:display_funcs_init glGetSubroutineUniformLocation not found.
002c:warn:wgl:display_funcs_init glGetSynciv not found.
002c:warn:wgl:display_funcs_init glGetSyncivAPPLE not found.
002c:warn:wgl:display_funcs_init glGetTexBumpParameterfvATI not found.
002c:warn:wgl:display_funcs_init glGetTexBumpParameterivATI not found.
002c:warn:wgl:display_funcs_init glGetTexEnvxv not found.
002c:warn:wgl:display_funcs_init glGetTexEnvxvOES not found.
002c:warn:wgl:display_funcs_init glGetTexFilterFuncSGIS not found.
002c:warn:wgl:display_funcs_init glGetTexGenfvOES not found.
002c:warn:wgl:display_funcs_init glGetTexGenivOES not found.
002c:warn:wgl:display_funcs_init glGetTexGenxvOES not found.
002c:warn:wgl:display_funcs_init glGetTexLevelParameterxvOES not found.
002c:warn:wgl:display_funcs_init glGetTexParameterIiv not found.
002c:warn:wgl:display_funcs_init glGetTexParameterIivEXT not found.
002c:warn:wgl:display_funcs_init glGetTexParameterIivOES not found.
002c:warn:wgl:display_funcs_init glGetTexParameterIuiv not found.
002c:warn:wgl:display_funcs_init glGetTexParameterIuivEXT not found.
002c:warn:wgl:display_funcs_init glGetTexParameterIuivOES not found.
002c:warn:wgl:display_funcs_init glGetTexParameterPointervAPPLE not found.
002c:warn:wgl:display_funcs_init glGetTexParameterxv not found.
002c:warn:wgl:display_funcs_init glGetTexParameterxvOES not found.
002c:warn:wgl:display_funcs_init glGetTextureHandleARB not found.
002c:warn:wgl:display_funcs_init glGetTextureHandleIMG not found.
002c:warn:wgl:display_funcs_init glGetTextureHandleNV not found.
002c:warn:wgl:display_funcs_init glGetTextureImage not found.
002c:warn:wgl:display_funcs_init glGetTextureImageEXT not found.
002c:warn:wgl:display_funcs_init glGetTextureLevelParameterfv not found.
002c:warn:wgl:display_funcs_init glGetTextureLevelParameterfvEXT not found.
002c:warn:wgl:display_funcs_init glGetTextureLevelParameteriv not found.
002c:warn:wgl:display_funcs_init glGetTextureLevelParameterivEXT not found.
002c:warn:wgl:display_funcs_init glGetTextureParameterIiv not found.
002c:warn:wgl:display_funcs_init glGetTextureParameterIivEXT not found.
002c:warn:wgl:display_funcs_init glGetTextureParameterIuiv not found.
002c:warn:wgl:display_funcs_init glGetTextureParameterIuivEXT not found.
002c:warn:wgl:display_funcs_init glGetTextureParameterfv not found.
002c:warn:wgl:display_funcs_init glGetTextureParameterfvEXT not found.
002c:warn:wgl:display_funcs_init glGetTextureParameteriv not found.
002c:warn:wgl:display_funcs_init glGetTextureParameterivEXT not found.
002c:warn:wgl:display_funcs_init glGetTextureSamplerHandleARB not found.
002c:warn:wgl:display_funcs_init glGetTextureSamplerHandleIMG not found.
002c:warn:wgl:display_funcs_init glGetTextureSamplerHandleNV not found.
002c:warn:wgl:display_funcs_init glGetTextureSubImage not found.
002c:warn:wgl:display_funcs_init glGetTrackMatrixivNV not found.
002c:warn:wgl:display_funcs_init glGetTransformFeedbackVarying not found.
002c:warn:wgl:display_funcs_init glGetTransformFeedbackVaryingEXT not found.
002c:warn:wgl:display_funcs_init glGetTransformFeedbackVaryingNV not found.
002c:warn:wgl:display_funcs_init glGetTransformFeedbacki64_v not found.
002c:warn:wgl:display_funcs_init glGetTransformFeedbacki_v not found.
002c:warn:wgl:display_funcs_init glGetTransformFeedbackiv not found.
002c:warn:wgl:display_funcs_init glGetTranslatedShaderSourceANGLE not found.
002c:warn:wgl:display_funcs_init glGetUniformBlockIndex not found.
002c:warn:wgl:display_funcs_init glGetUniformBufferSizeEXT not found.
002c:warn:wgl:display_funcs_init glGetUniformIndices not found.
002c:warn:wgl:display_funcs_init glGetUniformLocation not found.
002c:warn:wgl:display_funcs_init glGetUniformLocationARB not found.
002c:warn:wgl:display_funcs_init glGetUniformOffsetEXT not found.
002c:warn:wgl:display_funcs_init glGetUniformSubroutineuiv not found.
002c:warn:wgl:display_funcs_init glGetUniformdv not found.
002c:warn:wgl:display_funcs_init glGetUniformfv not found.
002c:warn:wgl:display_funcs_init glGetUniformfvARB not found.
002c:warn:wgl:display_funcs_init glGetUniformi64vARB not found.
002c:warn:wgl:display_funcs_init glGetUniformi64vNV not found.
002c:warn:wgl:display_funcs_init glGetUniformiv not found.
002c:warn:wgl:display_funcs_init glGetUniformivARB not found.
002c:warn:wgl:display_funcs_init glGetUniformui64vARB not found.
002c:warn:wgl:display_funcs_init glGetUniformui64vNV not found.
002c:warn:wgl:display_funcs_init glGetUniformuiv not found.
002c:warn:wgl:display_funcs_init glGetUniformuivEXT not found.
002c:warn:wgl:display_funcs_init glGetUnsignedBytei_vEXT not found.
002c:warn:wgl:display_funcs_init glGetUnsignedBytevEXT not found.
002c:warn:wgl:display_funcs_init glGetVariantArrayObjectfvATI not found.
002c:warn:wgl:display_funcs_init glGetVariantArrayObjectivATI not found.
002c:warn:wgl:display_funcs_init glGetVariantBooleanvEXT not found.
002c:warn:wgl:display_funcs_init glGetVariantFloatvEXT not found.
002c:warn:wgl:display_funcs_init glGetVariantIntegervEXT not found.
002c:warn:wgl:display_funcs_init glGetVariantPointervEXT not found.
002c:warn:wgl:display_funcs_init glGetVaryingLocationNV not found.
002c:warn:wgl:display_funcs_init glGetVertexArrayIndexed64iv not found.
002c:warn:wgl:display_funcs_init glGetVertexArrayIndexediv not found.
002c:warn:wgl:display_funcs_init glGetVertexArrayIntegeri_vEXT not found.
002c:warn:wgl:display_funcs_init glGetVertexArrayIntegervEXT not found.
002c:warn:wgl:display_funcs_init glGetVertexArrayPointeri_vEXT not found.
002c:warn:wgl:display_funcs_init glGetVertexArrayPointervEXT not found.
002c:warn:wgl:display_funcs_init glGetVertexArrayiv not found.
002c:warn:wgl:display_funcs_init glGetVertexAttribArrayObjectfvATI not found.
002c:warn:wgl:display_funcs_init glGetVertexAttribArrayObjectivATI not found.
002c:warn:wgl:display_funcs_init glGetVertexAttribIiv not found.
002c:warn:wgl:display_funcs_init glGetVertexAttribIivEXT not found.
002c:warn:wgl:display_funcs_init glGetVertexAttribIuiv not found.
002c:warn:wgl:display_funcs_init glGetVertexAttribIuivEXT not found.
002c:warn:wgl:display_funcs_init glGetVertexAttribLdv not found.
002c:warn:wgl:display_funcs_init glGetVertexAttribLdvEXT not found.
002c:warn:wgl:display_funcs_init glGetVertexAttribLi64vNV not found.
002c:warn:wgl:display_funcs_init glGetVertexAttribLui64vARB not found.
002c:warn:wgl:display_funcs_init glGetVertexAttribLui64vNV not found.
002c:warn:wgl:display_funcs_init glGetVertexAttribPointerv not found.
002c:warn:wgl:display_funcs_init glGetVertexAttribPointervARB not found.
002c:warn:wgl:display_funcs_init glGetVertexAttribPointervNV not found.
002c:warn:wgl:display_funcs_init glGetVertexAttribdv not found.
002c:warn:wgl:display_funcs_init glGetVertexAttribdvARB not found.
002c:warn:wgl:display_funcs_init glGetVertexAttribdvNV not found.
002c:warn:wgl:display_funcs_init glGetVertexAttribfv not found.
002c:warn:wgl:display_funcs_init glGetVertexAttribfvARB not found.
002c:warn:wgl:display_funcs_init glGetVertexAttribfvNV not found.
002c:warn:wgl:display_funcs_init glGetVertexAttribiv not found.
002c:warn:wgl:display_funcs_init glGetVertexAttribivARB not found.
002c:warn:wgl:display_funcs_init glGetVertexAttribivNV not found.
002c:warn:wgl:display_funcs_init glGetVideoCaptureStreamdvNV not found.
002c:warn:wgl:display_funcs_init glGetVideoCaptureStreamfvNV not found.
002c:warn:wgl:display_funcs_init glGetVideoCaptureStreamivNV not found.
002c:warn:wgl:display_funcs_init glGetVideoCaptureivNV not found.
002c:warn:wgl:display_funcs_init glGetVideoi64vNV not found.
002c:warn:wgl:display_funcs_init glGetVideoivNV not found.
002c:warn:wgl:display_funcs_init glGetVideoui64vNV not found.
002c:warn:wgl:display_funcs_init glGetVideouivNV not found.
002c:warn:wgl:display_funcs_init glGetVkProcAddrNV not found.
002c:warn:wgl:display_funcs_init glGetnColorTable not found.
002c:warn:wgl:display_funcs_init glGetnColorTableARB not found.
002c:warn:wgl:display_funcs_init glGetnCompressedTexImage not found.
002c:warn:wgl:display_funcs_init glGetnCompressedTexImageARB not found.
002c:warn:wgl:display_funcs_init glGetnConvolutionFilter not found.
002c:warn:wgl:display_funcs_init glGetnConvolutionFilterARB not found.
002c:warn:wgl:display_funcs_init glGetnHistogram not found.
002c:warn:wgl:display_funcs_init glGetnHistogramARB not found.
002c:warn:wgl:display_funcs_init glGetnMapdv not found.
002c:warn:wgl:display_funcs_init glGetnMapdvARB not found.
002c:warn:wgl:display_funcs_init glGetnMapfv not found.
002c:warn:wgl:display_funcs_init glGetnMapfvARB not found.
002c:warn:wgl:display_funcs_init glGetnMapiv not found.
002c:warn:wgl:display_funcs_init glGetnMapivARB not found.
002c:warn:wgl:display_funcs_init glGetnMinmax not found.
002c:warn:wgl:display_funcs_init glGetnMinmaxARB not found.
002c:warn:wgl:display_funcs_init glGetnPixelMapfv not found.
002c:warn:wgl:display_funcs_init glGetnPixelMapfvARB not found.
002c:warn:wgl:display_funcs_init glGetnPixelMapuiv not found.
002c:warn:wgl:display_funcs_init glGetnPixelMapuivARB not found.
002c:warn:wgl:display_funcs_init glGetnPixelMapusv not found.
002c:warn:wgl:display_funcs_init glGetnPixelMapusvARB not found.
002c:warn:wgl:display_funcs_init glGetnPolygonStipple not found.
002c:warn:wgl:display_funcs_init glGetnPolygonStippleARB not found.
002c:warn:wgl:display_funcs_init glGetnSeparableFilter not found.
002c:warn:wgl:display_funcs_init glGetnSeparableFilterARB not found.
002c:warn:wgl:display_funcs_init glGetnTexImage not found.
002c:warn:wgl:display_funcs_init glGetnTexImageARB not found.
002c:warn:wgl:display_funcs_init glGetnUniformdv not found.
002c:warn:wgl:display_funcs_init glGetnUniformdvARB not found.
002c:warn:wgl:display_funcs_init glGetnUniformfv not found.
002c:warn:wgl:display_funcs_init glGetnUniformfvARB not found.
002c:warn:wgl:display_funcs_init glGetnUniformfvEXT not found.
002c:warn:wgl:display_funcs_init glGetnUniformi64vARB not found.
002c:warn:wgl:display_funcs_init glGetnUniformiv not found.
002c:warn:wgl:display_funcs_init glGetnUniformivARB not found.
002c:warn:wgl:display_funcs_init glGetnUniformivEXT not found.
002c:warn:wgl:display_funcs_init glGetnUniformui64vARB not found.
002c:warn:wgl:display_funcs_init glGetnUniformuiv not found.
002c:warn:wgl:display_funcs_init glGetnUniformuivARB not found.
002c:warn:wgl:display_funcs_init glGlobalAlphaFactorbSUN not found.
002c:warn:wgl:display_funcs_init glGlobalAlphaFactordSUN not found.
002c:warn:wgl:display_funcs_init glGlobalAlphaFactorfSUN not found.
002c:warn:wgl:display_funcs_init glGlobalAlphaFactoriSUN not found.
002c:warn:wgl:display_funcs_init glGlobalAlphaFactorsSUN not found.
002c:warn:wgl:display_funcs_init glGlobalAlphaFactorubSUN not found.
002c:warn:wgl:display_funcs_init glGlobalAlphaFactoruiSUN not found.
002c:warn:wgl:display_funcs_init glGlobalAlphaFactorusSUN not found.
002c:warn:wgl:display_funcs_init glHintPGI not found.
002c:warn:wgl:display_funcs_init glHistogram not found.
002c:warn:wgl:display_funcs_init glHistogramEXT not found.
002c:warn:wgl:display_funcs_init glIglooInterfaceSGIX not found.
002c:warn:wgl:display_funcs_init glImageTransformParameterfHP not found.
002c:warn:wgl:display_funcs_init glImageTransformParameterfvHP not found.
002c:warn:wgl:display_funcs_init glImageTransformParameteriHP not found.
002c:warn:wgl:display_funcs_init glImageTransformParameterivHP not found.
002c:warn:wgl:display_funcs_init glImportMemoryFdEXT not found.
002c:warn:wgl:display_funcs_init glImportMemoryWin32HandleEXT not found.
002c:warn:wgl:display_funcs_init glImportMemoryWin32NameEXT not found.
002c:warn:wgl:display_funcs_init glImportSemaphoreFdEXT not found.
002c:warn:wgl:display_funcs_init glImportSemaphoreWin32HandleEXT not found.
002c:warn:wgl:display_funcs_init glImportSemaphoreWin32NameEXT not found.
002c:warn:wgl:display_funcs_init glImportSyncEXT not found.
002c:warn:wgl:display_funcs_init glIndexFormatNV not found.
002c:warn:wgl:display_funcs_init glIndexFuncEXT not found.
002c:warn:wgl:display_funcs_init glIndexMaterialEXT not found.
002c:warn:wgl:display_funcs_init glIndexPointerEXT not found.
002c:warn:wgl:display_funcs_init glIndexPointerListIBM not found.
002c:warn:wgl:display_funcs_init glIndexxOES not found.
002c:warn:wgl:display_funcs_init glIndexxvOES not found.
002c:warn:wgl:display_funcs_init glInsertComponentEXT not found.
002c:warn:wgl:display_funcs_init glInsertEventMarkerEXT not found.
002c:warn:wgl:display_funcs_init glInstrumentsBufferSGIX not found.
002c:warn:wgl:display_funcs_init glInterpolatePathsNV not found.
002c:warn:wgl:display_funcs_init glInvalidateBufferData not found.
002c:warn:wgl:display_funcs_init glInvalidateBufferSubData not found.
002c:warn:wgl:display_funcs_init glInvalidateFramebuffer not found.
002c:warn:wgl:display_funcs_init glInvalidateNamedFramebufferData not found.
002c:warn:wgl:display_funcs_init glInvalidateNamedFramebufferSubData not found.
002c:warn:wgl:display_funcs_init glInvalidateSubFramebuffer not found.
002c:warn:wgl:display_funcs_init glInvalidateTexImage not found.
002c:warn:wgl:display_funcs_init glInvalidateTexSubImage not found.
002c:warn:wgl:display_funcs_init glIsAsyncMarkerSGIX not found.
002c:warn:wgl:display_funcs_init glIsBuffer not found.
002c:warn:wgl:display_funcs_init glIsBufferARB not found.
002c:warn:wgl:display_funcs_init glIsBufferResidentNV not found.
002c:warn:wgl:display_funcs_init glIsCommandListNV not found.
002c:warn:wgl:display_funcs_init glIsEnabledIndexedEXT not found.
002c:warn:wgl:display_funcs_init glIsEnabledi not found.
002c:warn:wgl:display_funcs_init glIsEnablediEXT not found.
002c:warn:wgl:display_funcs_init glIsEnablediNV not found.
002c:warn:wgl:display_funcs_init glIsEnablediOES not found.
002c:warn:wgl:display_funcs_init glIsFenceAPPLE not found.
002c:warn:wgl:display_funcs_init glIsFenceNV not found.
002c:warn:wgl:display_funcs_init glIsFramebuffer not found.
002c:warn:wgl:display_funcs_init glIsFramebufferEXT not found.
002c:warn:wgl:display_funcs_init glIsFramebufferOES not found.
002c:warn:wgl:display_funcs_init glIsImageHandleResidentARB not found.
002c:warn:wgl:display_funcs_init glIsImageHandleResidentNV not found.
002c:warn:wgl:display_funcs_init glIsMemoryObjectEXT not found.
002c:warn:wgl:display_funcs_init glIsNameAMD not found.
002c:warn:wgl:display_funcs_init glIsNamedBufferResidentNV not found.
002c:warn:wgl:display_funcs_init glIsNamedStringARB not found.
002c:warn:wgl:display_funcs_init glIsObjectBufferATI not found.
002c:warn:wgl:display_funcs_init glIsOcclusionQueryNV not found.
002c:warn:wgl:display_funcs_init glIsPathNV not found.
002c:warn:wgl:display_funcs_init glIsPointInFillPathNV not found.
002c:warn:wgl:display_funcs_init glIsPointInStrokePathNV not found.
002c:warn:wgl:display_funcs_init glIsProgram not found.
002c:warn:wgl:display_funcs_init glIsProgramARB not found.
002c:warn:wgl:display_funcs_init glIsProgramNV not found.
002c:warn:wgl:display_funcs_init glIsProgramPipeline not found.
002c:warn:wgl:display_funcs_init glIsQuery not found.
002c:warn:wgl:display_funcs_init glIsQueryARB not found.
002c:warn:wgl:display_funcs_init glIsQueryEXT not found.
002c:warn:wgl:display_funcs_init glIsRenderbuffer not found.
002c:warn:wgl:display_funcs_init glIsRenderbufferEXT not found.
002c:warn:wgl:display_funcs_init glIsRenderbufferOES not found.
002c:warn:wgl:display_funcs_init glIsSampler not found.
002c:warn:wgl:display_funcs_init glIsSemaphoreEXT not found.
002c:warn:wgl:display_funcs_init glIsShader not found.
002c:warn:wgl:display_funcs_init glIsStateNV not found.
002c:warn:wgl:display_funcs_init glIsSync not found.
002c:warn:wgl:display_funcs_init glIsSyncAPPLE not found.
002c:warn:wgl:display_funcs_init glIsTextureEXT not found.
002c:warn:wgl:display_funcs_init glIsTextureHandleResidentARB not found.
002c:warn:wgl:display_funcs_init glIsTextureHandleResidentNV not found.
002c:warn:wgl:display_funcs_init glIsTransformFeedback not found.
002c:warn:wgl:display_funcs_init glIsTransformFeedbackNV not found.
002c:warn:wgl:display_funcs_init glIsVariantEnabledEXT not found.
002c:warn:wgl:display_funcs_init glIsVertexArray not found.
002c:warn:wgl:display_funcs_init glIsVertexArrayAPPLE not found.
002c:warn:wgl:display_funcs_init glIsVertexArrayOES not found.
002c:warn:wgl:display_funcs_init glIsVertexAttribEnabledAPPLE not found.
002c:warn:wgl:display_funcs_init glLGPUCopyImageSubDataNVX not found.
002c:warn:wgl:display_funcs_init glLGPUInterlockNVX not found.
002c:warn:wgl:display_funcs_init glLGPUNamedBufferSubDataNVX not found.
002c:warn:wgl:display_funcs_init glLabelObjectEXT not found.
002c:warn:wgl:display_funcs_init glLightEnviSGIX not found.
002c:warn:wgl:display_funcs_init glLightModelx not found.
002c:warn:wgl:display_funcs_init glLightModelxOES not found.
002c:warn:wgl:display_funcs_init glLightModelxv not found.
002c:warn:wgl:display_funcs_init glLightModelxvOES not found.
002c:warn:wgl:display_funcs_init glLightx not found.
002c:warn:wgl:display_funcs_init glLightxOES not found.
002c:warn:wgl:display_funcs_init glLightxv not found.
002c:warn:wgl:display_funcs_init glLightxvOES not found.
002c:warn:wgl:display_funcs_init glLineWidthx not found.
002c:warn:wgl:display_funcs_init glLineWidthxOES not found.
002c:warn:wgl:display_funcs_init glLinkProgram not found.
002c:warn:wgl:display_funcs_init glLinkProgramARB not found.
002c:warn:wgl:display_funcs_init glListDrawCommandsStatesClientNV not found.
002c:warn:wgl:display_funcs_init glListParameterfSGIX not found.
002c:warn:wgl:display_funcs_init glListParameterfvSGIX not found.
002c:warn:wgl:display_funcs_init glListParameteriSGIX not found.
002c:warn:wgl:display_funcs_init glListParameterivSGIX not found.
002c:warn:wgl:display_funcs_init glLoadIdentityDeformationMapSGIX not found.
002c:warn:wgl:display_funcs_init glLoadMatrixx not found.
002c:warn:wgl:display_funcs_init glLoadMatrixxOES not found.
002c:warn:wgl:display_funcs_init glLoadPaletteFromModelViewMatrixOES not found.
002c:warn:wgl:display_funcs_init glLoadProgramNV not found.
002c:warn:wgl:display_funcs_init glLoadTransposeMatrixd not found.
002c:warn:wgl:display_funcs_init glLoadTransposeMatrixdARB not found.
002c:warn:wgl:display_funcs_init glLoadTransposeMatrixf not found.
002c:warn:wgl:display_funcs_init glLoadTransposeMatrixfARB not found.
002c:warn:wgl:display_funcs_init glLoadTransposeMatrixxOES not found.
002c:warn:wgl:display_funcs_init glLockArraysEXT not found.
002c:warn:wgl:display_funcs_init glMTexCoord2fSGIS not found.
002c:warn:wgl:display_funcs_init glMTexCoord2fvSGIS not found.
002c:warn:wgl:display_funcs_init glMakeBufferNonResidentNV not found.
002c:warn:wgl:display_funcs_init glMakeBufferResidentNV not found.
002c:warn:wgl:display_funcs_init glMakeImageHandleNonResidentARB not found.
002c:warn:wgl:display_funcs_init glMakeImageHandleNonResidentNV not found.
002c:warn:wgl:display_funcs_init glMakeImageHandleResidentARB not found.
002c:warn:wgl:display_funcs_init glMakeImageHandleResidentNV not found.
002c:warn:wgl:display_funcs_init glMakeNamedBufferNonResidentNV not found.
002c:warn:wgl:display_funcs_init glMakeNamedBufferResidentNV not found.
002c:warn:wgl:display_funcs_init glMakeTextureHandleNonResidentARB not found.
002c:warn:wgl:display_funcs_init glMakeTextureHandleNonResidentNV not found.
002c:warn:wgl:display_funcs_init glMakeTextureHandleResidentARB not found.
002c:warn:wgl:display_funcs_init glMakeTextureHandleResidentNV not found.
002c:warn:wgl:display_funcs_init glMap1xOES not found.
002c:warn:wgl:display_funcs_init glMap2xOES not found.
002c:warn:wgl:display_funcs_init glMapBuffer not found.
002c:warn:wgl:display_funcs_init glMapBufferARB not found.
002c:warn:wgl:display_funcs_init glMapBufferOES not found.
002c:warn:wgl:display_funcs_init glMapBufferRange not found.
002c:warn:wgl:display_funcs_init glMapBufferRangeEXT not found.
002c:warn:wgl:display_funcs_init glMapControlPointsNV not found.
002c:warn:wgl:display_funcs_init glMapGrid1xOES not found.
002c:warn:wgl:display_funcs_init glMapGrid2xOES not found.
002c:warn:wgl:display_funcs_init glMapNamedBuffer not found.
002c:warn:wgl:display_funcs_init glMapNamedBufferEXT not found.
002c:warn:wgl:display_funcs_init glMapNamedBufferRange not found.
002c:warn:wgl:display_funcs_init glMapNamedBufferRangeEXT not found.
002c:warn:wgl:display_funcs_init glMapObjectBufferATI not found.
002c:warn:wgl:display_funcs_init glMapParameterfvNV not found.
002c:warn:wgl:display_funcs_init glMapParameterivNV not found.
002c:warn:wgl:display_funcs_init glMapTexture2DINTEL not found.
002c:warn:wgl:display_funcs_init glMapVertexAttrib1dAPPLE not found.
002c:warn:wgl:display_funcs_init glMapVertexAttrib1fAPPLE not found.
002c:warn:wgl:display_funcs_init glMapVertexAttrib2dAPPLE not found.
002c:warn:wgl:display_funcs_init glMapVertexAttrib2fAPPLE not found.
002c:warn:wgl:display_funcs_init glMaterialx not found.
002c:warn:wgl:display_funcs_init glMaterialxOES not found.
002c:warn:wgl:display_funcs_init glMaterialxv not found.
002c:warn:wgl:display_funcs_init glMaterialxvOES not found.
002c:warn:wgl:display_funcs_init glMatrixFrustumEXT not found.
002c:warn:wgl:display_funcs_init glMatrixIndexPointerARB not found.
002c:warn:wgl:display_funcs_init glMatrixIndexPointerOES not found.
002c:warn:wgl:display_funcs_init glMatrixIndexubvARB not found.
002c:warn:wgl:display_funcs_init glMatrixIndexuivARB not found.
002c:warn:wgl:display_funcs_init glMatrixIndexusvARB not found.
002c:warn:wgl:display_funcs_init glMatrixLoad3x2fNV not found.
002c:warn:wgl:display_funcs_init glMatrixLoad3x3fNV not found.
002c:warn:wgl:display_funcs_init glMatrixLoadIdentityEXT not found.
002c:warn:wgl:display_funcs_init glMatrixLoadTranspose3x3fNV not found.
002c:warn:wgl:display_funcs_init glMatrixLoadTransposedEXT not found.
002c:warn:wgl:display_funcs_init glMatrixLoadTransposefEXT not found.
002c:warn:wgl:display_funcs_init glMatrixLoaddEXT not found.
002c:warn:wgl:display_funcs_init glMatrixLoadfEXT not found.
002c:warn:wgl:display_funcs_init glMatrixMult3x2fNV not found.
002c:warn:wgl:display_funcs_init glMatrixMult3x3fNV not found.
002c:warn:wgl:display_funcs_init glMatrixMultTranspose3x3fNV not found.
002c:warn:wgl:display_funcs_init glMatrixMultTransposedEXT not found.
002c:warn:wgl:display_funcs_init glMatrixMultTransposefEXT not found.
002c:warn:wgl:display_funcs_init glMatrixMultdEXT not found.
002c:warn:wgl:display_funcs_init glMatrixMultfEXT not found.
002c:warn:wgl:display_funcs_init glMatrixOrthoEXT not found.
002c:warn:wgl:display_funcs_init glMatrixPopEXT not found.
002c:warn:wgl:display_funcs_init glMatrixPushEXT not found.
002c:warn:wgl:display_funcs_init glMatrixRotatedEXT not found.
002c:warn:wgl:display_funcs_init glMatrixRotatefEXT not found.
002c:warn:wgl:display_funcs_init glMatrixScaledEXT not found.
002c:warn:wgl:display_funcs_init glMatrixScalefEXT not found.
002c:warn:wgl:display_funcs_init glMatrixTranslatedEXT not found.
002c:warn:wgl:display_funcs_init glMatrixTranslatefEXT not found.
002c:warn:wgl:display_funcs_init glMaxActiveShaderCoresARM not found.
002c:warn:wgl:display_funcs_init glMaxShaderCompilerThreadsARB not found.
002c:warn:wgl:display_funcs_init glMaxShaderCompilerThreadsKHR not found.
002c:warn:wgl:display_funcs_init glMemoryBarrier not found.
002c:warn:wgl:display_funcs_init glMemoryBarrierByRegion not found.
002c:warn:wgl:display_funcs_init glMemoryBarrierEXT not found.
002c:warn:wgl:display_funcs_init glMemoryObjectParameterivEXT not found.
002c:warn:wgl:display_funcs_init glMinSampleShading not found.
002c:warn:wgl:display_funcs_init glMinSampleShadingARB not found.
002c:warn:wgl:display_funcs_init glMinSampleShadingOES not found.
002c:warn:wgl:display_funcs_init glMinmax not found.
002c:warn:wgl:display_funcs_init glMinmaxEXT not found.
002c:warn:wgl:display_funcs_init glMultMatrixx not found.
002c:warn:wgl:display_funcs_init glMultMatrixxOES not found.
002c:warn:wgl:display_funcs_init glMultTransposeMatrixd not found.
002c:warn:wgl:display_funcs_init glMultTransposeMatrixdARB not found.
002c:warn:wgl:display_funcs_init glMultTransposeMatrixf not found.
002c:warn:wgl:display_funcs_init glMultTransposeMatrixfARB not found.
002c:warn:wgl:display_funcs_init glMultTransposeMatrixxOES not found.
002c:warn:wgl:display_funcs_init glMultiDrawArrays not found.
002c:warn:wgl:display_funcs_init glMultiDrawArraysEXT not found.
002c:warn:wgl:display_funcs_init glMultiDrawArraysIndirect not found.
002c:warn:wgl:display_funcs_init glMultiDrawArraysIndirectAMD not found.
002c:warn:wgl:display_funcs_init glMultiDrawArraysIndirectBindlessCountNV not found.
002c:warn:wgl:display_funcs_init glMultiDrawArraysIndirectBindlessNV not found.
002c:warn:wgl:display_funcs_init glMultiDrawArraysIndirectCount not found.
002c:warn:wgl:display_funcs_init glMultiDrawArraysIndirectCountARB not found.
002c:warn:wgl:display_funcs_init glMultiDrawArraysIndirectEXT not found.
002c:warn:wgl:display_funcs_init glMultiDrawElementArrayAPPLE not found.
002c:warn:wgl:display_funcs_init glMultiDrawElements not found.
002c:warn:wgl:display_funcs_init glMultiDrawElementsBaseVertex not found.
002c:warn:wgl:display_funcs_init glMultiDrawElementsBaseVertexEXT not found.
002c:warn:wgl:display_funcs_init glMultiDrawElementsEXT not found.
002c:warn:wgl:display_funcs_init glMultiDrawElementsIndirect not found.
002c:warn:wgl:display_funcs_init glMultiDrawElementsIndirectAMD not found.
002c:warn:wgl:display_funcs_init glMultiDrawElementsIndirectBindlessCountNV not found.
002c:warn:wgl:display_funcs_init glMultiDrawElementsIndirectBindlessNV not found.
002c:warn:wgl:display_funcs_init glMultiDrawElementsIndirectCount not found.
002c:warn:wgl:display_funcs_init glMultiDrawElementsIndirectCountARB not found.
002c:warn:wgl:display_funcs_init glMultiDrawElementsIndirectEXT not found.
002c:warn:wgl:display_funcs_init glMultiDrawMeshTasksIndirectCountEXT not found.
002c:warn:wgl:display_funcs_init glMultiDrawMeshTasksIndirectCountNV not found.
002c:warn:wgl:display_funcs_init glMultiDrawMeshTasksIndirectEXT not found.
002c:warn:wgl:display_funcs_init glMultiDrawMeshTasksIndirectNV not found.
002c:warn:wgl:display_funcs_init glMultiDrawRangeElementArrayAPPLE not found.
002c:warn:wgl:display_funcs_init glMultiModeDrawArraysIBM not found.
002c:warn:wgl:display_funcs_init glMultiModeDrawElementsIBM not found.
002c:warn:wgl:display_funcs_init glMultiTexBufferEXT not found.
002c:warn:wgl:display_funcs_init glMultiTexCoord1bOES not found.
002c:warn:wgl:display_funcs_init glMultiTexCoord1bvOES not found.
002c:warn:wgl:display_funcs_init glMultiTexCoord1d not found.
002c:warn:wgl:display_funcs_init glMultiTexCoord1dARB not found.
002c:warn:wgl:display_funcs_init glMultiTexCoord1dSGIS not found.
002c:warn:wgl:display_funcs_init glMultiTexCoord1dv not found.
002c:warn:wgl:display_funcs_init glMultiTexCoord1dvARB not found.
002c:warn:wgl:display_funcs_init glMultiTexCoord1dvSGIS not found.
002c:warn:wgl:display_funcs_init glMultiTexCoord1f not found.
002c:warn:wgl:display_funcs_init glMultiTexCoord1fARB not found.
002c:warn:wgl:display_funcs_init glMultiTexCoord1fSGIS not found.
002c:warn:wgl:display_funcs_init glMultiTexCoord1fv not found.
002c:warn:wgl:display_funcs_init glMultiTexCoord1fvARB not found.
002c:warn:wgl:display_funcs_init glMultiTexCoord1fvSGIS not found.
002c:warn:wgl:display_funcs_init glMultiTexCoord1hNV not found.
002c:warn:wgl:display_funcs_init glMultiTexCoord1hvNV not found.
002c:warn:wgl:display_funcs_init glMultiTexCoord1i not found.
002c:warn:wgl:display_funcs_init glMultiTexCoord1iARB not found.
002c:warn:wgl:display_funcs_init glMultiTexCoord1iSGIS not found.
002c:warn:wgl:display_funcs_init glMultiTexCoord1iv not found.
002c:warn:wgl:display_funcs_init glMultiTexCoord1ivARB not found.
002c:warn:wgl:display_funcs_init glMultiTexCoord1ivSGIS not found.
002c:warn:wgl:display_funcs_init glMultiTexCoord1s not found.
002c:warn:wgl:display_funcs_init glMultiTexCoord1sARB not found.
002c:warn:wgl:display_funcs_init glMultiTexCoord1sSGIS not found.
002c:warn:wgl:display_funcs_init glMultiTexCoord1sv not found.
002c:warn:wgl:display_funcs_init glMultiTexCoord1svARB not found.
002c:warn:wgl:display_funcs_init glMultiTexCoord1svSGIS not found.
002c:warn:wgl:display_funcs_init glMultiTexCoord1xOES not found.
002c:warn:wgl:display_funcs_init glMultiTexCoord1xvOES not found.
002c:warn:wgl:display_funcs_init glMultiTexCoord2bOES not found.
002c:warn:wgl:display_funcs_init glMultiTexCoord2bvOES not found.
002c:warn:wgl:display_funcs_init glMultiTexCoord2d not found.
002c:warn:wgl:display_funcs_init glMultiTexCoord2dARB not found.
002c:warn:wgl:display_funcs_init glMultiTexCoord2dSGIS not found.
002c:warn:wgl:display_funcs_init glMultiTexCoord2dv not found.
002c:warn:wgl:display_funcs_init glMultiTexCoord2dvARB not found.
002c:warn:wgl:display_funcs_init glMultiTexCoord2dvSGIS not found.
002c:warn:wgl:display_funcs_init glMultiTexCoord2f not found.
002c:warn:wgl:display_funcs_init glMultiTexCoord2fARB not found.
002c:warn:wgl:display_funcs_init glMultiTexCoord2fSGIS not found.
002c:warn:wgl:display_funcs_init glMultiTexCoord2fv not found.
002c:warn:wgl:display_funcs_init glMultiTexCoord2fvARB not found.
002c:warn:wgl:display_funcs_init glMultiTexCoord2fvSGIS not found.
002c:warn:wgl:display_funcs_init glMultiTexCoord2hNV not found.
002c:warn:wgl:display_funcs_init glMultiTexCoord2hvNV not found.
002c:warn:wgl:display_funcs_init glMultiTexCoord2i not found.
002c:warn:wgl:display_funcs_init glMultiTexCoord2iARB not found.
002c:warn:wgl:display_funcs_init glMultiTexCoord2iSGIS not found.
002c:warn:wgl:display_funcs_init glMultiTexCoord2iv not found.
002c:warn:wgl:display_funcs_init glMultiTexCoord2ivARB not found.
002c:warn:wgl:display_funcs_init glMultiTexCoord2ivSGIS not found.
002c:warn:wgl:display_funcs_init glMultiTexCoord2s not found.
002c:warn:wgl:display_funcs_init glMultiTexCoord2sARB not found.
002c:warn:wgl:display_funcs_init glMultiTexCoord2sSGIS not found.
002c:warn:wgl:display_funcs_init glMultiTexCoord2sv not found.
002c:warn:wgl:display_funcs_init glMultiTexCoord2svARB not found.
002c:warn:wgl:display_funcs_init glMultiTexCoord2svSGIS not found.
002c:warn:wgl:display_funcs_init glMultiTexCoord2xOES not found.
002c:warn:wgl:display_funcs_init glMultiTexCoord2xvOES not found.
002c:warn:wgl:display_funcs_init glMultiTexCoord3bOES not found.
002c:warn:wgl:display_funcs_init glMultiTexCoord3bvOES not found.
002c:warn:wgl:display_funcs_init glMultiTexCoord3d not found.
002c:warn:wgl:display_funcs_init glMultiTexCoord3dARB not found.
002c:warn:wgl:display_funcs_init glMultiTexCoord3dSGIS not found.
002c:warn:wgl:display_funcs_init glMultiTexCoord3dv not found.
002c:warn:wgl:display_funcs_init glMultiTexCoord3dvARB not found.
002c:warn:wgl:display_funcs_init glMultiTexCoord3dvSGIS not found.
002c:warn:wgl:display_funcs_init glMultiTexCoord3f not found.
002c:warn:wgl:display_funcs_init glMultiTexCoord3fARB not found.
002c:warn:wgl:display_funcs_init glMultiTexCoord3fSGIS not found.
002c:warn:wgl:display_funcs_init glMultiTexCoord3fv not found.
002c:warn:wgl:display_funcs_init glMultiTexCoord3fvARB not found.
002c:warn:wgl:display_funcs_init glMultiTexCoord3fvSGIS not found.
002c:warn:wgl:display_funcs_init glMultiTexCoord3hNV not found.
002c:warn:wgl:display_funcs_init glMultiTexCoord3hvNV not found.
002c:warn:wgl:display_funcs_init glMultiTexCoord3i not found.
002c:warn:wgl:display_funcs_init glMultiTexCoord3iARB not found.
002c:warn:wgl:display_funcs_init glMultiTexCoord3iSGIS not found.
002c:warn:wgl:display_funcs_init glMultiTexCoord3iv not found.
002c:warn:wgl:display_funcs_init glMultiTexCoord3ivARB not found.
002c:warn:wgl:display_funcs_init glMultiTexCoord3ivSGIS not found.
002c:warn:wgl:display_funcs_init glMultiTexCoord3s not found.
002c:warn:wgl:display_funcs_init glMultiTexCoord3sARB not found.
002c:warn:wgl:display_funcs_init glMultiTexCoord3sSGIS not found.
002c:warn:wgl:display_funcs_init glMultiTexCoord3sv not found.
002c:warn:wgl:display_funcs_init glMultiTexCoord3svARB not found.
002c:warn:wgl:display_funcs_init glMultiTexCoord3svSGIS not found.
002c:warn:wgl:display_funcs_init glMultiTexCoord3xOES not found.
002c:warn:wgl:display_funcs_init glMultiTexCoord3xvOES not found.
002c:warn:wgl:display_funcs_init glMultiTexCoord4bOES not found.
002c:warn:wgl:display_funcs_init glMultiTexCoord4bvOES not found.
002c:warn:wgl:display_funcs_init glMultiTexCoord4d not found.
002c:warn:wgl:display_funcs_init glMultiTexCoord4dARB not found.
002c:warn:wgl:display_funcs_init glMultiTexCoord4dSGIS not found.
002c:warn:wgl:display_funcs_init glMultiTexCoord4dv not found.
002c:warn:wgl:display_funcs_init glMultiTexCoord4dvARB not found.
002c:warn:wgl:display_funcs_init glMultiTexCoord4dvSGIS not found.
002c:warn:wgl:display_funcs_init glMultiTexCoord4f not found.
002c:warn:wgl:display_funcs_init glMultiTexCoord4fARB not found.
002c:warn:wgl:display_funcs_init glMultiTexCoord4fSGIS not found.
002c:warn:wgl:display_funcs_init glMultiTexCoord4fv not found.
002c:warn:wgl:display_funcs_init glMultiTexCoord4fvARB not found.
002c:warn:wgl:display_funcs_init glMultiTexCoord4fvSGIS not found.
002c:warn:wgl:display_funcs_init glMultiTexCoord4hNV not found.
002c:warn:wgl:display_funcs_init glMultiTexCoord4hvNV not found.
002c:warn:wgl:display_funcs_init glMultiTexCoord4i not found.
002c:warn:wgl:display_funcs_init glMultiTexCoord4iARB not found.
002c:warn:wgl:display_funcs_init glMultiTexCoord4iSGIS not found.
002c:warn:wgl:display_funcs_init glMultiTexCoord4iv not found.
002c:warn:wgl:display_funcs_init glMultiTexCoord4ivARB not found.
002c:warn:wgl:display_funcs_init glMultiTexCoord4ivSGIS not found.
002c:warn:wgl:display_funcs_init glMultiTexCoord4s not found.
002c:warn:wgl:display_funcs_init glMultiTexCoord4sARB not found.
002c:warn:wgl:display_funcs_init glMultiTexCoord4sSGIS not found.
002c:warn:wgl:display_funcs_init glMultiTexCoord4sv not found.
002c:warn:wgl:display_funcs_init glMultiTexCoord4svARB not found.
002c:warn:wgl:display_funcs_init glMultiTexCoord4svSGIS not found.
002c:warn:wgl:display_funcs_init glMultiTexCoord4x not found.
002c:warn:wgl:display_funcs_init glMultiTexCoord4xOES not found.
002c:warn:wgl:display_funcs_init glMultiTexCoord4xvOES not found.
002c:warn:wgl:display_funcs_init glMultiTexCoordP1ui not found.
002c:warn:wgl:display_funcs_init glMultiTexCoordP1uiv not found.
002c:warn:wgl:display_funcs_init glMultiTexCoordP2ui not found.
002c:warn:wgl:display_funcs_init glMultiTexCoordP2uiv not found.
002c:warn:wgl:display_funcs_init glMultiTexCoordP3ui not found.
002c:warn:wgl:display_funcs_init glMultiTexCoordP3uiv not found.
002c:warn:wgl:display_funcs_init glMultiTexCoordP4ui not found.
002c:warn:wgl:display_funcs_init glMultiTexCoordP4uiv not found.
002c:warn:wgl:display_funcs_init glMultiTexCoordPointerEXT not found.
002c:warn:wgl:display_funcs_init glMultiTexCoordPointerSGIS not found.
002c:warn:wgl:display_funcs_init glMultiTexEnvfEXT not found.
002c:warn:wgl:display_funcs_init glMultiTexEnvfvEXT not found.
002c:warn:wgl:display_funcs_init glMultiTexEnviEXT not found.
002c:warn:wgl:display_funcs_init glMultiTexEnvivEXT not found.
002c:warn:wgl:display_funcs_init glMultiTexGendEXT not found.
002c:warn:wgl:display_funcs_init glMultiTexGendvEXT not found.
002c:warn:wgl:display_funcs_init glMultiTexGenfEXT not found.
002c:warn:wgl:display_funcs_init glMultiTexGenfvEXT not found.
002c:warn:wgl:display_funcs_init glMultiTexGeniEXT not found.
002c:warn:wgl:display_funcs_init glMultiTexGenivEXT not found.
002c:warn:wgl:display_funcs_init glMultiTexImage1DEXT not found.
002c:warn:wgl:display_funcs_init glMultiTexImage2DEXT not found.
002c:warn:wgl:display_funcs_init glMultiTexImage3DEXT not found.
002c:warn:wgl:display_funcs_init glMultiTexParameterIivEXT not found.
002c:warn:wgl:display_funcs_init glMultiTexParameterIuivEXT not found.
002c:warn:wgl:display_funcs_init glMultiTexParameterfEXT not found.
002c:warn:wgl:display_funcs_init glMultiTexParameterfvEXT not found.
002c:warn:wgl:display_funcs_init glMultiTexParameteriEXT not found.
002c:warn:wgl:display_funcs_init glMultiTexParameterivEXT not found.
002c:warn:wgl:display_funcs_init glMultiTexRenderbufferEXT not found.
002c:warn:wgl:display_funcs_init glMultiTexSubImage1DEXT not found.
002c:warn:wgl:display_funcs_init glMultiTexSubImage2DEXT not found.
002c:warn:wgl:display_funcs_init glMultiTexSubImage3DEXT not found.
002c:warn:wgl:display_funcs_init glMulticastBarrierNV not found.
002c:warn:wgl:display_funcs_init glMulticastBlitFramebufferNV not found.
002c:warn:wgl:display_funcs_init glMulticastBufferSubDataNV not found.
002c:warn:wgl:display_funcs_init glMulticastCopyBufferSubDataNV not found.
002c:warn:wgl:display_funcs_init glMulticastCopyImageSubDataNV not found.
002c:warn:wgl:display_funcs_init glMulticastFramebufferSampleLocationsfvNV not found.
002c:warn:wgl:display_funcs_init glMulticastGetQueryObjecti64vNV not found.
002c:warn:wgl:display_funcs_init glMulticastGetQueryObjectivNV not found.
002c:warn:wgl:display_funcs_init glMulticastGetQueryObjectui64vNV not found.
002c:warn:wgl:display_funcs_init glMulticastGetQueryObjectuivNV not found.
002c:warn:wgl:display_funcs_init glMulticastScissorArrayvNVX not found.
002c:warn:wgl:display_funcs_init glMulticastViewportArrayvNVX not found.
002c:warn:wgl:display_funcs_init glMulticastViewportPositionWScaleNVX not found.
002c:warn:wgl:display_funcs_init glMulticastWaitSyncNV not found.
002c:warn:wgl:display_funcs_init glNamedBufferAttachMemoryNV not found.
002c:warn:wgl:display_funcs_init glNamedBufferData not found.
002c:warn:wgl:display_funcs_init glNamedBufferDataEXT not found.
002c:warn:wgl:display_funcs_init glNamedBufferPageCommitmentARB not found.
002c:warn:wgl:display_funcs_init glNamedBufferPageCommitmentEXT not found.
002c:warn:wgl:display_funcs_init glNamedBufferPageCommitmentMemNV not found.
002c:warn:wgl:display_funcs_init glNamedBufferStorage not found.
002c:warn:wgl:display_funcs_init glNamedBufferStorageEXT not found.
002c:warn:wgl:display_funcs_init glNamedBufferStorageMemEXT not found.
002c:warn:wgl:display_funcs_init glNamedBufferSubData not found.
002c:warn:wgl:display_funcs_init glNamedBufferSubDataEXT not found.
002c:warn:wgl:display_funcs_init glNamedCopyBufferSubDataEXT not found.
002c:warn:wgl:display_funcs_init glNamedFramebufferDrawBuffer not found.
002c:warn:wgl:display_funcs_init glNamedFramebufferDrawBuffers not found.
002c:warn:wgl:display_funcs_init glNamedFramebufferParameteri not found.
002c:warn:wgl:display_funcs_init glNamedFramebufferParameteriEXT not found.
002c:warn:wgl:display_funcs_init glNamedFramebufferReadBuffer not found.
002c:warn:wgl:display_funcs_init glNamedFramebufferRenderbuffer not found.
002c:warn:wgl:display_funcs_init glNamedFramebufferRenderbufferEXT not found.
002c:warn:wgl:display_funcs_init glNamedFramebufferSampleLocationsfvARB not found.
002c:warn:wgl:display_funcs_init glNamedFramebufferSampleLocationsfvNV not found.
002c:warn:wgl:display_funcs_init glNamedFramebufferSamplePositionsfvAMD not found.
002c:warn:wgl:display_funcs_init glNamedFramebufferTexture not found.
002c:warn:wgl:display_funcs_init glNamedFramebufferTexture1DEXT not found.
002c:warn:wgl:display_funcs_init glNamedFramebufferTexture2DEXT not found.
002c:warn:wgl:display_funcs_init glNamedFramebufferTexture3DEXT not found.
002c:warn:wgl:display_funcs_init glNamedFramebufferTextureEXT not found.
002c:warn:wgl:display_funcs_init glNamedFramebufferTextureFaceEXT not found.
002c:warn:wgl:display_funcs_init glNamedFramebufferTextureLayer not found.
002c:warn:wgl:display_funcs_init glNamedFramebufferTextureLayerEXT not found.
002c:warn:wgl:display_funcs_init glNamedFramebufferTextureMultiviewOVR not found.
002c:warn:wgl:display_funcs_init glNamedProgramLocalParameter4dEXT not found.
002c:warn:wgl:display_funcs_init glNamedProgramLocalParameter4dvEXT not found.
002c:warn:wgl:display_funcs_init glNamedProgramLocalParameter4fEXT not found.
002c:warn:wgl:display_funcs_init glNamedProgramLocalParameter4fvEXT not found.
002c:warn:wgl:display_funcs_init glNamedProgramLocalParameterI4iEXT not found.
002c:warn:wgl:display_funcs_init glNamedProgramLocalParameterI4ivEXT not found.
002c:warn:wgl:display_funcs_init glNamedProgramLocalParameterI4uiEXT not found.
002c:warn:wgl:display_funcs_init glNamedProgramLocalParameterI4uivEXT not found.
002c:warn:wgl:display_funcs_init glNamedProgramLocalParameters4fvEXT not found.
002c:warn:wgl:display_funcs_init glNamedProgramLocalParametersI4ivEXT not found.
002c:warn:wgl:display_funcs_init glNamedProgramLocalParametersI4uivEXT not found.
002c:warn:wgl:display_funcs_init glNamedProgramStringEXT not found.
002c:warn:wgl:display_funcs_init glNamedRenderbufferStorage not found.
002c:warn:wgl:display_funcs_init glNamedRenderbufferStorageEXT not found.
002c:warn:wgl:display_funcs_init glNamedRenderbufferStorageMultisample not found.
002c:warn:wgl:display_funcs_init glNamedRenderbufferStorageMultisampleAdvancedAMD not found.
002c:warn:wgl:display_funcs_init glNamedRenderbufferStorageMultisampleCoverageEXT not found.
002c:warn:wgl:display_funcs_init glNamedRenderbufferStorageMultisampleEXT not found.
002c:warn:wgl:display_funcs_init glNamedStringARB not found.
002c:warn:wgl:display_funcs_init glNewBufferRegion not found.
002c:warn:wgl:display_funcs_init glNewObjectBufferATI not found.
002c:warn:wgl:display_funcs_init glNormal3fVertex3fSUN not found.
002c:warn:wgl:display_funcs_init glNormal3fVertex3fvSUN not found.
002c:warn:wgl:display_funcs_init glNormal3hNV not found.
002c:warn:wgl:display_funcs_init glNormal3hvNV not found.
002c:warn:wgl:display_funcs_init glNormal3x not found.
002c:warn:wgl:display_funcs_init glNormal3xOES not found.
002c:warn:wgl:display_funcs_init glNormal3xvOES not found.
002c:warn:wgl:display_funcs_init glNormalFormatNV not found.
002c:warn:wgl:display_funcs_init glNormalP3ui not found.
002c:warn:wgl:display_funcs_init glNormalP3uiv not found.
002c:warn:wgl:display_funcs_init glNormalPointerEXT not found.
002c:warn:wgl:display_funcs_init glNormalPointerListIBM not found.
002c:warn:wgl:display_funcs_init glNormalPointervINTEL not found.
002c:warn:wgl:display_funcs_init glNormalStream3bATI not found.
002c:warn:wgl:display_funcs_init glNormalStream3bvATI not found.
002c:warn:wgl:display_funcs_init glNormalStream3dATI not found.
002c:warn:wgl:display_funcs_init glNormalStream3dvATI not found.
002c:warn:wgl:display_funcs_init glNormalStream3fATI not found.
002c:warn:wgl:display_funcs_init glNormalStream3fvATI not found.
002c:warn:wgl:display_funcs_init glNormalStream3iATI not found.
002c:warn:wgl:display_funcs_init glNormalStream3ivATI not found.
002c:warn:wgl:display_funcs_init glNormalStream3sATI not found.
002c:warn:wgl:display_funcs_init glNormalStream3svATI not found.
002c:warn:wgl:display_funcs_init glObjectLabel not found.
002c:warn:wgl:display_funcs_init glObjectPtrLabel not found.
002c:warn:wgl:display_funcs_init glObjectPurgeableAPPLE not found.
002c:warn:wgl:display_funcs_init glObjectUnpurgeableAPPLE not found.
002c:warn:wgl:display_funcs_init glOrthof not found.
002c:warn:wgl:display_funcs_init glOrthofOES not found.
002c:warn:wgl:display_funcs_init glOrthox not found.
002c:warn:wgl:display_funcs_init glOrthoxOES not found.
002c:warn:wgl:display_funcs_init glPNTrianglesfATI not found.
002c:warn:wgl:display_funcs_init glPNTrianglesiATI not found.
002c:warn:wgl:display_funcs_init glPassTexCoordATI not found.
002c:warn:wgl:display_funcs_init glPassThroughxOES not found.
002c:warn:wgl:display_funcs_init glPatchParameterfv not found.
002c:warn:wgl:display_funcs_init glPatchParameteri not found.
002c:warn:wgl:display_funcs_init glPatchParameteriEXT not found.
002c:warn:wgl:display_funcs_init glPatchParameteriOES not found.
002c:warn:wgl:display_funcs_init glPathColorGenNV not found.
002c:warn:wgl:display_funcs_init glPathCommandsNV not found.
002c:warn:wgl:display_funcs_init glPathCoordsNV not found.
002c:warn:wgl:display_funcs_init glPathCoverDepthFuncNV not found.
002c:warn:wgl:display_funcs_init glPathDashArrayNV not found.
002c:warn:wgl:display_funcs_init glPathFogGenNV not found.
002c:warn:wgl:display_funcs_init glPathGlyphIndexArrayNV not found.
002c:warn:wgl:display_funcs_init glPathGlyphIndexRangeNV not found.
002c:warn:wgl:display_funcs_init glPathGlyphRangeNV not found.
002c:warn:wgl:display_funcs_init glPathGlyphsNV not found.
002c:warn:wgl:display_funcs_init glPathMemoryGlyphIndexArrayNV not found.
002c:warn:wgl:display_funcs_init glPathParameterfNV not found.
002c:warn:wgl:display_funcs_init glPathParameterfvNV not found.
002c:warn:wgl:display_funcs_init glPathParameteriNV not found.
002c:warn:wgl:display_funcs_init glPathParameterivNV not found.
002c:warn:wgl:display_funcs_init glPathStencilDepthOffsetNV not found.
002c:warn:wgl:display_funcs_init glPathStencilFuncNV not found.
002c:warn:wgl:display_funcs_init glPathStringNV not found.
002c:warn:wgl:display_funcs_init glPathSubCommandsNV not found.
002c:warn:wgl:display_funcs_init glPathSubCoordsNV not found.
002c:warn:wgl:display_funcs_init glPathTexGenNV not found.
002c:warn:wgl:display_funcs_init glPauseTransformFeedback not found.
002c:warn:wgl:display_funcs_init glPauseTransformFeedbackNV not found.
002c:warn:wgl:display_funcs_init glPixelDataRangeNV not found.
002c:warn:wgl:display_funcs_init glPixelMapx not found.
002c:warn:wgl:display_funcs_init glPixelStorex not found.
002c:warn:wgl:display_funcs_init glPixelTexGenParameterfSGIS not found.
002c:warn:wgl:display_funcs_init glPixelTexGenParameterfvSGIS not found.
002c:warn:wgl:display_funcs_init glPixelTexGenParameteriSGIS not found.
002c:warn:wgl:display_funcs_init glPixelTexGenParameterivSGIS not found.
002c:warn:wgl:display_funcs_init glPixelTexGenSGIX not found.
002c:warn:wgl:display_funcs_init glPixelTransferxOES not found.
002c:warn:wgl:display_funcs_init glPixelTransformParameterfEXT not found.
002c:warn:wgl:display_funcs_init glPixelTransformParameterfvEXT not found.
002c:warn:wgl:display_funcs_init glPixelTransformParameteriEXT not found.
002c:warn:wgl:display_funcs_init glPixelTransformParameterivEXT not found.
002c:warn:wgl:display_funcs_init glPixelZoomxOES not found.
002c:warn:wgl:display_funcs_init glPointAlongPathNV not found.
002c:warn:wgl:display_funcs_init glPointParameterf not found.
002c:warn:wgl:display_funcs_init glPointParameterfARB not found.
002c:warn:wgl:display_funcs_init glPointParameterfEXT not found.
002c:warn:wgl:display_funcs_init glPointParameterfSGIS not found.
002c:warn:wgl:display_funcs_init glPointParameterfv not found.
002c:warn:wgl:display_funcs_init glPointParameterfvARB not found.
002c:warn:wgl:display_funcs_init glPointParameterfvEXT not found.
002c:warn:wgl:display_funcs_init glPointParameterfvSGIS not found.
002c:warn:wgl:display_funcs_init glPointParameteri not found.
002c:warn:wgl:display_funcs_init glPointParameteriNV not found.
002c:warn:wgl:display_funcs_init glPointParameteriv not found.
002c:warn:wgl:display_funcs_init glPointParameterivNV not found.
002c:warn:wgl:display_funcs_init glPointParameterx not found.
002c:warn:wgl:display_funcs_init glPointParameterxv not found.
002c:warn:wgl:display_funcs_init glPointParameterxvOES not found.
002c:warn:wgl:display_funcs_init glPointSizePointerOES not found.
002c:warn:wgl:display_funcs_init glPointSizex not found.
002c:warn:wgl:display_funcs_init glPointSizexOES not found.
002c:warn:wgl:display_funcs_init glPollAsyncSGIX not found.
002c:warn:wgl:display_funcs_init glPollInstrumentsSGIX not found.
002c:warn:wgl:display_funcs_init glPolygonModeNV not found.
002c:warn:wgl:display_funcs_init glPolygonOffsetClamp not found.
002c:warn:wgl:display_funcs_init glPolygonOffsetClampEXT not found.
002c:warn:wgl:display_funcs_init glPolygonOffsetEXT not found.
002c:warn:wgl:display_funcs_init glPolygonOffsetx not found.
002c:warn:wgl:display_funcs_init glPolygonOffsetxOES not found.
002c:warn:wgl:display_funcs_init glPopDebugGroup not found.
002c:warn:wgl:display_funcs_init glPopGroupMarkerEXT not found.
002c:warn:wgl:display_funcs_init glPresentFrameDualFillNV not found.
002c:warn:wgl:display_funcs_init glPresentFrameKeyedNV not found.
002c:warn:wgl:display_funcs_init glPrimitiveBoundingBox not found.
002c:warn:wgl:display_funcs_init glPrimitiveBoundingBoxARB not found.
002c:warn:wgl:display_funcs_init glPrimitiveBoundingBoxEXT not found.
002c:warn:wgl:display_funcs_init glPrimitiveBoundingBoxOES not found.
002c:warn:wgl:display_funcs_init glPrimitiveRestartIndex not found.
002c:warn:wgl:display_funcs_init glPrimitiveRestartIndexNV not found.
002c:warn:wgl:display_funcs_init glPrimitiveRestartNV not found.
002c:warn:wgl:display_funcs_init glPrioritizeTexturesEXT not found.
002c:warn:wgl:display_funcs_init glPrioritizeTexturesxOES not found.
002c:warn:wgl:display_funcs_init glProgramBinary not found.
002c:warn:wgl:display_funcs_init glProgramBinaryOES not found.
002c:warn:wgl:display_funcs_init glProgramBufferParametersIivNV not found.
002c:warn:wgl:display_funcs_init glProgramBufferParametersIuivNV not found.
002c:warn:wgl:display_funcs_init glProgramBufferParametersfvNV not found.
002c:warn:wgl:display_funcs_init glProgramEnvParameter4dARB not found.
002c:warn:wgl:display_funcs_init glProgramEnvParameter4dvARB not found.
002c:warn:wgl:display_funcs_init glProgramEnvParameter4fARB not found.
002c:warn:wgl:display_funcs_init glProgramEnvParameter4fvARB not found.
002c:warn:wgl:display_funcs_init glProgramEnvParameterI4iNV not found.
002c:warn:wgl:display_funcs_init glProgramEnvParameterI4ivNV not found.
002c:warn:wgl:display_funcs_init glProgramEnvParameterI4uiNV not found.
002c:warn:wgl:display_funcs_init glProgramEnvParameterI4uivNV not found.
002c:warn:wgl:display_funcs_init glProgramEnvParameters4fvEXT not found.
002c:warn:wgl:display_funcs_init glProgramEnvParametersI4ivNV not found.
002c:warn:wgl:display_funcs_init glProgramEnvParametersI4uivNV not found.
002c:warn:wgl:display_funcs_init glProgramLocalParameter4dARB not found.
002c:warn:wgl:display_funcs_init glProgramLocalParameter4dvARB not found.
002c:warn:wgl:display_funcs_init glProgramLocalParameter4fARB not found.
002c:warn:wgl:display_funcs_init glProgramLocalParameter4fvARB not found.
002c:warn:wgl:display_funcs_init glProgramLocalParameterI4iNV not found.
002c:warn:wgl:display_funcs_init glProgramLocalParameterI4ivNV not found.
002c:warn:wgl:display_funcs_init glProgramLocalParameterI4uiNV not found.
002c:warn:wgl:display_funcs_init glProgramLocalParameterI4uivNV not found.
002c:warn:wgl:display_funcs_init glProgramLocalParameters4fvEXT not found.
002c:warn:wgl:display_funcs_init glProgramLocalParametersI4ivNV not found.
002c:warn:wgl:display_funcs_init glProgramLocalParametersI4uivNV not found.
002c:warn:wgl:display_funcs_init glProgramNamedParameter4dNV not found.
002c:warn:wgl:display_funcs_init glProgramNamedParameter4dvNV not found.
002c:warn:wgl:display_funcs_init glProgramNamedParameter4fNV not found.
002c:warn:wgl:display_funcs_init glProgramNamedParameter4fvNV not found.
002c:warn:wgl:display_funcs_init glProgramParameter4dNV not found.
002c:warn:wgl:display_funcs_init glProgramParameter4dvNV not found.
002c:warn:wgl:display_funcs_init glProgramParameter4fNV not found.
002c:warn:wgl:display_funcs_init glProgramParameter4fvNV not found.
002c:warn:wgl:display_funcs_init glProgramParameteri not found.
002c:warn:wgl:display_funcs_init glProgramParameteriARB not found.
002c:warn:wgl:display_funcs_init glProgramParameteriEXT not found.
002c:warn:wgl:display_funcs_init glProgramParameters4dvNV not found.
002c:warn:wgl:display_funcs_init glProgramParameters4fvNV not found.
002c:warn:wgl:display_funcs_init glProgramPathFragmentInputGenNV not found.
002c:warn:wgl:display_funcs_init glProgramStringARB not found.
002c:warn:wgl:display_funcs_init glProgramSubroutineParametersuivNV not found.
002c:warn:wgl:display_funcs_init glProgramUniform1d not found.
002c:warn:wgl:display_funcs_init glProgramUniform1dEXT not found.
002c:warn:wgl:display_funcs_init glProgramUniform1dv not found.
002c:warn:wgl:display_funcs_init glProgramUniform1dvEXT not found.
002c:warn:wgl:display_funcs_init glProgramUniform1f not found.
002c:warn:wgl:display_funcs_init glProgramUniform1fEXT not found.
002c:warn:wgl:display_funcs_init glProgramUniform1fv not found.
002c:warn:wgl:display_funcs_init glProgramUniform1fvEXT not found.
002c:warn:wgl:display_funcs_init glProgramUniform1i not found.
002c:warn:wgl:display_funcs_init glProgramUniform1i64ARB not found.
002c:warn:wgl:display_funcs_init glProgramUniform1i64NV not found.
002c:warn:wgl:display_funcs_init glProgramUniform1i64vARB not found.
002c:warn:wgl:display_funcs_init glProgramUniform1i64vNV not found.
002c:warn:wgl:display_funcs_init glProgramUniform1iEXT not found.
002c:warn:wgl:display_funcs_init glProgramUniform1iv not found.
002c:warn:wgl:display_funcs_init glProgramUniform1ivEXT not found.
002c:warn:wgl:display_funcs_init glProgramUniform1ui not found.
002c:warn:wgl:display_funcs_init glProgramUniform1ui64ARB not found.
002c:warn:wgl:display_funcs_init glProgramUniform1ui64NV not found.
002c:warn:wgl:display_funcs_init glProgramUniform1ui64vARB not found.
002c:warn:wgl:display_funcs_init glProgramUniform1ui64vNV not found.
002c:warn:wgl:display_funcs_init glProgramUniform1uiEXT not found.
002c:warn:wgl:display_funcs_init glProgramUniform1uiv not found.
002c:warn:wgl:display_funcs_init glProgramUniform1uivEXT not found.
002c:warn:wgl:display_funcs_init glProgramUniform2d not found.
002c:warn:wgl:display_funcs_init glProgramUniform2dEXT not found.
002c:warn:wgl:display_funcs_init glProgramUniform2dv not found.
002c:warn:wgl:display_funcs_init glProgramUniform2dvEXT not found.
002c:warn:wgl:display_funcs_init glProgramUniform2f not found.
002c:warn:wgl:display_funcs_init glProgramUniform2fEXT not found.
002c:warn:wgl:display_funcs_init glProgramUniform2fv not found.
002c:warn:wgl:display_funcs_init glProgramUniform2fvEXT not found.
002c:warn:wgl:display_funcs_init glProgramUniform2i not found.
002c:warn:wgl:display_funcs_init glProgramUniform2i64ARB not found.
002c:warn:wgl:display_funcs_init glProgramUniform2i64NV not found.
002c:warn:wgl:display_funcs_init glProgramUniform2i64vARB not found.
002c:warn:wgl:display_funcs_init glProgramUniform2i64vNV not found.
002c:warn:wgl:display_funcs_init glProgramUniform2iEXT not found.
002c:warn:wgl:display_funcs_init glProgramUniform2iv not found.
002c:warn:wgl:display_funcs_init glProgramUniform2ivEXT not found.
002c:warn:wgl:display_funcs_init glProgramUniform2ui not found.
002c:warn:wgl:display_funcs_init glProgramUniform2ui64ARB not found.
002c:warn:wgl:display_funcs_init glProgramUniform2ui64NV not found.
002c:warn:wgl:display_funcs_init glProgramUniform2ui64vARB not found.
002c:warn:wgl:display_funcs_init glProgramUniform2ui64vNV not found.
002c:warn:wgl:display_funcs_init glProgramUniform2uiEXT not found.
002c:warn:wgl:display_funcs_init glProgramUniform2uiv not found.
002c:warn:wgl:display_funcs_init glProgramUniform2uivEXT not found.
002c:warn:wgl:display_funcs_init glProgramUniform3d not found.
002c:warn:wgl:display_funcs_init glProgramUniform3dEXT not found.
002c:warn:wgl:display_funcs_init glProgramUniform3dv not found.
002c:warn:wgl:display_funcs_init glProgramUniform3dvEXT not found.
002c:warn:wgl:display_funcs_init glProgramUniform3f not found.
002c:warn:wgl:display_funcs_init glProgramUniform3fEXT not found.
002c:warn:wgl:display_funcs_init glProgramUniform3fv not found.
002c:warn:wgl:display_funcs_init glProgramUniform3fvEXT not found.
002c:warn:wgl:display_funcs_init glProgramUniform3i not found.
002c:warn:wgl:display_funcs_init glProgramUniform3i64ARB not found.
002c:warn:wgl:display_funcs_init glProgramUniform3i64NV not found.
002c:warn:wgl:display_funcs_init glProgramUniform3i64vARB not found.
002c:warn:wgl:display_funcs_init glProgramUniform3i64vNV not found.
002c:warn:wgl:display_funcs_init glProgramUniform3iEXT not found.
002c:warn:wgl:display_funcs_init glProgramUniform3iv not found.
002c:warn:wgl:display_funcs_init glProgramUniform3ivEXT not found.
002c:warn:wgl:display_funcs_init glProgramUniform3ui not found.
002c:warn:wgl:display_funcs_init glProgramUniform3ui64ARB not found.
002c:warn:wgl:display_funcs_init glProgramUniform3ui64NV not found.
002c:warn:wgl:display_funcs_init glProgramUniform3ui64vARB not found.
002c:warn:wgl:display_funcs_init glProgramUniform3ui64vNV not found.
002c:warn:wgl:display_funcs_init glProgramUniform3uiEXT not found.
002c:warn:wgl:display_funcs_init glProgramUniform3uiv not found.
002c:warn:wgl:display_funcs_init glProgramUniform3uivEXT not found.
002c:warn:wgl:display_funcs_init glProgramUniform4d not found.
002c:warn:wgl:display_funcs_init glProgramUniform4dEXT not found.
002c:warn:wgl:display_funcs_init glProgramUniform4dv not found.
002c:warn:wgl:display_funcs_init glProgramUniform4dvEXT not found.
002c:warn:wgl:display_funcs_init glProgramUniform4f not found.
002c:warn:wgl:display_funcs_init glProgramUniform4fEXT not found.
002c:warn:wgl:display_funcs_init glProgramUniform4fv not found.
002c:warn:wgl:display_funcs_init glProgramUniform4fvEXT not found.
002c:warn:wgl:display_funcs_init glProgramUniform4i not found.
002c:warn:wgl:display_funcs_init glProgramUniform4i64ARB not found.
002c:warn:wgl:display_funcs_init glProgramUniform4i64NV not found.
002c:warn:wgl:display_funcs_init glProgramUniform4i64vARB not found.
002c:warn:wgl:display_funcs_init glProgramUniform4i64vNV not found.
002c:warn:wgl:display_funcs_init glProgramUniform4iEXT not found.
002c:warn:wgl:display_funcs_init glProgramUniform4iv not found.
002c:warn:wgl:display_funcs_init glProgramUniform4ivEXT not found.
002c:warn:wgl:display_funcs_init glProgramUniform4ui not found.
002c:warn:wgl:display_funcs_init glProgramUniform4ui64ARB not found.
002c:warn:wgl:display_funcs_init glProgramUniform4ui64NV not found.
002c:warn:wgl:display_funcs_init glProgramUniform4ui64vARB not found.
002c:warn:wgl:display_funcs_init glProgramUniform4ui64vNV not found.
002c:warn:wgl:display_funcs_init glProgramUniform4uiEXT not found.
002c:warn:wgl:display_funcs_init glProgramUniform4uiv not found.
002c:warn:wgl:display_funcs_init glProgramUniform4uivEXT not found.
002c:warn:wgl:display_funcs_init glProgramUniformHandleui64ARB not found.
002c:warn:wgl:display_funcs_init glProgramUniformHandleui64IMG not found.
002c:warn:wgl:display_funcs_init glProgramUniformHandleui64NV not found.
002c:warn:wgl:display_funcs_init glProgramUniformHandleui64vARB not found.
002c:warn:wgl:display_funcs_init glProgramUniformHandleui64vIMG not found.
002c:warn:wgl:display_funcs_init glProgramUniformHandleui64vNV not found.
002c:warn:wgl:display_funcs_init glProgramUniformMatrix2dv not found.
002c:warn:wgl:display_funcs_init glProgramUniformMatrix2dvEXT not found.
002c:warn:wgl:display_funcs_init glProgramUniformMatrix2fv not found.
002c:warn:wgl:display_funcs_init glProgramUniformMatrix2fvEXT not found.
002c:warn:wgl:display_funcs_init glProgramUniformMatrix2x3dv not found.
002c:warn:wgl:display_funcs_init glProgramUniformMatrix2x3dvEXT not found.
002c:warn:wgl:display_funcs_init glProgramUniformMatrix2x3fv not found.
002c:warn:wgl:display_funcs_init glProgramUniformMatrix2x3fvEXT not found.
002c:warn:wgl:display_funcs_init glProgramUniformMatrix2x4dv not found.
002c:warn:wgl:display_funcs_init glProgramUniformMatrix2x4dvEXT not found.
002c:warn:wgl:display_funcs_init glProgramUniformMatrix2x4fv not found.
002c:warn:wgl:display_funcs_init glProgramUniformMatrix2x4fvEXT not found.
002c:warn:wgl:display_funcs_init glProgramUniformMatrix3dv not found.
002c:warn:wgl:display_funcs_init glProgramUniformMatrix3dvEXT not found.
002c:warn:wgl:display_funcs_init glProgramUniformMatrix3fv not found.
002c:warn:wgl:display_funcs_init glProgramUniformMatrix3fvEXT not found.
002c:warn:wgl:display_funcs_init glProgramUniformMatrix3x2dv not found.
002c:warn:wgl:display_funcs_init glProgramUniformMatrix3x2dvEXT not found.
002c:warn:wgl:display_funcs_init glProgramUniformMatrix3x2fv not found.
002c:warn:wgl:display_funcs_init glProgramUniformMatrix3x2fvEXT not found.
002c:warn:wgl:display_funcs_init glProgramUniformMatrix3x4dv not found.
002c:warn:wgl:display_funcs_init glProgramUniformMatrix3x4dvEXT not found.
002c:warn:wgl:display_funcs_init glProgramUniformMatrix3x4fv not found.
002c:warn:wgl:display_funcs_init glProgramUniformMatrix3x4fvEXT not found.
002c:warn:wgl:display_funcs_init glProgramUniformMatrix4dv not found.
002c:warn:wgl:display_funcs_init glProgramUniformMatrix4dvEXT not found.
002c:warn:wgl:display_funcs_init glProgramUniformMatrix4fv not found.
002c:warn:wgl:display_funcs_init glProgramUniformMatrix4fvEXT not found.
002c:warn:wgl:display_funcs_init glProgramUniformMatrix4x2dv not found.
002c:warn:wgl:display_funcs_init glProgramUniformMatrix4x2dvEXT not found.
002c:warn:wgl:display_funcs_init glProgramUniformMatrix4x2fv not found.
002c:warn:wgl:display_funcs_init glProgramUniformMatrix4x2fvEXT not found.
002c:warn:wgl:display_funcs_init glProgramUniformMatrix4x3dv not found.
002c:warn:wgl:display_funcs_init glProgramUniformMatrix4x3dvEXT not found.
002c:warn:wgl:display_funcs_init glProgramUniformMatrix4x3fv not found.
002c:warn:wgl:display_funcs_init glProgramUniformMatrix4x3fvEXT not found.
002c:warn:wgl:display_funcs_init glProgramUniformui64NV not found.
002c:warn:wgl:display_funcs_init glProgramUniformui64vNV not found.
002c:warn:wgl:display_funcs_init glProgramVertexLimitNV not found.
002c:warn:wgl:display_funcs_init glProvokingVertex not found.
002c:warn:wgl:display_funcs_init glProvokingVertexEXT not found.
002c:warn:wgl:display_funcs_init glPushClientAttribDefaultEXT not found.
002c:warn:wgl:display_funcs_init glPushDebugGroup not found.
002c:warn:wgl:display_funcs_init glPushGroupMarkerEXT not found.
002c:warn:wgl:display_funcs_init glQueryCounter not found.
002c:warn:wgl:display_funcs_init glQueryCounterEXT not found.
002c:warn:wgl:display_funcs_init glQueryMatrixxOES not found.
002c:warn:wgl:display_funcs_init glQueryObjectParameteruiAMD not found.
002c:warn:wgl:display_funcs_init glQueryResourceNV not found.
002c:warn:wgl:display_funcs_init glQueryResourceTagNV not found.
002c:warn:wgl:display_funcs_init glRasterPos2xOES not found.
002c:warn:wgl:display_funcs_init glRasterPos2xvOES not found.
002c:warn:wgl:display_funcs_init glRasterPos3xOES not found.
002c:warn:wgl:display_funcs_init glRasterPos3xvOES not found.
002c:warn:wgl:display_funcs_init glRasterPos4xOES not found.
002c:warn:wgl:display_funcs_init glRasterPos4xvOES not found.
002c:warn:wgl:display_funcs_init glRasterSamplesEXT not found.
002c:warn:wgl:display_funcs_init glReadBufferIndexedEXT not found.
002c:warn:wgl:display_funcs_init glReadBufferNV not found.
002c:warn:wgl:display_funcs_init glReadBufferRegion not found.
002c:warn:wgl:display_funcs_init glReadInstrumentsSGIX not found.
002c:warn:wgl:display_funcs_init glReadnPixels not found.
002c:warn:wgl:display_funcs_init glReadnPixelsARB not found.
002c:warn:wgl:display_funcs_init glReadnPixelsEXT not found.
002c:warn:wgl:display_funcs_init glRectxOES not found.
002c:warn:wgl:display_funcs_init glRectxvOES not found.
002c:warn:wgl:display_funcs_init glReferencePlaneSGIX not found.
002c:warn:wgl:display_funcs_init glReleaseKeyedMutexWin32EXT not found.
002c:warn:wgl:display_funcs_init glReleaseShaderCompiler not found.
002c:warn:wgl:display_funcs_init glRenderGpuMaskNV not found.
002c:warn:wgl:display_funcs_init glRenderbufferStorage not found.
002c:warn:wgl:display_funcs_init glRenderbufferStorageEXT not found.
002c:warn:wgl:display_funcs_init glRenderbufferStorageMultisample not found.
002c:warn:wgl:display_funcs_init glRenderbufferStorageMultisampleANGLE not found.
002c:warn:wgl:display_funcs_init glRenderbufferStorageMultisampleAPPLE not found.
002c:warn:wgl:display_funcs_init glRenderbufferStorageMultisampleAdvancedAMD not found.
002c:warn:wgl:display_funcs_init glRenderbufferStorageMultisampleCoverageNV not found.
002c:warn:wgl:display_funcs_init glRenderbufferStorageMultisampleEXT not found.
002c:warn:wgl:display_funcs_init glRenderbufferStorageMultisampleIMG not found.
002c:warn:wgl:display_funcs_init glRenderbufferStorageMultisampleNV not found.
002c:warn:wgl:display_funcs_init glRenderbufferStorageOES not found.
002c:warn:wgl:display_funcs_init glReplacementCodePointerSUN not found.
002c:warn:wgl:display_funcs_init glReplacementCodeubSUN not found.
002c:warn:wgl:display_funcs_init glReplacementCodeubvSUN not found.
002c:warn:wgl:display_funcs_init glReplacementCodeuiColor3fVertex3fSUN not found.
002c:warn:wgl:display_funcs_init glReplacementCodeuiColor3fVertex3fvSUN not found.
002c:warn:wgl:display_funcs_init glReplacementCodeuiColor4fNormal3fVertex3fSUN not found.
002c:warn:wgl:display_funcs_init glReplacementCodeuiColor4fNormal3fVertex3fvSUN not found.
002c:warn:wgl:display_funcs_init glReplacementCodeuiColor4ubVertex3fSUN not found.
002c:warn:wgl:display_funcs_init glReplacementCodeuiColor4ubVertex3fvSUN not found.
002c:warn:wgl:display_funcs_init glReplacementCodeuiNormal3fVertex3fSUN not found.
002c:warn:wgl:display_funcs_init glReplacementCodeuiNormal3fVertex3fvSUN not found.
002c:warn:wgl:display_funcs_init glReplacementCodeuiSUN not found.
002c:warn:wgl:display_funcs_init glReplacementCodeuiTexCoord2fColor4fNormal3fVertex3fSUN not found.
002c:warn:wgl:display_funcs_init glReplacementCodeuiTexCoord2fColor4fNormal3fVertex3fvSUN not found.
002c:warn:wgl:display_funcs_init glReplacementCodeuiTexCoord2fNormal3fVertex3fSUN not found.
002c:warn:wgl:display_funcs_init glReplacementCodeuiTexCoord2fNormal3fVertex3fvSUN not found.
002c:warn:wgl:display_funcs_init glReplacementCodeuiTexCoord2fVertex3fSUN not found.
002c:warn:wgl:display_funcs_init glReplacementCodeuiTexCoord2fVertex3fvSUN not found.
002c:warn:wgl:display_funcs_init glReplacementCodeuiVertex3fSUN not found.
002c:warn:wgl:display_funcs_init glReplacementCodeuiVertex3fvSUN not found.
002c:warn:wgl:display_funcs_init glReplacementCodeuivSUN not found.
002c:warn:wgl:display_funcs_init glReplacementCodeusSUN not found.
002c:warn:wgl:display_funcs_init glReplacementCodeusvSUN not found.
002c:warn:wgl:display_funcs_init glRequestResidentProgramsNV not found.
002c:warn:wgl:display_funcs_init glResetHistogram not found.
002c:warn:wgl:display_funcs_init glResetHistogramEXT not found.
002c:warn:wgl:display_funcs_init glResetMemoryObjectParameterNV not found.
002c:warn:wgl:display_funcs_init glResetMinmax not found.
002c:warn:wgl:display_funcs_init glResetMinmaxEXT not found.
002c:warn:wgl:display_funcs_init glResizeBuffersMESA not found.
002c:warn:wgl:display_funcs_init glResolveDepthValuesNV not found.
002c:warn:wgl:display_funcs_init glResolveMultisampleFramebufferAPPLE not found.
002c:warn:wgl:display_funcs_init glResumeTransformFeedback not found.
002c:warn:wgl:display_funcs_init glResumeTransformFeedbackNV not found.
002c:warn:wgl:display_funcs_init glRotatex not found.
002c:warn:wgl:display_funcs_init glRotatexOES not found.
002c:warn:wgl:display_funcs_init glSampleCoverage not found.
002c:warn:wgl:display_funcs_init glSampleCoverageARB not found.
002c:warn:wgl:display_funcs_init glSampleCoveragex not found.
002c:warn:wgl:display_funcs_init glSampleMapATI not found.
002c:warn:wgl:display_funcs_init glSampleMaskEXT not found.
002c:warn:wgl:display_funcs_init glSampleMaskIndexedNV not found.
002c:warn:wgl:display_funcs_init glSampleMaskSGIS not found.
002c:warn:wgl:display_funcs_init glSampleMaski not found.
002c:warn:wgl:display_funcs_init glSamplePatternEXT not found.
002c:warn:wgl:display_funcs_init glSamplePatternSGIS not found.
002c:warn:wgl:display_funcs_init glSamplerParameterIiv not found.
002c:warn:wgl:display_funcs_init glSamplerParameterIivEXT not found.
002c:warn:wgl:display_funcs_init glSamplerParameterIivOES not found.
002c:warn:wgl:display_funcs_init glSamplerParameterIuiv not found.
002c:warn:wgl:display_funcs_init glSamplerParameterIuivEXT not found.
002c:warn:wgl:display_funcs_init glSamplerParameterIuivOES not found.
002c:warn:wgl:display_funcs_init glSamplerParameterf not found.
002c:warn:wgl:display_funcs_init glSamplerParameterfv not found.
002c:warn:wgl:display_funcs_init glSamplerParameteri not found.
002c:warn:wgl:display_funcs_init glSamplerParameteriv not found.
002c:warn:wgl:display_funcs_init glScalex not found.
002c:warn:wgl:display_funcs_init glScalexOES not found.
002c:warn:wgl:display_funcs_init glScissorArrayv not found.
002c:warn:wgl:display_funcs_init glScissorArrayvNV not found.
002c:warn:wgl:display_funcs_init glScissorArrayvOES not found.
002c:warn:wgl:display_funcs_init glScissorExclusiveArrayvNV not found.
002c:warn:wgl:display_funcs_init glScissorExclusiveNV not found.
002c:warn:wgl:display_funcs_init glScissorIndexed not found.
002c:warn:wgl:display_funcs_init glScissorIndexedNV not found.
002c:warn:wgl:display_funcs_init glScissorIndexedOES not found.
002c:warn:wgl:display_funcs_init glScissorIndexedv not found.
002c:warn:wgl:display_funcs_init glScissorIndexedvNV not found.
002c:warn:wgl:display_funcs_init glScissorIndexedvOES not found.
002c:warn:wgl:display_funcs_init glSecondaryColor3b not found.
002c:warn:wgl:display_funcs_init glSecondaryColor3bEXT not found.
002c:warn:wgl:display_funcs_init glSecondaryColor3bv not found.
002c:warn:wgl:display_funcs_init glSecondaryColor3bvEXT not found.
002c:warn:wgl:display_funcs_init glSecondaryColor3d not found.
002c:warn:wgl:display_funcs_init glSecondaryColor3dEXT not found.
002c:warn:wgl:display_funcs_init glSecondaryColor3dv not found.
002c:warn:wgl:display_funcs_init glSecondaryColor3dvEXT not found.
002c:warn:wgl:display_funcs_init glSecondaryColor3f not found.
002c:warn:wgl:display_funcs_init glSecondaryColor3fEXT not found.
002c:warn:wgl:display_funcs_init glSecondaryColor3fv not found.
002c:warn:wgl:display_funcs_init glSecondaryColor3fvEXT not found.
002c:warn:wgl:display_funcs_init glSecondaryColor3hNV not found.
002c:warn:wgl:display_funcs_init glSecondaryColor3hvNV not found.
002c:warn:wgl:display_funcs_init glSecondaryColor3i not found.
002c:warn:wgl:display_funcs_init glSecondaryColor3iEXT not found.
002c:warn:wgl:display_funcs_init glSecondaryColor3iv not found.
002c:warn:wgl:display_funcs_init glSecondaryColor3ivEXT not found.
002c:warn:wgl:display_funcs_init glSecondaryColor3s not found.
002c:warn:wgl:display_funcs_init glSecondaryColor3sEXT not found.
002c:warn:wgl:display_funcs_init glSecondaryColor3sv not found.
002c:warn:wgl:display_funcs_init glSecondaryColor3svEXT not found.
002c:warn:wgl:display_funcs_init glSecondaryColor3ub not found.
002c:warn:wgl:display_funcs_init glSecondaryColor3ubEXT not found.
002c:warn:wgl:display_funcs_init glSecondaryColor3ubv not found.
002c:warn:wgl:display_funcs_init glSecondaryColor3ubvEXT not found.
002c:warn:wgl:display_funcs_init glSecondaryColor3ui not found.
002c:warn:wgl:display_funcs_init glSecondaryColor3uiEXT not found.
002c:warn:wgl:display_funcs_init glSecondaryColor3uiv not found.
002c:warn:wgl:display_funcs_init glSecondaryColor3uivEXT not found.
002c:warn:wgl:display_funcs_init glSecondaryColor3us not found.
002c:warn:wgl:display_funcs_init glSecondaryColor3usEXT not found.
002c:warn:wgl:display_funcs_init glSecondaryColor3usv not found.
002c:warn:wgl:display_funcs_init glSecondaryColor3usvEXT not found.
002c:warn:wgl:display_funcs_init glSecondaryColorFormatNV not found.
002c:warn:wgl:display_funcs_init glSecondaryColorP3ui not found.
002c:warn:wgl:display_funcs_init glSecondaryColorP3uiv not found.
002c:warn:wgl:display_funcs_init glSecondaryColorPointer not found.
002c:warn:wgl:display_funcs_init glSecondaryColorPointerEXT not found.
002c:warn:wgl:display_funcs_init glSecondaryColorPointerListIBM not found.
002c:warn:wgl:display_funcs_init glSelectPerfMonitorCountersAMD not found.
002c:warn:wgl:display_funcs_init glSelectTextureCoordSetSGIS not found.
002c:warn:wgl:display_funcs_init glSelectTextureSGIS not found.
002c:warn:wgl:display_funcs_init glSemaphoreParameterivNV not found.
002c:warn:wgl:display_funcs_init glSemaphoreParameterui64vEXT not found.
002c:warn:wgl:display_funcs_init glSeparableFilter2D not found.
002c:warn:wgl:display_funcs_init glSeparableFilter2DEXT not found.
002c:warn:wgl:display_funcs_init glSetFenceAPPLE not found.
002c:warn:wgl:display_funcs_init glSetFenceNV not found.
002c:warn:wgl:display_funcs_init glSetFragmentShaderConstantATI not found.
002c:warn:wgl:display_funcs_init glSetInvariantEXT not found.
002c:warn:wgl:display_funcs_init glSetLocalConstantEXT not found.
002c:warn:wgl:display_funcs_init glSetMultisamplefvAMD not found.
002c:warn:wgl:display_funcs_init glShaderBinary not found.
002c:warn:wgl:display_funcs_init glShaderOp1EXT not found.
002c:warn:wgl:display_funcs_init glShaderOp2EXT not found.
002c:warn:wgl:display_funcs_init glShaderOp3EXT not found.
002c:warn:wgl:display_funcs_init glShaderSource not found.
002c:warn:wgl:display_funcs_init glShaderSourceARB not found.
002c:warn:wgl:display_funcs_init glShaderStorageBlockBinding not found.
002c:warn:wgl:display_funcs_init glShadingRateCombinerOpsEXT not found.
002c:warn:wgl:display_funcs_init glShadingRateEXT not found.
002c:warn:wgl:display_funcs_init glShadingRateImageBarrierNV not found.
002c:warn:wgl:display_funcs_init glShadingRateImagePaletteNV not found.
002c:warn:wgl:display_funcs_init glShadingRateQCOM not found.
002c:warn:wgl:display_funcs_init glShadingRateSampleOrderCustomNV not found.
002c:warn:wgl:display_funcs_init glShadingRateSampleOrderNV not found.
002c:warn:wgl:display_funcs_init glSharpenTexFuncSGIS not found.
002c:warn:wgl:display_funcs_init glSignalSemaphoreEXT not found.
002c:warn:wgl:display_funcs_init glSignalSemaphoreui64NVX not found.
002c:warn:wgl:display_funcs_init glSignalVkFenceNV not found.
002c:warn:wgl:display_funcs_init glSignalVkSemaphoreNV not found.
002c:warn:wgl:display_funcs_init glSpecializeShader not found.
002c:warn:wgl:display_funcs_init glSpecializeShaderARB not found.
002c:warn:wgl:display_funcs_init glSpriteParameterfSGIX not found.
002c:warn:wgl:display_funcs_init glSpriteParameterfvSGIX not found.
002c:warn:wgl:display_funcs_init glSpriteParameteriSGIX not found.
002c:warn:wgl:display_funcs_init glSpriteParameterivSGIX not found.
002c:warn:wgl:display_funcs_init glStartInstrumentsSGIX not found.
002c:warn:wgl:display_funcs_init glStartTilingQCOM not found.
002c:warn:wgl:display_funcs_init glStateCaptureNV not found.
002c:warn:wgl:display_funcs_init glStencilClearTagEXT not found.
002c:warn:wgl:display_funcs_init glStencilFillPathInstancedNV not found.
002c:warn:wgl:display_funcs_init glStencilFillPathNV not found.
002c:warn:wgl:display_funcs_init glStencilFuncSeparate not found.
002c:warn:wgl:display_funcs_init glStencilFuncSeparateATI not found.
002c:warn:wgl:display_funcs_init glStencilMaskSeparate not found.
002c:warn:wgl:display_funcs_init glStencilOpSeparate not found.
002c:warn:wgl:display_funcs_init glStencilOpSeparateATI not found.
002c:warn:wgl:display_funcs_init glStencilOpValueAMD not found.
002c:warn:wgl:display_funcs_init glStencilStrokePathInstancedNV not found.
002c:warn:wgl:display_funcs_init glStencilStrokePathNV not found.
002c:warn:wgl:display_funcs_init glStencilThenCoverFillPathInstancedNV not found.
002c:warn:wgl:display_funcs_init glStencilThenCoverFillPathNV not found.
002c:warn:wgl:display_funcs_init glStencilThenCoverStrokePathInstancedNV not found.
002c:warn:wgl:display_funcs_init glStencilThenCoverStrokePathNV not found.
002c:warn:wgl:display_funcs_init glStopInstrumentsSGIX not found.
002c:warn:wgl:display_funcs_init glStringMarkerGREMEDY not found.
002c:warn:wgl:display_funcs_init glSubpixelPrecisionBiasNV not found.
002c:warn:wgl:display_funcs_init glSwizzleEXT not found.
002c:warn:wgl:display_funcs_init glSyncTextureINTEL not found.
002c:warn:wgl:display_funcs_init glTagSampleBufferSGIX not found.
002c:warn:wgl:display_funcs_init glTangent3bEXT not found.
002c:warn:wgl:display_funcs_init glTangent3bvEXT not found.
002c:warn:wgl:display_funcs_init glTangent3dEXT not found.
002c:warn:wgl:display_funcs_init glTangent3dvEXT not found.
002c:warn:wgl:display_funcs_init glTangent3fEXT not found.
002c:warn:wgl:display_funcs_init glTangent3fvEXT not found.
002c:warn:wgl:display_funcs_init glTangent3iEXT not found.
002c:warn:wgl:display_funcs_init glTangent3ivEXT not found.
002c:warn:wgl:display_funcs_init glTangent3sEXT not found.
002c:warn:wgl:display_funcs_init glTangent3svEXT not found.
002c:warn:wgl:display_funcs_init glTangentPointerEXT not found.
002c:warn:wgl:display_funcs_init glTbufferMask3DFX not found.
002c:warn:wgl:display_funcs_init glTessellationFactorAMD not found.
002c:warn:wgl:display_funcs_init glTessellationModeAMD not found.
002c:warn:wgl:display_funcs_init glTestFenceAPPLE not found.
002c:warn:wgl:display_funcs_init glTestFenceNV not found.
002c:warn:wgl:display_funcs_init glTestObjectAPPLE not found.
002c:warn:wgl:display_funcs_init glTexAttachMemoryNV not found.
002c:warn:wgl:display_funcs_init glTexBuffer not found.
002c:warn:wgl:display_funcs_init glTexBufferARB not found.
002c:warn:wgl:display_funcs_init glTexBufferEXT not found.
002c:warn:wgl:display_funcs_init glTexBufferOES not found.
002c:warn:wgl:display_funcs_init glTexBufferRange not found.
002c:warn:wgl:display_funcs_init glTexBufferRangeEXT not found.
002c:warn:wgl:display_funcs_init glTexBufferRangeOES not found.
002c:warn:wgl:display_funcs_init glTexBumpParameterfvATI not found.
002c:warn:wgl:display_funcs_init glTexBumpParameterivATI not found.
002c:warn:wgl:display_funcs_init glTexCoord1bOES not found.
002c:warn:wgl:display_funcs_init glTexCoord1bvOES not found.
002c:warn:wgl:display_funcs_init glTexCoord1hNV not found.
002c:warn:wgl:display_funcs_init glTexCoord1hvNV not found.
002c:warn:wgl:display_funcs_init glTexCoord1xOES not found.
002c:warn:wgl:display_funcs_init glTexCoord1xvOES not found.
002c:warn:wgl:display_funcs_init glTexCoord2bOES not found.
002c:warn:wgl:display_funcs_init glTexCoord2bvOES not found.
002c:warn:wgl:display_funcs_init glTexCoord2fColor3fVertex3fSUN not found.
002c:warn:wgl:display_funcs_init glTexCoord2fColor3fVertex3fvSUN not found.
002c:warn:wgl:display_funcs_init glTexCoord2fColor4fNormal3fVertex3fSUN not found.
002c:warn:wgl:display_funcs_init glTexCoord2fColor4fNormal3fVertex3fvSUN not found.
002c:warn:wgl:display_funcs_init glTexCoord2fColor4ubVertex3fSUN not found.
002c:warn:wgl:display_funcs_init glTexCoord2fColor4ubVertex3fvSUN not found.
002c:warn:wgl:display_funcs_init glTexCoord2fNormal3fVertex3fSUN not found.
002c:warn:wgl:display_funcs_init glTexCoord2fNormal3fVertex3fvSUN not found.
002c:warn:wgl:display_funcs_init glTexCoord2fVertex3fSUN not found.
002c:warn:wgl:display_funcs_init glTexCoord2fVertex3fvSUN not found.
002c:warn:wgl:display_funcs_init glTexCoord2hNV not found.
002c:warn:wgl:display_funcs_init glTexCoord2hvNV not found.
002c:warn:wgl:display_funcs_init glTexCoord2xOES not found.
002c:warn:wgl:display_funcs_init glTexCoord2xvOES not found.
002c:warn:wgl:display_funcs_init glTexCoord3bOES not found.
002c:warn:wgl:display_funcs_init glTexCoord3bvOES not found.
002c:warn:wgl:display_funcs_init glTexCoord3hNV not found.
002c:warn:wgl:display_funcs_init glTexCoord3hvNV not found.
002c:warn:wgl:display_funcs_init glTexCoord3xOES not found.
002c:warn:wgl:display_funcs_init glTexCoord3xvOES not found.
002c:warn:wgl:display_funcs_init glTexCoord4bOES not found.
002c:warn:wgl:display_funcs_init glTexCoord4bvOES not found.
002c:warn:wgl:display_funcs_init glTexCoord4fColor4fNormal3fVertex4fSUN not found.
002c:warn:wgl:display_funcs_init glTexCoord4fColor4fNormal3fVertex4fvSUN not found.
002c:warn:wgl:display_funcs_init glTexCoord4fVertex4fSUN not found.
002c:warn:wgl:display_funcs_init glTexCoord4fVertex4fvSUN not found.
002c:warn:wgl:display_funcs_init glTexCoord4hNV not found.
002c:warn:wgl:display_funcs_init glTexCoord4hvNV not found.
002c:warn:wgl:display_funcs_init glTexCoord4xOES not found.
002c:warn:wgl:display_funcs_init glTexCoord4xvOES not found.
002c:warn:wgl:display_funcs_init glTexCoordFormatNV not found.
002c:warn:wgl:display_funcs_init glTexCoordP1ui not found.
002c:warn:wgl:display_funcs_init glTexCoordP1uiv not found.
002c:warn:wgl:display_funcs_init glTexCoordP2ui not found.
002c:warn:wgl:display_funcs_init glTexCoordP2uiv not found.
002c:warn:wgl:display_funcs_init glTexCoordP3ui not found.
002c:warn:wgl:display_funcs_init glTexCoordP3uiv not found.
002c:warn:wgl:display_funcs_init glTexCoordP4ui not found.
002c:warn:wgl:display_funcs_init glTexCoordP4uiv not found.
002c:warn:wgl:display_funcs_init glTexCoordPointerEXT not found.
002c:warn:wgl:display_funcs_init glTexCoordPointerListIBM not found.
002c:warn:wgl:display_funcs_init glTexCoordPointervINTEL not found.
002c:warn:wgl:display_funcs_init glTexEnvx not found.
002c:warn:wgl:display_funcs_init glTexEnvxOES not found.
002c:warn:wgl:display_funcs_init glTexEnvxv not found.
002c:warn:wgl:display_funcs_init glTexEnvxvOES not found.
002c:warn:wgl:display_funcs_init glTexEstimateMotionQCOM not found.
002c:warn:wgl:display_funcs_init glTexEstimateMotionRegionsQCOM not found.
002c:warn:wgl:display_funcs_init glTexFilterFuncSGIS not found.
002c:warn:wgl:display_funcs_init glTexGenfOES not found.
002c:warn:wgl:display_funcs_init glTexGenfvOES not found.
002c:warn:wgl:display_funcs_init glTexGeniOES not found.
002c:warn:wgl:display_funcs_init glTexGenivOES not found.
002c:warn:wgl:display_funcs_init glTexGenxOES not found.
002c:warn:wgl:display_funcs_init glTexGenxvOES not found.
002c:warn:wgl:display_funcs_init glTexImage2DMultisample not found.
002c:warn:wgl:display_funcs_init glTexImage2DMultisampleCoverageNV not found.
002c:warn:wgl:display_funcs_init glTexImage3D not found.
002c:warn:wgl:display_funcs_init glTexImage3DEXT not found.
002c:warn:wgl:display_funcs_init glTexImage3DMultisample not found.
002c:warn:wgl:display_funcs_init glTexImage3DMultisampleCoverageNV not found.
002c:warn:wgl:display_funcs_init glTexImage3DOES not found.
002c:warn:wgl:display_funcs_init glTexImage4DSGIS not found.
002c:warn:wgl:display_funcs_init glTexPageCommitmentARB not found.
002c:warn:wgl:display_funcs_init glTexPageCommitmentEXT not found.
002c:warn:wgl:display_funcs_init glTexPageCommitmentMemNV not found.
002c:warn:wgl:display_funcs_init glTexParameterIiv not found.
002c:warn:wgl:display_funcs_init glTexParameterIivEXT not found.
002c:warn:wgl:display_funcs_init glTexParameterIivOES not found.
002c:warn:wgl:display_funcs_init glTexParameterIuiv not found.
002c:warn:wgl:display_funcs_init glTexParameterIuivEXT not found.
002c:warn:wgl:display_funcs_init glTexParameterIuivOES not found.
002c:warn:wgl:display_funcs_init glTexParameterx not found.
002c:warn:wgl:display_funcs_init glTexParameterxOES not found.
002c:warn:wgl:display_funcs_init glTexParameterxv not found.
002c:warn:wgl:display_funcs_init glTexParameterxvOES not found.
002c:warn:wgl:display_funcs_init glTexRenderbufferNV not found.
002c:warn:wgl:display_funcs_init glTexStorage1D not found.
002c:warn:wgl:display_funcs_init glTexStorage1DEXT not found.
002c:warn:wgl:display_funcs_init glTexStorage2D not found.
002c:warn:wgl:display_funcs_init glTexStorage2DEXT not found.
002c:warn:wgl:display_funcs_init glTexStorage2DMultisample not found.
002c:warn:wgl:display_funcs_init glTexStorage3D not found.
002c:warn:wgl:display_funcs_init glTexStorage3DEXT not found.
002c:warn:wgl:display_funcs_init glTexStorage3DMultisample not found.
002c:warn:wgl:display_funcs_init glTexStorage3DMultisampleOES not found.
002c:warn:wgl:display_funcs_init glTexStorageAttribs2DEXT not found.
002c:warn:wgl:display_funcs_init glTexStorageAttribs3DEXT not found.
002c:warn:wgl:display_funcs_init glTexStorageMem1DEXT not found.
002c:warn:wgl:display_funcs_init glTexStorageMem2DEXT not found.
002c:warn:wgl:display_funcs_init glTexStorageMem2DMultisampleEXT not found.
002c:warn:wgl:display_funcs_init glTexStorageMem3DEXT not found.
002c:warn:wgl:display_funcs_init glTexStorageMem3DMultisampleEXT not found.
002c:warn:wgl:display_funcs_init glTexStorageSparseAMD not found.
002c:warn:wgl:display_funcs_init glTexSubImage1DEXT not found.
002c:warn:wgl:display_funcs_init glTexSubImage2DEXT not found.
002c:warn:wgl:display_funcs_init glTexSubImage3D not found.
002c:warn:wgl:display_funcs_init glTexSubImage3DEXT not found.
002c:warn:wgl:display_funcs_init glTexSubImage3DOES not found.
002c:warn:wgl:display_funcs_init glTexSubImage4DSGIS not found.
002c:warn:wgl:display_funcs_init glTextureAttachMemoryNV not found.
002c:warn:wgl:display_funcs_init glTextureBarrier not found.
002c:warn:wgl:display_funcs_init glTextureBarrierNV not found.
002c:warn:wgl:display_funcs_init glTextureBuffer not found.
002c:warn:wgl:display_funcs_init glTextureBufferEXT not found.
002c:warn:wgl:display_funcs_init glTextureBufferRange not found.
002c:warn:wgl:display_funcs_init glTextureBufferRangeEXT not found.
002c:warn:wgl:display_funcs_init glTextureColorMaskSGIS not found.
002c:warn:wgl:display_funcs_init glTextureFoveationParametersQCOM not found.
002c:warn:wgl:display_funcs_init glTextureImage1DEXT not found.
002c:warn:wgl:display_funcs_init glTextureImage2DEXT not found.
002c:warn:wgl:display_funcs_init glTextureImage2DMultisampleCoverageNV not found.
002c:warn:wgl:display_funcs_init glTextureImage2DMultisampleNV not found.
002c:warn:wgl:display_funcs_init glTextureImage3DEXT not found.
002c:warn:wgl:display_funcs_init glTextureImage3DMultisampleCoverageNV not found.
002c:warn:wgl:display_funcs_init glTextureImage3DMultisampleNV not found.
002c:warn:wgl:display_funcs_init glTextureLightEXT not found.
002c:warn:wgl:display_funcs_init glTextureMaterialEXT not found.
002c:warn:wgl:display_funcs_init glTextureNormalEXT not found.
002c:warn:wgl:display_funcs_init glTexturePageCommitmentEXT not found.
002c:warn:wgl:display_funcs_init glTexturePageCommitmentMemNV not found.
002c:warn:wgl:display_funcs_init glTextureParameterIiv not found.
002c:warn:wgl:display_funcs_init glTextureParameterIivEXT not found.
002c:warn:wgl:display_funcs_init glTextureParameterIuiv not found.
002c:warn:wgl:display_funcs_init glTextureParameterIuivEXT not found.
002c:warn:wgl:display_funcs_init glTextureParameterf not found.
002c:warn:wgl:display_funcs_init glTextureParameterfEXT not found.
002c:warn:wgl:display_funcs_init glTextureParameterfv not found.
002c:warn:wgl:display_funcs_init glTextureParameterfvEXT not found.
002c:warn:wgl:display_funcs_init glTextureParameteri not found.
002c:warn:wgl:display_funcs_init glTextureParameteriEXT not found.
002c:warn:wgl:display_funcs_init glTextureParameteriv not found.
002c:warn:wgl:display_funcs_init glTextureParameterivEXT not found.
002c:warn:wgl:display_funcs_init glTextureRangeAPPLE not found.
002c:warn:wgl:display_funcs_init glTextureRenderbufferEXT not found.
002c:warn:wgl:display_funcs_init glTextureStorage1D not found.
002c:warn:wgl:display_funcs_init glTextureStorage1DEXT not found.
002c:warn:wgl:display_funcs_init glTextureStorage2D not found.
002c:warn:wgl:display_funcs_init glTextureStorage2DEXT not found.
002c:warn:wgl:display_funcs_init glTextureStorage2DMultisample not found.
002c:warn:wgl:display_funcs_init glTextureStorage2DMultisampleEXT not found.
002c:warn:wgl:display_funcs_init glTextureStorage3D not found.
002c:warn:wgl:display_funcs_init glTextureStorage3DEXT not found.
002c:warn:wgl:display_funcs_init glTextureStorage3DMultisample not found.
002c:warn:wgl:display_funcs_init glTextureStorage3DMultisampleEXT not found.
002c:warn:wgl:display_funcs_init glTextureStorageMem1DEXT not found.
002c:warn:wgl:display_funcs_init glTextureStorageMem2DEXT not found.
002c:warn:wgl:display_funcs_init glTextureStorageMem2DMultisampleEXT not found.
002c:warn:wgl:display_funcs_init glTextureStorageMem3DEXT not found.
002c:warn:wgl:display_funcs_init glTextureStorageMem3DMultisampleEXT not found.
002c:warn:wgl:display_funcs_init glTextureStorageSparseAMD not found.
002c:warn:wgl:display_funcs_init glTextureSubImage1D not found.
002c:warn:wgl:display_funcs_init glTextureSubImage1DEXT not found.
002c:warn:wgl:display_funcs_init glTextureSubImage2D not found.
002c:warn:wgl:display_funcs_init glTextureSubImage2DEXT not found.
002c:warn:wgl:display_funcs_init glTextureSubImage3D not found.
002c:warn:wgl:display_funcs_init glTextureSubImage3DEXT not found.
002c:warn:wgl:display_funcs_init glTextureView not found.
002c:warn:wgl:display_funcs_init glTextureViewEXT not found.
002c:warn:wgl:display_funcs_init glTextureViewOES not found.
002c:warn:wgl:display_funcs_init glTrackMatrixNV not found.
002c:warn:wgl:display_funcs_init glTransformFeedbackAttribsNV not found.
002c:warn:wgl:display_funcs_init glTransformFeedbackBufferBase not found.
002c:warn:wgl:display_funcs_init glTransformFeedbackBufferRange not found.
002c:warn:wgl:display_funcs_init glTransformFeedbackStreamAttribsNV not found.
002c:warn:wgl:display_funcs_init glTransformFeedbackVaryings not found.
002c:warn:wgl:display_funcs_init glTransformFeedbackVaryingsEXT not found.
002c:warn:wgl:display_funcs_init glTransformFeedbackVaryingsNV not found.
002c:warn:wgl:display_funcs_init glTransformPathNV not found.
002c:warn:wgl:display_funcs_init glTranslatex not found.
002c:warn:wgl:display_funcs_init glTranslatexOES not found.
002c:warn:wgl:display_funcs_init glUniform1d not found.
002c:warn:wgl:display_funcs_init glUniform1dv not found.
002c:warn:wgl:display_funcs_init glUniform1f not found.
002c:warn:wgl:display_funcs_init glUniform1fARB not found.
002c:warn:wgl:display_funcs_init glUniform1fv not found.
002c:warn:wgl:display_funcs_init glUniform1fvARB not found.
002c:warn:wgl:display_funcs_init glUniform1i not found.
002c:warn:wgl:display_funcs_init glUniform1i64ARB not found.
002c:warn:wgl:display_funcs_init glUniform1i64NV not found.
002c:warn:wgl:display_funcs_init glUniform1i64vARB not found.
002c:warn:wgl:display_funcs_init glUniform1i64vNV not found.
002c:warn:wgl:display_funcs_init glUniform1iARB not found.
002c:warn:wgl:display_funcs_init glUniform1iv not found.
002c:warn:wgl:display_funcs_init glUniform1ivARB not found.
002c:warn:wgl:display_funcs_init glUniform1ui not found.
002c:warn:wgl:display_funcs_init glUniform1ui64ARB not found.
002c:warn:wgl:display_funcs_init glUniform1ui64NV not found.
002c:warn:wgl:display_funcs_init glUniform1ui64vARB not found.
002c:warn:wgl:display_funcs_init glUniform1ui64vNV not found.
002c:warn:wgl:display_funcs_init glUniform1uiEXT not found.
002c:warn:wgl:display_funcs_init glUniform1uiv not found.
002c:warn:wgl:display_funcs_init glUniform1uivEXT not found.
002c:warn:wgl:display_funcs_init glUniform2d not found.
002c:warn:wgl:display_funcs_init glUniform2dv not found.
002c:warn:wgl:display_funcs_init glUniform2f not found.
002c:warn:wgl:display_funcs_init glUniform2fARB not found.
002c:warn:wgl:display_funcs_init glUniform2fv not found.
002c:warn:wgl:display_funcs_init glUniform2fvARB not found.
002c:warn:wgl:display_funcs_init glUniform2i not found.
002c:warn:wgl:display_funcs_init glUniform2i64ARB not found.
002c:warn:wgl:display_funcs_init glUniform2i64NV not found.
002c:warn:wgl:display_funcs_init glUniform2i64vARB not found.
002c:warn:wgl:display_funcs_init glUniform2i64vNV not found.
002c:warn:wgl:display_funcs_init glUniform2iARB not found.
002c:warn:wgl:display_funcs_init glUniform2iv not found.
002c:warn:wgl:display_funcs_init glUniform2ivARB not found.
002c:warn:wgl:display_funcs_init glUniform2ui not found.
002c:warn:wgl:display_funcs_init glUniform2ui64ARB not found.
002c:warn:wgl:display_funcs_init glUniform2ui64NV not found.
002c:warn:wgl:display_funcs_init glUniform2ui64vARB not found.
002c:warn:wgl:display_funcs_init glUniform2ui64vNV not found.
002c:warn:wgl:display_funcs_init glUniform2uiEXT not found.
002c:warn:wgl:display_funcs_init glUniform2uiv not found.
002c:warn:wgl:display_funcs_init glUniform2uivEXT not found.
002c:warn:wgl:display_funcs_init glUniform3d not found.
002c:warn:wgl:display_funcs_init glUniform3dv not found.
002c:warn:wgl:display_funcs_init glUniform3f not found.
002c:warn:wgl:display_funcs_init glUniform3fARB not found.
002c:warn:wgl:display_funcs_init glUniform3fv not found.
002c:warn:wgl:display_funcs_init glUniform3fvARB not found.
002c:warn:wgl:display_funcs_init glUniform3i not found.
002c:warn:wgl:display_funcs_init glUniform3i64ARB not found.
002c:warn:wgl:display_funcs_init glUniform3i64NV not found.
002c:warn:wgl:display_funcs_init glUniform3i64vARB not found.
002c:warn:wgl:display_funcs_init glUniform3i64vNV not found.
002c:warn:wgl:display_funcs_init glUniform3iARB not found.
002c:warn:wgl:display_funcs_init glUniform3iv not found.
002c:warn:wgl:display_funcs_init glUniform3ivARB not found.
002c:warn:wgl:display_funcs_init glUniform3ui not found.
002c:warn:wgl:display_funcs_init glUniform3ui64ARB not found.
002c:warn:wgl:display_funcs_init glUniform3ui64NV not found.
002c:warn:wgl:display_funcs_init glUniform3ui64vARB not found.
002c:warn:wgl:display_funcs_init glUniform3ui64vNV not found.
002c:warn:wgl:display_funcs_init glUniform3uiEXT not found.
002c:warn:wgl:display_funcs_init glUniform3uiv not found.
002c:warn:wgl:display_funcs_init glUniform3uivEXT not found.
002c:warn:wgl:display_funcs_init glUniform4d not found.
002c:warn:wgl:display_funcs_init glUniform4dv not found.
002c:warn:wgl:display_funcs_init glUniform4f not found.
002c:warn:wgl:display_funcs_init glUniform4fARB not found.
002c:warn:wgl:display_funcs_init glUniform4fv not found.
002c:warn:wgl:display_funcs_init glUniform4fvARB not found.
002c:warn:wgl:display_funcs_init glUniform4i not found.
002c:warn:wgl:display_funcs_init glUniform4i64ARB not found.
002c:warn:wgl:display_funcs_init glUniform4i64NV not found.
002c:warn:wgl:display_funcs_init glUniform4i64vARB not found.
002c:warn:wgl:display_funcs_init glUniform4i64vNV not found.
002c:warn:wgl:display_funcs_init glUniform4iARB not found.
002c:warn:wgl:display_funcs_init glUniform4iv not found.
002c:warn:wgl:display_funcs_init glUniform4ivARB not found.
002c:warn:wgl:display_funcs_init glUniform4ui not found.
002c:warn:wgl:display_funcs_init glUniform4ui64ARB not found.
002c:warn:wgl:display_funcs_init glUniform4ui64NV not found.
002c:warn:wgl:display_funcs_init glUniform4ui64vARB not found.
002c:warn:wgl:display_funcs_init glUniform4ui64vNV not found.
002c:warn:wgl:display_funcs_init glUniform4uiEXT not found.
002c:warn:wgl:display_funcs_init glUniform4uiv not found.
002c:warn:wgl:display_funcs_init glUniform4uivEXT not found.
002c:warn:wgl:display_funcs_init glUniformBlockBinding not found.
002c:warn:wgl:display_funcs_init glUniformBufferEXT not found.
002c:warn:wgl:display_funcs_init glUniformHandleui64ARB not found.
002c:warn:wgl:display_funcs_init glUniformHandleui64IMG not found.
002c:warn:wgl:display_funcs_init glUniformHandleui64NV not found.
002c:warn:wgl:display_funcs_init glUniformHandleui64vARB not found.
002c:warn:wgl:display_funcs_init glUniformHandleui64vIMG not found.
002c:warn:wgl:display_funcs_init glUniformHandleui64vNV not found.
002c:warn:wgl:display_funcs_init glUniformMatrix2dv not found.
002c:warn:wgl:display_funcs_init glUniformMatrix2fv not found.
002c:warn:wgl:display_funcs_init glUniformMatrix2fvARB not found.
002c:warn:wgl:display_funcs_init glUniformMatrix2x3dv not found.
002c:warn:wgl:display_funcs_init glUniformMatrix2x3fv not found.
002c:warn:wgl:display_funcs_init glUniformMatrix2x3fvNV not found.
002c:warn:wgl:display_funcs_init glUniformMatrix2x4dv not found.
002c:warn:wgl:display_funcs_init glUniformMatrix2x4fv not found.
002c:warn:wgl:display_funcs_init glUniformMatrix2x4fvNV not found.
002c:warn:wgl:display_funcs_init glUniformMatrix3dv not found.
002c:warn:wgl:display_funcs_init glUniformMatrix3fv not found.
002c:warn:wgl:display_funcs_init glUniformMatrix3fvARB not found.
002c:warn:wgl:display_funcs_init glUniformMatrix3x2dv not found.
002c:warn:wgl:display_funcs_init glUniformMatrix3x2fv not found.
002c:warn:wgl:display_funcs_init glUniformMatrix3x2fvNV not found.
002c:warn:wgl:display_funcs_init glUniformMatrix3x4dv not found.
002c:warn:wgl:display_funcs_init glUniformMatrix3x4fv not found.
002c:warn:wgl:display_funcs_init glUniformMatrix3x4fvNV not found.
002c:warn:wgl:display_funcs_init glUniformMatrix4dv not found.
002c:warn:wgl:display_funcs_init glUniformMatrix4fv not found.
002c:warn:wgl:display_funcs_init glUniformMatrix4fvARB not found.
002c:warn:wgl:display_funcs_init glUniformMatrix4x2dv not found.
002c:warn:wgl:display_funcs_init glUniformMatrix4x2fv not found.
002c:warn:wgl:display_funcs_init glUniformMatrix4x2fvNV not found.
002c:warn:wgl:display_funcs_init glUniformMatrix4x3dv not found.
002c:warn:wgl:display_funcs_init glUniformMatrix4x3fv not found.
002c:warn:wgl:display_funcs_init glUniformMatrix4x3fvNV not found.
002c:warn:wgl:display_funcs_init glUniformSubroutinesuiv not found.
002c:warn:wgl:display_funcs_init glUniformui64NV not found.
002c:warn:wgl:display_funcs_init glUniformui64vNV not found.
002c:warn:wgl:display_funcs_init glUnlockArraysEXT not found.
002c:warn:wgl:display_funcs_init glUnmapBuffer not found.
002c:warn:wgl:display_funcs_init glUnmapBufferARB not found.
002c:warn:wgl:display_funcs_init glUnmapBufferOES not found.
002c:warn:wgl:display_funcs_init glUnmapNamedBuffer not found.
002c:warn:wgl:display_funcs_init glUnmapNamedBufferEXT not found.
002c:warn:wgl:display_funcs_init glUnmapObjectBufferATI not found.
002c:warn:wgl:display_funcs_init glUnmapTexture2DINTEL not found.
002c:warn:wgl:display_funcs_init glUpdateObjectBufferATI not found.
002c:warn:wgl:display_funcs_init glUploadGpuMaskNVX not found.
002c:warn:wgl:display_funcs_init glUseProgram not found.
002c:warn:wgl:display_funcs_init glUseProgramObjectARB not found.
002c:warn:wgl:display_funcs_init glUseProgramStages not found.
002c:warn:wgl:display_funcs_init glUseShaderProgramEXT not found.
002c:warn:wgl:display_funcs_init glVDPAUFiniNV not found.
002c:warn:wgl:display_funcs_init glVDPAUGetSurfaceivNV not found.
002c:warn:wgl:display_funcs_init glVDPAUInitNV not found.
002c:warn:wgl:display_funcs_init glVDPAUIsSurfaceNV not found.
002c:warn:wgl:display_funcs_init glVDPAUMapSurfacesNV not found.
002c:warn:wgl:display_funcs_init glVDPAURegisterOutputSurfaceNV not found.
002c:warn:wgl:display_funcs_init glVDPAURegisterVideoSurfaceNV not found.
002c:warn:wgl:display_funcs_init glVDPAURegisterVideoSurfaceWithPictureStructureNV not found.
002c:warn:wgl:display_funcs_init glVDPAUSurfaceAccessNV not found.
002c:warn:wgl:display_funcs_init glVDPAUUnmapSurfacesNV not found.
002c:warn:wgl:display_funcs_init glVDPAUUnregisterSurfaceNV not found.
002c:warn:wgl:display_funcs_init glValidateProgram not found.
002c:warn:wgl:display_funcs_init glValidateProgramARB not found.
002c:warn:wgl:display_funcs_init glValidateProgramPipeline not found.
002c:warn:wgl:display_funcs_init glVariantArrayObjectATI not found.
002c:warn:wgl:display_funcs_init glVariantPointerEXT not found.
002c:warn:wgl:display_funcs_init glVariantbvEXT not found.
002c:warn:wgl:display_funcs_init glVariantdvEXT not found.
002c:warn:wgl:display_funcs_init glVariantfvEXT not found.
002c:warn:wgl:display_funcs_init glVariantivEXT not found.
002c:warn:wgl:display_funcs_init glVariantsvEXT not found.
002c:warn:wgl:display_funcs_init glVariantubvEXT not found.
002c:warn:wgl:display_funcs_init glVariantuivEXT not found.
002c:warn:wgl:display_funcs_init glVariantusvEXT not found.
002c:warn:wgl:display_funcs_init glVertex2bOES not found.
002c:warn:wgl:display_funcs_init glVertex2bvOES not found.
002c:warn:wgl:display_funcs_init glVertex2hNV not found.
002c:warn:wgl:display_funcs_init glVertex2hvNV not found.
002c:warn:wgl:display_funcs_init glVertex2xOES not found.
002c:warn:wgl:display_funcs_init glVertex2xvOES not found.
002c:warn:wgl:display_funcs_init glVertex3bOES not found.
002c:warn:wgl:display_funcs_init glVertex3bvOES not found.
002c:warn:wgl:display_funcs_init glVertex3hNV not found.
002c:warn:wgl:display_funcs_init glVertex3hvNV not found.
002c:warn:wgl:display_funcs_init glVertex3xOES not found.
002c:warn:wgl:display_funcs_init glVertex3xvOES not found.
002c:warn:wgl:display_funcs_init glVertex4bOES not found.
002c:warn:wgl:display_funcs_init glVertex4bvOES not found.
002c:warn:wgl:display_funcs_init glVertex4hNV not found.
002c:warn:wgl:display_funcs_init glVertex4hvNV not found.
002c:warn:wgl:display_funcs_init glVertex4xOES not found.
002c:warn:wgl:display_funcs_init glVertex4xvOES not found.
002c:warn:wgl:display_funcs_init glVertexArrayAttribBinding not found.
002c:warn:wgl:display_funcs_init glVertexArrayAttribFormat not found.
002c:warn:wgl:display_funcs_init glVertexArrayAttribIFormat not found.
002c:warn:wgl:display_funcs_init glVertexArrayAttribLFormat not found.
002c:warn:wgl:display_funcs_init glVertexArrayBindVertexBufferEXT not found.
002c:warn:wgl:display_funcs_init glVertexArrayBindingDivisor not found.
002c:warn:wgl:display_funcs_init glVertexArrayColorOffsetEXT not found.
002c:warn:wgl:display_funcs_init glVertexArrayEdgeFlagOffsetEXT not found.
002c:warn:wgl:display_funcs_init glVertexArrayElementBuffer not found.
002c:warn:wgl:display_funcs_init glVertexArrayFogCoordOffsetEXT not found.
002c:warn:wgl:display_funcs_init glVertexArrayIndexOffsetEXT not found.
002c:warn:wgl:display_funcs_init glVertexArrayMultiTexCoordOffsetEXT not found.
002c:warn:wgl:display_funcs_init glVertexArrayNormalOffsetEXT not found.
002c:warn:wgl:display_funcs_init glVertexArrayParameteriAPPLE not found.
002c:warn:wgl:display_funcs_init glVertexArrayRangeAPPLE not found.
002c:warn:wgl:display_funcs_init glVertexArrayRangeNV not found.
002c:warn:wgl:display_funcs_init glVertexArraySecondaryColorOffsetEXT not found.
002c:warn:wgl:display_funcs_init glVertexArrayTexCoordOffsetEXT not found.
002c:warn:wgl:display_funcs_init glVertexArrayVertexAttribBindingEXT not found.
002c:warn:wgl:display_funcs_init glVertexArrayVertexAttribDivisorEXT not found.
002c:warn:wgl:display_funcs_init glVertexArrayVertexAttribFormatEXT not found.
002c:warn:wgl:display_funcs_init glVertexArrayVertexAttribIFormatEXT not found.
002c:warn:wgl:display_funcs_init glVertexArrayVertexAttribIOffsetEXT not found.
002c:warn:wgl:display_funcs_init glVertexArrayVertexAttribLFormatEXT not found.
002c:warn:wgl:display_funcs_init glVertexArrayVertexAttribLOffsetEXT not found.
002c:warn:wgl:display_funcs_init glVertexArrayVertexAttribOffsetEXT not found.
002c:warn:wgl:display_funcs_init glVertexArrayVertexBindingDivisorEXT not found.
002c:warn:wgl:display_funcs_init glVertexArrayVertexBuffer not found.
002c:warn:wgl:display_funcs_init glVertexArrayVertexBuffers not found.
002c:warn:wgl:display_funcs_init glVertexArrayVertexOffsetEXT not found.
002c:warn:wgl:display_funcs_init glVertexAttrib1d not found.
002c:warn:wgl:display_funcs_init glVertexAttrib1dARB not found.
002c:warn:wgl:display_funcs_init glVertexAttrib1dNV not found.
002c:warn:wgl:display_funcs_init glVertexAttrib1dv not found.
002c:warn:wgl:display_funcs_init glVertexAttrib1dvARB not found.
002c:warn:wgl:display_funcs_init glVertexAttrib1dvNV not found.
002c:warn:wgl:display_funcs_init glVertexAttrib1f not found.
002c:warn:wgl:display_funcs_init glVertexAttrib1fARB not found.
002c:warn:wgl:display_funcs_init glVertexAttrib1fNV not found.
002c:warn:wgl:display_funcs_init glVertexAttrib1fv not found.
002c:warn:wgl:display_funcs_init glVertexAttrib1fvARB not found.
002c:warn:wgl:display_funcs_init glVertexAttrib1fvNV not found.
002c:warn:wgl:display_funcs_init glVertexAttrib1hNV not found.
002c:warn:wgl:display_funcs_init glVertexAttrib1hvNV not found.
002c:warn:wgl:display_funcs_init glVertexAttrib1s not found.
002c:warn:wgl:display_funcs_init glVertexAttrib1sARB not found.
002c:warn:wgl:display_funcs_init glVertexAttrib1sNV not found.
002c:warn:wgl:display_funcs_init glVertexAttrib1sv not found.
002c:warn:wgl:display_funcs_init glVertexAttrib1svARB not found.
002c:warn:wgl:display_funcs_init glVertexAttrib1svNV not found.
002c:warn:wgl:display_funcs_init glVertexAttrib2d not found.
002c:warn:wgl:display_funcs_init glVertexAttrib2dARB not found.
002c:warn:wgl:display_funcs_init glVertexAttrib2dNV not found.
002c:warn:wgl:display_funcs_init glVertexAttrib2dv not found.
002c:warn:wgl:display_funcs_init glVertexAttrib2dvARB not found.
002c:warn:wgl:display_funcs_init glVertexAttrib2dvNV not found.
002c:warn:wgl:display_funcs_init glVertexAttrib2f not found.
002c:warn:wgl:display_funcs_init glVertexAttrib2fARB not found.
002c:warn:wgl:display_funcs_init glVertexAttrib2fNV not found.
002c:warn:wgl:display_funcs_init glVertexAttrib2fv not found.
002c:warn:wgl:display_funcs_init glVertexAttrib2fvARB not found.
002c:warn:wgl:display_funcs_init glVertexAttrib2fvNV not found.
002c:warn:wgl:display_funcs_init glVertexAttrib2hNV not found.
002c:warn:wgl:display_funcs_init glVertexAttrib2hvNV not found.
002c:warn:wgl:display_funcs_init glVertexAttrib2s not found.
002c:warn:wgl:display_funcs_init glVertexAttrib2sARB not found.
002c:warn:wgl:display_funcs_init glVertexAttrib2sNV not found.
002c:warn:wgl:display_funcs_init glVertexAttrib2sv not found.
002c:warn:wgl:display_funcs_init glVertexAttrib2svARB not found.
002c:warn:wgl:display_funcs_init glVertexAttrib2svNV not found.
002c:warn:wgl:display_funcs_init glVertexAttrib3d not found.
002c:warn:wgl:display_funcs_init glVertexAttrib3dARB not found.
002c:warn:wgl:display_funcs_init glVertexAttrib3dNV not found.
002c:warn:wgl:display_funcs_init glVertexAttrib3dv not found.
002c:warn:wgl:display_funcs_init glVertexAttrib3dvARB not found.
002c:warn:wgl:display_funcs_init glVertexAttrib3dvNV not found.
002c:warn:wgl:display_funcs_init glVertexAttrib3f not found.
002c:warn:wgl:display_funcs_init glVertexAttrib3fARB not found.
002c:warn:wgl:display_funcs_init glVertexAttrib3fNV not found.
002c:warn:wgl:display_funcs_init glVertexAttrib3fv not found.
002c:warn:wgl:display_funcs_init glVertexAttrib3fvARB not found.
002c:warn:wgl:display_funcs_init glVertexAttrib3fvNV not found.
002c:warn:wgl:display_funcs_init glVertexAttrib3hNV not found.
002c:warn:wgl:display_funcs_init glVertexAttrib3hvNV not found.
002c:warn:wgl:display_funcs_init glVertexAttrib3s not found.
002c:warn:wgl:display_funcs_init glVertexAttrib3sARB not found.
002c:warn:wgl:display_funcs_init glVertexAttrib3sNV not found.
002c:warn:wgl:display_funcs_init glVertexAttrib3sv not found.
002c:warn:wgl:display_funcs_init glVertexAttrib3svARB not found.
002c:warn:wgl:display_funcs_init glVertexAttrib3svNV not found.
002c:warn:wgl:display_funcs_init glVertexAttrib4Nbv not found.
002c:warn:wgl:display_funcs_init glVertexAttrib4NbvARB not found.
002c:warn:wgl:display_funcs_init glVertexAttrib4Niv not found.
002c:warn:wgl:display_funcs_init glVertexAttrib4NivARB not found.
002c:warn:wgl:display_funcs_init glVertexAttrib4Nsv not found.
002c:warn:wgl:display_funcs_init glVertexAttrib4NsvARB not found.
002c:warn:wgl:display_funcs_init glVertexAttrib4Nub not found.
002c:warn:wgl:display_funcs_init glVertexAttrib4NubARB not found.
002c:warn:wgl:display_funcs_init glVertexAttrib4Nubv not found.
002c:warn:wgl:display_funcs_init glVertexAttrib4NubvARB not found.
002c:warn:wgl:display_funcs_init glVertexAttrib4Nuiv not found.
002c:warn:wgl:display_funcs_init glVertexAttrib4NuivARB not found.
002c:warn:wgl:display_funcs_init glVertexAttrib4Nusv not found.
002c:warn:wgl:display_funcs_init glVertexAttrib4NusvARB not found.
002c:warn:wgl:display_funcs_init glVertexAttrib4bv not found.
002c:warn:wgl:display_funcs_init glVertexAttrib4bvARB not found.
002c:warn:wgl:display_funcs_init glVertexAttrib4d not found.
002c:warn:wgl:display_funcs_init glVertexAttrib4dARB not found.
002c:warn:wgl:display_funcs_init glVertexAttrib4dNV not found.
002c:warn:wgl:display_funcs_init glVertexAttrib4dv not found.
002c:warn:wgl:display_funcs_init glVertexAttrib4dvARB not found.
002c:warn:wgl:display_funcs_init glVertexAttrib4dvNV not found.
002c:warn:wgl:display_funcs_init glVertexAttrib4f not found.
002c:warn:wgl:display_funcs_init glVertexAttrib4fARB not found.
002c:warn:wgl:display_funcs_init glVertexAttrib4fNV not found.
002c:warn:wgl:display_funcs_init glVertexAttrib4fv not found.
002c:warn:wgl:display_funcs_init glVertexAttrib4fvARB not found.
002c:warn:wgl:display_funcs_init glVertexAttrib4fvNV not found.
002c:warn:wgl:display_funcs_init glVertexAttrib4hNV not found.
002c:warn:wgl:display_funcs_init glVertexAttrib4hvNV not found.
002c:warn:wgl:display_funcs_init glVertexAttrib4iv not found.
002c:warn:wgl:display_funcs_init glVertexAttrib4ivARB not found.
002c:warn:wgl:display_funcs_init glVertexAttrib4s not found.
002c:warn:wgl:display_funcs_init glVertexAttrib4sARB not found.
002c:warn:wgl:display_funcs_init glVertexAttrib4sNV not found.
002c:warn:wgl:display_funcs_init glVertexAttrib4sv not found.
002c:warn:wgl:display_funcs_init glVertexAttrib4svARB not found.
002c:warn:wgl:display_funcs_init glVertexAttrib4svNV not found.
002c:warn:wgl:display_funcs_init glVertexAttrib4ubNV not found.
002c:warn:wgl:display_funcs_init glVertexAttrib4ubv not found.
002c:warn:wgl:display_funcs_init glVertexAttrib4ubvARB not found.
002c:warn:wgl:display_funcs_init glVertexAttrib4ubvNV not found.
002c:warn:wgl:display_funcs_init glVertexAttrib4uiv not found.
002c:warn:wgl:display_funcs_init glVertexAttrib4uivARB not found.
002c:warn:wgl:display_funcs_init glVertexAttrib4usv not found.
002c:warn:wgl:display_funcs_init glVertexAttrib4usvARB not found.
002c:warn:wgl:display_funcs_init glVertexAttribArrayObjectATI not found.
002c:warn:wgl:display_funcs_init glVertexAttribBinding not found.
002c:warn:wgl:display_funcs_init glVertexAttribDivisor not found.
002c:warn:wgl:display_funcs_init glVertexAttribDivisorANGLE not found.
002c:warn:wgl:display_funcs_init glVertexAttribDivisorARB not found.
002c:warn:wgl:display_funcs_init glVertexAttribDivisorEXT not found.
002c:warn:wgl:display_funcs_init glVertexAttribDivisorNV not found.
002c:warn:wgl:display_funcs_init glVertexAttribFormat not found.
002c:warn:wgl:display_funcs_init glVertexAttribFormatNV not found.
002c:warn:wgl:display_funcs_init glVertexAttribI1i not found.
002c:warn:wgl:display_funcs_init glVertexAttribI1iEXT not found.
002c:warn:wgl:display_funcs_init glVertexAttribI1iv not found.
002c:warn:wgl:display_funcs_init glVertexAttribI1ivEXT not found.
002c:warn:wgl:display_funcs_init glVertexAttribI1ui not found.
002c:warn:wgl:display_funcs_init glVertexAttribI1uiEXT not found.
002c:warn:wgl:display_funcs_init glVertexAttribI1uiv not found.
002c:warn:wgl:display_funcs_init glVertexAttribI1uivEXT not found.
002c:warn:wgl:display_funcs_init glVertexAttribI2i not found.
002c:warn:wgl:display_funcs_init glVertexAttribI2iEXT not found.
002c:warn:wgl:display_funcs_init glVertexAttribI2iv not found.
002c:warn:wgl:display_funcs_init glVertexAttribI2ivEXT not found.
002c:warn:wgl:display_funcs_init glVertexAttribI2ui not found.
002c:warn:wgl:display_funcs_init glVertexAttribI2uiEXT not found.
002c:warn:wgl:display_funcs_init glVertexAttribI2uiv not found.
002c:warn:wgl:display_funcs_init glVertexAttribI2uivEXT not found.
002c:warn:wgl:display_funcs_init glVertexAttribI3i not found.
002c:warn:wgl:display_funcs_init glVertexAttribI3iEXT not found.
002c:warn:wgl:display_funcs_init glVertexAttribI3iv not found.
002c:warn:wgl:display_funcs_init glVertexAttribI3ivEXT not found.
002c:warn:wgl:display_funcs_init glVertexAttribI3ui not found.
002c:warn:wgl:display_funcs_init glVertexAttribI3uiEXT not found.
002c:warn:wgl:display_funcs_init glVertexAttribI3uiv not found.
002c:warn:wgl:display_funcs_init glVertexAttribI3uivEXT not found.
002c:warn:wgl:display_funcs_init glVertexAttribI4bv not found.
002c:warn:wgl:display_funcs_init glVertexAttribI4bvEXT not found.
002c:warn:wgl:display_funcs_init glVertexAttribI4i not found.
002c:warn:wgl:display_funcs_init glVertexAttribI4iEXT not found.
002c:warn:wgl:display_funcs_init glVertexAttribI4iv not found.
002c:warn:wgl:display_funcs_init glVertexAttribI4ivEXT not found.
002c:warn:wgl:display_funcs_init glVertexAttribI4sv not found.
002c:warn:wgl:display_funcs_init glVertexAttribI4svEXT not found.
002c:warn:wgl:display_funcs_init glVertexAttribI4ubv not found.
002c:warn:wgl:display_funcs_init glVertexAttribI4ubvEXT not found.
002c:warn:wgl:display_funcs_init glVertexAttribI4ui not found.
002c:warn:wgl:display_funcs_init glVertexAttribI4uiEXT not found.
002c:warn:wgl:display_funcs_init glVertexAttribI4uiv not found.
002c:warn:wgl:display_funcs_init glVertexAttribI4uivEXT not found.
002c:warn:wgl:display_funcs_init glVertexAttribI4usv not found.
002c:warn:wgl:display_funcs_init glVertexAttribI4usvEXT not found.
002c:warn:wgl:display_funcs_init glVertexAttribIFormat not found.
002c:warn:wgl:display_funcs_init glVertexAttribIFormatNV not found.
002c:warn:wgl:display_funcs_init glVertexAttribIPointer not found.
002c:warn:wgl:display_funcs_init glVertexAttribIPointerEXT not found.
002c:warn:wgl:display_funcs_init glVertexAttribL1d not found.
002c:warn:wgl:display_funcs_init glVertexAttribL1dEXT not found.
002c:warn:wgl:display_funcs_init glVertexAttribL1dv not found.
002c:warn:wgl:display_funcs_init glVertexAttribL1dvEXT not found.
002c:warn:wgl:display_funcs_init glVertexAttribL1i64NV not found.
002c:warn:wgl:display_funcs_init glVertexAttribL1i64vNV not found.
002c:warn:wgl:display_funcs_init glVertexAttribL1ui64ARB not found.
002c:warn:wgl:display_funcs_init glVertexAttribL1ui64NV not found.
002c:warn:wgl:display_funcs_init glVertexAttribL1ui64vARB not found.
002c:warn:wgl:display_funcs_init glVertexAttribL1ui64vNV not found.
002c:warn:wgl:display_funcs_init glVertexAttribL2d not found.
002c:warn:wgl:display_funcs_init glVertexAttribL2dEXT not found.
002c:warn:wgl:display_funcs_init glVertexAttribL2dv not found.
002c:warn:wgl:display_funcs_init glVertexAttribL2dvEXT not found.
002c:warn:wgl:display_funcs_init glVertexAttribL2i64NV not found.
002c:warn:wgl:display_funcs_init glVertexAttribL2i64vNV not found.
002c:warn:wgl:display_funcs_init glVertexAttribL2ui64NV not found.
002c:warn:wgl:display_funcs_init glVertexAttribL2ui64vNV not found.
002c:warn:wgl:display_funcs_init glVertexAttribL3d not found.
002c:warn:wgl:display_funcs_init glVertexAttribL3dEXT not found.
002c:warn:wgl:display_funcs_init glVertexAttribL3dv not found.
002c:warn:wgl:display_funcs_init glVertexAttribL3dvEXT not found.
002c:warn:wgl:display_funcs_init glVertexAttribL3i64NV not found.
002c:warn:wgl:display_funcs_init glVertexAttribL3i64vNV not found.
002c:warn:wgl:display_funcs_init glVertexAttribL3ui64NV not found.
002c:warn:wgl:display_funcs_init glVertexAttribL3ui64vNV not found.
002c:warn:wgl:display_funcs_init glVertexAttribL4d not found.
002c:warn:wgl:display_funcs_init glVertexAttribL4dEXT not found.
002c:warn:wgl:display_funcs_init glVertexAttribL4dv not found.
002c:warn:wgl:display_funcs_init glVertexAttribL4dvEXT not found.
002c:warn:wgl:display_funcs_init glVertexAttribL4i64NV not found.
002c:warn:wgl:display_funcs_init glVertexAttribL4i64vNV not found.
002c:warn:wgl:display_funcs_init glVertexAttribL4ui64NV not found.
002c:warn:wgl:display_funcs_init glVertexAttribL4ui64vNV not found.
002c:warn:wgl:display_funcs_init glVertexAttribLFormat not found.
002c:warn:wgl:display_funcs_init glVertexAttribLFormatNV not found.
002c:warn:wgl:display_funcs_init glVertexAttribLPointer not found.
002c:warn:wgl:display_funcs_init glVertexAttribLPointerEXT not found.
002c:warn:wgl:display_funcs_init glVertexAttribP1ui not found.
002c:warn:wgl:display_funcs_init glVertexAttribP1uiv not found.
002c:warn:wgl:display_funcs_init glVertexAttribP2ui not found.
002c:warn:wgl:display_funcs_init glVertexAttribP2uiv not found.
002c:warn:wgl:display_funcs_init glVertexAttribP3ui not found.
002c:warn:wgl:display_funcs_init glVertexAttribP3uiv not found.
002c:warn:wgl:display_funcs_init glVertexAttribP4ui not found.
002c:warn:wgl:display_funcs_init glVertexAttribP4uiv not found.
002c:warn:wgl:display_funcs_init glVertexAttribParameteriAMD not found.
002c:warn:wgl:display_funcs_init glVertexAttribPointer not found.
002c:warn:wgl:display_funcs_init glVertexAttribPointerARB not found.
002c:warn:wgl:display_funcs_init glVertexAttribPointerNV not found.
002c:warn:wgl:display_funcs_init glVertexAttribs1dvNV not found.
002c:warn:wgl:display_funcs_init glVertexAttribs1fvNV not found.
002c:warn:wgl:display_funcs_init glVertexAttribs1hvNV not found.
002c:warn:wgl:display_funcs_init glVertexAttribs1svNV not found.
002c:warn:wgl:display_funcs_init glVertexAttribs2dvNV not found.
002c:warn:wgl:display_funcs_init glVertexAttribs2fvNV not found.
002c:warn:wgl:display_funcs_init glVertexAttribs2hvNV not found.
002c:warn:wgl:display_funcs_init glVertexAttribs2svNV not found.
002c:warn:wgl:display_funcs_init glVertexAttribs3dvNV not found.
002c:warn:wgl:display_funcs_init glVertexAttribs3fvNV not found.
002c:warn:wgl:display_funcs_init glVertexAttribs3hvNV not found.
002c:warn:wgl:display_funcs_init glVertexAttribs3svNV not found.
002c:warn:wgl:display_funcs_init glVertexAttribs4dvNV not found.
002c:warn:wgl:display_funcs_init glVertexAttribs4fvNV not found.
002c:warn:wgl:display_funcs_init glVertexAttribs4hvNV not found.
002c:warn:wgl:display_funcs_init glVertexAttribs4svNV not found.
002c:warn:wgl:display_funcs_init glVertexAttribs4ubvNV not found.
002c:warn:wgl:display_funcs_init glVertexBindingDivisor not found.
002c:warn:wgl:display_funcs_init glVertexBlendARB not found.
002c:warn:wgl:display_funcs_init glVertexBlendEnvfATI not found.
002c:warn:wgl:display_funcs_init glVertexBlendEnviATI not found.
002c:warn:wgl:display_funcs_init glVertexFormatNV not found.
002c:warn:wgl:display_funcs_init glVertexP2ui not found.
002c:warn:wgl:display_funcs_init glVertexP2uiv not found.
002c:warn:wgl:display_funcs_init glVertexP3ui not found.
002c:warn:wgl:display_funcs_init glVertexP3uiv not found.
002c:warn:wgl:display_funcs_init glVertexP4ui not found.
002c:warn:wgl:display_funcs_init glVertexP4uiv not found.
002c:warn:wgl:display_funcs_init glVertexPointerEXT not found.
002c:warn:wgl:display_funcs_init glVertexPointerListIBM not found.
002c:warn:wgl:display_funcs_init glVertexPointervINTEL not found.
002c:warn:wgl:display_funcs_init glVertexStream1dATI not found.
002c:warn:wgl:display_funcs_init glVertexStream1dvATI not found.
002c:warn:wgl:display_funcs_init glVertexStream1fATI not found.
002c:warn:wgl:display_funcs_init glVertexStream1fvATI not found.
002c:warn:wgl:display_funcs_init glVertexStream1iATI not found.
002c:warn:wgl:display_funcs_init glVertexStream1ivATI not found.
002c:warn:wgl:display_funcs_init glVertexStream1sATI not found.
002c:warn:wgl:display_funcs_init glVertexStream1svATI not found.
002c:warn:wgl:display_funcs_init glVertexStream2dATI not found.
002c:warn:wgl:display_funcs_init glVertexStream2dvATI not found.
002c:warn:wgl:display_funcs_init glVertexStream2fATI not found.
002c:warn:wgl:display_funcs_init glVertexStream2fvATI not found.
002c:warn:wgl:display_funcs_init glVertexStream2iATI not found.
002c:warn:wgl:display_funcs_init glVertexStream2ivATI not found.
002c:warn:wgl:display_funcs_init glVertexStream2sATI not found.
002c:warn:wgl:display_funcs_init glVertexStream2svATI not found.
002c:warn:wgl:display_funcs_init glVertexStream3dATI not found.
002c:warn:wgl:display_funcs_init glVertexStream3dvATI not found.
002c:warn:wgl:display_funcs_init glVertexStream3fATI not found.
002c:warn:wgl:display_funcs_init glVertexStream3fvATI not found.
002c:warn:wgl:display_funcs_init glVertexStream3iATI not found.
002c:warn:wgl:display_funcs_init glVertexStream3ivATI not found.
002c:warn:wgl:display_funcs_init glVertexStream3sATI not found.
002c:warn:wgl:display_funcs_init glVertexStream3svATI not found.
002c:warn:wgl:display_funcs_init glVertexStream4dATI not found.
002c:warn:wgl:display_funcs_init glVertexStream4dvATI not found.
002c:warn:wgl:display_funcs_init glVertexStream4fATI not found.
002c:warn:wgl:display_funcs_init glVertexStream4fvATI not found.
002c:warn:wgl:display_funcs_init glVertexStream4iATI not found.
002c:warn:wgl:display_funcs_init glVertexStream4ivATI not found.
002c:warn:wgl:display_funcs_init glVertexStream4sATI not found.
002c:warn:wgl:display_funcs_init glVertexStream4svATI not found.
002c:warn:wgl:display_funcs_init glVertexWeightPointerEXT not found.
002c:warn:wgl:display_funcs_init glVertexWeightfEXT not found.
002c:warn:wgl:display_funcs_init glVertexWeightfvEXT not found.
002c:warn:wgl:display_funcs_init glVertexWeighthNV not found.
002c:warn:wgl:display_funcs_init glVertexWeighthvNV not found.
002c:warn:wgl:display_funcs_init glVideoCaptureNV not found.
002c:warn:wgl:display_funcs_init glVideoCaptureStreamParameterdvNV not found.
002c:warn:wgl:display_funcs_init glVideoCaptureStreamParameterfvNV not found.
002c:warn:wgl:display_funcs_init glVideoCaptureStreamParameterivNV not found.
002c:warn:wgl:display_funcs_init glViewportArrayv not found.
002c:warn:wgl:display_funcs_init glViewportArrayvNV not found.
002c:warn:wgl:display_funcs_init glViewportArrayvOES not found.
002c:warn:wgl:display_funcs_init glViewportIndexedf not found.
002c:warn:wgl:display_funcs_init glViewportIndexedfNV not found.
002c:warn:wgl:display_funcs_init glViewportIndexedfOES not found.
002c:warn:wgl:display_funcs_init glViewportIndexedfv not found.
002c:warn:wgl:display_funcs_init glViewportIndexedfvNV not found.
002c:warn:wgl:display_funcs_init glViewportIndexedfvOES not found.
002c:warn:wgl:display_funcs_init glViewportPositionWScaleNV not found.
002c:warn:wgl:display_funcs_init glViewportSwizzleNV not found.
002c:warn:wgl:display_funcs_init glWaitSemaphoreEXT not found.
002c:warn:wgl:display_funcs_init glWaitSemaphoreui64NVX not found.
002c:warn:wgl:display_funcs_init glWaitSync not found.
002c:warn:wgl:display_funcs_init glWaitSyncAPPLE not found.
002c:warn:wgl:display_funcs_init glWaitVkSemaphoreNV not found.
002c:warn:wgl:display_funcs_init glWeightPathsNV not found.
002c:warn:wgl:display_funcs_init glWeightPointerARB not found.
002c:warn:wgl:display_funcs_init glWeightPointerOES not found.
002c:warn:wgl:display_funcs_init glWeightbvARB not found.
002c:warn:wgl:display_funcs_init glWeightdvARB not found.
002c:warn:wgl:display_funcs_init glWeightfvARB not found.
002c:warn:wgl:display_funcs_init glWeightivARB not found.
002c:warn:wgl:display_funcs_init glWeightsvARB not found.
002c:warn:wgl:display_funcs_init glWeightubvARB not found.
002c:warn:wgl:display_funcs_init glWeightuivARB not found.
002c:warn:wgl:display_funcs_init glWeightusvARB not found.
002c:warn:wgl:display_funcs_init glWindowPos2d not found.
002c:warn:wgl:display_funcs_init glWindowPos2dARB not found.
002c:warn:wgl:display_funcs_init glWindowPos2dMESA not found.
002c:warn:wgl:display_funcs_init glWindowPos2dv not found.
002c:warn:wgl:display_funcs_init glWindowPos2dvARB not found.
002c:warn:wgl:display_funcs_init glWindowPos2dvMESA not found.
002c:warn:wgl:display_funcs_init glWindowPos2f not found.
002c:warn:wgl:display_funcs_init glWindowPos2fARB not found.
002c:warn:wgl:display_funcs_init glWindowPos2fMESA not found.
002c:warn:wgl:display_funcs_init glWindowPos2fv not found.
002c:warn:wgl:display_funcs_init glWindowPos2fvARB not found.
002c:warn:wgl:display_funcs_init glWindowPos2fvMESA not found.
002c:warn:wgl:display_funcs_init glWindowPos2i not found.
002c:warn:wgl:display_funcs_init glWindowPos2iARB not found.
002c:warn:wgl:display_funcs_init glWindowPos2iMESA not found.
002c:warn:wgl:display_funcs_init glWindowPos2iv not found.
002c:warn:wgl:display_funcs_init glWindowPos2ivARB not found.
002c:warn:wgl:display_funcs_init glWindowPos2ivMESA not found.
002c:warn:wgl:display_funcs_init glWindowPos2s not found.
002c:warn:wgl:display_funcs_init glWindowPos2sARB not found.
002c:warn:wgl:display_funcs_init glWindowPos2sMESA not found.
002c:warn:wgl:display_funcs_init glWindowPos2sv not found.
002c:warn:wgl:display_funcs_init glWindowPos2svARB not found.
002c:warn:wgl:display_funcs_init glWindowPos2svMESA not found.
002c:warn:wgl:display_funcs_init glWindowPos3d not found.
002c:warn:wgl:display_funcs_init glWindowPos3dARB not found.
002c:warn:wgl:display_funcs_init glWindowPos3dMESA not found.
002c:warn:wgl:display_funcs_init glWindowPos3dv not found.
002c:warn:wgl:display_funcs_init glWindowPos3dvARB not found.
002c:warn:wgl:display_funcs_init glWindowPos3dvMESA not found.
002c:warn:wgl:display_funcs_init glWindowPos3f not found.
002c:warn:wgl:display_funcs_init glWindowPos3fARB not found.
002c:warn:wgl:display_funcs_init glWindowPos3fMESA not found.
002c:warn:wgl:display_funcs_init glWindowPos3fv not found.
002c:warn:wgl:display_funcs_init glWindowPos3fvARB not found.
002c:warn:wgl:display_funcs_init glWindowPos3fvMESA not found.
002c:warn:wgl:display_funcs_init glWindowPos3i not found.
002c:warn:wgl:display_funcs_init glWindowPos3iARB not found.
002c:warn:wgl:display_funcs_init glWindowPos3iMESA not found.
002c:warn:wgl:display_funcs_init glWindowPos3iv not found.
002c:warn:wgl:display_funcs_init glWindowPos3ivARB not found.
002c:warn:wgl:display_funcs_init glWindowPos3ivMESA not found.
002c:warn:wgl:display_funcs_init glWindowPos3s not found.
002c:warn:wgl:display_funcs_init glWindowPos3sARB not found.
002c:warn:wgl:display_funcs_init glWindowPos3sMESA not found.
002c:warn:wgl:display_funcs_init glWindowPos3sv not found.
002c:warn:wgl:display_funcs_init glWindowPos3svARB not found.
002c:warn:wgl:display_funcs_init glWindowPos3svMESA not found.
002c:warn:wgl:display_funcs_init glWindowPos4dMESA not found.
002c:warn:wgl:display_funcs_init glWindowPos4dvMESA not found.
002c:warn:wgl:display_funcs_init glWindowPos4fMESA not found.
002c:warn:wgl:display_funcs_init glWindowPos4fvMESA not found.
002c:warn:wgl:display_funcs_init glWindowPos4iMESA not found.
002c:warn:wgl:display_funcs_init glWindowPos4ivMESA not found.
002c:warn:wgl:display_funcs_init glWindowPos4sMESA not found.
002c:warn:wgl:display_funcs_init glWindowPos4svMESA not found.
002c:warn:wgl:display_funcs_init glWindowRectanglesEXT not found.
002c:warn:wgl:display_funcs_init glWriteMaskEXT not found.
002c:warn:wgl:internal_context_create Failed to create internal thread context
[JuiceHybrid] open name=/private/var/containers/Bundle/Application/F3BC928B-CF6E-41E9-AA5B-114329A364D0/Juice.app/Grape-X64/build/wine-ios/dlls/uxtheme/aarch64-windows/uxtheme.dll machine=0000 status=c0000135
[JuiceHybrid] open name=/private/var/containers/Bundle/Application/F3BC928B-CF6E-41E9-AA5B-114329A364D0/Juice.app/Grape-X64/build/wine-ios/programs/uxtheme.dll/aarch64-windows/uxtheme.dll machine=0000 status=c0000135
[JuiceHybrid] open name=/var/containers/Bundle/Application/F3BC928B-CF6E-41E9-AA5B-114329A364D0/Juice.app/Grape-X64/runtime/lib/wine/aarch64-windows/uxtheme.dll machine=0000 status=00000000
[JuiceWine] anonymous PE executable section .text at 0x2d46b0000 size=196608
[JuiceWine] anonymous PE executable section .hexpthk at 0x2d46e0000 size=65536
[JuiceHybrid] map name=/var/containers/Bundle/Application/F3BC928B-CF6E-41E9-AA5B-114329A364D0/Juice.app/Grape-X64/runtime/lib/wine/aarch64-windows/uxtheme.dll status=40000003 module=0x2d46a0000 size=1d0000
002c:warn:file:NtCreateFile L"\\??\\C:\\windows\\resources\\themes\\aero\\aero.msstyles" not found (c0000034)
002c:warn:file:NtQueryAttributesFile L"\\??\\C:\\windows\\resources\\themes\\aero\\aero.msstyles" not found (c0000034)
[JuiceRect] input hwnd=0x10020 dpi=96/1 raw=96/1 win=0,0,0,0 client=0,0,0,0 visible=0,0,0,0
[JuiceRect] mapped hwnd=0x10020 win=0,0,0,0 client=0,0,0,0 visible=0,0,0,0
[JuiceGeom] changed hwnd=0x10020 flags=3c ptr=0x10010f620 window=0,0,0,0 client=0,0,0,0 visible=0,0,0,0 surface=0x6914c4f0 shown=0
[JuiceRect] input hwnd=0x10020 dpi=96/1 raw=96/1 win=0,0,0,0 client=0,0,0,0 visible=0,0,0,0
[JuiceRect] mapped hwnd=0x10020 win=0,0,0,0 client=0,0,0,0 visible=0,0,0,0
[JuiceGeom] changed hwnd=0x10020 flags=18 ptr=0x10010f620 window=0,0,0,0 client=0,0,0,0 visible=0,0,0,0 surface=0x6914c4f0 shown=0
[JuiceDriver] create-enter hwnd=0x10020
[JuiceDriver] create-success hwnd=0x10020
[JuiceCreate] ex=00000000 class=0x11ef10 version=0x0 name=0x11eef0 style=86000000 x=0 y=0 cx=100 cy=100 parent=0x0 menu=0x0 classinst=0x0 params=0x0 flags=00000000 inst=0x0 classptr=0x140020ca0 ansi=0
[JuiceRect] input hwnd=0x10028 dpi=96/1 raw=96/1 win=0,0,100,100 client=0,0,100,100 visible=0,0,100,100
[JuiceRect] mapped hwnd=0x10028 win=0,0,100,100 client=0,0,100,100 visible=0,0,100,100
[JuiceGeom] changed hwnd=0x10028 flags=3c ptr=0x10010f620 window=0,0,100,100 client=0,0,100,100 visible=0,0,100,100 surface=0x6914c4f0 shown=0
[JuiceRect] input hwnd=0x10028 dpi=96/1 raw=96/1 win=0,0,100,100 client=0,0,100,100 visible=0,0,100,100
[JuiceRect] mapped hwnd=0x10028 win=0,0,100,100 client=0,0,100,100 visible=0,0,100,100
[JuiceGeom] changed hwnd=0x10028 flags=18 ptr=0x10010f620 window=0,0,100,100 client=0,0,100,100 visible=0,0,100,100 surface=0x6914c4f0 shown=0
[JuiceDriver] create-enter hwnd=0x10028
[JuiceDriver] create-success hwnd=0x10028
[JuiceGeom] surface hwnd=0x10020 rect=0,0,1024,768 size=1024x768 previous=0x6914c4f0
[JuiceRect] input hwnd=0x10020 dpi=96/1 raw=96/1 win=0,0,1024,768 client=0,0,1024,768 visible=0,0,1024,768
[JuiceRect] mapped hwnd=0x10020 win=0,0,1024,768 client=0,0,1024,768 visible=0,0,1024,768
[JuiceGeom] changed hwnd=0x10020 flags=8000116a ptr=0x10010f820 window=0,0,1024,768 client=0,0,1024,768 visible=0,0,1024,768 surface=0x12fe198b0 shown=1
JUICE_TEXT_HOST_WINDOW pid=28946 hwnd=0x10020 rect=0,0 1024x768 visible=1
[JuiceStage] init_syscall_frame entered; entry=0x140012694 arg=0x0 teb=0x7ffe4000 data=0x100110000 frame=0x10021fb00 stack_base=0xc80000 stack_limit=0xb88000
[JuiceStage] calling signal_set_full_context; ctx=0xc7fc70 target_pc=0x2d79c9650 target_sp=0xc80000 target_x18=0x7ffe4000 LdrInitializeThunk=0x2d79c9670 RtlUserThreadStart=0x2d79c9650
[JuiceStage] signal_set_full_context returned; status=00000000 frame_pc=0x2d79c9650 frame_sp=0xc80000 frame_x18=0x7ffe4000 restore=00400007
[JuiceStage] init_syscall_frame complete; dispatcher_pc=0x2d79c9670 user_sp=0xc7fc70 x16=0x2d79c9670 x17=0xc7fc70 x18=0x7ffe4000 restore=00400007
[JuiceCreate] ex=00000000 class=0xc7fa70 version=0x0 name=0xc7fa50 style=00000000 x=0 y=0 cx=0 cy=0 parent=0xfffffffffffffffd menu=0x0 classinst=0x0 params=0x0 flags=00000000 inst=0x0 classptr=0x140020500 ansi=0
002c:warn:system:find_source_by_index Failed to find source with id 1.
[JuiceStage] init_syscall_frame entered; entry=0x140012c30 arg=0x0 teb=0x7ffe0000 data=0x100220000 frame=0x10032fb00 stack_base=0xd80000 stack_limit=0xc88000
[JuiceStage] calling signal_set_full_context; ctx=0xd7fc70 target_pc=0x2d79c9650 target_sp=0xd80000 target_x18=0x7ffe0000 LdrInitializeThunk=0x2d79c9670 RtlUserThreadStart=0x2d79c9650
[JuiceStage] signal_set_full_context returned; status=00000000 frame_pc=0x2d79c9650 frame_sp=0xd80000 frame_x18=0x7ffe0000 restore=00400007
[JuiceStage] init_syscall_frame complete; dispatcher_pc=0x2d79c9670 user_sp=0xd7fc70 x16=0x2d79c9670 x17=0xd7fc70 x18=0x7ffe0000 restore=00400007
[JuiceCreate] ex=00000000 class=0x11ee90 version=0x0 name=0x11ee70 style=00000000 x=0 y=0 cx=0 cy=0 parent=0xfffffffffffffffd menu=0x0 classinst=0x0 params=0x0 flags=00000000 inst=0x0 classptr=0x140020140 ansi=0
0034:warn:threadname:NtSetInformationThread Thread renamed to L"wine_explorer_display_settings_restorer"
[JuiceCreate] ex=00000000 class=0xd7fc10 version=0x0 name=0xd7fbf0 style=00000000 x=0 y=0 cx=0 cy=0 parent=0xfffffffffffffffd menu=0x0 classinst=0x0 params=0x0 flags=00000000 inst=0x0 classptr=0x140021320 ansi=0
[JuiceMonitor] callee hwnd=0x10034 hmon=0x1 info=0x10032f550 monitor=0,0,1024,768 work=0,0,1024,768 flags=00000001
[JuiceMinMax] hwnd=0x10034 min=112,27 maxtrack=1036,780 max=106,106 pos=-3,-3
[JuiceMonitor] callee hwnd=0x10032 hmon=0x1 info=0x10010f720 monitor=0,0,1024,768 work=0,0,1024,768 flags=00000001
[JuiceMinMax] hwnd=0x10032 min=112,27 maxtrack=1036,780 max=106,106 pos=-3,-3
[JuiceRect] input hwnd=0x10034 dpi=96/1 raw=96/1 win=0,0,112,27 client=0,0,112,27 visible=0,0,112,27
[JuiceMonitor] callee hwnd=0x1002e hmon=0x1 info=0x10021f550 monitor=0,0,1024,768 work=0,0,1024,768 flags=00000001
[JuiceRect] mapped hwnd=0x10034 win=0,0,112,27 client=0,0,112,27 visible=0,0,112,27
[JuiceMinMax] hwnd=0x1002e min=112,27 maxtrack=1036,780 max=106,106 pos=-3,-3
[JuiceRect] input hwnd=0x10032 dpi=96/1 raw=96/1 win=0,0,112,27 client=0,0,112,27 visible=0,0,112,27
[JuiceRect] mapped hwnd=0x10032 win=0,0,112,27 client=0,0,112,27 visible=0,0,112,27
[JuiceGeom] changed hwnd=0x10034 flags=14 ptr=0x10032f450 window=0,0,112,27 client=0,0,112,27 visible=0,0,112,27 surface=0x0 shown=0
[JuiceRect] input hwnd=0x1002e dpi=96/1 raw=96/1 win=0,0,112,27 client=0,0,112,27 visible=0,0,112,27
[JuiceRect] mapped hwnd=0x1002e win=0,0,112,27 client=0,0,112,27 visible=0,0,112,27
[JuiceGeom] changed hwnd=0x10032 flags=14 ptr=0x10010f620 window=0,0,112,27 client=0,0,112,27 visible=0,0,112,27 surface=0x0 shown=0
[JuiceGeom] changed hwnd=0x1002e flags=14 ptr=0x10021f450 window=0,0,112,27 client=0,0,112,27 visible=0,0,112,27 surface=0x0 shown=0
[JuiceRect] input hwnd=0x10034 dpi=96/1 raw=96/1 win=0,0,112,27 client=3,22,109,24 visible=0,0,112,27
0030:warn:win:NtUserCreateWindowEx 0x1002e: aborted by WM_NCCREATE
[JuiceCreate] failed hwnd=0x1002e stage=wm-nccreate
[JuiceRect] mapped hwnd=0x10034 win=0,0,112,27 client=3,22,109,24 visible=0,0,112,27
[JuiceRect] input hwnd=0x10032 dpi=96/1 raw=96/1 win=0,0,112,27 client=3,22,109,24 visible=0,0,112,27
[JuiceRect] mapped hwnd=0x10032 win=0,0,112,27 client=3,22,109,24 visible=0,0,112,27
[JuiceGeom] changed hwnd=0x10034 flags=10 ptr=0x10032f450 window=0,0,112,27 client=3,22,109,24 visible=0,0,112,27 surface=0x0 shown=0
[JuiceGeom] changed hwnd=0x10032 flags=10 ptr=0x10010f620 window=0,0,112,27 client=3,22,109,24 visible=0,0,112,27 surface=0x0 shown=0
[JuiceDriver] create-enter hwnd=0x10032
[JuiceDriver] create-enter hwnd=0x10034
[JuiceDriver] create-success hwnd=0x10032
[JuiceInput] queue fd registered fd=8 tid=0x34
[JuiceDriver] create-success hwnd=0x10034
[JuiceCreate] ex=00000000 class=0x11ee80 version=0x0 name=0x11ee60 style=00c80000 x=-2147483648 y=-2147483648 cx=166 cy=45 parent=0x0 menu=0x0 classinst=0x0 params=0x0 flags=00000000 inst=0x0 classptr=0x140026378 ansi=0
[JuiceMonitor] callee hwnd=0x0 hmon=0x1 info=0x10010fa00 monitor=0,0,1024,768 work=0,0,1024,768 flags=00000001
[JuiceMonitor] caller hwnd=0x0 monitor=0,0,1024,768 work=0,0,1024,768 flags=00000001
[JuiceMonitor] callee hwnd=0x20030 hmon=0x1 info=0x10010f720 monitor=0,0,1024,768 work=0,0,1024,768 flags=00000001
[JuiceMinMax] hwnd=0x20030 min=112,27 maxtrack=1036,780 max=1030,774 pos=-3,-3
[JuiceRect] input hwnd=0x20030 dpi=96/1 raw=96/1 win=0,0,166,45 client=0,0,166,45 visible=0,0,166,45
[JuiceRect] mapped hwnd=0x20030 win=0,0,166,45 client=0,0,166,45 visible=0,0,166,45
[JuiceGeom] changed hwnd=0x20030 flags=3c ptr=0x10010f620 window=0,0,166,45 client=0,0,166,45 visible=0,0,166,45 surface=0x6914c4f0 shown=0
[JuiceCreate] ex=00000000 class=0x10010f590 version=0x0 name=0x10010f580 style=8c000000 x=0 y=0 cx=1 cy=1 parent=0x0 menu=0x0 classinst=0x0 params=0x0 flags=00000000 inst=0x0 classptr=0x0 ansi=0
[JuiceRect] input hwnd=0x1003e dpi=96/1 raw=96/1 win=0,0,1,1 client=0,0,1,1 visible=0,0,1,1
[JuiceRect] mapped hwnd=0x1003e win=0,0,1,1 client=0,0,1,1 visible=0,0,1,1
[JuiceGeom] changed hwnd=0x1003e flags=3c ptr=0x10010eed0 window=0,0,1,1 client=0,0,1,1 visible=0,0,1,1 surface=0x6914c4f0 shown=0
[JuiceRect] input hwnd=0x1003e dpi=96/1 raw=96/1 win=0,0,1,1 client=0,0,1,1 visible=0,0,1,1
[JuiceRect] mapped hwnd=0x1003e win=0,0,1,1 client=0,0,1,1 visible=0,0,1,1
[JuiceGeom] changed hwnd=0x1003e flags=18 ptr=0x10010eed0 window=0,0,1,1 client=0,0,1,1 visible=0,0,1,1 surface=0x6914c4f0 shown=0
[JuiceDriver] create-enter hwnd=0x1003e
[JuiceDriver] create-success hwnd=0x1003e
[JuiceRect] input hwnd=0x20030 dpi=96/1 raw=96/1 win=0,0,166,45 client=3,22,163,42 visible=0,0,166,45
[JuiceRect] mapped hwnd=0x20030 win=0,0,166,45 client=3,22,163,42 visible=0,0,166,45
[JuiceGeom] changed hwnd=0x20030 flags=18 ptr=0x10010f620 window=0,0,166,45 client=3,22,163,42 visible=0,0,166,45 surface=0x6914c4f0 shown=0
[JuiceDriver] create-enter hwnd=0x20030
[JuiceDriver] create-success hwnd=0x20030
[JuiceHybrid] open name=/private/var/containers/Bundle/Application/F3BC928B-CF6E-41E9-AA5B-114329A364D0/Juice.app/Grape-X64/build/wine-ios/dlls/shell32/aarch64-windows/shell32.dll machine=0000 status=c0000135
[JuiceHybrid] open name=/private/var/containers/Bundle/Application/F3BC928B-CF6E-41E9-AA5B-114329A364D0/Juice.app/Grape-X64/build/wine-ios/dlls/wineios.drv/i386-windows/wineios.drv machine=0000 status=c0000135
[JuiceHybrid] open name=/private/var/containers/Bundle/Application/F3BC928B-CF6E-41E9-AA5B-114329A364D0/Juice.app/Grape-X64/build/wine-ios/programs/shell32.dll/aarch64-windows/shell32.dll machine=0000 status=c0000135
[JuiceHybrid] open name=/private/var/containers/Bundle/Application/F3BC928B-CF6E-41E9-AA5B-114329A364D0/Juice.app/Grape-X64/build/wine-ios/programs/wineios.drv/i386-windows/wineios.drv machine=0000 status=c0000135
[JuiceHybrid] open name=/var/containers/Bundle/Application/F3BC928B-CF6E-41E9-AA5B-114329A364D0/Juice.app/Grape-X64/runtime/lib/wine/i386-windows/wineios.drv machine=0000 status=00000000
[JuiceHybrid] open name=/var/containers/Bundle/Application/F3BC928B-CF6E-41E9-AA5B-114329A364D0/Juice.app/Grape-X64/runtime/lib/wine/aarch64-windows/shell32.dll machine=0000 status=00000000
[JuiceWine] host-page expanding executable section .text: section=0x79731000 mapping=0x79730000 size=16384
[JuiceWine] anonymous PE executable section .text at 0x79730000 size=16384
[JuiceHybrid] map name=/var/containers/Bundle/Application/F3BC928B-CF6E-41E9-AA5B-114329A364D0/Juice.app/Grape-X64/runtime/lib/wine/i386-windows/wineios.drv status=00000000 module=0x79730000 size=d000
[JuiceInput] display connected path=/var/mobile/Documents/JuiceData/proofs/steamsetup-i386-v2-entry-context/display.sock desktop=1024x768 dpi=96
[JuiceInput] queue fd registered fd=14 tid=0x24
[JuiceDriver] ios init set driver create=0x682e0e78 client_surface=0x682e19fc size=1216
[JuiceDriver] install prev=0x69a693a8 lazy=0x69a693a8 null=0x69a95f10 candidate=0x105019a00 create=0x682e0e78 installed=1
0024:trace:seh:RtlUnwindEx code=80000026 flags=2 end_frame=000000010020EF70 target_ip=00000002D785E164
0024:trace:seh:RtlUnwindEx  info[0]=000000010020ee50
0024:trace:seh:RtlUnwindEx  pc=00000002d79ca0b8  sp=000000010020d720  lr=0000000000000000  fp=000000010010e030
0024:trace:seh:RtlUnwindEx  x0=0000000000000000  x1=00000002d785e164  x2=000000010020e078  x3=0000000000000001
0024:trace:seh:RtlUnwindEx  x4=000000010020dcd0  x5=0000000000000000  x6=000000000012faec  x7=000000000012ff90
0024:trace:seh:RtlUnwindEx  x8=000000007ffe8000  x9=0000000000000001 x10=0000000000000000 x11=0000000000000000
0024:trace:seh:RtlUnwindEx x12=0000000000000000 x13=000000007bddcabc x14=0000000000000000 x15=00000001081c8480
0024:trace:seh:RtlUnwindEx x16=00000002d785dd18 x17=000000010020e180 x18=000000007ffe8000 x19=0000000110001140
0024:trace:seh:RtlUnwindEx x20=000000010020dcd0 x21=00000002d785e164 x22=000000007bddcabc x23=000000010020ef70
0024:trace:seh:RtlUnwindEx x24=000000007ffea000 x25=000000010020e078 x26=000000000012f860 x27=00000000ffed07f7
0024:trace:seh:RtlUnwindEx x28=0000000110001140 cpsr=20000000 fpcr=00000000 fpsr=00000010
JUICE_TEXT_HOST_HELLO pid=28942 desktop=1024x768 dpi=96
0024:trace:seh:RtlUnwindEx calling handler 00000002D785BE10 (rec=000000010020E078, frame=10020e140 context=000000010020DCD0, dispatch=000000010020DAE8)
0024:trace:seh:RtlUnwindEx handler 00000002D785BE10 returned 1
0024:trace:seh:RtlUnwindEx calling handler 00000002D785BE60 (rec=000000010020E078, frame=10020e870 context=000000010020DCD0, dispatch=000000010020DAE8)
0024:trace:seh:RtlUnwindEx handler 00000002D785BE60 returned 1
0024:trace:seh:RtlRestoreContext returning to 2d785e164 stack 10020e870
[JuiceDriver] direct-load status=00000000 driver=0x105019a00
0024:trace:seh:RtlUnwindEx code=80000026 flags=2 end_frame=000000010020EF50 target_ip=00000002D785E164
0024:trace:seh:RtlUnwindEx  info[0]=000000010020ee30
0024:trace:seh:RtlUnwindEx  pc=00000002d79ca0b8  sp=000000010020d700  lr=0000000000000000  fp=000000010010ee10
0024:trace:seh:RtlUnwindEx  x0=0000000000000000  x1=00000002d785e164  x2=000000010020e058  x3=0000000000000001
0024:trace:seh:RtlUnwindEx  x4=000000010020dcb0  x5=0000000000000000  x6=000000000012faec  x7=0000000000010040
0024:trace:seh:RtlUnwindEx  x8=000000007ffe8000  x9=0000000000000001 x10=000000000012f7f4 x11=0000000000000004
0024:trace:seh:RtlUnwindEx x12=0000000000000000 x13=000000007ae3251c x14=0000000000000000 x15=0000000108026460
0024:trace:seh:RtlUnwindEx x16=00000002d785dd18 x17=000000010020e190 x18=000000007ffe8000 x19=0000000110001140
0024:trace:seh:RtlUnwindEx x20=000000010020dcb0 x21=00000002d785e164 x22=000000007bddcabc x23=000000010020ef50
0024:trace:seh:RtlUnwindEx x24=000000007ffea000 x25=000000010020e058 x26=0000000000010040 x27=000000000012f580
0024:trace:seh:RtlUnwindEx x28=0000000110001140 cpsr=20000000 fpcr=00000000 fpsr=00000010
0024:trace:seh:RtlUnwindEx calling handler 00000002D785BE10 (rec=000000010020E058, frame=10020e120 context=000000010020DCB0, dispatch=000000010020DAC8)
0024:trace:seh:RtlUnwindEx handler 00000002D785BE10 returned 1
0024:trace:seh:RtlUnwindEx calling handler 00000002D785BE60 (rec=000000010020E058, frame=10020e850 context=000000010020DCB0, dispatch=000000010020DAC8)
0024:trace:seh:RtlUnwindEx handler 00000002D785BE60 returned 1
0024:trace:seh:RtlRestoreContext returning to 2d785e164 stack 10020e850
0024:trace:seh:RtlUnwindEx code=80000026 flags=2 end_frame=000000010020EF50 target_ip=00000002D785E164
0024:trace:seh:RtlUnwindEx  info[0]=000000010020ee30
0024:trace:seh:RtlUnwindEx  pc=00000002d79ca0b8  sp=000000010020d700  lr=0000000000000000  fp=000000010010ee10
0024:trace:seh:RtlUnwindEx  x0=0000000000000000  x1=00000002d785e164  x2=000000010020e058  x3=0000000000000001
0024:trace:seh:RtlUnwindEx  x4=000000010020dcb0  x5=0000000000000000  x6=000000000012faec  x7=0000000000010040
0024:trace:seh:RtlUnwindEx  x8=000000007ffe8000  x9=0000000000000001 x10=000000000012f7f4 x11=0000000000000004
0024:trace:seh:RtlUnwindEx x12=0000000000000000 x13=0000000000031525 x14=000000007b9b1b60 x15=00000002d7641b2c
0024:trace:seh:RtlUnwindEx x16=00000002d785dd18 x17=000000010020e1d0 x18=000000007ffe8000 x19=0000000110001140
0024:trace:seh:RtlUnwindEx x20=000000010020dcb0 x21=00000002d785e164 x22=000000007bddcabc x23=000000010020ef50
0024:trace:seh:RtlUnwindEx x24=000000007ffea000 x25=000000010020e058 x26=0000000000010040 x27=000000000012f580
0024:trace:seh:RtlUnwindEx x28=0000000110001140 cpsr=20000000 fpcr=00000000 fpsr=00000000
0024:trace:seh:RtlUnwindEx calling handler 00000002D785BE10 (rec=000000010020E058, frame=10020e120 context=000000010020DCB0, dispatch=000000010020DAC8)
0024:trace:seh:RtlUnwindEx handler 00000002D785BE10 returned 1
0024:trace:seh:RtlUnwindEx calling handler 00000002D785BE60 (rec=000000010020E058, frame=10020e850 context=000000010020DCB0, dispatch=000000010020DAC8)
0024:trace:seh:RtlUnwindEx handler 00000002D785BE60 returned 1
0024:trace:seh:RtlRestoreContext returning to 2d785e164 stack 10020e850
0024:trace:seh:RtlUnwindEx code=80000026 flags=2 end_frame=000000010020EF50 target_ip=00000002D785E164
0024:trace:seh:RtlUnwindEx  info[0]=000000010020ee30
0024:trace:seh:RtlUnwindEx  pc=00000002d79ca0b8  sp=000000010020d700  lr=0000000000000000  fp=000000010010ee10
0024:trace:seh:RtlUnwindEx  x0=0000000000000000  x1=00000002d785e164  x2=000000010020e058  x3=0000000000000001
0024:trace:seh:RtlUnwindEx  x4=000000010020dcb0  x5=0000000000000000  x6=000000000012faec  x7=0000000000010040
0024:trace:seh:RtlUnwindEx  x8=000000007ffe8000  x9=0000000000000001 x10=000000000012f7f4 x11=0000000000000004
0024:trace:seh:RtlUnwindEx x12=0000000000000000 x13=0000000000000000 x14=0000000000000000 x15=0000000000000030
0024:trace:seh:RtlUnwindEx x16=00000002d785dd18 x17=000000010020e260 x18=000000007ffe8000 x19=0000000110001140
0024:trace:seh:RtlUnwindEx x20=000000010020dcb0 x21=00000002d785e164 x22=000000007bddcabc x23=000000010020ef50
0024:trace:seh:RtlUnwindEx x24=000000007ffea000 x25=000000010020e058 x26=0000000000010040 x27=000000000012f580
0024:trace:seh:RtlUnwindEx x28=0000000110001140 cpsr=20000000 fpcr=00000000 fpsr=00000000
0024:trace:seh:RtlUnwindEx calling handler 00000002D785BE10 (rec=000000010020E058, frame=10020e120 context=000000010020DCB0, dispatch=000000010020DAC8)
0024:trace:seh:RtlUnwindEx handler 00000002D785BE10 returned 1
0024:trace:seh:RtlUnwindEx calling handler 00000002D785BE60 (rec=000000010020E058, frame=10020e850 context=000000010020DCB0, dispatch=000000010020DAC8)
0024:trace:seh:RtlUnwindEx handler 00000002D785BE60 returned 1
0024:trace:seh:RtlRestoreContext returning to 2d785e164 stack 10020e850
0024:trace:seh:RtlUnwindEx code=80000026 flags=2 end_frame=000000010020EF50 target_ip=00000002D785E164
0024:trace:seh:RtlUnwindEx  info[0]=000000010020ee30
0024:trace:seh:RtlUnwindEx  pc=00000002d79ca0b8  sp=000000010020d700  lr=0000000000000000  fp=000000010010ee10
0024:trace:seh:RtlUnwindEx  x0=0000000000000000  x1=00000002d785e164  x2=000000010020e058  x3=0000000000000001
0024:trace:seh:RtlUnwindEx  x4=000000010020dcb0  x5=0000000000000000  x6=000000000012faec  x7=0000000000010040
0024:trace:seh:RtlUnwindEx  x8=000000007ffe8000  x9=0000000000000001 x10=000000000012f7f4 x11=0000000000000004
0024:trace:seh:RtlUnwindEx x12=0000000000000000 x13=0000000000000000 x14=0000000000000000 x15=0000000000000030
0024:trace:seh:RtlUnwindEx x16=00000002d785dd18 x17=000000010020e260 x18=000000007ffe8000 x19=0000000110001140
0024:trace:seh:RtlUnwindEx x20=000000010020dcb0 x21=00000002d785e164 x22=000000007bddcabc x23=000000010020ef50
0024:trace:seh:RtlUnwindEx x24=000000007ffea000 x25=000000010020e058 x26=0000000000010040 x27=000000000012f580
0024:trace:seh:RtlUnwindEx x28=0000000110001140 cpsr=20000000 fpcr=00000000 fpsr=00000000
0024:trace:seh:RtlUnwindEx calling handler 00000002D785BE10 (rec=000000010020E058, frame=10020e120 context=000000010020DCB0, dispatch=000000010020DAC8)
0024:trace:seh:RtlUnwindEx handler 00000002D785BE10 returned 1
0024:trace:seh:RtlUnwindEx calling handler 00000002D785BE60 (rec=000000010020E058, frame=10020e850 context=000000010020DCB0, dispatch=000000010020DAC8)
0024:trace:seh:RtlUnwindEx handler 00000002D785BE60 returned 1
0024:trace:seh:RtlRestoreContext returning to 2d785e164 stack 10020e850
0024:trace:seh:RtlUnwindEx code=80000026 flags=2 end_frame=000000010020EF50 target_ip=00000002D785E164
0024:trace:seh:RtlUnwindEx  info[0]=000000010020ee30
0024:trace:seh:RtlUnwindEx  pc=00000002d79ca0b8  sp=000000010020d700  lr=0000000000000000  fp=000000010010ee10
0024:trace:seh:RtlUnwindEx  x0=0000000000000000  x1=00000002d785e164  x2=000000010020e058  x3=0000000000000001
0024:trace:seh:RtlUnwindEx  x4=000000010020dcb0  x5=0000000000000000  x6=000000000012faec  x7=0000000000010040
0024:trace:seh:RtlUnwindEx  x8=000000007ffe8000  x9=0000000000000001 x10=000000000012f7f4 x11=0000000000000004
0024:trace:seh:RtlUnwindEx x12=0000000000000000 x13=0000000000000000 x14=0000000000000000 x15=0000000000000030
0024:trace:seh:RtlUnwindEx x16=00000002d785dd18 x17=000000010020e260 x18=000000007ffe8000 x19=0000000110001140
0024:trace:seh:RtlUnwindEx x20=000000010020dcb0 x21=00000002d785e164 x22=000000007bddcabc x23=000000010020ef50
0024:trace:seh:RtlUnwindEx x24=000000007ffea000 x25=000000010020e058 x26=0000000000010040 x27=000000000012f580
0024:trace:seh:RtlUnwindEx x28=0000000110001140 cpsr=20000000 fpcr=00000000 fpsr=00000000
0024:trace:seh:RtlUnwindEx calling handler 00000002D785BE10 (rec=000000010020E058, frame=10020e120 context=000000010020DCB0, dispatch=000000010020DAC8)
0024:trace:seh:RtlUnwindEx handler 00000002D785BE10 returned 1
0024:trace:seh:RtlUnwindEx calling handler 00000002D785BE60 (rec=000000010020E058, frame=10020e850 context=000000010020DCB0, dispatch=000000010020DAC8)
0024:trace:seh:RtlUnwindEx handler 00000002D785BE60 returned 1
0024:trace:seh:RtlRestoreContext returning to 2d785e164 stack 10020e850
0024:trace:seh:RtlUnwindEx code=80000026 flags=2 end_frame=000000010020EF50 target_ip=00000002D785E164
0024:trace:seh:RtlUnwindEx  info[0]=000000010020ee30
0024:trace:seh:RtlUnwindEx  pc=00000002d79ca0b8  sp=000000010020d700  lr=0000000000000000  fp=000000010010ee10
0024:trace:seh:RtlUnwindEx  x0=0000000000000000  x1=00000002d785e164  x2=000000010020e058  x3=0000000000000001
0024:trace:seh:RtlUnwindEx  x4=000000010020dcb0  x5=0000000000000000  x6=000000000012faec  x7=0000000000010040
0024:trace:seh:RtlUnwindEx  x8=000000007ffe8000  x9=0000000000000001 x10=000000000012f7f4 x11=0000000000000004
0024:trace:seh:RtlUnwindEx x12=0000000000000000 x13=0000000000000000 x14=0000000000000000 x15=0000000000000030
0024:trace:seh:RtlUnwindEx x16=00000002d785dd18 x17=000000010020e260 x18=000000007ffe8000 x19=0000000110001140
0024:trace:seh:RtlUnwindEx x20=000000010020dcb0 x21=00000002d785e164 x22=000000007bddcabc x23=000000010020ef50
0024:trace:seh:RtlUnwindEx x24=000000007ffea000 x25=000000010020e058 x26=0000000000010040 x27=000000000012f580
0024:trace:seh:RtlUnwindEx x28=0000000110001140 cpsr=20000000 fpcr=00000000 fpsr=00000000
0024:trace:seh:RtlUnwindEx calling handler 00000002D785BE10 (rec=000000010020E058, frame=10020e120 context=000000010020DCB0, dispatch=000000010020DAC8)
0024:trace:seh:RtlUnwindEx handler 00000002D785BE10 returned 1
0024:trace:seh:RtlUnwindEx calling handler 00000002D785BE60 (rec=000000010020E058, frame=10020e850 context=000000010020DCB0, dispatch=000000010020DAC8)
0024:trace:seh:RtlUnwindEx handler 00000002D785BE60 returned 1
0024:trace:seh:RtlRestoreContext returning to 2d785e164 stack 10020e850
0024:trace:seh:RtlUnwindEx code=80000026 flags=2 end_frame=000000010020EF50 target_ip=00000002D785E164
0024:trace:seh:RtlUnwindEx  info[0]=000000010020ee30
0024:trace:seh:RtlUnwindEx  pc=00000002d79ca0b8  sp=000000010020d700  lr=0000000000000000  fp=000000010010ee10
0024:trace:seh:RtlUnwindEx  x0=0000000000000000  x1=00000002d785e164  x2=000000010020e058  x3=0000000000000001
0024:trace:seh:RtlUnwindEx  x4=000000010020dcb0  x5=0000000000000000  x6=000000000012faec  x7=0000000000010040
0024:trace:seh:RtlUnwindEx  x8=000000007ffe8000  x9=0000000000000001 x10=000000000012f7f4 x11=0000000000000004
0024:trace:seh:RtlUnwindEx x12=0000000000000000 x13=0000000000000000 x14=0000000000000000 x15=0000000000000030
0024:trace:seh:RtlUnwindEx x16=00000002d785dd18 x17=000000010020e260 x18=000000007ffe8000 x19=0000000110001140
0024:trace:seh:RtlUnwindEx x20=000000010020dcb0 x21=00000002d785e164 x22=000000007bddcabc x23=000000010020ef50
0024:trace:seh:RtlUnwindEx x24=000000007ffea000 x25=000000010020e058 x26=0000000000010040 x27=000000000012f580
0024:trace:seh:RtlUnwindEx x28=0000000110001140 cpsr=20000000 fpcr=00000000 fpsr=00000000
0024:trace:seh:RtlUnwindEx calling handler 00000002D785BE10 (rec=000000010020E058, frame=10020e120 context=000000010020DCB0, dispatch=000000010020DAC8)
0024:trace:seh:RtlUnwindEx handler 00000002D785BE10 returned 1
0024:trace:seh:RtlUnwindEx calling handler 00000002D785BE60 (rec=000000010020E058, frame=10020e850 context=000000010020DCB0, dispatch=000000010020DAC8)
0024:trace:seh:RtlUnwindEx handler 00000002D785BE60 returned 1
0024:trace:seh:RtlRestoreContext returning to 2d785e164 stack 10020e850
0024:trace:seh:RtlUnwindEx code=80000026 flags=2 end_frame=000000010020EF50 target_ip=00000002D785E164
0024:trace:seh:RtlUnwindEx  info[0]=000000010020ee30
0024:trace:seh:RtlUnwindEx  pc=00000002d79ca0b8  sp=000000010020d700  lr=0000000000000000  fp=000000010010ee10
0024:trace:seh:RtlUnwindEx  x0=0000000000000000  x1=00000002d785e164  x2=000000010020e058  x3=0000000000000001
0024:trace:seh:RtlUnwindEx  x4=000000010020dcb0  x5=0000000000000000  x6=000000000012faec  x7=0000000000010042
0024:trace:seh:RtlUnwindEx  x8=000000007ffe8000  x9=0000000000000001 x10=000000000012f7f4 x11=0000000000000004
0024:trace:seh:RtlUnwindEx x12=0000000000000000 x13=000000000003f209 x14=000000007b435830 x15=00000002d7641b2c
0024:trace:seh:RtlUnwindEx x16=00000002d785dd18 x17=000000010020e290 x18=000000007ffe8000 x19=0000000110001140
0024:trace:seh:RtlUnwindEx x20=000000010020dcb0 x21=00000002d785e164 x22=000000007bddcabc x23=000000010020ef50
0024:trace:seh:RtlUnwindEx x24=000000007ffea000 x25=000000010020e058 x26=0000000000010042 x27=000000000012f580
0024:trace:seh:RtlUnwindEx x28=0000000110001140 cpsr=20000000 fpcr=00000000 fpsr=00000010
0024:trace:seh:RtlUnwindEx calling handler 00000002D785BE10 (rec=000000010020E058, frame=10020e120 context=000000010020DCB0, dispatch=000000010020DAC8)
0024:trace:seh:RtlUnwindEx handler 00000002D785BE10 returned 1
0024:trace:seh:RtlUnwindEx calling handler 00000002D785BE60 (rec=000000010020E058, frame=10020e850 context=000000010020DCB0, dispatch=000000010020DAC8)
0024:trace:seh:RtlUnwindEx handler 00000002D785BE60 returned 1
0024:trace:seh:RtlRestoreContext returning to 2d785e164 stack 10020e850
0024:trace:seh:RtlUnwindEx code=80000026 flags=2 end_frame=000000010020EF50 target_ip=00000002D785E164
0024:trace:seh:RtlUnwindEx  info[0]=000000010020ee30
0024:trace:seh:RtlUnwindEx  pc=00000002d79ca0b8  sp=000000010020d700  lr=0000000000000000  fp=000000010010ee10
0024:trace:seh:RtlUnwindEx  x0=0000000000000000  x1=00000002d785e164  x2=000000010020e058  x3=0000000000000001
0024:trace:seh:RtlUnwindEx  x4=000000010020dcb0  x5=0000000000000000  x6=000000000012faec  x7=0000000000010040
0024:trace:seh:RtlUnwindEx  x8=000000007ffe8000  x9=0000000000000001 x10=000000000012f7f4 x11=0000000000000004
0024:trace:seh:RtlUnwindEx x12=0000000000000000 x13=0000000000042043 x14=000000007b9b1b60 x15=00000002d7641b2c
0024:trace:seh:RtlUnwindEx x16=00000002d785dd18 x17=000000010020e1d0 x18=000000007ffe8000 x19=0000000110001140
0024:trace:seh:RtlUnwindEx x20=000000010020dcb0 x21=00000002d785e164 x22=000000007bddcabc x23=000000010020ef50
0024:trace:seh:RtlUnwindEx x24=000000007ffea000 x25=000000010020e058 x26=0000000000010040 x27=000000000012f580
0024:trace:seh:RtlUnwindEx x28=0000000110001140 cpsr=20000000 fpcr=00000000 fpsr=00000000
0024:trace:seh:RtlUnwindEx calling handler 00000002D785BE10 (rec=000000010020E058, frame=10020e120 context=000000010020DCB0, dispatch=000000010020DAC8)
0024:trace:seh:RtlUnwindEx handler 00000002D785BE10 returned 1
0024:trace:seh:RtlUnwindEx calling handler 00000002D785BE60 (rec=000000010020E058, frame=10020e850 context=000000010020DCB0, dispatch=000000010020DAC8)
0024:trace:seh:RtlUnwindEx handler 00000002D785BE60 returned 1
0024:trace:seh:RtlRestoreContext returning to 2d785e164 stack 10020e850
0024:trace:seh:RtlUnwindEx code=80000026 flags=2 end_frame=000000010020EF50 target_ip=00000002D785E164
0024:trace:seh:RtlUnwindEx  info[0]=000000010020ee30
0024:trace:seh:RtlUnwindEx  pc=00000002d79ca0b8  sp=000000010020d700  lr=0000000000000000  fp=000000010010ee10
0024:trace:seh:RtlUnwindEx  x0=0000000000000000  x1=00000002d785e164  x2=000000010020e058  x3=0000000000000001
0024:trace:seh:RtlUnwindEx  x4=000000010020dcb0  x5=0000000000000000  x6=000000000012faec  x7=0000000000010040
0024:trace:seh:RtlUnwindEx  x8=000000007ffe8000  x9=0000000000000001 x10=000000000012f7f4 x11=0000000000000004
0024:trace:seh:RtlUnwindEx x12=0000000000000000 x13=0000000000000000 x14=0000000000000000 x15=0000000000000030
0024:trace:seh:RtlUnwindEx x16=00000002d785dd18 x17=000000010020e260 x18=000000007ffe8000 x19=0000000110001140
0024:trace:seh:RtlUnwindEx x20=000000010020dcb0 x21=00000002d785e164 x22=000000007bddcabc x23=000000010020ef50
0024:trace:seh:RtlUnwindEx x24=000000007ffea000 x25=000000010020e058 x26=0000000000010040 x27=000000000012f580
0024:trace:seh:RtlUnwindEx x28=0000000110001140 cpsr=20000000 fpcr=00000000 fpsr=00000000
0024:trace:seh:RtlUnwindEx calling handler 00000002D785BE10 (rec=000000010020E058, frame=10020e120 context=000000010020DCB0, dispatch=000000010020DAC8)
0024:trace:seh:RtlUnwindEx handler 00000002D785BE10 returned 1
0024:trace:seh:RtlUnwindEx calling handler 00000002D785BE60 (rec=000000010020E058, frame=10020e850 context=000000010020DCB0, dispatch=000000010020DAC8)
0024:trace:seh:RtlUnwindEx handler 00000002D785BE60 returned 1
0024:trace:seh:RtlRestoreContext returning to 2d785e164 stack 10020e850
0024:trace:seh:RtlUnwindEx code=80000026 flags=2 end_frame=000000010020EF50 target_ip=00000002D785E164
0024:trace:seh:RtlUnwindEx  info[0]=000000010020ee30
0024:trace:seh:RtlUnwindEx  pc=00000002d79ca0b8  sp=000000010020d700  lr=0000000000000000  fp=000000010010ee10
0024:trace:seh:RtlUnwindEx  x0=0000000000000000  x1=00000002d785e164  x2=000000010020e058  x3=0000000000000001
0024:trace:seh:RtlUnwindEx  x4=000000010020dcb0  x5=0000000000000000  x6=000000000012faec  x7=0000000000010040
0024:trace:seh:RtlUnwindEx  x8=000000007ffe8000  x9=0000000000000001 x10=000000000012f7f4 x11=0000000000000004
0024:trace:seh:RtlUnwindEx x12=0000000000000000 x13=0000000000000000 x14=0000000000000000 x15=0000000000000030
0024:trace:seh:RtlUnwindEx x16=00000002d785dd18 x17=000000010020e260 x18=000000007ffe8000 x19=0000000110001140
0024:trace:seh:RtlUnwindEx x20=000000010020dcb0 x21=00000002d785e164 x22=000000007bddcabc x23=000000010020ef50
0024:trace:seh:RtlUnwindEx x24=000000007ffea000 x25=000000010020e058 x26=0000000000010040 x27=000000000012f580
0024:trace:seh:RtlUnwindEx x28=0000000110001140 cpsr=20000000 fpcr=00000000 fpsr=00000000
0024:trace:seh:RtlUnwindEx calling handler 00000002D785BE10 (rec=000000010020E058, frame=10020e120 context=000000010020DCB0, dispatch=000000010020DAC8)
0024:trace:seh:RtlUnwindEx handler 00000002D785BE10 returned 1
0024:trace:seh:RtlUnwindEx calling handler 00000002D785BE60 (rec=000000010020E058, frame=10020e850 context=000000010020DCB0, dispatch=000000010020DAC8)
0024:trace:seh:RtlUnwindEx handler 00000002D785BE60 returned 1
0024:trace:seh:RtlRestoreContext returning to 2d785e164 stack 10020e850
0024:trace:seh:RtlUnwindEx code=80000026 flags=2 end_frame=000000010020EF50 target_ip=00000002D785E164
0024:trace:seh:RtlUnwindEx  info[0]=000000010020ee30
0024:trace:seh:RtlUnwindEx  pc=00000002d79ca0b8  sp=000000010020d700  lr=0000000000000000  fp=000000010010ee10
0024:trace:seh:RtlUnwindEx  x0=0000000000000000  x1=00000002d785e164  x2=000000010020e058  x3=0000000000000001
0024:trace:seh:RtlUnwindEx  x4=000000010020dcb0  x5=0000000000000000  x6=000000000012faec  x7=0000000000010040
0024:trace:seh:RtlUnwindEx  x8=000000007ffe8000  x9=0000000000000001 x10=000000000012f7f4 x11=0000000000000004
0024:trace:seh:RtlUnwindEx x12=0000000000000000 x13=0000000000000000 x14=0000000000000000 x15=0000000000000030
0024:trace:seh:RtlUnwindEx x16=00000002d785dd18 x17=000000010020e260 x18=000000007ffe8000 x19=0000000110001140
0024:trace:seh:RtlUnwindEx x20=000000010020dcb0 x21=00000002d785e164 x22=000000007bddcabc x23=000000010020ef50
0024:trace:seh:RtlUnwindEx x24=000000007ffea000 x25=000000010020e058 x26=0000000000010040 x27=000000000012f580
0024:trace:seh:RtlUnwindEx x28=0000000110001140 cpsr=20000000 fpcr=00000000 fpsr=00000000
0024:trace:seh:RtlUnwindEx calling handler 00000002D785BE10 (rec=000000010020E058, frame=10020e120 context=000000010020DCB0, dispatch=000000010020DAC8)
0024:trace:seh:RtlUnwindEx handler 00000002D785BE10 returned 1
0024:trace:seh:RtlUnwindEx calling handler 00000002D785BE60 (rec=000000010020E058, frame=10020e850 context=000000010020DCB0, dispatch=000000010020DAC8)
0024:trace:seh:RtlUnwindEx handler 00000002D785BE60 returned 1
0024:trace:seh:RtlRestoreContext returning to 2d785e164 stack 10020e850
0024:trace:seh:RtlUnwindEx code=80000026 flags=2 end_frame=000000010020EF90 target_ip=00000002D785E164
0024:trace:seh:RtlUnwindEx  info[0]=000000010020ee70
0024:trace:seh:RtlUnwindEx  pc=00000002d79ca0b8  sp=000000010020d740  lr=0000000000000000  fp=000000010010f0c0
0024:trace:seh:RtlUnwindEx  x0=0000000000000000  x1=00000002d785e164  x2=000000010020e098  x3=0000000000000001
0024:trace:seh:RtlUnwindEx  x4=000000010020dcf0  x5=0000000000000000  x6=000000000012faec  x7=000000000012ff90
0024:trace:seh:RtlUnwindEx  x8=000000007ffe8000  x9=0000000000000001 x10=0000000000000000 x11=0000000000000000
0024:trace:seh:RtlUnwindEx x12=0000000000000000 x13=0000000000000000 x14=0000000000000268 x15=00000001080a8c80
0024:trace:seh:RtlUnwindEx x16=00000002d785dd18 x17=000000010020e1d0 x18=000000007ffe8000 x19=0000000110001140
0024:trace:seh:RtlUnwindEx x20=000000010020dcf0 x21=00000002d785e164 x22=000000007bddcabc x23=000000010020ef90
0024:trace:seh:RtlUnwindEx x24=000000007ffea000 x25=000000010020e098 x26=000000000012f880 x27=00000000ffed07d7
0024:trace:seh:RtlUnwindEx x28=0000000110001140 cpsr=20000000 fpcr=00000000 fpsr=00000010
0024:trace:seh:RtlUnwindEx calling handler 00000002D785BE10 (rec=000000010020E098, frame=10020e160 context=000000010020DCF0, dispatch=000000010020DB08)
0024:trace:seh:RtlUnwindEx handler 00000002D785BE10 returned 1
0024:trace:seh:RtlUnwindEx calling handler 00000002D785BE60 (rec=000000010020E098, frame=10020e890 context=000000010020DCF0, dispatch=000000010020DB08)
0024:trace:seh:RtlUnwindEx handler 00000002D785BE60 returned 1
0024:trace:seh:RtlRestoreContext returning to 2d785e164 stack 10020e890
[JuiceCreate] ex=00000000 class=0x10020f050 version=0x0 name=0x10020f030 style=00000000 x=0 y=0 cx=0 cy=0 parent=0xfffffffffffffffd menu=0x0 classinst=0x79c40000 params=0x0 flags=00000000 inst=0x79c40000 classptr=0x79c67598 ansi=0
0024:trace:seh:RtlUnwindEx code=80000026 flags=2 end_frame=000000010020EEC0 target_ip=00000002D785E164
0024:trace:seh:RtlUnwindEx  info[0]=000000010020eda0
0024:trace:seh:RtlUnwindEx  pc=00000002d79ca0b8  sp=000000010020d670  lr=0000000000000000  fp=000000010010eec0
0024:trace:seh:RtlUnwindEx  x0=0000000000000000  x1=00000002d785e164  x2=000000010020dfc8  x3=0000000000000001
0024:trace:seh:RtlUnwindEx  x4=000000010020dc20  x5=0000000000000000  x6=000000000012f80c  x7=0000000000006010
0024:trace:seh:RtlUnwindEx  x8=000000007ffe8000  x9=0000000000000001 x10=000000000012f828 x11=000000000000002c
0024:trace:seh:RtlUnwindEx x12=0000000000000000 x13=0000000000000000 x14=00000000000001ee x15=00000001081ca880
0024:trace:seh:RtlUnwindEx x16=00000002d785dd18 x17=000000010020e0d0 x18=000000007ffe8000 x19=0000000110001140
0024:trace:seh:RtlUnwindEx x20=000000010020dc20 x21=00000002d785e164 x22=000000007bddcabc x23=000000010020eec0
0024:trace:seh:RtlUnwindEx x24=000000007ffea000 x25=000000010020dfc8 x26=000000000000002c x27=00000000ffffffa7
0024:trace:seh:RtlUnwindEx x28=0000000110001140 cpsr=20000000 fpcr=00000000 fpsr=00000010
0024:trace:seh:RtlUnwindEx calling handler 00000002D785BE10 (rec=000000010020DFC8, frame=10020e090 context=000000010020DC20, dispatch=000000010020DA38)
0024:trace:seh:RtlUnwindEx handler 00000002D785BE10 returned 1
0024:trace:seh:RtlUnwindEx calling handler 00000002D785BE60 (rec=000000010020DFC8, frame=10020e7c0 context=000000010020DC20, dispatch=000000010020DA38)
0024:trace:seh:RtlUnwindEx handler 00000002D785BE60 returned 1
0024:trace:seh:RtlRestoreContext returning to 2d785e164 stack 10020e7c0
[JuiceMonitor] callee hwnd=0x10044 hmon=0x1 info=0x10010f720 monitor=0,0,1024,768 work=0,0,1024,768 flags=00000001
[JuiceMinMax] hwnd=0x10044 min=112,27 maxtrack=1036,780 max=106,106 pos=-3,-3
[JuiceRect] input hwnd=0x10044 dpi=96/1 raw=96/1 win=0,0,112,27 client=0,0,112,27 visible=0,0,112,27
[JuiceRect] mapped hwnd=0x10044 win=0,0,112,27 client=0,0,112,27 visible=0,0,112,27
[JuiceGeom] changed hwnd=0x10044 flags=14 ptr=0x10010f620 window=0,0,112,27 client=0,0,112,27 visible=0,0,112,27 surface=0x0 shown=0
0024:trace:seh:RtlUnwindEx code=80000026 flags=2 end_frame=000000010020EE70 target_ip=00000002D785E164
0024:trace:seh:RtlUnwindEx  info[0]=000000010020ed50
0024:trace:seh:RtlUnwindEx  pc=00000002d79ca0b8  sp=000000010020d620  lr=0000000000000000  fp=000000010010f010
0024:trace:seh:RtlUnwindEx  x0=0000000000000000  x1=00000002d785e164  x2=000000010020df78  x3=0000000000000001
0024:trace:seh:RtlUnwindEx  x4=000000010020dbd0  x5=0000000000000000  x6=000000000012f7dc  x7=0000000000006010
0024:trace:seh:RtlUnwindEx  x8=000000007ffe8000  x9=0000000000000001 x10=000000000012f7f8 x11=0000000000000060
0024:trace:seh:RtlUnwindEx x12=0000000000000000 x13=0000000000000000 x14=0000000000000000 x15=0000000000000030
0024:trace:seh:RtlUnwindEx x16=00000002d785dd18 x17=000000010020e180 x18=000000007ffe8000 x19=0000000110001140
0024:trace:seh:RtlUnwindEx x20=000000010020dbd0 x21=00000002d785e164 x22=000000007bddcabc x23=000000010020ee70
0024:trace:seh:RtlUnwindEx x24=000000007ffea000 x25=000000010020df78 x26=0000000000000060 x27=00000000ffffff73
0024:trace:seh:RtlUnwindEx x28=0000000110001140 cpsr=20000000 fpcr=00000000 fpsr=00000000
0024:trace:seh:RtlUnwindEx calling handler 00000002D785BE10 (rec=000000010020DF78, frame=10020e040 context=000000010020DBD0, dispatch=000000010020D9E8)
0024:trace:seh:RtlUnwindEx handler 00000002D785BE10 returned 1
0024:trace:seh:RtlUnwindEx calling handler 00000002D785BE60 (rec=000000010020DF78, frame=10020e770 context=000000010020DBD0, dispatch=000000010020D9E8)
0024:trace:seh:RtlUnwindEx handler 00000002D785BE60 returned 1
0024:trace:seh:RtlRestoreContext returning to 2d785e164 stack 10020e770
0024:trace:seh:RtlUnwindEx code=80000026 flags=2 end_frame=000000010020EEE0 target_ip=00000002D785E164
0024:trace:seh:RtlUnwindEx  info[0]=000000010020edc0
0024:trace:seh:RtlUnwindEx  pc=00000002d79ca0b8  sp=000000010020d690  lr=0000000000000000  fp=000000010010f010
0024:trace:seh:RtlUnwindEx  x0=0000000000000000  x1=00000002d785e164  x2=000000010020dfe8  x3=0000000000000001
0024:trace:seh:RtlUnwindEx  x4=000000010020dc40  x5=0000000000000000  x6=000000000012f82c  x7=0000000000006010
0024:trace:seh:RtlUnwindEx  x8=000000007ffe8000  x9=0000000000000001 x10=000000000012f848 x11=0000000000000014
0024:trace:seh:RtlUnwindEx x12=0000000000000000 x13=0000000000000000 x14=0000000000000000 x15=0000000000000030
0024:trace:seh:RtlUnwindEx x16=00000002d785dd18 x17=000000010020e1f0 x18=000000007ffe8000 x19=0000000110001140
0024:trace:seh:RtlUnwindEx x20=000000010020dc40 x21=00000002d785e164 x22=000000007bddcabc x23=000000010020eee0
0024:trace:seh:RtlUnwindEx x24=000000007ffea000 x25=000000010020dfe8 x26=0000000000000014 x27=00000000ffffffbf
0024:trace:seh:RtlUnwindEx x28=0000000110001140 cpsr=20000000 fpcr=00000000 fpsr=00000010
0024:trace:seh:RtlUnwindEx calling handler 00000002D785BE10 (rec=000000010020DFE8, frame=10020e0b0 context=000000010020DC40, dispatch=000000010020DA58)
0024:trace:seh:RtlUnwindEx handler 00000002D785BE10 returned 1
0024:trace:seh:RtlUnwindEx calling handler 00000002D785BE60 (rec=000000010020DFE8, frame=10020e7e0 context=000000010020DC40, dispatch=000000010020DA58)
0024:trace:seh:RtlUnwindEx handler 00000002D785BE60 returned 1
0024:trace:seh:RtlRestoreContext returning to 2d785e164 stack 10020e7e0
[JuiceRect] input hwnd=0x10044 dpi=96/1 raw=96/1 win=0,0,112,27 client=3,22,109,24 visible=0,0,112,27
[JuiceRect] mapped hwnd=0x10044 win=0,0,112,27 client=3,22,109,24 visible=0,0,112,27
[JuiceGeom] changed hwnd=0x10044 flags=10 ptr=0x10010f620 window=0,0,112,27 client=3,22,109,24 visible=0,0,112,27 surface=0x0 shown=0
0024:trace:seh:RtlUnwindEx code=80000026 flags=2 end_frame=000000010020EE70 target_ip=00000002D785E164
0024:trace:seh:RtlUnwindEx  info[0]=000000010020ed50
0024:trace:seh:RtlUnwindEx  pc=00000002d79ca0b8  sp=000000010020d620  lr=0000000000000000  fp=000000010010f010
0024:trace:seh:RtlUnwindEx  x0=0000000000000000  x1=00000002d785e164  x2=000000010020df78  x3=0000000000000001
0024:trace:seh:RtlUnwindEx  x4=000000010020dbd0  x5=0000000000000000  x6=000000000012f7dc  x7=0000000000006010
0024:trace:seh:RtlUnwindEx  x8=000000007ffe8000  x9=0000000000000001 x10=000000000012f7f8 x11=0000000000000060
0024:trace:seh:RtlUnwindEx x12=0000000000000000 x13=0000000000000000 x14=0000000000000000 x15=0000000000000030
0024:trace:seh:RtlUnwindEx x16=00000002d785dd18 x17=000000010020e180 x18=000000007ffe8000 x19=0000000110001140
0024:trace:seh:RtlUnwindEx x20=000000010020dbd0 x21=00000002d785e164 x22=000000007bddcabc x23=000000010020ee70
0024:trace:seh:RtlUnwindEx x24=000000007ffea000 x25=000000010020df78 x26=0000000000000060 x27=00000000ffffff73
0024:trace:seh:RtlUnwindEx x28=0000000110001140 cpsr=20000000 fpcr=00000000 fpsr=00000000
0024:trace:seh:RtlUnwindEx calling handler 00000002D785BE10 (rec=000000010020DF78, frame=10020e040 context=000000010020DBD0, dispatch=000000010020D9E8)
0024:trace:seh:RtlUnwindEx handler 00000002D785BE10 returned 1
0024:trace:seh:RtlUnwindEx calling handler 00000002D785BE60 (rec=000000010020DF78, frame=10020e770 context=000000010020DBD0, dispatch=000000010020D9E8)
0024:trace:seh:RtlUnwindEx handler 00000002D785BE60 returned 1
0024:trace:seh:RtlRestoreContext returning to 2d785e164 stack 10020e770
[JuiceDriver] create-enter hwnd=0x10044
[JuiceDriver] create-success hwnd=0x10044
0024:warn:file:NtCreateFile L"\\??\\Z:\\desktop.ini" not found (c0000034)
0024:warn:file:CreateFileW Unable to create file L"Z:\\desktop.ini" (status c0000034)
0024:warn:profile:PROFILE_Open profile file L"Z:\\desktop.ini" not found
[JuiceWine] anonymous PE executable section .text at 0x2d36d0000 size=1048576
[JuiceWine] anonymous PE executable section .hexpthk at 0x2d37d0000 size=65536
[JuiceHybrid] map name=/var/containers/Bundle/Application/F3BC928B-CF6E-41E9-AA5B-114329A364D0/Juice.app/Grape-X64/runtime/lib/wine/aarch64-windows/shell32.dll status=40000003 module=0x2d36c0000 size=ff0000
[JuiceHybrid] open name=/private/var/containers/Bundle/Application/F3BC928B-CF6E-41E9-AA5B-114329A364D0/Juice.app/Grape-X64/build/wine-ios/dlls/shlwapi/aarch64-windows/shlwapi.dll machine=0000 status=c0000135
[JuiceHybrid] open name=/private/var/containers/Bundle/Application/F3BC928B-CF6E-41E9-AA5B-114329A364D0/Juice.app/Grape-X64/build/wine-ios/programs/shlwapi.dll/aarch64-windows/shlwapi.dll machine=0000 status=c0000135
[JuiceHybrid] open name=/var/containers/Bundle/Application/F3BC928B-CF6E-41E9-AA5B-114329A364D0/Juice.app/Grape-X64/runtime/lib/wine/aarch64-windows/shlwapi.dll machine=0000 status=00000000
[JuiceWine] anonymous PE executable section .text at 0x2d3490000 size=262144
[JuiceWine] anonymous PE executable section .hexpthk at 0x2d34d0000 size=65536
[JuiceHybrid] map name=/var/containers/Bundle/Application/F3BC928B-CF6E-41E9-AA5B-114329A364D0/Juice.app/Grape-X64/runtime/lib/wine/aarch64-windows/shlwapi.dll status=40000003 module=0x2d3480000 size=240000
[JuiceHybrid] open name=/private/var/containers/Bundle/Application/F3BC928B-CF6E-41E9-AA5B-114329A364D0/Juice.app/Grape-X64/build/wine-ios/dlls/shcore/aarch64-windows/shcore.dll machine=0000 status=c0000135
[JuiceHybrid] open name=/private/var/containers/Bundle/Application/F3BC928B-CF6E-41E9-AA5B-114329A364D0/Juice.app/Grape-X64/build/wine-ios/programs/shcore.dll/aarch64-windows/shcore.dll machine=0000 status=c0000135
[JuiceHybrid] open name=/var/containers/Bundle/Application/F3BC928B-CF6E-41E9-AA5B-114329A364D0/Juice.app/Grape-X64/runtime/lib/wine/aarch64-windows/shcore.dll machine=0000 status=00000000
0024:warn:file:NtCreateFile L"\\??\\Z:\\var\\desktop.ini" not found (c0000034)
0024:warn:file:CreateFileW Unable to create file L"Z:\\var\\desktop.ini" (status c0000034)
0024:warn:profile:PROFILE_Open profile file L"Z:\\var\\desktop.ini" not found
0024:warn:file:NtCreateFile L"\\??\\Z:\\var\\mobile\\desktop.ini" not found (c0000034)
0024:warn:file:CreateFileW Unable to create file L"Z:\\var\\mobile\\desktop.ini" (status c0000034)
0024:warn:profile:PROFILE_Open profile file L"Z:\\var\\mobile\\desktop.ini" not found
0024:warn:file:NtCreateFile L"\\??\\Z:\\var\\mobile\\Documents\\desktop.ini" not found (c0000034)
0024:warn:file:CreateFileW Unable to create file L"Z:\\var\\mobile\\Documents\\desktop.ini" (status c0000034)
0024:warn:profile:PROFILE_Open profile file L"Z:\\var\\mobile\\Documents\\desktop.ini" not found
0024:warn:file:NtCreateFile L"\\??\\Z:\\var\\mobile\\Documents\\JuiceData\\desktop.ini" not found (c0000034)
0024:warn:file:CreateFileW Unable to create file L"Z:\\var\\mobile\\Documents\\JuiceData\\desktop.ini" (status c0000034)
0024:warn:profile:PROFILE_Open profile file L"Z:\\var\\mobile\\Documents\\JuiceData\\desktop.ini" not found
0024:warn:file:NtCreateFile L"\\??\\Z:\\desktop.ini" not found (c0000034)
0024:warn:file:CreateFileW Unable to create file L"Z:\\desktop.ini" (status c0000034)
0024:warn:profile:PROFILE_Open profile file L"Z:\\desktop.ini" not found
0024:warn:file:NtCreateFile L"\\??\\Z:\\var\\desktop.ini" not found (c0000034)
0024:warn:file:CreateFileW Unable to create file L"Z:\\var\\desktop.ini" (status c0000034)
0024:warn:profile:PROFILE_Open profile file L"Z:\\var\\desktop.ini" not found
0024:warn:file:NtCreateFile L"\\??\\Z:\\var\\mobile\\desktop.ini" not found (c0000034)
0024:warn:file:CreateFileW Unable to create file L"Z:\\var\\mobile\\desktop.ini" (status c0000034)
0024:warn:profile:PROFILE_Open profile file L"Z:\\var\\mobile\\desktop.ini" not found
0024:warn:file:NtCreateFile L"\\??\\Z:\\var\\mobile\\Documents\\desktop.ini" not found (c0000034)
0024:warn:file:CreateFileW Unable to create file L"Z:\\var\\mobile\\Documents\\desktop.ini" (status c0000034)
0024:warn:profile:PROFILE_Open profile file L"Z:\\var\\mobile\\Documents\\desktop.ini" not found
0024:warn:file:NtCreateFile L"\\??\\Z:\\var\\mobile\\Documents\\JuiceData\\desktop.ini" not found (c0000034)
0024:warn:file:CreateFileW Unable to create file L"Z:\\var\\mobile\\Documents\\JuiceData\\desktop.ini" (status c0000034)
0024:warn:profile:PROFILE_Open profile file L"Z:\\var\\mobile\\Documents\\JuiceData\\desktop.ini" not found
0024:warn:file:NtCreateFile L"\\??\\C:\\users\\mobile\\AppData\\Local\\Temp\\" not found (c0000035)
[JuiceWine] redirected KUSER_SHARED_DATA fault addr=0x7ffe0320 pc=0x2ca1b8028 to 0x17ffe0000
[JuiceWine] redirected KUSER_SHARED_DATA fault addr=0x7ffe0320 pc=0x2ca1cc044 to 0x17ffe0000
[JuiceWine] redirected KUSER_SHARED_DATA fault addr=0x7ffe0320 pc=0x2ca1b8028 to 0x17ffe0000
[JuiceWine] redirected KUSER_SHARED_DATA fault addr=0x7ffe0320 pc=0x2ca1b8028 to 0x17ffe0000
[JuiceWine] redirected KUSER_SHARED_DATA fault addr=0x7ffe0320 pc=0x2ca1b8028 to 0x17ffe0000
[JuiceWine] redirected KUSER_SHARED_DATA fault addr=0x7ffe0320 pc=0x2ca1b8028 to 0x17ffe0000
[JuiceWine] redirected KUSER_SHARED_DATA fault addr=0x7ffe0320 pc=0x2ca1b8028 to 0x17ffe0000
[JuiceWine] redirected KUSER_SHARED_DATA fault addr=0x7ffe0320 pc=0x2ca1b8028 to 0x17ffe0000
[JuiceWine] redirected KUSER_SHARED_DATA fault addr=0x7ffe0320 pc=0x2ca1b8028 to 0x17ffe0000
[JuiceWine] redirected KUSER_SHARED_DATA fault addr=0x7ffe0320 pc=0x2ca1b8028 to 0x17ffe0000
[JuiceWine] redirected KUSER_SHARED_DATA fault addr=0x7ffe0320 pc=0x2ca1b8028 to 0x17ffe0000
[JuiceWine] redirected KUSER_SHARED_DATA fault addr=0x7ffe0320 pc=0x2ca1b8028 to 0x17ffe0000
[JuiceWine] redirected KUSER_SHARED_DATA fault addr=0x7ffe0320 pc=0x2ca1b8028 to 0x17ffe0000
[JuiceWine] redirected KUSER_SHARED_DATA fault addr=0x7ffe0320 pc=0x2ca1b8028 to 0x17ffe0000
[JuiceWine] redirected KUSER_SHARED_DATA fault addr=0x7ffe0320 pc=0x2ca1b8028 to 0x17ffe0000
[JuiceWine] redirected KUSER_SHARED_DATA fault addr=0x7ffe0320 pc=0x2ca1b8028 to 0x17ffe0000
[JuiceWine] redirected KUSER_SHARED_DATA fault addr=0x7ffe0320 pc=0x2ca1b8028 to 0x17ffe0000
[JuiceWine] redirected KUSER_SHARED_DATA fault addr=0x7ffe0320 pc=0x2ca1b8028 to 0x17ffe0000
[JuiceWine] redirected KUSER_SHARED_DATA fault addr=0x7ffe0320 pc=0x2ca1b8028 to 0x17ffe0000
[JuiceWine] redirected KUSER_SHARED_DATA fault addr=0x7ffe0320 pc=0x2ca1b8028 to 0x17ffe0000
[JuiceWine] redirected KUSER_SHARED_DATA fault addr=0x7ffe0320 pc=0x2ca1b8028 to 0x17ffe0000
[JuiceWine] redirected KUSER_SHARED_DATA fault addr=0x7ffe0320 pc=0x2ca1b8028 to 0x17ffe0000
[JuiceWine] redirected KUSER_SHARED_DATA fault addr=0x7ffe0320 pc=0x2ca1b8028 to 0x17ffe0000
[JuiceWine] redirected KUSER_SHARED_DATA fault addr=0x7ffe0320 pc=0x2ca1b8028 to 0x17ffe0000
[JuiceWine] redirected KUSER_SHARED_DATA fault addr=0x7ffe0320 pc=0x2ca1b8028 to 0x17ffe0000
[JuiceWine] redirected KUSER_SHARED_DATA fault addr=0x7ffe0320 pc=0x2ca1b8028 to 0x17ffe0000
[JuiceWine] redirected KUSER_SHARED_DATA fault addr=0x7ffe0320 pc=0x2ca1b8028 to 0x17ffe0000
[JuiceWine] redirected KUSER_SHARED_DATA fault addr=0x7ffe0320 pc=0x2ca1b8028 to 0x17ffe0000
[JuiceWine] redirected KUSER_SHARED_DATA fault addr=0x7ffe0320 pc=0x2ca1b8028 to 0x17ffe0000
[JuiceWine] redirected KUSER_SHARED_DATA fault addr=0x7ffe0320 pc=0x2ca1b8028 to 0x17ffe0000
[JuiceWine] redirected KUSER_SHARED_DATA fault addr=0x7ffe0320 pc=0x2ca1b8028 to 0x17ffe0000
[JuiceWine] redirected KUSER_SHARED_DATA fault addr=0x7ffe0320 pc=0x2ca1b8028 to 0x17ffe0000
[JuiceWine] redirected KUSER_SHARED_DATA fault addr=0x7ffe0320 pc=0x2ca1b8028 to 0x17ffe0000
[JuiceWine] redirected KUSER_SHARED_DATA fault addr=0x7ffe0320 pc=0x2ca1b8028 to 0x17ffe0000
[JuiceWine] redirected KUSER_SHARED_DATA fault addr=0x7ffe0320 pc=0x2ca1b8028 to 0x17ffe0000
[JuiceWine] redirected KUSER_SHARED_DATA fault addr=0x7ffe0320 pc=0x2ca1b8028 to 0x17ffe0000
[JuiceWine] redirected KUSER_SHARED_DATA fault addr=0x7ffe0320 pc=0x2ca1b8028 to 0x17ffe0000
[JuiceWine] redirected KUSER_SHARED_DATA fault addr=0x7ffe0320 pc=0x2ca1b8028 to 0x17ffe0000
[JuiceWine] redirected KUSER_SHARED_DATA fault addr=0x7ffe0320 pc=0x2ca1b8028 to 0x17ffe0000
[JuiceWine] anonymous PE executable section .text at 0x2d4770000 size=131072
[JuiceWine] redirected KUSER_SHARED_DATA fault addr=0x7ffe0320 pc=0x2ca1b8028 to 0x17ffe0000
[JuiceWine] redirected KUSER_SHARED_DATA fault addr=0x7ffe0320 pc=0x2ca1b8028 to 0x17ffe0000
[JuiceWine] anonymous PE executable section .hexpthk at 0x2d4790000 size=65536
[JuiceHybrid] map name=/var/containers/Bundle/Application/F3BC928B-CF6E-41E9-AA5B-114329A364D0/Juice.app/Grape-X64/runtime/lib/wine/aarch64-windows/shcore.dll status=40000003 module=0x2d4760000 size=110000
[JuiceWine] redirected KUSER_SHARED_DATA fault addr=0x7ffe0320 pc=0x2ca1b8028 to 0x17ffe0000
[JuiceWine] redirected KUSER_SHARED_DATA fault addr=0x7ffe0320 pc=0x2ca1b8028 to 0x17ffe0000
[JuiceWine] redirected KUSER_SHARED_DATA fault addr=0x7ffe0320 pc=0x2ca1b8028 to 0x17ffe0000
[JuiceWine] redirected KUSER_SHARED_DATA fault addr=0x7ffe0320 pc=0x2ca1b8028 to 0x17ffe0000
[JuiceWine] redirected KUSER_SHARED_DATA fault addr=0x7ffe0320 pc=0x2ca1b8028 to 0x17ffe0000
[JuiceWine] redirected KUSER_SHARED_DATA fault addr=0x7ffe0320 pc=0x2ca1b8028 to 0x17ffe0000
[JuiceCreate] ex=00000000 class=0x11ee30 version=0x0 name=0x11ee10 style=80000000 x=0 y=0 cx=0 cy=0 parent=0x0 menu=0x0 classinst=0x0 params=0x0 flags=00000000 inst=0x0 classptr=0x2d51d84f0 ansi=0
[JuiceRect] input hwnd=0x10048 dpi=96/1 raw=96/1 win=0,0,0,0 client=0,0,0,0 visible=0,0,0,0
[JuiceRect] mapped hwnd=0x10048 win=0,0,0,0 client=0,0,0,0 visible=0,0,0,0
[JuiceGeom] changed hwnd=0x10048 flags=3c ptr=0x10010f620 window=0,0,0,0 client=0,0,0,0 visible=0,0,0,0 surface=0x6914c4f0 shown=0
[JuiceWine] redirected KUSER_SHARED_DATA fault addr=0x7ffe0320 pc=0x2ca1b8028 to 0x17ffe0000
[JuiceRect] input hwnd=0x10048 dpi=96/1 raw=96/1 win=0,0,0,0 client=0,0,0,0 visible=0,0,0,0
[JuiceRect] mapped hwnd=0x10048 win=0,0,0,0 client=0,0,0,0 visible=0,0,0,0
[JuiceGeom] changed hwnd=0x10048 flags=18 ptr=0x10010f620 window=0,0,0,0 client=0,0,0,0 visible=0,0,0,0 surface=0x6914c4f0 shown=0
[JuiceDriver] create-enter hwnd=0x10048
[JuiceDriver] create-success hwnd=0x10048
[JuiceWine] redirected KUSER_SHARED_DATA fault addr=0x7ffe0320 pc=0x2ca1b8028 to 0x17ffe0000
[JuiceCreate] ex=00000000 class=0x11ee30 version=0x0 name=0x11ee10 style=80000000 x=0 y=0 cx=0 cy=0 parent=0x0 menu=0x0 classinst=0x0 params=0x0 flags=00000000 inst=0x0 classptr=0x2d51d9248 ansi=0
[JuiceRect] input hwnd=0x1004a dpi=96/1 raw=96/1 win=0,0,0,0 client=0,0,0,0 visible=0,0,0,0
[JuiceRect] mapped hwnd=0x1004a win=0,0,0,0 client=0,0,0,0 visible=0,0,0,0
[JuiceWine] redirected KUSER_SHARED_DATA fault addr=0x7ffe0320 pc=0x2ca1b8028 to 0x17ffe0000
[JuiceGeom] changed hwnd=0x1004a flags=3c ptr=0x10010f620 window=0,0,0,0 client=0,0,0,0 visible=0,0,0,0 surface=0x6914c4f0 shown=0
[JuiceRect] input hwnd=0x1004a dpi=96/1 raw=96/1 win=0,0,0,0 client=0,0,0,0 visible=0,0,0,0
[JuiceRect] mapped hwnd=0x1004a win=0,0,0,0 client=0,0,0,0 visible=0,0,0,0
[JuiceGeom] changed hwnd=0x1004a flags=18 ptr=0x10010f620 window=0,0,0,0 client=0,0,0,0 visible=0,0,0,0 surface=0x6914c4f0 shown=0
[JuiceDriver] create-enter hwnd=0x1004a
[JuiceDriver] create-success hwnd=0x1004a
[JuiceWine] redirected KUSER_SHARED_DATA fault addr=0x7ffe0320 pc=0x2ca1b8028 to 0x17ffe0000
[JuiceCreate] ex=00000000 class=0x11ee30 version=0x0 name=0x11ee10 style=80000000 x=0 y=0 cx=0 cy=0 parent=0x0 menu=0x0 classinst=0x0 params=0x0 flags=00000000 inst=0x0 classptr=0x2d51d9248 ansi=0
[JuiceRect] input hwnd=0x1004c dpi=96/1 raw=96/1 win=0,0,0,0 client=0,0,0,0 visible=0,0,0,0
[JuiceRect] mapped hwnd=0x1004c win=0,0,0,0 client=0,0,0,0 visible=0,0,0,0
[JuiceGeom] changed hwnd=0x1004c flags=3c ptr=0x10010f620 window=0,0,0,0 client=0,0,0,0 visible=0,0,0,0 surface=0x6914c4f0 shown=0
[JuiceWine] redirected KUSER_SHARED_DATA fault addr=0x7ffe0320 pc=0x2ca1b8028 to 0x17ffe0000
[JuiceRect] input hwnd=0x1004c dpi=96/1 raw=96/1 win=0,0,0,0 client=0,0,0,0 visible=0,0,0,0
[JuiceRect] mapped hwnd=0x1004c win=0,0,0,0 client=0,0,0,0 visible=0,0,0,0
[JuiceGeom] changed hwnd=0x1004c flags=18 ptr=0x10010f620 window=0,0,0,0 client=0,0,0,0 visible=0,0,0,0 surface=0x6914c4f0 shown=0
[JuiceDriver] create-enter hwnd=0x1004c
[JuiceDriver] create-success hwnd=0x1004c
[JuiceCreate] ex=00000000 class=0x11ee60 version=0x0 name=0x11ee40 style=80000000 x=0 y=0 cx=0 cy=0 parent=0x0 menu=0x0 classinst=0x0 params=0x0 flags=00000000 inst=0x0 classptr=0x2d51d9248 ansi=0
[JuiceRect] input hwnd=0x1004e dpi=96/1 raw=96/1 win=0,0,0,0 client=0,0,0,0 visible=0,0,0,0
[JuiceRect] mapped hwnd=0x1004e win=0,0,0,0 client=0,0,0,0 visible=0,0,0,0
[JuiceGeom] changed hwnd=0x1004e flags=3c ptr=0x10010f620 window=0,0,0,0 client=0,0,0,0 visible=0,0,0,0 surface=0x6914c4f0 shown=0
[JuiceRect] input hwnd=0x1004e dpi=96/1 raw=96/1 win=0,0,0,0 client=0,0,0,0 visible=0,0,0,0
[JuiceRect] mapped hwnd=0x1004e win=0,0,0,0 client=0,0,0,0 visible=0,0,0,0
[JuiceGeom] changed hwnd=0x1004e flags=18 ptr=0x10010f620 window=0,0,0,0 client=0,0,0,0 visible=0,0,0,0 surface=0x6914c4f0 shown=0
[JuiceDriver] create-enter hwnd=0x1004e
[JuiceDriver] create-success hwnd=0x1004e
[JuiceWine] redirected KUSER_SHARED_DATA fault addr=0x7ffe0320 pc=0x2ca1b8028 to 0x17ffe0000
[JuiceWine] redirected KUSER_SHARED_DATA fault addr=0x7ffe0320 pc=0x2ca1b8028 to 0x17ffe0000
[JuiceWine] redirected KUSER_SHARED_DATA fault addr=0x7ffe0320 pc=0x2ca1b8028 to 0x17ffe0000
[JuiceWine] redirected KUSER_SHARED_DATA fault addr=0x7ffe0320 pc=0x2ca1b8028 to 0x17ffe0000
[JuiceWine] redirected KUSER_SHARED_DATA fault addr=0x7ffe0320 pc=0x2ca1b8028 to 0x17ffe0000
[JuiceWine] redirected KUSER_SHARED_DATA fault addr=0x7ffe0320 pc=0x2ca1b8028 to 0x17ffe0000
[JuiceWine] redirected KUSER_SHARED_DATA fault addr=0x7ffe0320 pc=0x2ca1b8028 to 0x17ffe0000
[JuiceWine] redirected KUSER_SHARED_DATA fault addr=0x7ffe0320 pc=0x2ca1b8028 to 0x17ffe0000
[JuiceWine] redirected KUSER_SHARED_DATA fault addr=0x7ffe0320 pc=0x2ca1b8028 to 0x17ffe0000
[JuiceWine] redirected KUSER_SHARED_DATA fault addr=0x7ffe0320 pc=0x2ca1b8028 to 0x17ffe0000
[JuiceWine] redirected KUSER_SHARED_DATA fault addr=0x7ffe0320 pc=0x2ca1b8028 to 0x17ffe0000
[JuiceWine] redirected KUSER_SHARED_DATA fault addr=0x7ffe0320 pc=0x2ca1b8028 to 0x17ffe0000
[JuiceWine] redirected KUSER_SHARED_DATA fault addr=0x7ffe0320 pc=0x2ca1b8028 to 0x17ffe0000
[JuiceWine] redirected KUSER_SHARED_DATA fault addr=0x7ffe0320 pc=0x2ca1b8028 to 0x17ffe0000
[JuiceHybrid] open name=/private/var/containers/Bundle/Application/F3BC928B-CF6E-41E9-AA5B-114329A364D0/Juice.app/Grape-X64/build/wine-ios/dlls/ole32/aarch64-windows/ole32.dll machine=0000 status=c0000135
[JuiceHybrid] open name=/private/var/containers/Bundle/Application/F3BC928B-CF6E-41E9-AA5B-114329A364D0/Juice.app/Grape-X64/build/wine-ios/programs/ole32.dll/aarch64-windows/ole32.dll machine=0000 status=c0000135
[JuiceWine] redirected KUSER_SHARED_DATA fault addr=0x7ffe0320 pc=0x2ca1b8028 to 0x17ffe0000
[JuiceWine] redirected KUSER_SHARED_DATA fault addr=0x7ffe0320 pc=0x2ca1b8028 to 0x17ffe0000
[JuiceWine] redirected KUSER_SHARED_DATA fault addr=0x7ffe0320 pc=0x2ca1b8028 to 0x17ffe0000
[JuiceWine] redirected KUSER_SHARED_DATA fault addr=0x7ffe0320 pc=0x2ca1b8028 to 0x17ffe0000
[JuiceWine] redirected KUSER_SHARED_DATA fault addr=0x7ffe0320 pc=0x2ca1b8028 to 0x17ffe0000
[JuiceHybrid] open name=/var/containers/Bundle/Application/F3BC928B-CF6E-41E9-AA5B-114329A364D0/Juice.app/Grape-X64/runtime/lib/wine/aarch64-windows/ole32.dll machine=0000 status=00000000
[JuiceWine] redirected KUSER_SHARED_DATA fault addr=0x7ffe0320 pc=0x2ca1b8028 to 0x17ffe0000
[JuiceWine] redirected KUSER_SHARED_DATA fault addr=0x7ffe0320 pc=0x2ca1b8028 to 0x17ffe0000
[JuiceWine] redirected KUSER_SHARED_DATA fault addr=0x7ffe0320 pc=0x2ca1cc044 to 0x17ffe0000
[JuiceWine] redirected KUSER_SHARED_DATA fault addr=0x7ffe0320 pc=0x2ca1b8028 to 0x17ffe0000
[JuiceWine] redirected KUSER_SHARED_DATA fault addr=0x7ffe0320 pc=0x2ca1b8028 to 0x17ffe0000
0024:warn:win:SetWindowTextW setting text L"Steam Setup" of other process window 00000000 should not use SendMessage
[JuiceWine] redirected KUSER_SHARED_DATA fault addr=0x7ffe0320 pc=0x2ca1b8028 to 0x17ffe0000
[JuiceWine] redirected KUSER_SHARED_DATA fault addr=0x7ffe0320 pc=0x2ca1cc044 to 0x17ffe0000
0024:warn:file:NtCreateFile L"\\??\\C:\\users" not found (c0000035)
0024:warn:file:NtCreateFile L"\\??\\C:\\users\\mobile" not found (c0000035)
0024:warn:file:NtCreateFile L"\\??\\C:\\users\\mobile\\AppData" not found (c0000035)
0024:warn:file:NtCreateFile L"\\??\\C:\\users\\mobile\\AppData\\Local" not found (c0000035)
0024:warn:file:NtCreateFile L"\\??\\C:\\users\\mobile\\AppData\\Local\\Temp" not found (c0000035)
0024:warn:file:NtQueryAttributesFile L"\\??\\C:\\users\\mobile\\AppData\\Local\\Temp\\nsrb505.tmp\\System.dll" not found (c0000034)
[JuiceWine] redirected KUSER_SHARED_DATA fault addr=0x7ffe0320 pc=0x2ca1b8028 to 0x17ffe0000
[JuiceWine] redirected KUSER_SHARED_DATA fault addr=0x7ffe0320 pc=0x2ca1b8028 to 0x17ffe0000
[JuiceWine] redirected KUSER_SHARED_DATA fault addr=0x7ffe0320 pc=0x2ca1b8028 to 0x17ffe0000
[JuiceWine] redirected KUSER_SHARED_DATA fault addr=0x7ffe0320 pc=0x2ca1b8028 to 0x17ffe0000
[JuiceWine] host-page expanding executable section .text: section=0x10001000 mapping=0x10000000 size=16384
[JuiceWine] anonymous PE executable section .text at 0x10000000 size=16384
0024:warn:module:alloc_module disabling no-exec because of L"System.dll"
0024:warn:module:LdrGetProcedureAddress "CreateMutexWW" (ordinal 0) not found in L"C:\\windows\\system32\\kernel32.dll"
0024:warn:file:NtCreateFile L"\\??\\C:\\users\\mobile\\AppData\\Local\\Temp\\nsrb505.tmp\\System.dll" not found (c0000035)
0024:warn:file:CreateFileW Unable to create file L"C:\\users\\mobile\\AppData\\Local\\Temp\\nsrb505.tmp\\System.dll" (status c0000035)
0024:warn:win:SetWindowTextW setting text L"Steam Setup" of other process window 00000000 should not use SendMessage
0024:warn:file:NtCreateFile L"\\??\\C:\\windows\\syswow64\\RichEd20.dll" not found (c0000034)
0024:warn:module:load_dll Failed to load module L"C:\\windows\\system32\\RichEd20.dll"; status=c0000135
0024:warn:file:NtCreateFile L"\\??\\C:\\windows\\syswow64\\RichEd32.dll" not found (c0000034)
0024:warn:module:load_dll Failed to load module L"C:\\windows\\system32\\RichEd32.dll"; status=c0000135
[JuiceCreate] ex=00010000 class=0x10020f050 version=0x0 name=0x10020f030 style=80ca084c x=260 y=177 cx=503 cy=414 parent=0x0 menu=0x0 classinst=0x400000 params=0x0 flags=00000000 inst=0x400000 classptr=0x8002 ansi=0
0024:trace:seh:RtlUnwindEx code=80000026 flags=2 end_frame=000000010020EF70 target_ip=00000002D785E164
0024:trace:seh:RtlUnwindEx  info[0]=000000010020ee50
0024:trace:seh:RtlUnwindEx  pc=00000002d79ca0b8  sp=000000010020d720  lr=0000000000000000  fp=000000010010f500
0024:trace:seh:RtlUnwindEx  x0=0000000000000000  x1=00000002d785e164  x2=000000010020e078  x3=0000000000000001
0024:trace:seh:RtlUnwindEx  x4=000000010020dcd0  x5=0000000000000000  x6=0000000000010000  x7=0000000000000000
0024:trace:seh:RtlUnwindEx  x8=000000007ffe8000  x9=0000000000000001 x10=000000000012f514 x11=0000000000000004
0024:trace:seh:RtlUnwindEx x12=0000000000000000 x13=000000007bddcabc x14=0000000000000000 x15=00000001080a1880
0024:trace:seh:RtlUnwindEx x16=00000002d785dd18 x17=000000010020e1b0 x18=000000007ffe8000 x19=0000000110001140
0024:trace:seh:RtlUnwindEx x20=000000010020dcd0 x21=00000002d785e164 x22=000000007bddcabc x23=000000010020ef70
0024:trace:seh:RtlUnwindEx x24=000000007ffea000 x25=000000010020e078 x26=0000000000010056 x27=00000000ffed0b33
0024:trace:seh:RtlUnwindEx x28=0000000110001140 cpsr=20000000 fpcr=00000000 fpsr=00000010
0024:trace:seh:RtlUnwindEx calling handler 00000002D785BE10 (rec=000000010020E078, frame=10020e140 context=000000010020DCD0, dispatch=000000010020DAE8)
0024:trace:seh:RtlUnwindEx handler 00000002D785BE10 returned 1
0024:trace:seh:RtlUnwindEx calling handler 00000002D785BE60 (rec=000000010020E078, frame=10020e870 context=000000010020DCD0, dispatch=000000010020DAE8)
0024:trace:seh:RtlUnwindEx handler 00000002D785BE60 returned 1
0024:trace:seh:RtlRestoreContext returning to 2d785e164 stack 10020e870
[JuiceRect] input hwnd=0x10052 dpi=96/1 raw=96/1 win=260,177,763,591 client=260,177,763,591 visible=260,177,763,591
[JuiceRect] mapped hwnd=0x10052 win=260,177,763,591 client=260,177,763,591 visible=260,177,763,591
[JuiceGeom] changed hwnd=0x10052 flags=3c ptr=0x10010f620 window=260,177,763,591 client=260,177,763,591 visible=260,177,763,591 surface=0x69a784f0 shown=0
0024:trace:seh:RtlUnwindEx code=80000026 flags=2 end_frame=000000010020EE90 target_ip=00000002D785E164
0024:trace:seh:RtlUnwindEx  info[0]=000000010020ed70
0024:trace:seh:RtlUnwindEx  pc=00000002d79ca0b8  sp=000000010020d640  lr=0000000000000000  fp=000000010010f010
0024:trace:seh:RtlUnwindEx  x0=0000000000000000  x1=00000002d785e164  x2=000000010020df98  x3=0000000000000001
0024:trace:seh:RtlUnwindEx  x4=000000010020dbf0  x5=0000000000000000  x6=000000000012f56c  x7=0000000000006010
0024:trace:seh:RtlUnwindEx  x8=000000007ffe8000  x9=0000000000000001 x10=000000000012f588 x11=0000000000000036
0024:trace:seh:RtlUnwindEx x12=0000000000000000 x13=0000000000000000 x14=00000000000001ee x15=00000001081c6480
0024:trace:seh:RtlUnwindEx x16=00000002d785dd18 x17=000000010020e0a0 x18=000000007ffe8000 x19=0000000110001140
0024:trace:seh:RtlUnwindEx x20=000000010020dbf0 x21=00000002d785e164 x22=000000007bddcabc x23=000000010020ee90
0024:trace:seh:RtlUnwindEx x24=000000007ffea000 x25=000000010020df98 x26=0000000000000036 x27=00000000ffffff9d
0024:trace:seh:RtlUnwindEx x28=0000000110001140 cpsr=20000000 fpcr=00000000 fpsr=00000010
0024:trace:seh:RtlUnwindEx calling handler 00000002D785BE10 (rec=000000010020DF98, frame=10020e060 context=000000010020DBF0, dispatch=000000010020DA08)
0024:trace:seh:RtlUnwindEx handler 00000002D785BE10 returned 1
0024:trace:seh:RtlUnwindEx calling handler 00000002D785BE60 (rec=000000010020DF98, frame=10020e790 context=000000010020DBF0, dispatch=000000010020DA08)
0024:trace:seh:RtlUnwindEx handler 00000002D785BE60 returned 1
0024:trace:seh:RtlRestoreContext returning to 2d785e164 stack 10020e790
[JuiceCreate] ex=00000000 class=0x10010f590 version=0x0 name=0x10010f580 style=8c000000 x=0 y=0 cx=1 cy=1 parent=0x0 menu=0x0 classinst=0x0 params=0x0 flags=00000000 inst=0x0 classptr=0x0 ansi=0
[JuiceRect] input hwnd=0x10058 dpi=96/1 raw=96/1 win=0,0,1,1 client=0,0,1,1 visible=0,0,1,1
[JuiceRect] mapped hwnd=0x10058 win=0,0,1,1 client=0,0,1,1 visible=0,0,1,1
[JuiceGeom] changed hwnd=0x10058 flags=3c ptr=0x10010eed0 window=0,0,1,1 client=0,0,1,1 visible=0,0,1,1 surface=0x69a784f0 shown=0
0024:trace:seh:RtlUnwindEx code=80000026 flags=2 end_frame=000000010020EE80 target_ip=00000002D785E164
0024:trace:seh:RtlUnwindEx  info[0]=000000010020ed60
0024:trace:seh:RtlUnwindEx  pc=00000002d79ca0b8  sp=000000010020d630  lr=0000000000000000  fp=000000010010e8c0
0024:trace:seh:RtlUnwindEx  x0=0000000000000000  x1=00000002d785e164  x2=000000010020df88  x3=0000000000000001
0024:trace:seh:RtlUnwindEx  x4=000000010020dbe0  x5=0000000000000000  x6=000000000012f54c  x7=0000000000006010
0024:trace:seh:RtlUnwindEx  x8=000000007ffe8000  x9=0000000000000001 x10=000000000012f568 x11=0000000000000054
0024:trace:seh:RtlUnwindEx x12=0000000000000000 x13=000000007bdd1dc0 x14=0000000000000000 x15=00000001080af480
0024:trace:seh:RtlUnwindEx x16=00000002d785dd18 x17=000000010020e0c0 x18=000000007ffe8000 x19=0000000110001140
0024:trace:seh:RtlUnwindEx x20=000000010020dbe0 x21=00000002d785e164 x22=000000007bddcabc x23=000000010020ee80
0024:trace:seh:RtlUnwindEx x24=000000007ffea000 x25=000000010020df88 x26=0000000000000054 x27=00000000ffffff7f
0024:trace:seh:RtlUnwindEx x28=0000000110001140 cpsr=20000000 fpcr=00000000 fpsr=00000010
0024:trace:seh:RtlUnwindEx calling handler 00000002D785BE10 (rec=000000010020DF88, frame=10020e050 context=000000010020DBE0, dispatch=000000010020D9F8)
0024:trace:seh:RtlUnwindEx handler 00000002D785BE10 returned 1
0024:trace:seh:RtlUnwindEx calling handler 00000002D785BE60 (rec=000000010020DF88, frame=10020e780 context=000000010020DBE0, dispatch=000000010020D9F8)
0024:trace:seh:RtlUnwindEx handler 00000002D785BE60 returned 1
0024:trace:seh:RtlRestoreContext returning to 2d785e164 stack 10020e780
0024:trace:seh:RtlUnwindEx code=80000026 flags=2 end_frame=000000010020EEE0 target_ip=00000002D785E164
0024:trace:seh:RtlUnwindEx  info[0]=000000010020edc0
0024:trace:seh:RtlUnwindEx  pc=00000002d79ca0b8  sp=000000010020d690  lr=0000000000000000  fp=000000010010e8c0
0024:trace:seh:RtlUnwindEx  x0=0000000000000000  x1=00000002d785e164  x2=000000010020dfe8  x3=0000000000000001
0024:trace:seh:RtlUnwindEx  x4=000000010020dc40  x5=0000000000000000  x6=000000000012f58c  x7=0000000000006010
0024:trace:seh:RtlUnwindEx  x8=000000007ffe8000  x9=0000000000000001 x10=000000000012f5a8 x11=0000000000000014
0024:trace:seh:RtlUnwindEx x12=0000000000000000 x13=0000000000000000 x14=0000000000000000 x15=0000000000000030
0024:trace:seh:RtlUnwindEx x16=00000002d785dd18 x17=000000010020e1f0 x18=000000007ffe8000 x19=0000000110001140
0024:trace:seh:RtlUnwindEx x20=000000010020dc40 x21=00000002d785e164 x22=000000007bddcabc x23=000000010020eee0
0024:trace:seh:RtlUnwindEx x24=000000007ffea000 x25=000000010020dfe8 x26=0000000000000014 x27=00000000ffffffbf
0024:trace:seh:RtlUnwindEx x28=0000000110001140 cpsr=20000000 fpcr=00000000 fpsr=00000010
0024:trace:seh:RtlUnwindEx calling handler 00000002D785BE10 (rec=000000010020DFE8, frame=10020e0b0 context=000000010020DC40, dispatch=000000010020DA58)
0024:trace:seh:RtlUnwindEx handler 00000002D785BE10 returned 1
0024:trace:seh:RtlUnwindEx calling handler 00000002D785BE60 (rec=000000010020DFE8, frame=10020e7e0 context=000000010020DC40, dispatch=000000010020DA58)
0024:trace:seh:RtlUnwindEx handler 00000002D785BE60 returned 1
0024:trace:seh:RtlRestoreContext returning to 2d785e164 stack 10020e7e0
[JuiceRect] input hwnd=0x10058 dpi=96/1 raw=96/1 win=0,0,1,1 client=0,0,1,1 visible=0,0,1,1
[JuiceRect] mapped hwnd=0x10058 win=0,0,1,1 client=0,0,1,1 visible=0,0,1,1
[JuiceGeom] changed hwnd=0x10058 flags=18 ptr=0x10010eed0 window=0,0,1,1 client=0,0,1,1 visible=0,0,1,1 surface=0x69a784f0 shown=0
0024:trace:seh:RtlUnwindEx code=80000026 flags=2 end_frame=000000010020EE80 target_ip=00000002D785E164
0024:trace:seh:RtlUnwindEx  info[0]=000000010020ed60
0024:trace:seh:RtlUnwindEx  pc=00000002d79ca0b8  sp=000000010020d630  lr=0000000000000000  fp=000000010010e8c0
0024:trace:seh:RtlUnwindEx  x0=0000000000000000  x1=00000002d785e164  x2=000000010020df88  x3=0000000000000001
0024:trace:seh:RtlUnwindEx  x4=000000010020dbe0  x5=0000000000000000  x6=000000000012f54c  x7=0000000000006010
0024:trace:seh:RtlUnwindEx  x8=000000007ffe8000  x9=0000000000000001 x10=000000000012f568 x11=0000000000000054
0024:trace:seh:RtlUnwindEx x12=0000000000000000 x13=00000000000608e0 x14=0000000000010000 x15=00000002d7641b2c
0024:trace:seh:RtlUnwindEx x16=00000002d785dd18 x17=000000010020e100 x18=000000007ffe8000 x19=0000000110001140
0024:trace:seh:RtlUnwindEx x20=000000010020dbe0 x21=00000002d785e164 x22=000000007bddcabc x23=000000010020ee80
0024:trace:seh:RtlUnwindEx x24=000000007ffea000 x25=000000010020df88 x26=0000000000000054 x27=00000000ffffff7f
0024:trace:seh:RtlUnwindEx x28=0000000110001140 cpsr=20000000 fpcr=00000000 fpsr=00000010
0024:trace:seh:RtlUnwindEx calling handler 00000002D785BE10 (rec=000000010020DF88, frame=10020e050 context=000000010020DBE0, dispatch=000000010020D9F8)
0024:trace:seh:RtlUnwindEx handler 00000002D785BE10 returned 1
0024:trace:seh:RtlUnwindEx calling handler 00000002D785BE60 (rec=000000010020DF88, frame=10020e780 context=000000010020DBE0, dispatch=000000010020D9F8)
0024:trace:seh:RtlUnwindEx handler 00000002D785BE60 returned 1
0024:trace:seh:RtlRestoreContext returning to 2d785e164 stack 10020e780
[JuiceDriver] create-enter hwnd=0x10058
[JuiceDriver] create-success hwnd=0x10058
0024:trace:seh:RtlUnwindEx code=80000026 flags=2 end_frame=000000010020EEF0 target_ip=00000002D785E164
0024:trace:seh:RtlUnwindEx  info[0]=000000010020edd0
0024:trace:seh:RtlUnwindEx  pc=00000002d79ca0b8  sp=000000010020d6a0  lr=0000000000000000  fp=000000010010e8c0
0024:trace:seh:RtlUnwindEx  x0=0000000000000000  x1=00000002d785e164  x2=000000010020dff8  x3=0000000000000001
0024:trace:seh:RtlUnwindEx  x4=000000010020dc50  x5=0000000000000000  x6=0000000000010000  x7=0000000000006010
0024:trace:seh:RtlUnwindEx  x8=000000007ffe8000  x9=0000000000000001 x10=000000000012f4e8 x11=0000000000000004
0024:trace:seh:RtlUnwindEx x12=0000000000000000 x13=000000000006264b x14=000000007bdddf90 x15=00000002d7641b2c
0024:trace:seh:RtlUnwindEx x16=00000002d785dd18 x17=000000010020e170 x18=000000007ffe8000 x19=0000000110001140
0024:trace:seh:RtlUnwindEx x20=000000010020dc50 x21=00000002d785e164 x22=000000007bddcabc x23=000000010020eef0
0024:trace:seh:RtlUnwindEx x24=000000007ffea000 x25=000000010020dff8 x26=000000000012f4e4 x27=000000000012f4e0
0024:trace:seh:RtlUnwindEx x28=0000000110001140 cpsr=20000000 fpcr=00000000 fpsr=00000000
0024:trace:seh:RtlUnwindEx calling handler 00000002D785BE10 (rec=000000010020DFF8, frame=10020e0c0 context=000000010020DC50, dispatch=000000010020DA68)
0024:trace:seh:RtlUnwindEx handler 00000002D785BE10 returned 1
0024:trace:seh:RtlUnwindEx calling handler 00000002D785BE60 (rec=000000010020DFF8, frame=10020e7f0 context=000000010020DC50, dispatch=000000010020DA68)
0024:trace:seh:RtlUnwindEx handler 00000002D785BE60 returned 1
0024:trace:seh:RtlRestoreContext returning to 2d785e164 stack 10020e7f0
0024:trace:seh:RtlUnwindEx code=80000026 flags=2 end_frame=000000010020EEF0 target_ip=00000002D785E164
0024:trace:seh:RtlUnwindEx  info[0]=000000010020edd0
0024:trace:seh:RtlUnwindEx  pc=00000002d79ca0b8  sp=000000010020d6a0  lr=0000000000000000  fp=000000010010e8c0
0024:trace:seh:RtlUnwindEx  x0=0000000000000000  x1=00000002d785e164  x2=000000010020dff8  x3=0000000000000001
0024:trace:seh:RtlUnwindEx  x4=000000010020dc50  x5=0000000000000000  x6=0000000000010000  x7=0000000000006010
0024:trace:seh:RtlUnwindEx  x8=000000007ffe8000  x9=0000000000000001 x10=000000000012f4e8 x11=0000000000000004
0024:trace:seh:RtlUnwindEx x12=0000000000000000 x13=0000000000000000 x14=0000000000000000 x15=0000000000000030
0024:trace:seh:RtlUnwindEx x16=00000002d785dd18 x17=000000010020e200 x18=000000007ffe8000 x19=0000000110001140
0024:trace:seh:RtlUnwindEx x20=000000010020dc50 x21=00000002d785e164 x22=000000007bddcabc x23=000000010020eef0
0024:trace:seh:RtlUnwindEx x24=000000007ffea000 x25=000000010020dff8 x26=000000000012f4e4 x27=000000000012f4e0
0024:trace:seh:RtlUnwindEx x28=0000000110001140 cpsr=20000000 fpcr=00000000 fpsr=00000000
0024:trace:seh:RtlUnwindEx calling handler 00000002D785BE10 (rec=000000010020DFF8, frame=10020e0c0 context=000000010020DC50, dispatch=000000010020DA68)
0024:trace:seh:RtlUnwindEx handler 00000002D785BE10 returned 1
0024:trace:seh:RtlUnwindEx calling handler 00000002D785BE60 (rec=000000010020DFF8, frame=10020e7f0 context=000000010020DC50, dispatch=000000010020DA68)
0024:trace:seh:RtlUnwindEx handler 00000002D785BE60 returned 1
0024:trace:seh:RtlRestoreContext returning to 2d785e164 stack 10020e7f0
0024:trace:seh:RtlUnwindEx code=80000026 flags=2 end_frame=000000010020EEE0 target_ip=00000002D785E164
0024:trace:seh:RtlUnwindEx  info[0]=000000010020edc0
0024:trace:seh:RtlUnwindEx  pc=00000002d79ca0b8  sp=000000010020d690  lr=0000000000000000  fp=000000010010f010
0024:trace:seh:RtlUnwindEx  x0=0000000000000000  x1=00000002d785e164  x2=000000010020dfe8  x3=0000000000000001
0024:trace:seh:RtlUnwindEx  x4=000000010020dc40  x5=0000000000000000  x6=000000000012f58c  x7=0000000000006010
0024:trace:seh:RtlUnwindEx  x8=000000007ffe8000  x9=0000000000000001 x10=000000000012f5a8 x11=0000000000000014
0024:trace:seh:RtlUnwindEx x12=0000000000000000 x13=0000000000000000 x14=0000000000000000 x15=0000000000000030
0024:trace:seh:RtlUnwindEx x16=00000002d785dd18 x17=000000010020e1f0 x18=000000007ffe8000 x19=0000000110001140
0024:trace:seh:RtlUnwindEx x20=000000010020dc40 x21=00000002d785e164 x22=000000007bddcabc x23=000000010020eee0
0024:trace:seh:RtlUnwindEx x24=000000007ffea000 x25=000000010020dfe8 x26=0000000000000014 x27=00000000ffffffbf
0024:trace:seh:RtlUnwindEx x28=0000000110001140 cpsr=20000000 fpcr=00000000 fpsr=00000010
0024:trace:seh:RtlUnwindEx calling handler 00000002D785BE10 (rec=000000010020DFE8, frame=10020e0b0 context=000000010020DC40, dispatch=000000010020DA58)
0024:trace:seh:RtlUnwindEx handler 00000002D785BE10 returned 1
0024:trace:seh:RtlUnwindEx calling handler 00000002D785BE60 (rec=000000010020DFE8, frame=10020e7e0 context=000000010020DC40, dispatch=000000010020DA58)
0024:trace:seh:RtlUnwindEx handler 00000002D785BE60 returned 1
0024:trace:seh:RtlRestoreContext returning to 2d785e164 stack 10020e7e0
[JuiceRect] input hwnd=0x10052 dpi=96/1 raw=96/1 win=260,177,763,591 client=263,199,760,588 visible=260,177,763,591
[JuiceRect] mapped hwnd=0x10052 win=260,177,763,591 client=263,199,760,588 visible=260,177,763,591
[JuiceGeom] changed hwnd=0x10052 flags=18 ptr=0x10010f620 window=260,177,763,591 client=263,199,760,588 visible=260,177,763,591 surface=0x69a784f0 shown=0
0024:trace:seh:RtlUnwindEx code=80000026 flags=2 end_frame=000000010020EE90 target_ip=00000002D785E164
0024:trace:seh:RtlUnwindEx  info[0]=000000010020ed70
0024:trace:seh:RtlUnwindEx  pc=00000002d79ca0b8  sp=000000010020d640  lr=0000000000000000  fp=000000010010f010
0024:trace:seh:RtlUnwindEx  x0=0000000000000000  x1=00000002d785e164  x2=000000010020df98  x3=0000000000000001
0024:trace:seh:RtlUnwindEx  x4=000000010020dbf0  x5=0000000000000000  x6=000000000012f56c  x7=0000000000006010
0024:trace:seh:RtlUnwindEx  x8=000000007ffe8000  x9=0000000000000001 x10=000000000012f588 x11=0000000000000036
0024:trace:seh:RtlUnwindEx x12=0000000000000000 x13=0000000000000000 x14=0000000000000000 x15=0000000000000030
0024:trace:seh:RtlUnwindEx x16=00000002d785dd18 x17=000000010020e1a0 x18=000000007ffe8000 x19=0000000110001140
0024:trace:seh:RtlUnwindEx x20=000000010020dbf0 x21=00000002d785e164 x22=000000007bddcabc x23=000000010020ee90
0024:trace:seh:RtlUnwindEx x24=000000007ffea000 x25=000000010020df98 x26=0000000000000036 x27=00000000ffffff9d
0024:trace:seh:RtlUnwindEx x28=0000000110001140 cpsr=20000000 fpcr=00000000 fpsr=00000000
0024:trace:seh:RtlUnwindEx calling handler 00000002D785BE10 (rec=000000010020DF98, frame=10020e060 context=000000010020DBF0, dispatch=000000010020DA08)
0024:trace:seh:RtlUnwindEx handler 00000002D785BE10 returned 1
0024:trace:seh:RtlUnwindEx calling handler 00000002D785BE60 (rec=000000010020DF98, frame=10020e790 context=000000010020DBF0, dispatch=000000010020DA08)
0024:trace:seh:RtlUnwindEx handler 00000002D785BE60 returned 1
0024:trace:seh:RtlRestoreContext returning to 2d785e164 stack 10020e790
[JuiceDriver] create-enter hwnd=0x10052
[JuiceDriver] create-success hwnd=0x10052
0024:trace:seh:RtlUnwindEx code=80000026 flags=2 end_frame=000000010020EEF0 target_ip=00000002D785E164
0024:trace:seh:RtlUnwindEx  info[0]=000000010020edd0
0024:trace:seh:RtlUnwindEx  pc=00000002d79ca0b8  sp=000000010020d6a0  lr=0000000000000000  fp=000000010010f010
0024:trace:seh:RtlUnwindEx  x0=0000000000000000  x1=00000002d785e164  x2=000000010020dff8  x3=0000000000000001
0024:trace:seh:RtlUnwindEx  x4=000000010020dc50  x5=0000000000000000  x6=0000000000010000  x7=0000000000006010
0024:trace:seh:RtlUnwindEx  x8=000000007ffe8000  x9=0000000000000001 x10=000000000012f4e8 x11=0000000000000004
0024:trace:seh:RtlUnwindEx x12=0000000000000000 x13=0000000000000000 x14=0000000000000000 x15=0000000000000030
0024:trace:seh:RtlUnwindEx x16=00000002d785dd18 x17=000000010020e200 x18=000000007ffe8000 x19=0000000110001140
0024:trace:seh:RtlUnwindEx x20=000000010020dc50 x21=00000002d785e164 x22=000000007bddcabc x23=000000010020eef0
0024:trace:seh:RtlUnwindEx x24=000000007ffea000 x25=000000010020dff8 x26=000000000012f4e4 x27=000000000012f4e0
0024:trace:seh:RtlUnwindEx x28=0000000110001140 cpsr=20000000 fpcr=00000000 fpsr=00000000
0024:trace:seh:RtlUnwindEx calling handler 00000002D785BE10 (rec=000000010020DFF8, frame=10020e0c0 context=000000010020DC50, dispatch=000000010020DA68)
0024:trace:seh:RtlUnwindEx handler 00000002D785BE10 returned 1
0024:trace:seh:RtlUnwindEx calling handler 00000002D785BE60 (rec=000000010020DFF8, frame=10020e7f0 context=000000010020DC50, dispatch=000000010020DA68)
0024:trace:seh:RtlUnwindEx handler 00000002D785BE60 returned 1
0024:trace:seh:RtlRestoreContext returning to 2d785e164 stack 10020e7f0
0024:trace:seh:RtlUnwindEx code=80000026 flags=2 end_frame=000000010020EEF0 target_ip=00000002D785E164
0024:trace:seh:RtlUnwindEx  info[0]=000000010020edd0
0024:trace:seh:RtlUnwindEx  pc=00000002d79ca0b8  sp=000000010020d6a0  lr=0000000000000000  fp=000000010010f010
0024:trace:seh:RtlUnwindEx  x0=0000000000000000  x1=00000002d785e164  x2=000000010020dff8  x3=0000000000000001
0024:trace:seh:RtlUnwindEx  x4=000000010020dc50  x5=0000000000000000  x6=0000000000010000  x7=0000000000006010
0024:trace:seh:RtlUnwindEx  x8=000000007ffe8000  x9=0000000000000001 x10=000000000012f4e8 x11=0000000000000004
0024:trace:seh:RtlUnwindEx x12=0000000000000000 x13=0000000000000000 x14=0000000000000000 x15=0000000000000030
0024:trace:seh:RtlUnwindEx x16=00000002d785dd18 x17=000000010020e200 x18=000000007ffe8000 x19=0000000110001140
0024:trace:seh:RtlUnwindEx x20=000000010020dc50 x21=00000002d785e164 x22=000000007bddcabc x23=000000010020eef0
0024:trace:seh:RtlUnwindEx x24=000000007ffea000 x25=000000010020dff8 x26=000000000012f4e4 x27=000000000012f4e0
0024:trace:seh:RtlUnwindEx x28=0000000110001140 cpsr=20000000 fpcr=00000000 fpsr=00000000
0024:trace:seh:RtlUnwindEx calling handler 00000002D785BE10 (rec=000000010020DFF8, frame=10020e0c0 context=000000010020DC50, dispatch=000000010020DA68)
0024:trace:seh:RtlUnwindEx handler 00000002D785BE10 returned 1
0024:trace:seh:RtlUnwindEx calling handler 00000002D785BE60 (rec=000000010020DFF8, frame=10020e7f0 context=000000010020DC50, dispatch=000000010020DA68)
0024:trace:seh:RtlUnwindEx handler 00000002D785BE60 returned 1
0024:trace:seh:RtlRestoreContext returning to 2d785e164 stack 10020e7f0
[JuiceWine] anonymous PE executable section .text at 0x2d2e60000 size=720896
[JuiceWine] anonymous PE executable section .hexpthk at 0x2d2f10000 size=65536
[JuiceHybrid] map name=/var/containers/Bundle/Application/F3BC928B-CF6E-41E9-AA5B-114329A364D0/Juice.app/Grape-X64/runtime/lib/wine/aarch64-windows/ole32.dll status=40000003 module=0x2d2e50000 size=630000
[JuiceCreate] ex=00000004 class=0x10020f050 version=0x0 name=0x10020f030 style=50030000 x=249 y=352 cx=75 cy=25 parent=0x10052 menu=0x3 classinst=0x400000 params=0x0 flags=00000000 inst=0x400000 classptr=0x7b63b28a ansi=0
[JuiceRect] input hwnd=0x1005a dpi=96/1 raw=96/1 win=249,352,324,377 client=249,352,324,377 visible=249,352,324,377
[JuiceRect] mapped hwnd=0x1005a win=249,352,324,377 client=249,352,324,377 visible=249,352,324,377
[JuiceGeom] changed hwnd=0x1005a flags=14 ptr=0x10010f620 window=249,352,324,377 client=249,352,324,377 visible=249,352,324,377 surface=0x0 shown=0
0024:trace:seh:RtlUnwindEx code=80000026 flags=2 end_frame=000000010020EE90 target_ip=00000002D785E164
0024:trace:seh:RtlUnwindEx  info[0]=000000010020ed70
0024:trace:seh:RtlUnwindEx  pc=00000002d79ca0b8  sp=000000010020d640  lr=0000000000000000  fp=000000010010f010
0024:trace:seh:RtlUnwindEx  x0=0000000000000000  x1=00000002d785e164  x2=000000010020df98  x3=0000000000000001
0024:trace:seh:RtlUnwindEx  x4=000000010020dbf0  x5=0000000000000000  x6=000000000012f55c  x7=0000000000006010
0024:trace:seh:RtlUnwindEx  x8=000000007ffe8000  x9=0000000000000001 x10=000000000012f578 x11=0000000000000044
0024:trace:seh:RtlUnwindEx x12=0000000000000000 x13=0000000000000000 x14=0000000000000172 x15=0000000108054600
0024:trace:seh:RtlUnwindEx x16=00000002d785dd18 x17=000000010020e0d0 x18=000000007ffe8000 x19=0000000110001140
0024:trace:seh:RtlUnwindEx x20=000000010020dbf0 x21=00000002d785e164 x22=000000007bddcabc x23=000000010020ee90
0024:trace:seh:RtlUnwindEx x24=000000007ffea000 x25=000000010020df98 x26=0000000000000044 x27=00000000ffffff8f
0024:trace:seh:RtlUnwindEx x28=0000000110001140 cpsr=20000000 fpcr=00000000 fpsr=00000010
0024:trace:seh:RtlUnwindEx calling handler 00000002D785BE10 (rec=000000010020DF98, frame=10020e060 context=000000010020DBF0, dispatch=000000010020DA08)
0024:trace:seh:RtlUnwindEx handler 00000002D785BE10 returned 1
0024:trace:seh:RtlUnwindEx calling handler 00000002D785BE60 (rec=000000010020DF98, frame=10020e790 context=000000010020DBF0, dispatch=000000010020DA08)
0024:trace:seh:RtlUnwindEx handler 00000002D785BE60 returned 1
0024:trace:seh:RtlRestoreContext returning to 2d785e164 stack 10020e790
[JuiceHybrid] open name=/private/var/containers/Bundle/Application/F3BC928B-CF6E-41E9-AA5B-114329A364D0/Juice.app/Grape-X64/build/wine-ios/dlls/combase/aarch64-windows/combase.dll machine=0000 status=c0000135
[JuiceHybrid] open name=/private/var/containers/Bundle/Application/F3BC928B-CF6E-41E9-AA5B-114329A364D0/Juice.app/Grape-X64/build/wine-ios/programs/combase.dll/aarch64-windows/combase.dll machine=0000 status=c0000135
0024:trace:seh:RtlUnwindEx code=80000026 flags=2 end_frame=000000010020EEE0 target_ip=00000002D785E164
0024:trace:seh:RtlUnwindEx  info[0]=000000010020edc0
0024:trace:seh:RtlUnwindEx  pc=00000002d79ca0b8  sp=000000010020d690  lr=0000000000000000  fp=000000010010f010
0024:trace:seh:RtlUnwindEx  x0=0000000000000000  x1=00000002d785e164  x2=000000010020dfe8  x3=0000000000000001
0024:trace:seh:RtlUnwindEx  x4=000000010020dc40  x5=0000000000000000  x6=000000000012f58c  x7=0000000000006010
0024:trace:seh:RtlUnwindEx  x8=000000007ffe8000  x9=0000000000000001 x10=000000000012f5a8 x11=0000000000000014
0024:trace:seh:RtlUnwindEx x12=0000000000000000 x13=0000000000000000 x14=0000000000000000 x15=0000000000000030
0024:trace:seh:RtlUnwindEx x16=00000002d785dd18 x17=000000010020e1f0 x18=000000007ffe8000 x19=0000000110001140
0024:trace:seh:RtlUnwindEx x20=000000010020dc40 x21=00000002d785e164 x22=000000007bddcabc x23=000000010020eee0
0024:trace:seh:RtlUnwindEx x24=000000007ffea000 x25=000000010020dfe8 x26=0000000000000014 x27=00000000ffffffbf
0024:trace:seh:RtlUnwindEx x28=0000000110001140 cpsr=20000000 fpcr=00000000 fpsr=00000010
0024:trace:seh:RtlUnwindEx calling handler 00000002D785BE10 (rec=000000010020DFE8, frame=10020e0b0 context=000000010020DC40, dispatch=000000010020DA58)
0024:trace:seh:RtlUnwindEx handler 00000002D785BE10 returned 1
0024:trace:seh:RtlUnwindEx calling handler 00000002D785BE60 (rec=000000010020DFE8, frame=10020e7e0 context=000000010020DC40, dispatch=000000010020DA58)
0024:trace:seh:RtlUnwindEx handler 00000002D785BE60 returned 1
0024:trace:seh:RtlRestoreContext returning to 2d785e164 stack 10020e7e0
[JuiceHybrid] open name=/var/containers/Bundle/Application/F3BC928B-CF6E-41E9-AA5B-114329A364D0/Juice.app/Grape-X64/runtime/lib/wine/aarch64-windows/combase.dll machine=0000 status=00000000
[JuiceRect] input hwnd=0x1005a dpi=96/1 raw=96/1 win=249,352,324,377 client=249,352,324,377 visible=249,352,324,377
[JuiceRect] mapped hwnd=0x1005a win=249,352,324,377 client=249,352,324,377 visible=249,352,324,377
[JuiceGeom] changed hwnd=0x1005a flags=10 ptr=0x10010f620 window=249,352,324,377 client=249,352,324,377 visible=249,352,324,377 surface=0x0 shown=0
0024:trace:seh:RtlUnwindEx code=80000026 flags=2 end_frame=000000010020EE90 target_ip=00000002D785E164
0024:trace:seh:RtlUnwindEx  info[0]=000000010020ed70
0024:trace:seh:RtlUnwindEx  pc=00000002d79ca0b8  sp=000000010020d640  lr=0000000000000000  fp=000000010010f010
0024:trace:seh:RtlUnwindEx  x0=0000000000000000  x1=00000002d785e164  x2=000000010020df98  x3=0000000000000001
0024:trace:seh:RtlUnwindEx  x4=000000010020dbf0  x5=0000000000000000  x6=000000000012f55c  x7=0000000000006010
0024:trace:seh:RtlUnwindEx  x8=000000007ffe8000  x9=0000000000000001 x10=000000000012f578 x11=0000000000000044
0024:trace:seh:RtlUnwindEx x12=0000000000000000 x13=0000000000000000 x14=000000000000016c x15=00000001080c5f80
0024:trace:seh:RtlUnwindEx x16=00000002d785dd18 x17=000000010020e0d0 x18=000000007ffe8000 x19=0000000110001140
0024:trace:seh:RtlUnwindEx x20=000000010020dbf0 x21=00000002d785e164 x22=000000007bddcabc x23=000000010020ee90
0024:trace:seh:RtlUnwindEx x24=000000007ffea000 x25=000000010020df98 x26=0000000000000044 x27=00000000ffffff8f
0024:trace:seh:RtlUnwindEx x28=0000000110001140 cpsr=20000000 fpcr=00000000 fpsr=00000010
0024:trace:seh:RtlUnwindEx calling handler 00000002D785BE10 (rec=000000010020DF98, frame=10020e060 context=000000010020DBF0, dispatch=000000010020DA08)
0024:trace:seh:RtlUnwindEx handler 00000002D785BE10 returned 1
0024:trace:seh:RtlUnwindEx calling handler 00000002D785BE60 (rec=000000010020DF98, frame=10020e790 context=000000010020DBF0, dispatch=000000010020DA08)
0024:trace:seh:RtlUnwindEx handler 00000002D785BE60 returned 1
0024:trace:seh:RtlRestoreContext returning to 2d785e164 stack 10020e790
[JuiceDriver] create-enter hwnd=0x1005a
[JuiceDriver] create-success hwnd=0x1005a
0024:trace:seh:RtlUnwindEx code=80000026 flags=2 end_frame=000000010020EEF0 target_ip=00000002D785E164
0024:trace:seh:RtlUnwindEx  info[0]=000000010020edd0
0024:trace:seh:RtlUnwindEx  pc=00000002d79ca0b8  sp=000000010020d6a0  lr=0000000000000000  fp=000000010010f010
0024:trace:seh:RtlUnwindEx  x0=0000000000000000  x1=00000002d785e164  x2=000000010020dff8  x3=0000000000000001
0024:trace:seh:RtlUnwindEx  x4=000000010020dc50  x5=0000000000000000  x6=0000000000000004  x7=0000000000006010
0024:trace:seh:RtlUnwindEx  x8=000000007ffe8000  x9=0000000000000001 x10=000000000012f4e8 x11=0000000000000004
0024:trace:seh:RtlUnwindEx x12=0000000000000000 x13=0000000000000000 x14=0000000000000000 x15=0000000000000030
0024:trace:seh:RtlUnwindEx x16=00000002d785dd18 x17=000000010020e200 x18=000000007ffe8000 x19=0000000110001140
0024:trace:seh:RtlUnwindEx x20=000000010020dc50 x21=00000002d785e164 x22=000000007bddcabc x23=000000010020eef0
0024:trace:seh:RtlUnwindEx x24=000000007ffea000 x25=000000010020dff8 x26=000000000012f4e4 x27=000000000012f4e0
0024:trace:seh:RtlUnwindEx x28=0000000110001140 cpsr=20000000 fpcr=00000000 fpsr=00000000
0024:trace:seh:RtlUnwindEx calling handler 00000002D785BE10 (rec=000000010020DFF8, frame=10020e0c0 context=000000010020DC50, dispatch=000000010020DA68)
0024:trace:seh:RtlUnwindEx handler 00000002D785BE10 returned 1
0024:trace:seh:RtlUnwindEx calling handler 00000002D785BE60 (rec=000000010020DFF8, frame=10020e7f0 context=000000010020DC50, dispatch=000000010020DA68)
0024:trace:seh:RtlUnwindEx handler 00000002D785BE60 returned 1
0024:trace:seh:RtlRestoreContext returning to 2d785e164 stack 10020e7f0
0024:trace:seh:RtlUnwindEx code=80000026 flags=2 end_frame=000000010020EEF0 target_ip=00000002D785E164
0024:trace:seh:RtlUnwindEx  info[0]=000000010020edd0
0024:trace:seh:RtlUnwindEx  pc=00000002d79ca0b8  sp=000000010020d6a0  lr=0000000000000000  fp=000000010010f010
0024:trace:seh:RtlUnwindEx  x0=0000000000000000  x1=00000002d785e164  x2=000000010020dff8  x3=0000000000000001
0024:trace:seh:RtlUnwindEx  x4=000000010020dc50  x5=0000000000000000  x6=0000000000000004  x7=0000000000006010
0024:trace:seh:RtlUnwindEx  x8=000000007ffe8000  x9=0000000000000001 x10=000000000012f4e8 x11=0000000000000004
0024:trace:seh:RtlUnwindEx x12=0000000000000000 x13=0000000000000000 x14=0000000000000000 x15=0000000000000030
0024:trace:seh:RtlUnwindEx x16=00000002d785dd18 x17=000000010020e200 x18=000000007ffe8000 x19=0000000110001140
0024:trace:seh:RtlUnwindEx x20=000000010020dc50 x21=00000002d785e164 x22=000000007bddcabc x23=000000010020eef0
0024:trace:seh:RtlUnwindEx x24=000000007ffea000 x25=000000010020dff8 x26=000000000012f4e4 x27=000000000012f4e0
0024:trace:seh:RtlUnwindEx x28=0000000110001140 cpsr=20000000 fpcr=00000000 fpsr=00000000
0024:trace:seh:RtlUnwindEx calling handler 00000002D785BE10 (rec=000000010020DFF8, frame=10020e0c0 context=000000010020DC50, dispatch=000000010020DA68)
0024:trace:seh:RtlUnwindEx handler 00000002D785BE10 returned 1
0024:trace:seh:RtlUnwindEx calling handler 00000002D785BE60 (rec=000000010020DFF8, frame=10020e7f0 context=000000010020DC50, dispatch=000000010020DA68)
0024:trace:seh:RtlUnwindEx handler 00000002D785BE60 returned 1
0024:trace:seh:RtlRestoreContext returning to 2d785e164 stack 10020e7f0
0024:trace:seh:RtlUnwindEx code=80000026 flags=2 end_frame=000000010020EEF0 target_ip=00000002D785E164
0024:trace:seh:RtlUnwindEx  info[0]=000000010020edd0
0024:trace:seh:RtlUnwindEx  pc=00000002d79ca0b8  sp=000000010020d6a0  lr=0000000000000000  fp=000000010010ef50
0024:trace:seh:RtlUnwindEx  x0=0000000000000000  x1=00000002d785e164  x2=000000010020dff8  x3=0000000000000001
0024:trace:seh:RtlUnwindEx  x4=000000010020dc50  x5=0000000000000000  x6=0000000000000004  x7=0000000000006010
0024:trace:seh:RtlUnwindEx  x8=000000007ffe8000  x9=0000000000000001 x10=000000000012f4e8 x11=0000000000000004
0024:trace:seh:RtlUnwindEx x12=0000000000000000 x13=0000000000000000 x14=0000000000000000 x15=0000000000000030
0024:trace:seh:RtlUnwindEx x16=00000002d785dd18 x17=000000010020e200 x18=000000007ffe8000 x19=0000000110001140
0024:trace:seh:RtlUnwindEx x20=000000010020dc50 x21=00000002d785e164 x22=000000007bddcabc x23=000000010020eef0
0024:trace:seh:RtlUnwindEx x24=000000007ffea000 x25=000000010020dff8 x26=000000000012f4e4 x27=000000000012f4e0
0024:trace:seh:RtlUnwindEx x28=0000000110001140 cpsr=20000000 fpcr=00000000 fpsr=00000000
0024:trace:seh:RtlUnwindEx calling handler 00000002D785BE10 (rec=000000010020DFF8, frame=10020e0c0 context=000000010020DC50, dispatch=000000010020DA68)
0024:trace:seh:RtlUnwindEx handler 00000002D785BE10 returned 1
0024:trace:seh:RtlUnwindEx calling handler 00000002D785BE60 (rec=000000010020DFF8, frame=10020e7f0 context=000000010020DC50, dispatch=000000010020DA68)
0024:trace:seh:RtlUnwindEx handler 00000002D785BE60 returned 1
0024:trace:seh:RtlRestoreContext returning to 2d785e164 stack 10020e7f0
[JuiceRect] input hwnd=0x1005a dpi=96/1 raw=96/1 win=249,352,324,377 client=249,352,324,377 visible=249,352,324,377
[JuiceRect] mapped hwnd=0x1005a win=249,352,324,377 client=249,352,324,377 visible=249,352,324,377
[JuiceGeom] changed hwnd=0x1005a flags=181f ptr=0x10010f3f0 window=249,352,324,377 client=249,352,324,377 visible=249,352,324,377 surface=0x0 shown=0
[JuiceRect] input hwnd=0x10052 dpi=96/1 raw=96/1 win=260,177,763,591 client=263,199,760,588 visible=260,177,763,591
[JuiceRect] mapped hwnd=0x10052 win=260,177,763,591 client=263,199,760,588 visible=260,177,763,591
[JuiceGeom] changed hwnd=0x10052 flags=181f ptr=0x10010f590 window=260,177,763,591 client=263,199,760,588 visible=260,177,763,591 surface=0x69a784f0 shown=0
[JuiceCreate] ex=00000004 class=0x10020f050 version=0x0 name=0x10020f030 style=50010000 x=324 y=352 cx=75 cy=25 parent=0x10052 menu=0x1 classinst=0x400000 params=0x0 flags=00000000 inst=0x400000 classptr=0x7b63b28a ansi=0
[JuiceRect] input hwnd=0x1005c dpi=96/1 raw=96/1 win=324,352,399,377 client=324,352,399,377 visible=324,352,399,377
[JuiceRect] mapped hwnd=0x1005c win=324,352,399,377 client=324,352,399,377 visible=324,352,399,377
[JuiceGeom] changed hwnd=0x1005c flags=14 ptr=0x10010f620 window=324,352,399,377 client=324,352,399,377 visible=324,352,399,377 surface=0x0 shown=0
0024:trace:seh:RtlUnwindEx code=80000026 flags=2 end_frame=000000010020EE90 target_ip=00000002D785E164
0024:trace:seh:RtlUnwindEx  info[0]=000000010020ed70
0024:trace:seh:RtlUnwindEx  pc=00000002d79ca0b8  sp=000000010020d640  lr=0000000000000000  fp=000000010010f010
0024:trace:seh:RtlUnwindEx  x0=0000000000000000  x1=00000002d785e164  x2=000000010020df98  x3=0000000000000001
0024:trace:seh:RtlUnwindEx  x4=000000010020dbf0  x5=0000000000000000  x6=000000000012f55c  x7=0000000000006010
0024:trace:seh:RtlUnwindEx  x8=000000007ffe8000  x9=0000000000000001 x10=000000000012f578 x11=0000000000000044
0024:trace:seh:RtlUnwindEx x12=0000000000000000 x13=0000000000000000 x14=0000000000000000 x15=0000000000000030
0024:trace:seh:RtlUnwindEx x16=00000002d785dd18 x17=000000010020e1a0 x18=000000007ffe8000 x19=0000000110001140
0024:trace:seh:RtlUnwindEx x20=000000010020dbf0 x21=00000002d785e164 x22=000000007bddcabc x23=000000010020ee90
0024:trace:seh:RtlUnwindEx x24=000000007ffea000 x25=000000010020df98 x26=0000000000000044 x27=00000000ffffff8f
0024:trace:seh:RtlUnwindEx x28=0000000110001140 cpsr=20000000 fpcr=00000000 fpsr=00000000
0024:trace:seh:RtlUnwindEx calling handler 00000002D785BE10 (rec=000000010020DF98, frame=10020e060 context=000000010020DBF0, dispatch=000000010020DA08)
0024:trace:seh:RtlUnwindEx handler 00000002D785BE10 returned 1
0024:trace:seh:RtlUnwindEx calling handler 00000002D785BE60 (rec=000000010020DF98, frame=10020e790 context=000000010020DBF0, dispatch=000000010020DA08)
0024:trace:seh:RtlUnwindEx handler 00000002D785BE60 returned 1
0024:trace:seh:RtlRestoreContext returning to 2d785e164 stack 10020e790
0024:trace:seh:RtlUnwindEx code=80000026 flags=2 end_frame=000000010020EEE0 target_ip=00000002D785E164
0024:trace:seh:RtlUnwindEx  info[0]=000000010020edc0
0024:trace:seh:RtlUnwindEx  pc=00000002d79ca0b8  sp=000000010020d690  lr=0000000000000000  fp=000000010010f010
0024:trace:seh:RtlUnwindEx  x0=0000000000000000  x1=00000002d785e164  x2=000000010020dfe8  x3=0000000000000001
0024:trace:seh:RtlUnwindEx  x4=000000010020dc40  x5=0000000000000000  x6=000000000012f58c  x7=0000000000006010
0024:trace:seh:RtlUnwindEx  x8=000000007ffe8000  x9=0000000000000001 x10=000000000012f5a8 x11=0000000000000014
0024:trace:seh:RtlUnwindEx x12=0000000000000000 x13=0000000000000000 x14=0000000000000000 x15=0000000000000030
0024:trace:seh:RtlUnwindEx x16=00000002d785dd18 x17=000000010020e1f0 x18=000000007ffe8000 x19=0000000110001140
0024:trace:seh:RtlUnwindEx x20=000000010020dc40 x21=00000002d785e164 x22=000000007bddcabc x23=000000010020eee0
0024:trace:seh:RtlUnwindEx x24=000000007ffea000 x25=000000010020dfe8 x26=0000000000000014 x27=00000000ffffffbf
0024:trace:seh:RtlUnwindEx x28=0000000110001140 cpsr=20000000 fpcr=00000000 fpsr=00000010
0024:trace:seh:RtlUnwindEx calling handler 00000002D785BE10 (rec=000000010020DFE8, frame=10020e0b0 context=000000010020DC40, dispatch=000000010020DA58)
0024:trace:seh:RtlUnwindEx handler 00000002D785BE10 returned 1
0024:trace:seh:RtlUnwindEx calling handler 00000002D785BE60 (rec=000000010020DFE8, frame=10020e7e0 context=000000010020DC40, dispatch=000000010020DA58)
0024:trace:seh:RtlUnwindEx handler 00000002D785BE60 returned 1
0024:trace:seh:RtlRestoreContext returning to 2d785e164 stack 10020e7e0
[JuiceRect] input hwnd=0x1005c dpi=96/1 raw=96/1 win=324,352,399,377 client=324,352,399,377 visible=324,352,399,377
[JuiceRect] mapped hwnd=0x1005c win=324,352,399,377 client=324,352,399,377 visible=324,352,399,377
[JuiceGeom] changed hwnd=0x1005c flags=10 ptr=0x10010f620 window=324,352,399,377 client=324,352,399,377 visible=324,352,399,377 surface=0x0 shown=0
0024:trace:seh:RtlUnwindEx code=80000026 flags=2 end_frame=000000010020EE90 target_ip=00000002D785E164
0024:trace:seh:RtlUnwindEx  info[0]=000000010020ed70
0024:trace:seh:RtlUnwindEx  pc=00000002d79ca0b8  sp=000000010020d640  lr=0000000000000000  fp=000000010010f010
0024:trace:seh:RtlUnwindEx  x0=0000000000000000  x1=00000002d785e164  x2=000000010020df98  x3=0000000000000001
0024:trace:seh:RtlUnwindEx  x4=000000010020dbf0  x5=0000000000000000  x6=000000000012f55c  x7=0000000000006010
0024:trace:seh:RtlUnwindEx  x8=000000007ffe8000  x9=0000000000000001 x10=000000000012f578 x11=0000000000000044
0024:trace:seh:RtlUnwindEx x12=0000000000000000 x13=0000000000000000 x14=0000000000000000 x15=0000000000000030
0024:trace:seh:RtlUnwindEx x16=00000002d785dd18 x17=000000010020e1a0 x18=000000007ffe8000 x19=0000000110001140
0024:trace:seh:RtlUnwindEx x20=000000010020dbf0 x21=00000002d785e164 x22=000000007bddcabc x23=000000010020ee90
0024:trace:seh:RtlUnwindEx x24=000000007ffea000 x25=000000010020df98 x26=0000000000000044 x27=00000000ffffff8f
0024:trace:seh:RtlUnwindEx x28=0000000110001140 cpsr=20000000 fpcr=00000000 fpsr=00000000
0024:trace:seh:RtlUnwindEx calling handler 00000002D785BE10 (rec=000000010020DF98, frame=10020e060 context=000000010020DBF0, dispatch=000000010020DA08)
0024:trace:seh:RtlUnwindEx handler 00000002D785BE10 returned 1
0024:trace:seh:RtlUnwindEx calling handler 00000002D785BE60 (rec=000000010020DF98, frame=10020e790 context=000000010020DBF0, dispatch=000000010020DA08)
0024:trace:seh:RtlUnwindEx handler 00000002D785BE60 returned 1
0024:trace:seh:RtlRestoreContext returning to 2d785e164 stack 10020e790
[JuiceDriver] create-enter hwnd=0x1005c
[JuiceDriver] create-success hwnd=0x1005c
0024:trace:seh:RtlUnwindEx code=80000026 flags=2 end_frame=000000010020EEF0 target_ip=00000002D785E164
0024:trace:seh:RtlUnwindEx  info[0]=000000010020edd0
0024:trace:seh:RtlUnwindEx  pc=00000002d79ca0b8  sp=000000010020d6a0  lr=0000000000000000  fp=000000010010f010
0024:trace:seh:RtlUnwindEx  x0=0000000000000000  x1=00000002d785e164  x2=000000010020dff8  x3=0000000000000001
0024:trace:seh:RtlUnwindEx  x4=000000010020dc50  x5=0000000000000000  x6=0000000000000004  x7=0000000000006010
0024:trace:seh:RtlUnwindEx  x8=000000007ffe8000  x9=0000000000000001 x10=000000000012f4e8 x11=0000000000000004
0024:trace:seh:RtlUnwindEx x12=0000000000000000 x13=0000000000000000 x14=0000000000000000 x15=0000000000000030
0024:trace:seh:RtlUnwindEx x16=00000002d785dd18 x17=000000010020e200 x18=000000007ffe8000 x19=0000000110001140
0024:trace:seh:RtlUnwindEx x20=000000010020dc50 x21=00000002d785e164 x22=000000007bddcabc x23=000000010020eef0
0024:trace:seh:RtlUnwindEx x24=000000007ffea000 x25=000000010020dff8 x26=000000000012f4e4 x27=000000000012f4e0
0024:trace:seh:RtlUnwindEx x28=0000000110001140 cpsr=20000000 fpcr=00000000 fpsr=00000000
0024:trace:seh:RtlUnwindEx calling handler 00000002D785BE10 (rec=000000010020DFF8, frame=10020e0c0 context=000000010020DC50, dispatch=000000010020DA68)
0024:trace:seh:RtlUnwindEx handler 00000002D785BE10 returned 1
0024:trace:seh:RtlUnwindEx calling handler 00000002D785BE60 (rec=000000010020DFF8, frame=10020e7f0 context=000000010020DC50, dispatch=000000010020DA68)
0024:trace:seh:RtlUnwindEx handler 00000002D785BE60 returned 1
0024:trace:seh:RtlRestoreContext returning to 2d785e164 stack 10020e7f0
0024:trace:seh:RtlUnwindEx code=80000026 flags=2 end_frame=000000010020EEF0 target_ip=00000002D785E164
0024:trace:seh:RtlUnwindEx  info[0]=000000010020edd0
0024:trace:seh:RtlUnwindEx  pc=00000002d79ca0b8  sp=000000010020d6a0  lr=0000000000000000  fp=000000010010f010
0024:trace:seh:RtlUnwindEx  x0=0000000000000000  x1=00000002d785e164  x2=000000010020dff8  x3=0000000000000001
0024:trace:seh:RtlUnwindEx  x4=000000010020dc50  x5=0000000000000000  x6=0000000000000004  x7=0000000000006010
0024:trace:seh:RtlUnwindEx  x8=000000007ffe8000  x9=0000000000000001 x10=000000000012f4e8 x11=0000000000000004
0024:trace:seh:RtlUnwindEx x12=0000000000000000 x13=0000000000000000 x14=0000000000000000 x15=0000000000000030
0024:trace:seh:RtlUnwindEx x16=00000002d785dd18 x17=000000010020e200 x18=000000007ffe8000 x19=0000000110001140
0024:trace:seh:RtlUnwindEx x20=000000010020dc50 x21=00000002d785e164 x22=000000007bddcabc x23=000000010020eef0
0024:trace:seh:RtlUnwindEx x24=000000007ffea000 x25=000000010020dff8 x26=000000000012f4e4 x27=000000000012f4e0
0024:trace:seh:RtlUnwindEx x28=0000000110001140 cpsr=20000000 fpcr=00000000 fpsr=00000000
0024:trace:seh:RtlUnwindEx calling handler 00000002D785BE10 (rec=000000010020DFF8, frame=10020e0c0 context=000000010020DC50, dispatch=000000010020DA68)
0024:trace:seh:RtlUnwindEx handler 00000002D785BE10 returned 1
0024:trace:seh:RtlUnwindEx calling handler 00000002D785BE60 (rec=000000010020DFF8, frame=10020e7f0 context=000000010020DC50, dispatch=000000010020DA68)
0024:trace:seh:RtlUnwindEx handler 00000002D785BE60 returned 1
0024:trace:seh:RtlRestoreContext returning to 2d785e164 stack 10020e7f0
0024:trace:seh:RtlUnwindEx code=80000026 flags=2 end_frame=000000010020EEF0 target_ip=00000002D785E164
0024:trace:seh:RtlUnwindEx  info[0]=000000010020edd0
0024:trace:seh:RtlUnwindEx  pc=00000002d79ca0b8  sp=000000010020d6a0  lr=0000000000000000  fp=000000010010ef50
0024:trace:seh:RtlUnwindEx  x0=0000000000000000  x1=00000002d785e164  x2=000000010020dff8  x3=0000000000000001
0024:trace:seh:RtlUnwindEx  x4=000000010020dc50  x5=0000000000000000  x6=0000000000000004  x7=0000000000006010
0024:trace:seh:RtlUnwindEx  x8=000000007ffe8000  x9=0000000000000001 x10=000000000012f4e8 x11=0000000000000004
0024:trace:seh:RtlUnwindEx x12=0000000000000000 x13=0000000000000000 x14=0000000000000000 x15=0000000000000030
0024:trace:seh:RtlUnwindEx x16=00000002d785dd18 x17=000000010020e200 x18=000000007ffe8000 x19=0000000110001140
0024:trace:seh:RtlUnwindEx x20=000000010020dc50 x21=00000002d785e164 x22=000000007bddcabc x23=000000010020eef0
0024:trace:seh:RtlUnwindEx x24=000000007ffea000 x25=000000010020dff8 x26=000000000012f4e4 x27=000000000012f4e0
0024:trace:seh:RtlUnwindEx x28=0000000110001140 cpsr=20000000 fpcr=00000000 fpsr=00000000
0024:trace:seh:RtlUnwindEx calling handler 00000002D785BE10 (rec=000000010020DFF8, frame=10020e0c0 context=000000010020DC50, dispatch=000000010020DA68)
0024:trace:seh:RtlUnwindEx handler 00000002D785BE10 returned 1
0024:trace:seh:RtlUnwindEx calling handler 00000002D785BE60 (rec=000000010020DFF8, frame=10020e7f0 context=000000010020DC50, dispatch=000000010020DA68)
0024:trace:seh:RtlUnwindEx handler 00000002D785BE60 returned 1
0024:trace:seh:RtlRestoreContext returning to 2d785e164 stack 10020e7f0
[JuiceRect] input hwnd=0x1005c dpi=96/1 raw=96/1 win=324,352,399,377 client=324,352,399,377 visible=324,352,399,377
[JuiceRect] mapped hwnd=0x1005c win=324,352,399,377 client=324,352,399,377 visible=324,352,399,377
[JuiceGeom] changed hwnd=0x1005c flags=181f ptr=0x10010f3f0 window=324,352,399,377 client=324,352,399,377 visible=324,352,399,377 surface=0x0 shown=0
[JuiceRect] input hwnd=0x10052 dpi=96/1 raw=96/1 win=260,177,763,591 client=263,199,760,588 visible=260,177,763,591
[JuiceRect] mapped hwnd=0x10052 win=260,177,763,591 client=263,199,760,588 visible=260,177,763,591
[JuiceGeom] changed hwnd=0x10052 flags=181f ptr=0x10010f590 window=260,177,763,591 client=263,199,760,588 visible=260,177,763,591 surface=0x69a784f0 shown=0
[JuiceCreate] ex=00000004 class=0x10020f050 version=0x0 name=0x10020f030 style=50010000 x=410 y=352 cx=75 cy=25 parent=0x10052 menu=0x2 classinst=0x400000 params=0x0 flags=00000000 inst=0x400000 classptr=0x7b63b28a ansi=0
[JuiceRect] input hwnd=0x1005e dpi=96/1 raw=96/1 win=410,352,485,377 client=410,352,485,377 visible=410,352,485,377
[JuiceRect] mapped hwnd=0x1005e win=410,352,485,377 client=410,352,485,377 visible=410,352,485,377
[JuiceGeom] changed hwnd=0x1005e flags=14 ptr=0x10010f620 window=410,352,485,377 client=410,352,485,377 visible=410,352,485,377 surface=0x0 shown=0
0024:trace:seh:RtlUnwindEx code=80000026 flags=2 end_frame=000000010020EE90 target_ip=00000002D785E164
0024:trace:seh:RtlUnwindEx  info[0]=000000010020ed70
0024:trace:seh:RtlUnwindEx  pc=00000002d79ca0b8  sp=000000010020d640  lr=0000000000000000  fp=000000010010f010
0024:trace:seh:RtlUnwindEx  x0=0000000000000000  x1=00000002d785e164  x2=000000010020df98  x3=0000000000000001
0024:trace:seh:RtlUnwindEx  x4=000000010020dbf0  x5=0000000000000000  x6=000000000012f55c  x7=0000000000006010
0024:trace:seh:RtlUnwindEx  x8=000000007ffe8000  x9=0000000000000001 x10=000000000012f578 x11=0000000000000044
0024:trace:seh:RtlUnwindEx x12=0000000000000000 x13=0000000000000000 x14=0000000000000000 x15=0000000000000030
0024:trace:seh:RtlUnwindEx x16=00000002d785dd18 x17=000000010020e1a0 x18=000000007ffe8000 x19=0000000110001140
0024:trace:seh:RtlUnwindEx x20=000000010020dbf0 x21=00000002d785e164 x22=000000007bddcabc x23=000000010020ee90
0024:trace:seh:RtlUnwindEx x24=000000007ffea000 x25=000000010020df98 x26=0000000000000044 x27=00000000ffffff8f
0024:trace:seh:RtlUnwindEx x28=0000000110001140 cpsr=20000000 fpcr=00000000 fpsr=00000000
0024:trace:seh:RtlUnwindEx calling handler 00000002D785BE10 (rec=000000010020DF98, frame=10020e060 context=000000010020DBF0, dispatch=000000010020DA08)
0024:trace:seh:RtlUnwindEx handler 00000002D785BE10 returned 1
0024:trace:seh:RtlUnwindEx calling handler 00000002D785BE60 (rec=000000010020DF98, frame=10020e790 context=000000010020DBF0, dispatch=000000010020DA08)
0024:trace:seh:RtlUnwindEx handler 00000002D785BE60 returned 1
0024:trace:seh:RtlRestoreContext returning to 2d785e164 stack 10020e790
0024:trace:seh:RtlUnwindEx code=80000026 flags=2 end_frame=000000010020EEE0 target_ip=00000002D785E164
0024:trace:seh:RtlUnwindEx  info[0]=000000010020edc0
0024:trace:seh:RtlUnwindEx  pc=00000002d79ca0b8  sp=000000010020d690  lr=0000000000000000  fp=000000010010f010
0024:trace:seh:RtlUnwindEx  x0=0000000000000000  x1=00000002d785e164  x2=000000010020dfe8  x3=0000000000000001
0024:trace:seh:RtlUnwindEx  x4=000000010020dc40  x5=0000000000000000  x6=000000000012f58c  x7=0000000000006010
0024:trace:seh:RtlUnwindEx  x8=000000007ffe8000  x9=0000000000000001 x10=000000000012f5a8 x11=0000000000000014
0024:trace:seh:RtlUnwindEx x12=0000000000000000 x13=0000000000000000 x14=0000000000000000 x15=0000000000000030
0024:trace:seh:RtlUnwindEx x16=00000002d785dd18 x17=000000010020e1f0 x18=000000007ffe8000 x19=0000000110001140
0024:trace:seh:RtlUnwindEx x20=000000010020dc40 x21=00000002d785e164 x22=000000007bddcabc x23=000000010020eee0
0024:trace:seh:RtlUnwindEx x24=000000007ffea000 x25=000000010020dfe8 x26=0000000000000014 x27=00000000ffffffbf
0024:trace:seh:RtlUnwindEx x28=0000000110001140 cpsr=20000000 fpcr=00000000 fpsr=00000010
0024:trace:seh:RtlUnwindEx calling handler 00000002D785BE10 (rec=000000010020DFE8, frame=10020e0b0 context=000000010020DC40, dispatch=000000010020DA58)
0024:trace:seh:RtlUnwindEx handler 00000002D785BE10 returned 1
0024:trace:seh:RtlUnwindEx calling handler 00000002D785BE60 (rec=000000010020DFE8, frame=10020e7e0 context=000000010020DC40, dispatch=000000010020DA58)
0024:trace:seh:RtlUnwindEx handler 00000002D785BE60 returned 1
0024:trace:seh:RtlRestoreContext returning to 2d785e164 stack 10020e7e0
[JuiceRect] input hwnd=0x1005e dpi=96/1 raw=96/1 win=410,352,485,377 client=410,352,485,377 visible=410,352,485,377
[JuiceRect] mapped hwnd=0x1005e win=410,352,485,377 client=410,352,485,377 visible=410,352,485,377
[JuiceGeom] changed hwnd=0x1005e flags=10 ptr=0x10010f620 window=410,352,485,377 client=410,352,485,377 visible=410,352,485,377 surface=0x0 shown=0
0024:trace:seh:RtlUnwindEx code=80000026 flags=2 end_frame=000000010020EE90 target_ip=00000002D785E164
0024:trace:seh:RtlUnwindEx  info[0]=000000010020ed70
0024:trace:seh:RtlUnwindEx  pc=00000002d79ca0b8  sp=000000010020d640  lr=0000000000000000  fp=000000010010f010
0024:trace:seh:RtlUnwindEx  x0=0000000000000000  x1=00000002d785e164  x2=000000010020df98  x3=0000000000000001
0024:trace:seh:RtlUnwindEx  x4=000000010020dbf0  x5=0000000000000000  x6=000000000012f55c  x7=0000000000006010
0024:trace:seh:RtlUnwindEx  x8=000000007ffe8000  x9=0000000000000001 x10=000000000012f578 x11=0000000000000044
0024:trace:seh:RtlUnwindEx x12=0000000000000000 x13=0000000000000000 x14=0000000000000000 x15=0000000000000030
0024:trace:seh:RtlUnwindEx x16=00000002d785dd18 x17=000000010020e1a0 x18=000000007ffe8000 x19=0000000110001140
0024:trace:seh:RtlUnwindEx x20=000000010020dbf0 x21=00000002d785e164 x22=000000007bddcabc x23=000000010020ee90
0024:trace:seh:RtlUnwindEx x24=000000007ffea000 x25=000000010020df98 x26=0000000000000044 x27=00000000ffffff8f
0024:trace:seh:RtlUnwindEx x28=0000000110001140 cpsr=20000000 fpcr=00000000 fpsr=00000000
0024:trace:seh:RtlUnwindEx calling handler 00000002D785BE10 (rec=000000010020DF98, frame=10020e060 context=000000010020DBF0, dispatch=000000010020DA08)
0024:trace:seh:RtlUnwindEx handler 00000002D785BE10 returned 1
0024:trace:seh:RtlUnwindEx calling handler 00000002D785BE60 (rec=000000010020DF98, frame=10020e790 context=000000010020DBF0, dispatch=000000010020DA08)
0024:trace:seh:RtlUnwindEx handler 00000002D785BE60 returned 1
0024:trace:seh:RtlRestoreContext returning to 2d785e164 stack 10020e790
[JuiceDriver] create-enter hwnd=0x1005e
[JuiceDriver] create-success hwnd=0x1005e
0024:trace:seh:RtlUnwindEx code=80000026 flags=2 end_frame=000000010020EEF0 target_ip=00000002D785E164
0024:trace:seh:RtlUnwindEx  info[0]=000000010020edd0
0024:trace:seh:RtlUnwindEx  pc=00000002d79ca0b8  sp=000000010020d6a0  lr=0000000000000000  fp=000000010010f010
0024:trace:seh:RtlUnwindEx  x0=0000000000000000  x1=00000002d785e164  x2=000000010020dff8  x3=0000000000000001
0024:trace:seh:RtlUnwindEx  x4=000000010020dc50  x5=0000000000000000  x6=0000000000000004  x7=0000000000006010
0024:trace:seh:RtlUnwindEx  x8=000000007ffe8000  x9=0000000000000001 x10=000000000012f4e8 x11=0000000000000004
0024:trace:seh:RtlUnwindEx x12=0000000000000000 x13=0000000000000000 x14=0000000000000000 x15=0000000000000030
0024:trace:seh:RtlUnwindEx x16=00000002d785dd18 x17=000000010020e200 x18=000000007ffe8000 x19=0000000110001140
0024:trace:seh:RtlUnwindEx x20=000000010020dc50 x21=00000002d785e164 x22=000000007bddcabc x23=000000010020eef0
0024:trace:seh:RtlUnwindEx x24=000000007ffea000 x25=000000010020dff8 x26=000000000012f4e4 x27=000000000012f4e0
0024:trace:seh:RtlUnwindEx x28=0000000110001140 cpsr=20000000 fpcr=00000000 fpsr=00000000
0024:trace:seh:RtlUnwindEx calling handler 00000002D785BE10 (rec=000000010020DFF8, frame=10020e0c0 context=000000010020DC50, dispatch=000000010020DA68)
0024:trace:seh:RtlUnwindEx handler 00000002D785BE10 returned 1
0024:trace:seh:RtlUnwindEx calling handler 00000002D785BE60 (rec=000000010020DFF8, frame=10020e7f0 context=000000010020DC50, dispatch=000000010020DA68)
0024:trace:seh:RtlUnwindEx handler 00000002D785BE60 returned 1
0024:trace:seh:RtlRestoreContext returning to 2d785e164 stack 10020e7f0
0024:trace:seh:RtlUnwindEx code=80000026 flags=2 end_frame=000000010020EEF0 target_ip=00000002D785E164
0024:trace:seh:RtlUnwindEx  info[0]=000000010020edd0
0024:trace:seh:RtlUnwindEx  pc=00000002d79ca0b8  sp=000000010020d6a0  lr=0000000000000000  fp=000000010010f010
0024:trace:seh:RtlUnwindEx  x0=0000000000000000  x1=00000002d785e164  x2=000000010020dff8  x3=0000000000000001
0024:trace:seh:RtlUnwindEx  x4=000000010020dc50  x5=0000000000000000  x6=0000000000000004  x7=0000000000006010
0024:trace:seh:RtlUnwindEx  x8=000000007ffe8000  x9=0000000000000001 x10=000000000012f4e8 x11=0000000000000004
0024:trace:seh:RtlUnwindEx x12=0000000000000000 x13=0000000000000000 x14=0000000000000000 x15=0000000000000030
0024:trace:seh:RtlUnwindEx x16=00000002d785dd18 x17=000000010020e200 x18=000000007ffe8000 x19=0000000110001140
0024:trace:seh:RtlUnwindEx x20=000000010020dc50 x21=00000002d785e164 x22=000000007bddcabc x23=000000010020eef0
0024:trace:seh:RtlUnwindEx x24=000000007ffea000 x25=000000010020dff8 x26=000000000012f4e4 x27=000000000012f4e0
0024:trace:seh:RtlUnwindEx x28=0000000110001140 cpsr=20000000 fpcr=00000000 fpsr=00000000
0024:trace:seh:RtlUnwindEx calling handler 00000002D785BE10 (rec=000000010020DFF8, frame=10020e0c0 context=000000010020DC50, dispatch=000000010020DA68)
0024:trace:seh:RtlUnwindEx handler 00000002D785BE10 returned 1
0024:trace:seh:RtlUnwindEx calling handler 00000002D785BE60 (rec=000000010020DFF8, frame=10020e7f0 context=000000010020DC50, dispatch=000000010020DA68)
0024:trace:seh:RtlUnwindEx handler 00000002D785BE60 returned 1
0024:trace:seh:RtlRestoreContext returning to 2d785e164 stack 10020e7f0
0024:trace:seh:RtlUnwindEx code=80000026 flags=2 end_frame=000000010020EEF0 target_ip=00000002D785E164
0024:trace:seh:RtlUnwindEx  info[0]=000000010020edd0
0024:trace:seh:RtlUnwindEx  pc=00000002d79ca0b8  sp=000000010020d6a0  lr=0000000000000000  fp=000000010010ef50
0024:trace:seh:RtlUnwindEx  x0=0000000000000000  x1=00000002d785e164  x2=000000010020dff8  x3=0000000000000001
0024:trace:seh:RtlUnwindEx  x4=000000010020dc50  x5=0000000000000000  x6=0000000000000004  x7=0000000000006010
0024:trace:seh:RtlUnwindEx  x8=000000007ffe8000  x9=0000000000000001 x10=000000000012f4e8 x11=0000000000000004
0024:trace:seh:RtlUnwindEx x12=0000000000000000 x13=0000000000000000 x14=0000000000000000 x15=0000000000000030
0024:trace:seh:RtlUnwindEx x16=00000002d785dd18 x17=000000010020e200 x18=000000007ffe8000 x19=0000000110001140
0024:trace:seh:RtlUnwindEx x20=000000010020dc50 x21=00000002d785e164 x22=000000007bddcabc x23=000000010020eef0
0024:trace:seh:RtlUnwindEx x24=000000007ffea000 x25=000000010020dff8 x26=000000000012f4e4 x27=000000000012f4e0
0024:trace:seh:RtlUnwindEx x28=0000000110001140 cpsr=20000000 fpcr=00000000 fpsr=00000000
0024:trace:seh:RtlUnwindEx calling handler 00000002D785BE10 (rec=000000010020DFF8, frame=10020e0c0 context=000000010020DC50, dispatch=000000010020DA68)
0024:trace:seh:RtlUnwindEx handler 00000002D785BE10 returned 1
0024:trace:seh:RtlUnwindEx calling handler 00000002D785BE60 (rec=000000010020DFF8, frame=10020e7f0 context=000000010020DC50, dispatch=000000010020DA68)
0024:trace:seh:RtlUnwindEx handler 00000002D785BE60 returned 1
0024:trace:seh:RtlRestoreContext returning to 2d785e164 stack 10020e7f0
[JuiceRect] input hwnd=0x1005e dpi=96/1 raw=96/1 win=410,352,485,377 client=410,352,485,377 visible=410,352,485,377
[JuiceRect] mapped hwnd=0x1005e win=410,352,485,377 client=410,352,485,377 visible=410,352,485,377
[JuiceGeom] changed hwnd=0x1005e flags=181f ptr=0x10010f3f0 window=410,352,485,377 client=410,352,485,377 visible=410,352,485,377 surface=0x0 shown=0
[JuiceRect] input hwnd=0x10052 dpi=96/1 raw=96/1 win=260,177,763,591 client=263,199,760,588 visible=260,177,763,591
[JuiceRect] mapped hwnd=0x10052 win=260,177,763,591 client=263,199,760,588 visible=260,177,763,591
[JuiceGeom] changed hwnd=0x10052 flags=181f ptr=0x10010f590 window=260,177,763,591 client=263,199,760,588 visible=260,177,763,591 surface=0x69a784f0 shown=0
[JuiceCreate] ex=00000004 class=0x10020f050 version=0x0 name=0x10020f030 style=40020004 x=23 y=79 cx=450 cy=245 parent=0x10052 menu=0x3fa classinst=0x400000 params=0x0 flags=00000000 inst=0x400000 classptr=0x7b63b298 ansi=0
[JuiceRect] input hwnd=0x10060 dpi=96/1 raw=96/1 win=23,79,473,324 client=23,79,473,324 visible=23,79,473,324
[JuiceRect] mapped hwnd=0x10060 win=23,79,473,324 client=23,79,473,324 visible=23,79,473,324
[JuiceGeom] changed hwnd=0x10060 flags=14 ptr=0x10010f620 window=23,79,473,324 client=23,79,473,324 visible=23,79,473,324 surface=0x0 shown=0
0024:trace:seh:RtlUnwindEx code=80000026 flags=2 end_frame=000000010020EE90 target_ip=00000002D785E164
0024:trace:seh:RtlUnwindEx  info[0]=000000010020ed70
0024:trace:seh:RtlUnwindEx  pc=00000002d79ca0b8  sp=000000010020d640  lr=0000000000000000  fp=000000010010f010
0024:trace:seh:RtlUnwindEx  x0=0000000000000000  x1=00000002d785e164  x2=000000010020df98  x3=0000000000000001
0024:trace:seh:RtlUnwindEx  x4=000000010020dbf0  x5=0000000000000000  x6=000000000012f55c  x7=0000000000006010
0024:trace:seh:RtlUnwindEx  x8=000000007ffe8000  x9=0000000000000001 x10=000000000012f578 x11=0000000000000044
0024:trace:seh:RtlUnwindEx x12=0000000000000000 x13=000000007b5f305b x14=0000000000000000 x15=00000001080a7280
0024:trace:seh:RtlUnwindEx x16=00000002d785dd18 x17=000000010020e0d0 x18=000000007ffe8000 x19=0000000110001140
0024:trace:seh:RtlUnwindEx x20=000000010020dbf0 x21=00000002d785e164 x22=000000007bddcabc x23=000000010020ee90
0024:trace:seh:RtlUnwindEx x24=000000007ffea000 x25=000000010020df98 x26=0000000000000044 x27=00000000ffffff8f
0024:trace:seh:RtlUnwindEx x28=0000000110001140 cpsr=20000000 fpcr=00000000 fpsr=00000010
0024:trace:seh:RtlUnwindEx calling handler 00000002D785BE10 (rec=000000010020DF98, frame=10020e060 context=000000010020DBF0, dispatch=000000010020DA08)
0024:trace:seh:RtlUnwindEx handler 00000002D785BE10 returned 1
0024:trace:seh:RtlUnwindEx calling handler 00000002D785BE60 (rec=000000010020DF98, frame=10020e790 context=000000010020DBF0, dispatch=000000010020DA08)
0024:trace:seh:RtlUnwindEx handler 00000002D785BE60 returned 1
0024:trace:seh:RtlRestoreContext returning to 2d785e164 stack 10020e790
0024:trace:seh:RtlUnwindEx code=80000026 flags=2 end_frame=000000010020EEE0 target_ip=00000002D785E164
0024:trace:seh:RtlUnwindEx  info[0]=000000010020edc0
0024:trace:seh:RtlUnwindEx  pc=00000002d79ca0b8  sp=000000010020d690  lr=0000000000000000  fp=000000010010f010
0024:trace:seh:RtlUnwindEx  x0=0000000000000000  x1=00000002d785e164  x2=000000010020dfe8  x3=0000000000000001
0024:trace:seh:RtlUnwindEx  x4=000000010020dc40  x5=0000000000000000  x6=000000000012f58c  x7=0000000000006010
0024:trace:seh:RtlUnwindEx  x8=000000007ffe8000  x9=0000000000000001 x10=000000000012f5a8 x11=0000000000000014
0024:trace:seh:RtlUnwindEx x12=0000000000000000 x13=000000007b5f2fb8 x14=000000007b5f2fb8 x15=00000001080a9880
0024:trace:seh:RtlUnwindEx x16=00000002d785dd18 x17=000000010020e120 x18=000000007ffe8000 x19=0000000110001140
0024:trace:seh:RtlUnwindEx x20=000000010020dc40 x21=00000002d785e164 x22=000000007bddcabc x23=000000010020eee0
0024:trace:seh:RtlUnwindEx x24=000000007ffea000 x25=000000010020dfe8 x26=0000000000000014 x27=00000000ffffffbf
0024:trace:seh:RtlUnwindEx x28=0000000110001140 cpsr=20000000 fpcr=00000000 fpsr=00000010
0024:trace:seh:RtlUnwindEx calling handler 00000002D785BE10 (rec=000000010020DFE8, frame=10020e0b0 context=000000010020DC40, dispatch=000000010020DA58)
0024:trace:seh:RtlUnwindEx handler 00000002D785BE10 returned 1
0024:trace:seh:RtlUnwindEx calling handler 00000002D785BE60 (rec=000000010020DFE8, frame=10020e7e0 context=000000010020DC40, dispatch=000000010020DA58)
0024:trace:seh:RtlUnwindEx handler 00000002D785BE60 returned 1
0024:trace:seh:RtlRestoreContext returning to 2d785e164 stack 10020e7e0
[JuiceRect] input hwnd=0x10060 dpi=96/1 raw=96/1 win=23,79,473,324 client=23,79,473,324 visible=23,79,473,324
[JuiceRect] mapped hwnd=0x10060 win=23,79,473,324 client=23,79,473,324 visible=23,79,473,324
[JuiceGeom] changed hwnd=0x10060 flags=10 ptr=0x10010f620 window=23,79,473,324 client=23,79,473,324 visible=23,79,473,324 surface=0x0 shown=0
0024:trace:seh:RtlUnwindEx code=80000026 flags=2 end_frame=000000010020EE90 target_ip=00000002D785E164
0024:trace:seh:RtlUnwindEx  info[0]=000000010020ed70
0024:trace:seh:RtlUnwindEx  pc=00000002d79ca0b8  sp=000000010020d640  lr=0000000000000000  fp=000000010010f010
0024:trace:seh:RtlUnwindEx  x0=0000000000000000  x1=00000002d785e164  x2=000000010020df98  x3=0000000000000001
0024:trace:seh:RtlUnwindEx  x4=000000010020dbf0  x5=0000000000000000  x6=000000000012f55c  x7=0000000000006010
0024:trace:seh:RtlUnwindEx  x8=000000007ffe8000  x9=0000000000000001 x10=000000000012f578 x11=0000000000000044
0024:trace:seh:RtlUnwindEx x12=0000000000000000 x13=0000000108053b48 x14=0000000500000274 x15=0000000000000374
0024:trace:seh:RtlUnwindEx x16=00000002d785dd18 x17=000000010020e0a0 x18=000000007ffe8000 x19=0000000110001140
0024:trace:seh:RtlUnwindEx x20=000000010020dbf0 x21=00000002d785e164 x22=000000007bddcabc x23=000000010020ee90
0024:trace:seh:RtlUnwindEx x24=000000007ffea000 x25=000000010020df98 x26=0000000000000044 x27=00000000ffffff8f
0024:trace:seh:RtlUnwindEx x28=0000000110001140 cpsr=20000000 fpcr=00000000 fpsr=00000010
0024:trace:seh:RtlUnwindEx calling handler 00000002D785BE10 (rec=000000010020DF98, frame=10020e060 context=000000010020DBF0, dispatch=000000010020DA08)
0024:trace:seh:RtlUnwindEx handler 00000002D785BE10 returned 1
0024:trace:seh:RtlUnwindEx calling handler 00000002D785BE60 (rec=000000010020DF98, frame=10020e790 context=000000010020DBF0, dispatch=000000010020DA08)
0024:trace:seh:RtlUnwindEx handler 00000002D785BE60 returned 1
0024:trace:seh:RtlRestoreContext returning to 2d785e164 stack 10020e790
[JuiceDriver] create-enter hwnd=0x10060
[JuiceDriver] create-success hwnd=0x10060
0024:trace:seh:RtlUnwindEx code=80000026 flags=2 end_frame=000000010020EEF0 target_ip=00000002D785E164
0024:trace:seh:RtlUnwindEx  info[0]=000000010020edd0
0024:trace:seh:RtlUnwindEx  pc=00000002d79ca0b8  sp=000000010020d6a0  lr=0000000000000000  fp=000000010010f010
0024:trace:seh:RtlUnwindEx  x0=0000000000000000  x1=00000002d785e164  x2=000000010020dff8  x3=0000000000000001
0024:trace:seh:RtlUnwindEx  x4=000000010020dc50  x5=0000000000000000  x6=0000000000000004  x7=0000000000006010
0024:trace:seh:RtlUnwindEx  x8=000000007ffe8000  x9=0000000000000001 x10=000000000012f4e8 x11=0000000000000004
0024:trace:seh:RtlUnwindEx x12=0000000000000000 x13=0000000000000000 x14=0000000000000000 x15=0000000000000030
0024:trace:seh:RtlUnwindEx x16=00000002d785dd18 x17=000000010020e200 x18=000000007ffe8000 x19=0000000110001140
0024:trace:seh:RtlUnwindEx x20=000000010020dc50 x21=00000002d785e164 x22=000000007bddcabc x23=000000010020eef0
0024:trace:seh:RtlUnwindEx x24=000000007ffea000 x25=000000010020dff8 x26=000000000012f4e4 x27=000000000012f4e0
0024:trace:seh:RtlUnwindEx x28=0000000110001140 cpsr=20000000 fpcr=00000000 fpsr=00000000
0024:trace:seh:RtlUnwindEx calling handler 00000002D785BE10 (rec=000000010020DFF8, frame=10020e0c0 context=000000010020DC50, dispatch=000000010020DA68)
0024:trace:seh:RtlUnwindEx handler 00000002D785BE10 returned 1
0024:trace:seh:RtlUnwindEx calling handler 00000002D785BE60 (rec=000000010020DFF8, frame=10020e7f0 context=000000010020DC50, dispatch=000000010020DA68)
0024:trace:seh:RtlUnwindEx handler 00000002D785BE60 returned 1
0024:trace:seh:RtlRestoreContext returning to 2d785e164 stack 10020e7f0
0024:trace:seh:RtlUnwindEx code=80000026 flags=2 end_frame=000000010020EEF0 target_ip=00000002D785E164
0024:trace:seh:RtlUnwindEx  info[0]=000000010020edd0
0024:trace:seh:RtlUnwindEx  pc=00000002d79ca0b8  sp=000000010020d6a0  lr=0000000000000000  fp=000000010010f010
0024:trace:seh:RtlUnwindEx  x0=0000000000000000  x1=00000002d785e164  x2=000000010020dff8  x3=0000000000000001
0024:trace:seh:RtlUnwindEx  x4=000000010020dc50  x5=0000000000000000  x6=0000000000000004  x7=0000000000006010
0024:trace:seh:RtlUnwindEx  x8=000000007ffe8000  x9=0000000000000001 x10=000000000012f4e8 x11=0000000000000004
0024:trace:seh:RtlUnwindEx x12=0000000000000000 x13=0000000000000000 x14=0000000000000000 x15=0000000000000030
0024:trace:seh:RtlUnwindEx x16=00000002d785dd18 x17=000000010020e200 x18=000000007ffe8000 x19=0000000110001140
0024:trace:seh:RtlUnwindEx x20=000000010020dc50 x21=00000002d785e164 x22=000000007bddcabc x23=000000010020eef0
0024:trace:seh:RtlUnwindEx x24=000000007ffea000 x25=000000010020dff8 x26=000000000012f4e4 x27=000000000012f4e0
0024:trace:seh:RtlUnwindEx x28=0000000110001140 cpsr=20000000 fpcr=00000000 fpsr=00000000
0024:trace:seh:RtlUnwindEx calling handler 00000002D785BE10 (rec=000000010020DFF8, frame=10020e0c0 context=000000010020DC50, dispatch=000000010020DA68)
0024:trace:seh:RtlUnwindEx handler 00000002D785BE10 returned 1
0024:trace:seh:RtlUnwindEx calling handler 00000002D785BE60 (rec=000000010020DFF8, frame=10020e7f0 context=000000010020DC50, dispatch=000000010020DA68)
0024:trace:seh:RtlUnwindEx handler 00000002D785BE60 returned 1
0024:trace:seh:RtlRestoreContext returning to 2d785e164 stack 10020e7f0
[JuiceRect] input hwnd=0x10052 dpi=96/1 raw=96/1 win=260,177,763,591 client=263,199,760,588 visible=260,177,763,591
[JuiceRect] mapped hwnd=0x10052 win=260,177,763,591 client=263,199,760,588 visible=260,177,763,591
[JuiceGeom] changed hwnd=0x10052 flags=181f ptr=0x10010f590 window=260,177,763,591 client=263,199,760,588 visible=260,177,763,591 surface=0x69a784f0 shown=0
[JuiceCreate] ex=00000004 class=0x10020f050 version=0x0 name=0x10020f030 style=40020004 x=0 y=0 cx=497 cy=338 parent=0x10052 menu=0x414 classinst=0x400000 params=0x0 flags=00000000 inst=0x400000 classptr=0x7b63b298 ansi=0
[JuiceRect] input hwnd=0x10062 dpi=96/1 raw=96/1 win=0,0,497,338 client=0,0,497,338 visible=0,0,497,338
[JuiceRect] mapped hwnd=0x10062 win=0,0,497,338 client=0,0,497,338 visible=0,0,497,338
[JuiceGeom] changed hwnd=0x10062 flags=14 ptr=0x10010f620 window=0,0,497,338 client=0,0,497,338 visible=0,0,497,338 surface=0x0 shown=0
0024:trace:seh:RtlUnwindEx code=80000026 flags=2 end_frame=000000010020EE90 target_ip=00000002D785E164
0024:trace:seh:RtlUnwindEx  info[0]=000000010020ed70
0024:trace:seh:RtlUnwindEx  pc=00000002d79ca0b8  sp=000000010020d640  lr=0000000000000000  fp=000000010010f010
0024:trace:seh:RtlUnwindEx  x0=0000000000000000  x1=00000002d785e164  x2=000000010020df98  x3=0000000000000001
0024:trace:seh:RtlUnwindEx  x4=000000010020dbf0  x5=0000000000000000  x6=000000000012f55c  x7=0000000000006010
0024:trace:seh:RtlUnwindEx  x8=000000007ffe8000  x9=0000000000000001 x10=000000000012f578 x11=0000000000000044
0024:trace:seh:RtlUnwindEx x12=0000000000000000 x13=0000000000000000 x14=0000000000000000 x15=0000000000000030
0024:trace:seh:RtlUnwindEx x16=00000002d785dd18 x17=000000010020e1a0 x18=000000007ffe8000 x19=0000000110001140
0024:trace:seh:RtlUnwindEx x20=000000010020dbf0 x21=00000002d785e164 x22=000000007bddcabc x23=000000010020ee90
0024:trace:seh:RtlUnwindEx x24=000000007ffea000 x25=000000010020df98 x26=0000000000000044 x27=00000000ffffff8f
0024:trace:seh:RtlUnwindEx x28=0000000110001140 cpsr=20000000 fpcr=00000000 fpsr=00000000
0024:trace:seh:RtlUnwindEx calling handler 00000002D785BE10 (rec=000000010020DF98, frame=10020e060 context=000000010020DBF0, dispatch=000000010020DA08)
0024:trace:seh:RtlUnwindEx handler 00000002D785BE10 returned 1
0024:trace:seh:RtlUnwindEx calling handler 00000002D785BE60 (rec=000000010020DF98, frame=10020e790 context=000000010020DBF0, dispatch=000000010020DA08)
0024:trace:seh:RtlUnwindEx handler 00000002D785BE60 returned 1
0024:trace:seh:RtlRestoreContext returning to 2d785e164 stack 10020e790
0024:trace:seh:RtlUnwindEx code=80000026 flags=2 end_frame=000000010020EEE0 target_ip=00000002D785E164
0024:trace:seh:RtlUnwindEx  info[0]=000000010020edc0
0024:trace:seh:RtlUnwindEx  pc=00000002d79ca0b8  sp=000000010020d690  lr=0000000000000000  fp=000000010010f010
0024:trace:seh:RtlUnwindEx  x0=0000000000000000  x1=00000002d785e164  x2=000000010020dfe8  x3=0000000000000001
0024:trace:seh:RtlUnwindEx  x4=000000010020dc40  x5=0000000000000000  x6=000000000012f58c  x7=0000000000006010
0024:trace:seh:RtlUnwindEx  x8=000000007ffe8000  x9=0000000000000001 x10=000000000012f5a8 x11=0000000000000014
0024:trace:seh:RtlUnwindEx x12=0000000000000000 x13=0000000000000000 x14=0000000000000000 x15=0000000000000030
0024:trace:seh:RtlUnwindEx x16=00000002d785dd18 x17=000000010020e1f0 x18=000000007ffe8000 x19=0000000110001140
0024:trace:seh:RtlUnwindEx x20=000000010020dc40 x21=00000002d785e164 x22=000000007bddcabc x23=000000010020eee0
0024:trace:seh:RtlUnwindEx x24=000000007ffea000 x25=000000010020dfe8 x26=0000000000000014 x27=00000000ffffffbf
0024:trace:seh:RtlUnwindEx x28=0000000110001140 cpsr=20000000 fpcr=00000000 fpsr=00000010
0024:trace:seh:RtlUnwindEx calling handler 00000002D785BE10 (rec=000000010020DFE8, frame=10020e0b0 context=000000010020DC40, dispatch=000000010020DA58)
0024:trace:seh:RtlUnwindEx handler 00000002D785BE10 returned 1
0024:trace:seh:RtlUnwindEx calling handler 00000002D785BE60 (rec=000000010020DFE8, frame=10020e7e0 context=000000010020DC40, dispatch=000000010020DA58)
0024:trace:seh:RtlUnwindEx handler 00000002D785BE60 returned 1
0024:trace:seh:RtlRestoreContext returning to 2d785e164 stack 10020e7e0
[JuiceRect] input hwnd=0x10062 dpi=96/1 raw=96/1 win=0,0,497,338 client=0,0,497,338 visible=0,0,497,338
[JuiceRect] mapped hwnd=0x10062 win=0,0,497,338 client=0,0,497,338 visible=0,0,497,338
[JuiceGeom] changed hwnd=0x10062 flags=10 ptr=0x10010f620 window=0,0,497,338 client=0,0,497,338 visible=0,0,497,338 surface=0x0 shown=0
0024:trace:seh:RtlUnwindEx code=80000026 flags=2 end_frame=000000010020EE90 target_ip=00000002D785E164
0024:trace:seh:RtlUnwindEx  info[0]=000000010020ed70
0024:trace:seh:RtlUnwindEx  pc=00000002d79ca0b8  sp=000000010020d640  lr=0000000000000000  fp=000000010010f010
0024:trace:seh:RtlUnwindEx  x0=0000000000000000  x1=00000002d785e164  x2=000000010020df98  x3=0000000000000001
0024:trace:seh:RtlUnwindEx  x4=000000010020dbf0  x5=0000000000000000  x6=000000000012f55c  x7=0000000000006010
0024:trace:seh:RtlUnwindEx  x8=000000007ffe8000  x9=0000000000000001 x10=000000000012f578 x11=0000000000000044
0024:trace:seh:RtlUnwindEx x12=0000000000000000 x13=0000000000000000 x14=0000000000000000 x15=0000000000000030
0024:trace:seh:RtlUnwindEx x16=00000002d785dd18 x17=000000010020e1a0 x18=000000007ffe8000 x19=0000000110001140
0024:trace:seh:RtlUnwindEx x20=000000010020dbf0 x21=00000002d785e164 x22=000000007bddcabc x23=000000010020ee90
0024:trace:seh:RtlUnwindEx x24=000000007ffea000 x25=000000010020df98 x26=0000000000000044 x27=00000000ffffff8f
0024:trace:seh:RtlUnwindEx x28=0000000110001140 cpsr=20000000 fpcr=00000000 fpsr=00000000
0024:trace:seh:RtlUnwindEx calling handler 00000002D785BE10 (rec=000000010020DF98, frame=10020e060 context=000000010020DBF0, dispatch=000000010020DA08)
0024:trace:seh:RtlUnwindEx handler 00000002D785BE10 returned 1
0024:trace:seh:RtlUnwindEx calling handler 00000002D785BE60 (rec=000000010020DF98, frame=10020e790 context=000000010020DBF0, dispatch=000000010020DA08)
0024:trace:seh:RtlUnwindEx handler 00000002D785BE60 returned 1
0024:trace:seh:RtlRestoreContext returning to 2d785e164 stack 10020e790
[JuiceDriver] create-enter hwnd=0x10062
[JuiceDriver] create-success hwnd=0x10062
0024:trace:seh:RtlUnwindEx code=80000026 flags=2 end_frame=000000010020EEF0 target_ip=00000002D785E164
0024:trace:seh:RtlUnwindEx  info[0]=000000010020edd0
0024:trace:seh:RtlUnwindEx  pc=00000002d79ca0b8  sp=000000010020d6a0  lr=0000000000000000  fp=000000010010f010
0024:trace:seh:RtlUnwindEx  x0=0000000000000000  x1=00000002d785e164  x2=000000010020dff8  x3=0000000000000001
0024:trace:seh:RtlUnwindEx  x4=000000010020dc50  x5=0000000000000000  x6=0000000000000004  x7=0000000000006010
0024:trace:seh:RtlUnwindEx  x8=000000007ffe8000  x9=0000000000000001 x10=000000000012f4e8 x11=0000000000000004
0024:trace:seh:RtlUnwindEx x12=0000000000000000 x13=0000000000000000 x14=0000000000000000 x15=0000000000000030
0024:trace:seh:RtlUnwindEx x16=00000002d785dd18 x17=000000010020e200 x18=000000007ffe8000 x19=0000000110001140
0024:trace:seh:RtlUnwindEx x20=000000010020dc50 x21=00000002d785e164 x22=000000007bddcabc x23=000000010020eef0
0024:trace:seh:RtlUnwindEx x24=000000007ffea000 x25=000000010020dff8 x26=000000000012f4e4 x27=000000000012f4e0
0024:trace:seh:RtlUnwindEx x28=0000000110001140 cpsr=20000000 fpcr=00000000 fpsr=00000000
0024:trace:seh:RtlUnwindEx calling handler 00000002D785BE10 (rec=000000010020DFF8, frame=10020e0c0 context=000000010020DC50, dispatch=000000010020DA68)
0024:trace:seh:RtlUnwindEx handler 00000002D785BE10 returned 1
0024:trace:seh:RtlUnwindEx calling handler 00000002D785BE60 (rec=000000010020DFF8, frame=10020e7f0 context=000000010020DC50, dispatch=000000010020DA68)
0024:trace:seh:RtlUnwindEx handler 00000002D785BE60 returned 1
0024:trace:seh:RtlRestoreContext returning to 2d785e164 stack 10020e7f0
0024:trace:seh:RtlUnwindEx code=80000026 flags=2 end_frame=000000010020EEF0 target_ip=00000002D785E164
0024:trace:seh:RtlUnwindEx  info[0]=000000010020edd0
0024:trace:seh:RtlUnwindEx  pc=00000002d79ca0b8  sp=000000010020d6a0  lr=0000000000000000  fp=000000010010f010
0024:trace:seh:RtlUnwindEx  x0=0000000000000000  x1=00000002d785e164  x2=000000010020dff8  x3=0000000000000001
0024:trace:seh:RtlUnwindEx  x4=000000010020dc50  x5=0000000000000000  x6=0000000000000004  x7=0000000000006010
0024:trace:seh:RtlUnwindEx  x8=000000007ffe8000  x9=0000000000000001 x10=000000000012f4e8 x11=0000000000000004
0024:trace:seh:RtlUnwindEx x12=0000000000000000 x13=0000000000000000 x14=0000000000000000 x15=0000000000000030
0024:trace:seh:RtlUnwindEx x16=00000002d785dd18 x17=000000010020e200 x18=000000007ffe8000 x19=0000000110001140
0024:trace:seh:RtlUnwindEx x20=000000010020dc50 x21=00000002d785e164 x22=000000007bddcabc x23=000000010020eef0
0024:trace:seh:RtlUnwindEx x24=000000007ffea000 x25=000000010020dff8 x26=000000000012f4e4 x27=000000000012f4e0
0024:trace:seh:RtlUnwindEx x28=0000000110001140 cpsr=20000000 fpcr=00000000 fpsr=00000000
0024:trace:seh:RtlUnwindEx calling handler 00000002D785BE10 (rec=000000010020DFF8, frame=10020e0c0 context=000000010020DC50, dispatch=000000010020DA68)
0024:trace:seh:RtlUnwindEx handler 00000002D785BE10 returned 1
0024:trace:seh:RtlUnwindEx calling handler 00000002D785BE60 (rec=000000010020DFF8, frame=10020e7f0 context=000000010020DC50, dispatch=000000010020DA68)
0024:trace:seh:RtlUnwindEx handler 00000002D785BE60 returned 1
0024:trace:seh:RtlRestoreContext returning to 2d785e164 stack 10020e7f0
[JuiceRect] input hwnd=0x10052 dpi=96/1 raw=96/1 win=260,177,763,591 client=263,199,760,588 visible=260,177,763,591
[JuiceRect] mapped hwnd=0x10052 win=260,177,763,591 client=263,199,760,588 visible=260,177,763,591
[JuiceGeom] changed hwnd=0x10052 flags=181f ptr=0x10010f590 window=260,177,763,591 client=263,199,760,588 visible=260,177,763,591 surface=0x69a784f0 shown=0
[JuiceCreate] ex=00000004 class=0x10020f050 version=0x0 name=0x10020f030 style=50020010 x=8 y=338 cx=482 cy=2 parent=0x10052 menu=0x40b classinst=0x400000 params=0x0 flags=00000000 inst=0x400000 classptr=0x7b63b298 ansi=0
[JuiceRect] input hwnd=0x10064 dpi=96/1 raw=96/1 win=8,338,490,340 client=8,338,490,340 visible=8,338,490,340
[JuiceRect] mapped hwnd=0x10064 win=8,338,490,340 client=8,338,490,340 visible=8,338,490,340
[JuiceGeom] changed hwnd=0x10064 flags=14 ptr=0x10010f620 window=8,338,490,340 client=8,338,490,340 visible=8,338,490,340 surface=0x0 shown=0
0024:trace:seh:RtlUnwindEx code=80000026 flags=2 end_frame=000000010020DF50 target_ip=00000002D785E164
0024:trace:seh:RtlUnwindEx  info[0]=000000010020de30
0024:trace:seh:RtlUnwindEx  pc=00000002d79ca0b8  sp=000000010020c700  lr=0000000000000000  fp=000000010010e3e0
0024:trace:seh:RtlUnwindEx  x0=0000000000000000  x1=00000002d785e164  x2=000000010020d058  x3=0000000000000001
0024:trace:seh:RtlUnwindEx  x4=000000010020ccb0  x5=0000000000000000  x6=000000000012f30c  x7=0000000000006010
0024:trace:seh:RtlUnwindEx  x8=000000007ffe8000  x9=0000000000000001 x10=000000000012f328 x11=000000000000000c
0024:trace:seh:RtlUnwindEx x12=0000000000000000 x13=0000000000000000 x14=0000000000000000 x15=0000000000000030
0024:trace:seh:RtlUnwindEx x16=00000002d785dd18 x17=000000010020d260 x18=000000007ffe8000 x19=0000000110001140
0024:trace:seh:RtlUnwindEx x20=000000010020ccb0 x21=00000002d785e164 x22=000000007bddcabc x23=000000010020df50
0024:trace:seh:RtlUnwindEx x24=000000007ffea000 x25=000000010020d058 x26=000000000000000c x27=00000000ffffffc7
0024:trace:seh:RtlUnwindEx x28=0000000110001140 cpsr=20000000 fpcr=00000000 fpsr=00000000
0024:trace:seh:RtlUnwindEx calling handler 00000002D785BE10 (rec=000000010020D058, frame=10020d120 context=000000010020CCB0, dispatch=000000010020CAC8)
0024:trace:seh:RtlUnwindEx handler 00000002D785BE10 returned 1
0024:trace:seh:RtlUnwindEx calling handler 00000002D785BE60 (rec=000000010020D058, frame=10020d850 context=000000010020CCB0, dispatch=000000010020CAC8)
0024:trace:seh:RtlUnwindEx handler 00000002D785BE60 returned 1
0024:trace:seh:RtlRestoreContext returning to 2d785e164 stack 10020d850
0024:trace:seh:RtlUnwindEx code=80000026 flags=2 end_frame=000000010020DF50 target_ip=00000002D785E164
0024:trace:seh:RtlUnwindEx  info[0]=000000010020de30
0024:trace:seh:RtlUnwindEx  pc=00000002d79ca0b8  sp=000000010020c700  lr=0000000000000000  fp=000000010010e3e0
0024:trace:seh:RtlUnwindEx  x0=0000000000000000  x1=00000002d785e164  x2=000000010020d058  x3=0000000000000001
0024:trace:seh:RtlUnwindEx  x4=000000010020ccb0  x5=0000000000000000  x6=000000000012f30c  x7=0000000000006010
0024:trace:seh:RtlUnwindEx  x8=000000007ffe8000  x9=0000000000000001 x10=000000000012f328 x11=000000000000000c
0024:trace:seh:RtlUnwindEx x12=0000000000000000 x13=0000000000000000 x14=0000000000000000 x15=0000000000000030
0024:trace:seh:RtlUnwindEx x16=00000002d785dd18 x17=000000010020d260 x18=000000007ffe8000 x19=0000000110001140
0024:trace:seh:RtlUnwindEx x20=000000010020ccb0 x21=00000002d785e164 x22=000000007bddcabc x23=000000010020df50
0024:trace:seh:RtlUnwindEx x24=000000007ffea000 x25=000000010020d058 x26=000000000000000c x27=00000000ffffffc7
0024:trace:seh:RtlUnwindEx x28=0000000110001140 cpsr=20000000 fpcr=00000000 fpsr=00000000
0024:trace:seh:RtlUnwindEx calling handler 00000002D785BE10 (rec=000000010020D058, frame=10020d120 context=000000010020CCB0, dispatch=000000010020CAC8)
0024:trace:seh:RtlUnwindEx handler 00000002D785BE10 returned 1
0024:trace:seh:RtlUnwindEx calling handler 00000002D785BE60 (rec=000000010020D058, frame=10020d850 context=000000010020CCB0, dispatch=000000010020CAC8)
0024:trace:seh:RtlUnwindEx handler 00000002D785BE60 returned 1
0024:trace:seh:RtlRestoreContext returning to 2d785e164 stack 10020d850
0024:trace:seh:RtlUnwindEx code=80000026 flags=2 end_frame=000000010020DF30 target_ip=00000002D785E164
0024:trace:seh:RtlUnwindEx  info[0]=000000010020de10
0024:trace:seh:RtlUnwindEx  pc=00000002d79ca0b8  sp=000000010020c6e0  lr=0000000000000000  fp=000000010010e220
0024:trace:seh:RtlUnwindEx  x0=0000000000000000  x1=00000002d785e164  x2=000000010020d038  x3=0000000000000001
0024:trace:seh:RtlUnwindEx  x4=000000010020cc90  x5=0000000000000000  x6=000000000012f30c  x7=0000000000006010
0024:trace:seh:RtlUnwindEx  x8=000000007ffe8000  x9=0000000000000001 x10=000000000012f328 x11=0000000000000020
0024:trace:seh:RtlUnwindEx x12=0000000000000000 x13=0000000000000000 x14=0000000000000000 x15=0000000000000030
0024:trace:seh:RtlUnwindEx x16=00000002d785dd18 x17=000000010020d240 x18=000000007ffe8000 x19=0000000110001140
0024:trace:seh:RtlUnwindEx x20=000000010020cc90 x21=00000002d785e164 x22=000000007bddcabc x23=000000010020df30
0024:trace:seh:RtlUnwindEx x24=000000007ffea000 x25=000000010020d038 x26=0000000000000020 x27=00000000ffffffb3
0024:trace:seh:RtlUnwindEx x28=0000000110001140 cpsr=20000000 fpcr=00000000 fpsr=00000010
0024:trace:seh:RtlUnwindEx calling handler 00000002D785BE10 (rec=000000010020D038, frame=10020d100 context=000000010020CC90, dispatch=000000010020CAA8)
0024:trace:seh:RtlUnwindEx handler 00000002D785BE10 returned 1
0024:trace:seh:RtlUnwindEx calling handler 00000002D785BE60 (rec=000000010020D038, frame=10020d830 context=000000010020CC90, dispatch=000000010020CAA8)
0024:trace:seh:RtlUnwindEx handler 00000002D785BE60 returned 1
0024:trace:seh:RtlRestoreContext returning to 2d785e164 stack 10020d830
0024:trace:seh:RtlUnwindEx code=80000026 flags=2 end_frame=000000010020DF00 target_ip=00000002D785E164
0024:trace:seh:RtlUnwindEx  info[0]=000000010020dde0
0024:trace:seh:RtlUnwindEx  pc=00000002d79ca0b8  sp=000000010020c6b0  lr=0000000000000000  fp=000000010010e220
0024:trace:seh:RtlUnwindEx  x0=0000000000000000  x1=00000002d785e164  x2=000000010020d008  x3=0000000000000001
0024:trace:seh:RtlUnwindEx  x4=000000010020cc60  x5=0000000000000000  x6=000000000012f2dc  x7=0000000000006010
0024:trace:seh:RtlUnwindEx  x8=000000007ffe8000  x9=0000000000000001 x10=000000000012f2f8 x11=0000000000000054
0024:trace:seh:RtlUnwindEx x12=0000000000000000 x13=0000000000000000 x14=0000000000000000 x15=0000000000000030
0024:trace:seh:RtlUnwindEx x16=00000002d785dd18 x17=000000010020d210 x18=000000007ffe8000 x19=0000000110001140
0024:trace:seh:RtlUnwindEx x20=000000010020cc60 x21=00000002d785e164 x22=000000007bddcabc x23=000000010020df00
0024:trace:seh:RtlUnwindEx x24=000000007ffea000 x25=000000010020d008 x26=0000000000000054 x27=00000000ffffff7f
0024:trace:seh:RtlUnwindEx x28=0000000110001140 cpsr=20000000 fpcr=00000000 fpsr=00000010
0024:trace:seh:RtlUnwindEx calling handler 00000002D785BE10 (rec=000000010020D008, frame=10020d0d0 context=000000010020CC60, dispatch=000000010020CA78)
0024:trace:seh:RtlUnwindEx handler 00000002D785BE10 returned 1
0024:trace:seh:RtlUnwindEx calling handler 00000002D785BE60 (rec=000000010020D008, frame=10020d800 context=000000010020CC60, dispatch=000000010020CA78)
0024:trace:seh:RtlUnwindEx handler 00000002D785BE60 returned 1
0024:trace:seh:RtlRestoreContext returning to 2d785e164 stack 10020d800
[JuiceRect] input hwnd=0x10064 dpi=96/1 raw=96/1 win=8,338,492,340 client=9,339,491,339 visible=8,338,492,340
[JuiceRect] mapped hwnd=0x10064 win=8,338,492,340 client=9,339,491,339 visible=8,338,492,340
[JuiceGeom] changed hwnd=0x10064 flags=1e ptr=0x10010e830 window=8,338,492,340 client=9,339,491,339 visible=8,338,492,340 surface=0x0 shown=0
0024:trace:seh:RtlUnwindEx code=80000026 flags=2 end_frame=000000010020CB50 target_ip=00000002D785E164
0024:trace:seh:RtlUnwindEx  info[0]=000000010020ca30
0024:trace:seh:RtlUnwindEx  pc=00000002d79ca0b8  sp=000000010020b300  lr=0000000000000000  fp=000000010010d580
0024:trace:seh:RtlUnwindEx  x0=0000000000000000  x1=00000002d785e164  x2=000000010020bc58  x3=0000000000000001
0024:trace:seh:RtlUnwindEx  x4=000000010020b8b0  x5=0000000000000000  x6=000000000012f32c  x7=0000000000006010
0024:trace:seh:RtlUnwindEx  x8=000000007ffe8000  x9=0000000000000001 x10=000000000012efe8 x11=0000000000000004
0024:trace:seh:RtlUnwindEx x12=0000000000000000 x13=0000000000000000 x14=0000000000000000 x15=0000000000000030
0024:trace:seh:RtlUnwindEx x16=00000002d785dd18 x17=000000010020be60 x18=000000007ffe8000 x19=0000000110001140
0024:trace:seh:RtlUnwindEx x20=000000010020b8b0 x21=00000002d785e164 x22=000000007bddcabc x23=000000010020cb50
0024:trace:seh:RtlUnwindEx x24=000000007ffea000 x25=000000010020bc58 x26=000000000012efe4 x27=000000000012efe0
0024:trace:seh:RtlUnwindEx x28=0000000110001140 cpsr=20000000 fpcr=00000000 fpsr=00000000
0024:trace:seh:RtlUnwindEx calling handler 00000002D785BE10 (rec=000000010020BC58, frame=10020bd20 context=000000010020B8B0, dispatch=000000010020B6C8)
0024:trace:seh:RtlUnwindEx handler 00000002D785BE10 returned 1
0024:trace:seh:RtlUnwindEx calling handler 00000002D785BE60 (rec=000000010020BC58, frame=10020c450 context=000000010020B8B0, dispatch=000000010020B6C8)
0024:trace:seh:RtlUnwindEx handler 00000002D785BE60 returned 1
0024:trace:seh:RtlRestoreContext returning to 2d785e164 stack 10020c450
0024:trace:seh:RtlUnwindEx code=80000026 flags=2 end_frame=000000010020CB50 target_ip=00000002D785E164
0024:trace:seh:RtlUnwindEx  info[0]=000000010020ca30
0024:trace:seh:RtlUnwindEx  pc=00000002d79ca0b8  sp=000000010020b300  lr=0000000000000000  fp=000000010010d580
0024:trace:seh:RtlUnwindEx  x0=0000000000000000  x1=00000002d785e164  x2=000000010020bc58  x3=0000000000000001
0024:trace:seh:RtlUnwindEx  x4=000000010020b8b0  x5=0000000000000000  x6=000000000012f32c  x7=0000000000006010
0024:trace:seh:RtlUnwindEx  x8=000000007ffe8000  x9=0000000000000001 x10=000000000012efe8 x11=0000000000000004
0024:trace:seh:RtlUnwindEx x12=0000000000000000 x13=0000000000000000 x14=0000000000000000 x15=0000000000000030
0024:trace:seh:RtlUnwindEx x16=00000002d785dd18 x17=000000010020be60 x18=000000007ffe8000 x19=0000000110001140
0024:trace:seh:RtlUnwindEx x20=000000010020b8b0 x21=00000002d785e164 x22=000000007bddcabc x23=000000010020cb50
0024:trace:seh:RtlUnwindEx x24=000000007ffea000 x25=000000010020bc58 x26=000000000012efe4 x27=000000000012efe0
0024:trace:seh:RtlUnwindEx x28=0000000110001140 cpsr=20000000 fpcr=00000000 fpsr=00000000
0024:trace:seh:RtlUnwindEx calling handler 00000002D785BE10 (rec=000000010020BC58, frame=10020bd20 context=000000010020B8B0, dispatch=000000010020B6C8)
0024:trace:seh:RtlUnwindEx handler 00000002D785BE10 returned 1
0024:trace:seh:RtlUnwindEx calling handler 00000002D785BE60 (rec=000000010020BC58, frame=10020c450 context=000000010020B8B0, dispatch=000000010020B6C8)
0024:trace:seh:RtlUnwindEx handler 00000002D785BE60 returned 1
0024:trace:seh:RtlRestoreContext returning to 2d785e164 stack 10020c450
0024:trace:seh:RtlUnwindEx code=80000026 flags=2 end_frame=000000010020DF30 target_ip=00000002D785E164
0024:trace:seh:RtlUnwindEx  info[0]=000000010020de10
0024:trace:seh:RtlUnwindEx  pc=00000002d79ca0b8  sp=000000010020c6e0  lr=0000000000000000  fp=000000010010e220
0024:trace:seh:RtlUnwindEx  x0=0000000000000000  x1=00000002d785e164  x2=000000010020d038  x3=0000000000000001
0024:trace:seh:RtlUnwindEx  x4=000000010020cc90  x5=0000000000000000  x6=000000000012f30c  x7=0000000000006010
0024:trace:seh:RtlUnwindEx  x8=000000007ffe8000  x9=0000000000000001 x10=000000000012f328 x11=0000000000000020
0024:trace:seh:RtlUnwindEx x12=0000000000000000 x13=0000000000000000 x14=0000000000000000 x15=0000000000000030
0024:trace:seh:RtlUnwindEx x16=00000002d785dd18 x17=000000010020d240 x18=000000007ffe8000 x19=0000000110001140
0024:trace:seh:RtlUnwindEx x20=000000010020cc90 x21=00000002d785e164 x22=000000007bddcabc x23=000000010020df30
0024:trace:seh:RtlUnwindEx x24=000000007ffea000 x25=000000010020d038 x26=0000000000000020 x27=00000000ffffffb3
0024:trace:seh:RtlUnwindEx x28=0000000110001140 cpsr=20000000 fpcr=00000000 fpsr=00000000
0024:trace:seh:RtlUnwindEx calling handler 00000002D785BE10 (rec=000000010020D038, frame=10020d100 context=000000010020CC90, dispatch=000000010020CAA8)
0024:trace:seh:RtlUnwindEx handler 00000002D785BE10 returned 1
0024:trace:seh:RtlUnwindEx calling handler 00000002D785BE60 (rec=000000010020D038, frame=10020d830 context=000000010020CC90, dispatch=000000010020CAA8)
0024:trace:seh:RtlUnwindEx handler 00000002D785BE60 returned 1
0024:trace:seh:RtlRestoreContext returning to 2d785e164 stack 10020d830
0024:trace:seh:RtlUnwindEx code=80000026 flags=2 end_frame=000000010020EE90 target_ip=00000002D785E164
0024:trace:seh:RtlUnwindEx  info[0]=000000010020ed70
0024:trace:seh:RtlUnwindEx  pc=00000002d79ca0b8  sp=000000010020d640  lr=0000000000000000  fp=000000010010f010
0024:trace:seh:RtlUnwindEx  x0=0000000000000000  x1=00000002d785e164  x2=000000010020df98  x3=0000000000000001
0024:trace:seh:RtlUnwindEx  x4=000000010020dbf0  x5=0000000000000000  x6=000000000012f55c  x7=0000000000006010
0024:trace:seh:RtlUnwindEx  x8=000000007ffe8000  x9=0000000000000001 x10=000000000012f578 x11=0000000000000044
0024:trace:seh:RtlUnwindEx x12=0000000000000000 x13=0000000000000000 x14=000000000000015f x15=00000001080c2880
0024:trace:seh:RtlUnwindEx x16=00000002d785dd18 x17=000000010020e0d0 x18=000000007ffe8000 x19=0000000110001140
0024:trace:seh:RtlUnwindEx x20=000000010020dbf0 x21=00000002d785e164 x22=000000007bddcabc x23=000000010020ee90
0024:trace:seh:RtlUnwindEx x24=000000007ffea000 x25=000000010020df98 x26=0000000000000044 x27=00000000ffffff8f
0024:trace:seh:RtlUnwindEx x28=0000000110001140 cpsr=20000000 fpcr=00000000 fpsr=00000000
0024:trace:seh:RtlUnwindEx calling handler 00000002D785BE10 (rec=000000010020DF98, frame=10020e060 context=000000010020DBF0, dispatch=000000010020DA08)
0024:trace:seh:RtlUnwindEx handler 00000002D785BE10 returned 1
0024:trace:seh:RtlUnwindEx calling handler 00000002D785BE60 (rec=000000010020DF98, frame=10020e790 context=000000010020DBF0, dispatch=000000010020DA08)
0024:trace:seh:RtlUnwindEx handler 00000002D785BE60 returned 1
0024:trace:seh:RtlRestoreContext returning to 2d785e164 stack 10020e790
0024:trace:seh:RtlUnwindEx code=80000026 flags=2 end_frame=000000010020EEE0 target_ip=00000002D785E164
0024:trace:seh:RtlUnwindEx  info[0]=000000010020edc0
0024:trace:seh:RtlUnwindEx  pc=00000002d79ca0b8  sp=000000010020d690  lr=0000000000000000  fp=000000010010f010
0024:trace:seh:RtlUnwindEx  x0=0000000000000000  x1=00000002d785e164  x2=000000010020dfe8  x3=0000000000000001
0024:trace:seh:RtlUnwindEx  x4=000000010020dc40  x5=0000000000000000  x6=000000000012f58c  x7=0000000000006010
0024:trace:seh:RtlUnwindEx  x8=000000007ffe8000  x9=0000000000000001 x10=000000000012f5a8 x11=0000000000000014
0024:trace:seh:RtlUnwindEx x12=0000000000000000 x13=0000000000000000 x14=0000000000000000 x15=0000000000000030
0024:trace:seh:RtlUnwindEx x16=00000002d785dd18 x17=000000010020e1f0 x18=000000007ffe8000 x19=0000000110001140
0024:trace:seh:RtlUnwindEx x20=000000010020dc40 x21=00000002d785e164 x22=000000007bddcabc x23=000000010020eee0
0024:trace:seh:RtlUnwindEx x24=000000007ffea000 x25=000000010020dfe8 x26=0000000000000014 x27=00000000ffffffbf
0024:trace:seh:RtlUnwindEx x28=0000000110001140 cpsr=20000000 fpcr=00000000 fpsr=00000010
0024:trace:seh:RtlUnwindEx calling handler 00000002D785BE10 (rec=000000010020DFE8, frame=10020e0b0 context=000000010020DC40, dispatch=000000010020DA58)
0024:trace:seh:RtlUnwindEx handler 00000002D785BE10 returned 1
0024:trace:seh:RtlUnwindEx calling handler 00000002D785BE60 (rec=000000010020DFE8, frame=10020e7e0 context=000000010020DC40, dispatch=000000010020DA58)
0024:trace:seh:RtlUnwindEx handler 00000002D785BE60 returned 1
0024:trace:seh:RtlRestoreContext returning to 2d785e164 stack 10020e7e0
[JuiceRect] input hwnd=0x10064 dpi=96/1 raw=96/1 win=8,338,492,340 client=9,339,491,339 visible=8,338,492,340
[JuiceRect] mapped hwnd=0x10064 win=8,338,492,340 client=9,339,491,339 visible=8,338,492,340
[JuiceGeom] changed hwnd=0x10064 flags=10 ptr=0x10010f620 window=8,338,492,340 client=9,339,491,339 visible=8,338,492,340 surface=0x0 shown=0
0024:trace:seh:RtlUnwindEx code=80000026 flags=2 end_frame=000000010020EE90 target_ip=00000002D785E164
0024:trace:seh:RtlUnwindEx  info[0]=000000010020ed70
0024:trace:seh:RtlUnwindEx  pc=00000002d79ca0b8  sp=000000010020d640  lr=0000000000000000  fp=000000010010f010
0024:trace:seh:RtlUnwindEx  x0=0000000000000000  x1=00000002d785e164  x2=000000010020df98  x3=0000000000000001
0024:trace:seh:RtlUnwindEx  x4=000000010020dbf0  x5=0000000000000000  x6=000000000012f55c  x7=0000000000006010
0024:trace:seh:RtlUnwindEx  x8=000000007ffe8000  x9=0000000000000001 x10=000000000012f578 x11=0000000000000044
0024:trace:seh:RtlUnwindEx x12=0000000000000000 x13=000000000003b573 x14=000000007b0f6b00 x15=00000002d7641b2c
0024:trace:seh:RtlUnwindEx x16=00000002d785dd18 x17=000000010020e110 x18=000000007ffe8000 x19=0000000110001140
0024:trace:seh:RtlUnwindEx x20=000000010020dbf0 x21=00000002d785e164 x22=000000007bddcabc x23=000000010020ee90
0024:trace:seh:RtlUnwindEx x24=000000007ffea000 x25=000000010020df98 x26=0000000000000044 x27=00000000ffffff8f
0024:trace:seh:RtlUnwindEx x28=0000000110001140 cpsr=20000000 fpcr=00000000 fpsr=00000000
0024:trace:seh:RtlUnwindEx calling handler 00000002D785BE10 (rec=000000010020DF98, frame=10020e060 context=000000010020DBF0, dispatch=000000010020DA08)
0024:trace:seh:RtlUnwindEx handler 00000002D785BE10 returned 1
0024:trace:seh:RtlUnwindEx calling handler 00000002D785BE60 (rec=000000010020DF98, frame=10020e790 context=000000010020DBF0, dispatch=000000010020DA08)
0024:trace:seh:RtlUnwindEx handler 00000002D785BE60 returned 1
0024:trace:seh:RtlRestoreContext returning to 2d785e164 stack 10020e790
[JuiceDriver] create-enter hwnd=0x10064
[JuiceDriver] create-success hwnd=0x10064
0024:trace:seh:RtlUnwindEx code=80000026 flags=2 end_frame=000000010020EEF0 target_ip=00000002D785E164
0024:trace:seh:RtlUnwindEx  info[0]=000000010020edd0
0024:trace:seh:RtlUnwindEx  pc=00000002d79ca0b8  sp=000000010020d6a0  lr=0000000000000000  fp=000000010010f010
0024:trace:seh:RtlUnwindEx  x0=0000000000000000  x1=00000002d785e164  x2=000000010020dff8  x3=0000000000000001
0024:trace:seh:RtlUnwindEx  x4=000000010020dc50  x5=0000000000000000  x6=0000000000000004  x7=0000000000006010
0024:trace:seh:RtlUnwindEx  x8=000000007ffe8000  x9=0000000000000001 x10=000000000012f4e8 x11=0000000000000004
0024:trace:seh:RtlUnwindEx x12=0000000000000000 x13=0000000000000000 x14=0000000000000000 x15=0000000000000030
0024:trace:seh:RtlUnwindEx x16=00000002d785dd18 x17=000000010020e200 x18=000000007ffe8000 x19=0000000110001140
0024:trace:seh:RtlUnwindEx x20=000000010020dc50 x21=00000002d785e164 x22=000000007bddcabc x23=000000010020eef0
0024:trace:seh:RtlUnwindEx x24=000000007ffea000 x25=000000010020dff8 x26=000000000012f4e4 x27=000000000012f4e0
0024:trace:seh:RtlUnwindEx x28=0000000110001140 cpsr=20000000 fpcr=00000000 fpsr=00000000
0024:trace:seh:RtlUnwindEx calling handler 00000002D785BE10 (rec=000000010020DFF8, frame=10020e0c0 context=000000010020DC50, dispatch=000000010020DA68)
0024:trace:seh:RtlUnwindEx handler 00000002D785BE10 returned 1
0024:trace:seh:RtlUnwindEx calling handler 00000002D785BE60 (rec=000000010020DFF8, frame=10020e7f0 context=000000010020DC50, dispatch=000000010020DA68)
0024:trace:seh:RtlUnwindEx handler 00000002D785BE60 returned 1
0024:trace:seh:RtlRestoreContext returning to 2d785e164 stack 10020e7f0
0024:trace:seh:RtlUnwindEx code=80000026 flags=2 end_frame=000000010020EEF0 target_ip=00000002D785E164
0024:trace:seh:RtlUnwindEx  info[0]=000000010020edd0
0024:trace:seh:RtlUnwindEx  pc=00000002d79ca0b8  sp=000000010020d6a0  lr=0000000000000000  fp=000000010010f010
0024:trace:seh:RtlUnwindEx  x0=0000000000000000  x1=00000002d785e164  x2=000000010020dff8  x3=0000000000000001
0024:trace:seh:RtlUnwindEx  x4=000000010020dc50  x5=0000000000000000  x6=0000000000000004  x7=0000000000006010
0024:trace:seh:RtlUnwindEx  x8=000000007ffe8000  x9=0000000000000001 x10=000000000012f4e8 x11=0000000000000004
0024:trace:seh:RtlUnwindEx x12=0000000000000000 x13=0000000000000000 x14=0000000000000000 x15=0000000000000030
0024:trace:seh:RtlUnwindEx x16=00000002d785dd18 x17=000000010020e200 x18=000000007ffe8000 x19=0000000110001140
0024:trace:seh:RtlUnwindEx x20=000000010020dc50 x21=00000002d785e164 x22=000000007bddcabc x23=000000010020eef0
0024:trace:seh:RtlUnwindEx x24=000000007ffea000 x25=000000010020dff8 x26=000000000012f4e4 x27=000000000012f4e0
0024:trace:seh:RtlUnwindEx x28=0000000110001140 cpsr=20000000 fpcr=00000000 fpsr=00000000
0024:trace:seh:RtlUnwindEx calling handler 00000002D785BE10 (rec=000000010020DFF8, frame=10020e0c0 context=000000010020DC50, dispatch=000000010020DA68)
0024:trace:seh:RtlUnwindEx handler 00000002D785BE10 returned 1
0024:trace:seh:RtlUnwindEx calling handler 00000002D785BE60 (rec=000000010020DFF8, frame=10020e7f0 context=000000010020DC50, dispatch=000000010020DA68)
0024:trace:seh:RtlUnwindEx handler 00000002D785BE60 returned 1
0024:trace:seh:RtlRestoreContext returning to 2d785e164 stack 10020e7f0
0024:trace:seh:RtlUnwindEx code=80000026 flags=2 end_frame=000000010020EEF0 target_ip=00000002D785E164
0024:trace:seh:RtlUnwindEx  info[0]=000000010020edd0
0024:trace:seh:RtlUnwindEx  pc=00000002d79ca0b8  sp=000000010020d6a0  lr=0000000000000000  fp=000000010010ef50
0024:trace:seh:RtlUnwindEx  x0=0000000000000000  x1=00000002d785e164  x2=000000010020dff8  x3=0000000000000001
0024:trace:seh:RtlUnwindEx  x4=000000010020dc50  x5=0000000000000000  x6=0000000000000004  x7=0000000000006010
0024:trace:seh:RtlUnwindEx  x8=000000007ffe8000  x9=0000000000000001 x10=000000000012f4e8 x11=0000000000000004
0024:trace:seh:RtlUnwindEx x12=0000000000000000 x13=0000000000000000 x14=0000000000000000 x15=0000000000000030
0024:trace:seh:RtlUnwindEx x16=00000002d785dd18 x17=000000010020e200 x18=000000007ffe8000 x19=0000000110001140
0024:trace:seh:RtlUnwindEx x20=000000010020dc50 x21=00000002d785e164 x22=000000007bddcabc x23=000000010020eef0
0024:trace:seh:RtlUnwindEx x24=000000007ffea000 x25=000000010020dff8 x26=000000000012f4e4 x27=000000000012f4e0
0024:trace:seh:RtlUnwindEx x28=0000000110001140 cpsr=20000000 fpcr=00000000 fpsr=00000000
0024:trace:seh:RtlUnwindEx calling handler 00000002D785BE10 (rec=000000010020DFF8, frame=10020e0c0 context=000000010020DC50, dispatch=000000010020DA68)
0024:trace:seh:RtlUnwindEx handler 00000002D785BE10 returned 1
0024:trace:seh:RtlUnwindEx calling handler 00000002D785BE60 (rec=000000010020DFF8, frame=10020e7f0 context=000000010020DC50, dispatch=000000010020DA68)
0024:trace:seh:RtlUnwindEx handler 00000002D785BE60 returned 1
0024:trace:seh:RtlRestoreContext returning to 2d785e164 stack 10020e7f0
[JuiceRect] input hwnd=0x10064 dpi=96/1 raw=96/1 win=8,338,492,340 client=9,339,491,339 visible=8,338,492,340
[JuiceRect] mapped hwnd=0x10064 win=8,338,492,340 client=9,339,491,339 visible=8,338,492,340
[JuiceGeom] changed hwnd=0x10064 flags=181f ptr=0x10010f3f0 window=8,338,492,340 client=9,339,491,339 visible=8,338,492,340 surface=0x0 shown=0
[JuiceRect] input hwnd=0x10052 dpi=96/1 raw=96/1 win=260,177,763,591 client=263,199,760,588 visible=260,177,763,591
[JuiceRect] mapped hwnd=0x10052 win=260,177,763,591 client=263,199,760,588 visible=260,177,763,591
[JuiceGeom] changed hwnd=0x10052 flags=181f ptr=0x10010f590 window=260,177,763,591 client=263,199,760,588 visible=260,177,763,591 surface=0x69a784f0 shown=0
[JuiceCreate] ex=00000004 class=0x10020f050 version=0x0 name=0x10020f030 style=50020010 x=0 y=61 cx=510 cy=2 parent=0x10052 menu=0x40c classinst=0x400000 params=0x0 flags=00000000 inst=0x400000 classptr=0x7b63b298 ansi=0
[JuiceRect] input hwnd=0x10066 dpi=96/1 raw=96/1 win=0,61,510,63 client=0,61,510,63 visible=0,61,510,63
[JuiceRect] mapped hwnd=0x10066 win=0,61,510,63 client=0,61,510,63 visible=0,61,510,63
[JuiceGeom] changed hwnd=0x10066 flags=14 ptr=0x10010f620 window=0,61,510,63 client=0,61,510,63 visible=0,61,510,63 surface=0x0 shown=0
0024:trace:seh:RtlUnwindEx code=80000026 flags=2 end_frame=000000010020DF50 target_ip=00000002D785E164
0024:trace:seh:RtlUnwindEx  info[0]=000000010020de30
0024:trace:seh:RtlUnwindEx  pc=00000002d79ca0b8  sp=000000010020c700  lr=0000000000000000  fp=000000010010e3e0
0024:trace:seh:RtlUnwindEx  x0=0000000000000000  x1=00000002d785e164  x2=000000010020d058  x3=0000000000000001
0024:trace:seh:RtlUnwindEx  x4=000000010020ccb0  x5=0000000000000000  x6=000000000012f30c  x7=0000000000006010
0024:trace:seh:RtlUnwindEx  x8=000000007ffe8000  x9=0000000000000001 x10=000000000012f328 x11=000000000000000c
0024:trace:seh:RtlUnwindEx x12=0000000000000000 x13=0000000000000000 x14=0000000000000000 x15=0000000000000030
0024:trace:seh:RtlUnwindEx x16=00000002d785dd18 x17=000000010020d260 x18=000000007ffe8000 x19=0000000110001140
0024:trace:seh:RtlUnwindEx x20=000000010020ccb0 x21=00000002d785e164 x22=000000007bddcabc x23=000000010020df50
0024:trace:seh:RtlUnwindEx x24=000000007ffea000 x25=000000010020d058 x26=000000000000000c x27=00000000ffffffc7
0024:trace:seh:RtlUnwindEx x28=0000000110001140 cpsr=20000000 fpcr=00000000 fpsr=00000000
0024:trace:seh:RtlUnwindEx calling handler 00000002D785BE10 (rec=000000010020D058, frame=10020d120 context=000000010020CCB0, dispatch=000000010020CAC8)
0024:trace:seh:RtlUnwindEx handler 00000002D785BE10 returned 1
0024:trace:seh:RtlUnwindEx calling handler 00000002D785BE60 (rec=000000010020D058, frame=10020d850 context=000000010020CCB0, dispatch=000000010020CAC8)
0024:trace:seh:RtlUnwindEx handler 00000002D785BE60 returned 1
0024:trace:seh:RtlRestoreContext returning to 2d785e164 stack 10020d850
0024:trace:seh:RtlUnwindEx code=80000026 flags=2 end_frame=000000010020DF50 target_ip=00000002D785E164
0024:trace:seh:RtlUnwindEx  info[0]=000000010020de30
0024:trace:seh:RtlUnwindEx  pc=00000002d79ca0b8  sp=000000010020c700  lr=0000000000000000  fp=000000010010e3e0
0024:trace:seh:RtlUnwindEx  x0=0000000000000000  x1=00000002d785e164  x2=000000010020d058  x3=0000000000000001
0024:trace:seh:RtlUnwindEx  x4=000000010020ccb0  x5=0000000000000000  x6=000000000012f30c  x7=0000000000006010
0024:trace:seh:RtlUnwindEx  x8=000000007ffe8000  x9=0000000000000001 x10=000000000012f328 x11=000000000000000c
0024:trace:seh:RtlUnwindEx x12=0000000000000000 x13=0000000000000000 x14=0000000000000000 x15=0000000000000030
0024:trace:seh:RtlUnwindEx x16=00000002d785dd18 x17=000000010020d260 x18=000000007ffe8000 x19=0000000110001140
0024:trace:seh:RtlUnwindEx x20=000000010020ccb0 x21=00000002d785e164 x22=000000007bddcabc x23=000000010020df50
0024:trace:seh:RtlUnwindEx x24=000000007ffea000 x25=000000010020d058 x26=000000000000000c x27=00000000ffffffc7
0024:trace:seh:RtlUnwindEx x28=0000000110001140 cpsr=20000000 fpcr=00000000 fpsr=00000000
0024:trace:seh:RtlUnwindEx calling handler 00000002D785BE10 (rec=000000010020D058, frame=10020d120 context=000000010020CCB0, dispatch=000000010020CAC8)
0024:trace:seh:RtlUnwindEx handler 00000002D785BE10 returned 1
0024:trace:seh:RtlUnwindEx calling handler 00000002D785BE60 (rec=000000010020D058, frame=10020d850 context=000000010020CCB0, dispatch=000000010020CAC8)
0024:trace:seh:RtlUnwindEx handler 00000002D785BE60 returned 1
0024:trace:seh:RtlRestoreContext returning to 2d785e164 stack 10020d850
0024:trace:seh:RtlUnwindEx code=80000026 flags=2 end_frame=000000010020DF30 target_ip=00000002D785E164
0024:trace:seh:RtlUnwindEx  info[0]=000000010020de10
0024:trace:seh:RtlUnwindEx  pc=00000002d79ca0b8  sp=000000010020c6e0  lr=0000000000000000  fp=000000010010e220
0024:trace:seh:RtlUnwindEx  x0=0000000000000000  x1=00000002d785e164  x2=000000010020d038  x3=0000000000000001
0024:trace:seh:RtlUnwindEx  x4=000000010020cc90  x5=0000000000000000  x6=000000000012f30c  x7=0000000000006010
0024:trace:seh:RtlUnwindEx  x8=000000007ffe8000  x9=0000000000000001 x10=000000000012f328 x11=0000000000000020
0024:trace:seh:RtlUnwindEx x12=0000000000000000 x13=0000000000000000 x14=0000000000000000 x15=0000000000000030
0024:trace:seh:RtlUnwindEx x16=00000002d785dd18 x17=000000010020d240 x18=000000007ffe8000 x19=0000000110001140
0024:trace:seh:RtlUnwindEx x20=000000010020cc90 x21=00000002d785e164 x22=000000007bddcabc x23=000000010020df30
0024:trace:seh:RtlUnwindEx x24=000000007ffea000 x25=000000010020d038 x26=0000000000000020 x27=00000000ffffffb3
0024:trace:seh:RtlUnwindEx x28=0000000110001140 cpsr=20000000 fpcr=00000000 fpsr=00000010
0024:trace:seh:RtlUnwindEx calling handler 00000002D785BE10 (rec=000000010020D038, frame=10020d100 context=000000010020CC90, dispatch=000000010020CAA8)
0024:trace:seh:RtlUnwindEx handler 00000002D785BE10 returned 1
0024:trace:seh:RtlUnwindEx calling handler 00000002D785BE60 (rec=000000010020D038, frame=10020d830 context=000000010020CC90, dispatch=000000010020CAA8)
0024:trace:seh:RtlUnwindEx handler 00000002D785BE60 returned 1
0024:trace:seh:RtlRestoreContext returning to 2d785e164 stack 10020d830
0024:trace:seh:RtlUnwindEx code=80000026 flags=2 end_frame=000000010020DF00 target_ip=00000002D785E164
0024:trace:seh:RtlUnwindEx  info[0]=000000010020dde0
0024:trace:seh:RtlUnwindEx  pc=00000002d79ca0b8  sp=000000010020c6b0  lr=0000000000000000  fp=000000010010e220
0024:trace:seh:RtlUnwindEx  x0=0000000000000000  x1=00000002d785e164  x2=000000010020d008  x3=0000000000000001
0024:trace:seh:RtlUnwindEx  x4=000000010020cc60  x5=0000000000000000  x6=000000000012f2dc  x7=0000000000006010
0024:trace:seh:RtlUnwindEx  x8=000000007ffe8000  x9=0000000000000001 x10=000000000012f2f8 x11=0000000000000054
0024:trace:seh:RtlUnwindEx x12=0000000000000000 x13=0000000000000000 x14=0000000000000000 x15=0000000000000030
0024:trace:seh:RtlUnwindEx x16=00000002d785dd18 x17=000000010020d210 x18=000000007ffe8000 x19=0000000110001140
0024:trace:seh:RtlUnwindEx x20=000000010020cc60 x21=00000002d785e164 x22=000000007bddcabc x23=000000010020df00
0024:trace:seh:RtlUnwindEx x24=000000007ffea000 x25=000000010020d008 x26=0000000000000054 x27=00000000ffffff7f
0024:trace:seh:RtlUnwindEx x28=0000000110001140 cpsr=20000000 fpcr=00000000 fpsr=00000010
0024:trace:seh:RtlUnwindEx calling handler 00000002D785BE10 (rec=000000010020D008, frame=10020d0d0 context=000000010020CC60, dispatch=000000010020CA78)
0024:trace:seh:RtlUnwindEx handler 00000002D785BE10 returned 1
0024:trace:seh:RtlUnwindEx calling handler 00000002D785BE60 (rec=000000010020D008, frame=10020d800 context=000000010020CC60, dispatch=000000010020CA78)
0024:trace:seh:RtlUnwindEx handler 00000002D785BE60 returned 1
0024:trace:seh:RtlRestoreContext returning to 2d785e164 stack 10020d800
[JuiceRect] input hwnd=0x10066 dpi=96/1 raw=96/1 win=0,61,512,63 client=1,62,511,62 visible=0,61,512,63
[JuiceRect] mapped hwnd=0x10066 win=0,61,512,63 client=1,62,511,62 visible=0,61,512,63
[JuiceGeom] changed hwnd=0x10066 flags=1e ptr=0x10010e830 window=0,61,512,63 client=1,62,511,62 visible=0,61,512,63 surface=0x0 shown=0
0024:trace:seh:RtlUnwindEx code=80000026 flags=2 end_frame=000000010020CB50 target_ip=00000002D785E164
0024:trace:seh:RtlUnwindEx  info[0]=000000010020ca30
0024:trace:seh:RtlUnwindEx  pc=00000002d79ca0b8  sp=000000010020b300  lr=0000000000000000  fp=000000010010d580
0024:trace:seh:RtlUnwindEx  x0=0000000000000000  x1=00000002d785e164  x2=000000010020bc58  x3=0000000000000001
0024:trace:seh:RtlUnwindEx  x4=000000010020b8b0  x5=0000000000000000  x6=000000000012f32c  x7=0000000000006010
0024:trace:seh:RtlUnwindEx  x8=000000007ffe8000  x9=0000000000000001 x10=000000000012efe8 x11=0000000000000004
0024:trace:seh:RtlUnwindEx x12=0000000000000000 x13=0000000000000000 x14=0000000000000000 x15=0000000000000030
0024:trace:seh:RtlUnwindEx x16=00000002d785dd18 x17=000000010020be60 x18=000000007ffe8000 x19=0000000110001140
0024:trace:seh:RtlUnwindEx x20=000000010020b8b0 x21=00000002d785e164 x22=000000007bddcabc x23=000000010020cb50
0024:trace:seh:RtlUnwindEx x24=000000007ffea000 x25=000000010020bc58 x26=000000000012efe4 x27=000000000012efe0
0024:trace:seh:RtlUnwindEx x28=0000000110001140 cpsr=20000000 fpcr=00000000 fpsr=00000000
0024:trace:seh:RtlUnwindEx calling handler 00000002D785BE10 (rec=000000010020BC58, frame=10020bd20 context=000000010020B8B0, dispatch=000000010020B6C8)
0024:trace:seh:RtlUnwindEx handler 00000002D785BE10 returned 1
0024:trace:seh:RtlUnwindEx calling handler 00000002D785BE60 (rec=000000010020BC58, frame=10020c450 context=000000010020B8B0, dispatch=000000010020B6C8)
0024:trace:seh:RtlUnwindEx handler 00000002D785BE60 returned 1
0024:trace:seh:RtlRestoreContext returning to 2d785e164 stack 10020c450
0024:trace:seh:RtlUnwindEx code=80000026 flags=2 end_frame=000000010020CB50 target_ip=00000002D785E164
0024:trace:seh:RtlUnwindEx  info[0]=000000010020ca30
0024:trace:seh:RtlUnwindEx  pc=00000002d79ca0b8  sp=000000010020b300  lr=0000000000000000  fp=000000010010d580
0024:trace:seh:RtlUnwindEx  x0=0000000000000000  x1=00000002d785e164  x2=000000010020bc58  x3=0000000000000001
0024:trace:seh:RtlUnwindEx  x4=000000010020b8b0  x5=0000000000000000  x6=000000000012f32c  x7=0000000000006010
0024:trace:seh:RtlUnwindEx  x8=000000007ffe8000  x9=0000000000000001 x10=000000000012efe8 x11=0000000000000004
0024:trace:seh:RtlUnwindEx x12=0000000000000000 x13=0000000000000000 x14=0000000000000000 x15=0000000000000030
0024:trace:seh:RtlUnwindEx x16=00000002d785dd18 x17=000000010020be60 x18=000000007ffe8000 x19=0000000110001140
0024:trace:seh:RtlUnwindEx x20=000000010020b8b0 x21=00000002d785e164 x22=000000007bddcabc x23=000000010020cb50
0024:trace:seh:RtlUnwindEx x24=000000007ffea000 x25=000000010020bc58 x26=000000000012efe4 x27=000000000012efe0
0024:trace:seh:RtlUnwindEx x28=0000000110001140 cpsr=20000000 fpcr=00000000 fpsr=00000000
0024:trace:seh:RtlUnwindEx calling handler 00000002D785BE10 (rec=000000010020BC58, frame=10020bd20 context=000000010020B8B0, dispatch=000000010020B6C8)
0024:trace:seh:RtlUnwindEx handler 00000002D785BE10 returned 1
0024:trace:seh:RtlUnwindEx calling handler 00000002D785BE60 (rec=000000010020BC58, frame=10020c450 context=000000010020B8B0, dispatch=000000010020B6C8)
0024:trace:seh:RtlUnwindEx handler 00000002D785BE60 returned 1
0024:trace:seh:RtlRestoreContext returning to 2d785e164 stack 10020c450
0024:trace:seh:RtlUnwindEx code=80000026 flags=2 end_frame=000000010020DF30 target_ip=00000002D785E164
0024:trace:seh:RtlUnwindEx  info[0]=000000010020de10
0024:trace:seh:RtlUnwindEx  pc=00000002d79ca0b8  sp=000000010020c6e0  lr=0000000000000000  fp=000000010010e220
0024:trace:seh:RtlUnwindEx  x0=0000000000000000  x1=00000002d785e164  x2=000000010020d038  x3=0000000000000001
0024:trace:seh:RtlUnwindEx  x4=000000010020cc90  x5=0000000000000000  x6=000000000012f30c  x7=0000000000006010
0024:trace:seh:RtlUnwindEx  x8=000000007ffe8000  x9=0000000000000001 x10=000000000012f328 x11=0000000000000020
0024:trace:seh:RtlUnwindEx x12=0000000000000000 x13=0000000000000000 x14=0000000000000000 x15=0000000000000030
0024:trace:seh:RtlUnwindEx x16=00000002d785dd18 x17=000000010020d240 x18=000000007ffe8000 x19=0000000110001140
0024:trace:seh:RtlUnwindEx x20=000000010020cc90 x21=00000002d785e164 x22=000000007bddcabc x23=000000010020df30
0024:trace:seh:RtlUnwindEx x24=000000007ffea000 x25=000000010020d038 x26=0000000000000020 x27=00000000ffffffb3
0024:trace:seh:RtlUnwindEx x28=0000000110001140 cpsr=20000000 fpcr=00000000 fpsr=00000000
0024:trace:seh:RtlUnwindEx calling handler 00000002D785BE10 (rec=000000010020D038, frame=10020d100 context=000000010020CC90, dispatch=000000010020CAA8)
0024:trace:seh:RtlUnwindEx handler 00000002D785BE10 returned 1
0024:trace:seh:RtlUnwindEx calling handler 00000002D785BE60 (rec=000000010020D038, frame=10020d830 context=000000010020CC90, dispatch=000000010020CAA8)
0024:trace:seh:RtlUnwindEx handler 00000002D785BE60 returned 1
0024:trace:seh:RtlRestoreContext returning to 2d785e164 stack 10020d830
0024:trace:seh:RtlUnwindEx code=80000026 flags=2 end_frame=000000010020EE90 target_ip=00000002D785E164
0024:trace:seh:RtlUnwindEx  info[0]=000000010020ed70
0024:trace:seh:RtlUnwindEx  pc=00000002d79ca0b8  sp=000000010020d640  lr=0000000000000000  fp=000000010010f010
0024:trace:seh:RtlUnwindEx  x0=0000000000000000  x1=00000002d785e164  x2=000000010020df98  x3=0000000000000001
0024:trace:seh:RtlUnwindEx  x4=000000010020dbf0  x5=0000000000000000  x6=000000000012f55c  x7=0000000000006010
0024:trace:seh:RtlUnwindEx  x8=000000007ffe8000  x9=0000000000000001 x10=000000000012f578 x11=0000000000000044
0024:trace:seh:RtlUnwindEx x12=0000000000000000 x13=0000000000048f2f x14=000000007ae32b00 x15=00000002d7641b2c
0024:trace:seh:RtlUnwindEx x16=00000002d785dd18 x17=000000010020e110 x18=000000007ffe8000 x19=0000000110001140
0024:trace:seh:RtlUnwindEx x20=000000010020dbf0 x21=00000002d785e164 x22=000000007bddcabc x23=000000010020ee90
0024:trace:seh:RtlUnwindEx x24=000000007ffea000 x25=000000010020df98 x26=0000000000000044 x27=00000000ffffff8f
0024:trace:seh:RtlUnwindEx x28=0000000110001140 cpsr=20000000 fpcr=00000000 fpsr=00000000
0024:trace:seh:RtlUnwindEx calling handler 00000002D785BE10 (rec=000000010020DF98, frame=10020e060 context=000000010020DBF0, dispatch=000000010020DA08)
0024:trace:seh:RtlUnwindEx handler 00000002D785BE10 returned 1
0024:trace:seh:RtlUnwindEx calling handler 00000002D785BE60 (rec=000000010020DF98, frame=10020e790 context=000000010020DBF0, dispatch=000000010020DA08)
0024:trace:seh:RtlUnwindEx handler 00000002D785BE60 returned 1
0024:trace:seh:RtlRestoreContext returning to 2d785e164 stack 10020e790
0024:trace:seh:RtlUnwindEx code=80000026 flags=2 end_frame=000000010020EEE0 target_ip=00000002D785E164
0024:trace:seh:RtlUnwindEx  info[0]=000000010020edc0
0024:trace:seh:RtlUnwindEx  pc=00000002d79ca0b8  sp=000000010020d690  lr=0000000000000000  fp=000000010010f010
0024:trace:seh:RtlUnwindEx  x0=0000000000000000  x1=00000002d785e164  x2=000000010020dfe8  x3=0000000000000001
0024:trace:seh:RtlUnwindEx  x4=000000010020dc40  x5=0000000000000000  x6=000000000012f58c  x7=0000000000006010
0024:trace:seh:RtlUnwindEx  x8=000000007ffe8000  x9=0000000000000001 x10=000000000012f5a8 x11=0000000000000014
0024:trace:seh:RtlUnwindEx x12=0000000000000000 x13=0000000000000000 x14=0000000000000000 x15=0000000000000030
0024:trace:seh:RtlUnwindEx x16=00000002d785dd18 x17=000000010020e1f0 x18=000000007ffe8000 x19=0000000110001140
0024:trace:seh:RtlUnwindEx x20=000000010020dc40 x21=00000002d785e164 x22=000000007bddcabc x23=000000010020eee0
0024:trace:seh:RtlUnwindEx x24=000000007ffea000 x25=000000010020dfe8 x26=0000000000000014 x27=00000000ffffffbf
0024:trace:seh:RtlUnwindEx x28=0000000110001140 cpsr=20000000 fpcr=00000000 fpsr=00000010
0024:trace:seh:RtlUnwindEx calling handler 00000002D785BE10 (rec=000000010020DFE8, frame=10020e0b0 context=000000010020DC40, dispatch=000000010020DA58)
0024:trace:seh:RtlUnwindEx handler 00000002D785BE10 returned 1
0024:trace:seh:RtlUnwindEx calling handler 00000002D785BE60 (rec=000000010020DFE8, frame=10020e7e0 context=000000010020DC40, dispatch=000000010020DA58)
0024:trace:seh:RtlUnwindEx handler 00000002D785BE60 returned 1
0024:trace:seh:RtlRestoreContext returning to 2d785e164 stack 10020e7e0
[JuiceRect] input hwnd=0x10066 dpi=96/1 raw=96/1 win=0,61,512,63 client=1,62,511,62 visible=0,61,512,63
[JuiceRect] mapped hwnd=0x10066 win=0,61,512,63 client=1,62,511,62 visible=0,61,512,63
[JuiceGeom] changed hwnd=0x10066 flags=10 ptr=0x10010f620 window=0,61,512,63 client=1,62,511,62 visible=0,61,512,63 surface=0x0 shown=0
0024:trace:seh:RtlUnwindEx code=80000026 flags=2 end_frame=000000010020EE90 target_ip=00000002D785E164
0024:trace:seh:RtlUnwindEx  info[0]=000000010020ed70
0024:trace:seh:RtlUnwindEx  pc=00000002d79ca0b8  sp=000000010020d640  lr=0000000000000000  fp=000000010010f010
0024:trace:seh:RtlUnwindEx  x0=0000000000000000  x1=00000002d785e164  x2=000000010020df98  x3=0000000000000001
0024:trace:seh:RtlUnwindEx  x4=000000010020dbf0  x5=0000000000000000  x6=000000000012f55c  x7=0000000000006010
0024:trace:seh:RtlUnwindEx  x8=000000007ffe8000  x9=0000000000000001 x10=000000000012f578 x11=0000000000000044
0024:trace:seh:RtlUnwindEx x12=0000000000000000 x13=00000000000583d0 x14=000000007b0f6b00 x15=00000002d7641b2c
0024:trace:seh:RtlUnwindEx x16=00000002d785dd18 x17=000000010020e110 x18=000000007ffe8000 x19=0000000110001140
0024:trace:seh:RtlUnwindEx x20=000000010020dbf0 x21=00000002d785e164 x22=000000007bddcabc x23=000000010020ee90
0024:trace:seh:RtlUnwindEx x24=000000007ffea000 x25=000000010020df98 x26=0000000000000044 x27=00000000ffffff8f
0024:trace:seh:RtlUnwindEx x28=0000000110001140 cpsr=20000000 fpcr=00000000 fpsr=00000000
0024:trace:seh:RtlUnwindEx calling handler 00000002D785BE10 (rec=000000010020DF98, frame=10020e060 context=000000010020DBF0, dispatch=000000010020DA08)
0024:trace:seh:RtlUnwindEx handler 00000002D785BE10 returned 1
0024:trace:seh:RtlUnwindEx calling handler 00000002D785BE60 (rec=000000010020DF98, frame=10020e790 context=000000010020DBF0, dispatch=000000010020DA08)
0024:trace:seh:RtlUnwindEx handler 00000002D785BE60 returned 1
0024:trace:seh:RtlRestoreContext returning to 2d785e164 stack 10020e790
[JuiceDriver] create-enter hwnd=0x10066
[JuiceDriver] create-success hwnd=0x10066
0024:trace:seh:RtlUnwindEx code=80000026 flags=2 end_frame=000000010020EEF0 target_ip=00000002D785E164
0024:trace:seh:RtlUnwindEx  info[0]=000000010020edd0
0024:trace:seh:RtlUnwindEx  pc=00000002d79ca0b8  sp=000000010020d6a0  lr=0000000000000000  fp=000000010010f010
0024:trace:seh:RtlUnwindEx  x0=0000000000000000  x1=00000002d785e164  x2=000000010020dff8  x3=0000000000000001
0024:trace:seh:RtlUnwindEx  x4=000000010020dc50  x5=0000000000000000  x6=0000000000000004  x7=0000000000006010
0024:trace:seh:RtlUnwindEx  x8=000000007ffe8000  x9=0000000000000001 x10=000000000012f4e8 x11=0000000000000004
0024:trace:seh:RtlUnwindEx x12=0000000000000000 x13=0000000000000000 x14=0000000000000000 x15=0000000000000030
0024:trace:seh:RtlUnwindEx x16=00000002d785dd18 x17=000000010020e200 x18=000000007ffe8000 x19=0000000110001140
0024:trace:seh:RtlUnwindEx x20=000000010020dc50 x21=00000002d785e164 x22=000000007bddcabc x23=000000010020eef0
0024:trace:seh:RtlUnwindEx x24=000000007ffea000 x25=000000010020dff8 x26=000000000012f4e4 x27=000000000012f4e0
0024:trace:seh:RtlUnwindEx x28=0000000110001140 cpsr=20000000 fpcr=00000000 fpsr=00000000
0024:trace:seh:RtlUnwindEx calling handler 00000002D785BE10 (rec=000000010020DFF8, frame=10020e0c0 context=000000010020DC50, dispatch=000000010020DA68)
0024:trace:seh:RtlUnwindEx handler 00000002D785BE10 returned 1
0024:trace:seh:RtlUnwindEx calling handler 00000002D785BE60 (rec=000000010020DFF8, frame=10020e7f0 context=000000010020DC50, dispatch=000000010020DA68)
0024:trace:seh:RtlUnwindEx handler 00000002D785BE60 returned 1
0024:trace:seh:RtlRestoreContext returning to 2d785e164 stack 10020e7f0
0024:trace:seh:RtlUnwindEx code=80000026 flags=2 end_frame=000000010020EEF0 target_ip=00000002D785E164
0024:trace:seh:RtlUnwindEx  info[0]=000000010020edd0
0024:trace:seh:RtlUnwindEx  pc=00000002d79ca0b8  sp=000000010020d6a0  lr=0000000000000000  fp=000000010010f010
0024:trace:seh:RtlUnwindEx  x0=0000000000000000  x1=00000002d785e164  x2=000000010020dff8  x3=0000000000000001
0024:trace:seh:RtlUnwindEx  x4=000000010020dc50  x5=0000000000000000  x6=0000000000000004  x7=0000000000006010
0024:trace:seh:RtlUnwindEx  x8=000000007ffe8000  x9=0000000000000001 x10=000000000012f4e8 x11=0000000000000004
0024:trace:seh:RtlUnwindEx x12=0000000000000000 x13=0000000000000000 x14=0000000000000000 x15=0000000000000030
0024:trace:seh:RtlUnwindEx x16=00000002d785dd18 x17=000000010020e200 x18=000000007ffe8000 x19=0000000110001140
0024:trace:seh:RtlUnwindEx x20=000000010020dc50 x21=00000002d785e164 x22=000000007bddcabc x23=000000010020eef0
0024:trace:seh:RtlUnwindEx x24=000000007ffea000 x25=000000010020dff8 x26=000000000012f4e4 x27=000000000012f4e0
0024:trace:seh:RtlUnwindEx x28=0000000110001140 cpsr=20000000 fpcr=00000000 fpsr=00000000
0024:trace:seh:RtlUnwindEx calling handler 00000002D785BE10 (rec=000000010020DFF8, frame=10020e0c0 context=000000010020DC50, dispatch=000000010020DA68)
0024:trace:seh:RtlUnwindEx handler 00000002D785BE10 returned 1
0024:trace:seh:RtlUnwindEx calling handler 00000002D785BE60 (rec=000000010020DFF8, frame=10020e7f0 context=000000010020DC50, dispatch=000000010020DA68)
0024:trace:seh:RtlUnwindEx handler 00000002D785BE60 returned 1
0024:trace:seh:RtlRestoreContext returning to 2d785e164 stack 10020e7f0
0024:trace:seh:RtlUnwindEx code=80000026 flags=2 end_frame=000000010020EEF0 target_ip=00000002D785E164
0024:trace:seh:RtlUnwindEx  info[0]=000000010020edd0
0024:trace:seh:RtlUnwindEx  pc=00000002d79ca0b8  sp=000000010020d6a0  lr=0000000000000000  fp=000000010010ef50
0024:trace:seh:RtlUnwindEx  x0=0000000000000000  x1=00000002d785e164  x2=000000010020dff8  x3=0000000000000001
0024:trace:seh:RtlUnwindEx  x4=000000010020dc50  x5=0000000000000000  x6=0000000000000004  x7=0000000000006010
0024:trace:seh:RtlUnwindEx  x8=000000007ffe8000  x9=0000000000000001 x10=000000000012f4e8 x11=0000000000000004
0024:trace:seh:RtlUnwindEx x12=0000000000000000 x13=0000000000000000 x14=0000000000000000 x15=0000000000000030
0024:trace:seh:RtlUnwindEx x16=00000002d785dd18 x17=000000010020e200 x18=000000007ffe8000 x19=0000000110001140
0024:trace:seh:RtlUnwindEx x20=000000010020dc50 x21=00000002d785e164 x22=000000007bddcabc x23=000000010020eef0
0024:trace:seh:RtlUnwindEx x24=000000007ffea000 x25=000000010020dff8 x26=000000000012f4e4 x27=000000000012f4e0
0024:trace:seh:RtlUnwindEx x28=0000000110001140 cpsr=20000000 fpcr=00000000 fpsr=00000000
0024:trace:seh:RtlUnwindEx calling handler 00000002D785BE10 (rec=000000010020DFF8, frame=10020e0c0 context=000000010020DC50, dispatch=000000010020DA68)
0024:trace:seh:RtlUnwindEx handler 00000002D785BE10 returned 1
0024:trace:seh:RtlUnwindEx calling handler 00000002D785BE60 (rec=000000010020DFF8, frame=10020e7f0 context=000000010020DC50, dispatch=000000010020DA68)
0024:trace:seh:RtlUnwindEx handler 00000002D785BE60 returned 1
0024:trace:seh:RtlRestoreContext returning to 2d785e164 stack 10020e7f0
[JuiceRect] input hwnd=0x10066 dpi=96/1 raw=96/1 win=0,61,512,63 client=1,62,511,62 visible=0,61,512,63
[JuiceRect] mapped hwnd=0x10066 win=0,61,512,63 client=1,62,511,62 visible=0,61,512,63
[JuiceGeom] changed hwnd=0x10066 flags=181f ptr=0x10010f3f0 window=0,61,512,63 client=1,62,511,62 visible=0,61,512,63 surface=0x0 shown=0
[JuiceRect] input hwnd=0x10052 dpi=96/1 raw=96/1 win=260,177,763,591 client=263,199,760,588 visible=260,177,763,591
[JuiceRect] mapped hwnd=0x10052 win=260,177,763,591 client=263,199,760,588 visible=260,177,763,591
[JuiceGeom] changed hwnd=0x10052 flags=181f ptr=0x10010f590 window=260,177,763,591 client=263,199,760,588 visible=260,177,763,591 surface=0x69a784f0 shown=0
[JuiceCreate] ex=00000004 class=0x10020f050 version=0x0 name=0x10020f030 style=40020010 x=0 y=338 cx=510 cy=2 parent=0x10052 menu=0x415 classinst=0x400000 params=0x0 flags=00000000 inst=0x400000 classptr=0x7b63b298 ansi=0
[JuiceRect] input hwnd=0x10068 dpi=96/1 raw=96/1 win=0,338,510,340 client=0,338,510,340 visible=0,338,510,340
[JuiceRect] mapped hwnd=0x10068 win=0,338,510,340 client=0,338,510,340 visible=0,338,510,340
[JuiceGeom] changed hwnd=0x10068 flags=14 ptr=0x10010f620 window=0,338,510,340 client=0,338,510,340 visible=0,338,510,340 surface=0x0 shown=0
0024:trace:seh:RtlUnwindEx code=80000026 flags=2 end_frame=000000010020DF50 target_ip=00000002D785E164
0024:trace:seh:RtlUnwindEx  info[0]=000000010020de30
0024:trace:seh:RtlUnwindEx  pc=00000002d79ca0b8  sp=000000010020c700  lr=0000000000000000  fp=000000010010e3e0
0024:trace:seh:RtlUnwindEx  x0=0000000000000000  x1=00000002d785e164  x2=000000010020d058  x3=0000000000000001
0024:trace:seh:RtlUnwindEx  x4=000000010020ccb0  x5=0000000000000000  x6=000000000012f30c  x7=0000000000006010
0024:trace:seh:RtlUnwindEx  x8=000000007ffe8000  x9=0000000000000001 x10=000000000012f328 x11=000000000000000c
0024:trace:seh:RtlUnwindEx x12=0000000000000000 x13=0000000000000000 x14=0000000000000000 x15=0000000000000030
0024:trace:seh:RtlUnwindEx x16=00000002d785dd18 x17=000000010020d260 x18=000000007ffe8000 x19=0000000110001140
0024:trace:seh:RtlUnwindEx x20=000000010020ccb0 x21=00000002d785e164 x22=000000007bddcabc x23=000000010020df50
0024:trace:seh:RtlUnwindEx x24=000000007ffea000 x25=000000010020d058 x26=000000000000000c x27=00000000ffffffc7
0024:trace:seh:RtlUnwindEx x28=0000000110001140 cpsr=20000000 fpcr=00000000 fpsr=00000000
0024:trace:seh:RtlUnwindEx calling handler 00000002D785BE10 (rec=000000010020D058, frame=10020d120 context=000000010020CCB0, dispatch=000000010020CAC8)
0024:trace:seh:RtlUnwindEx handler 00000002D785BE10 returned 1
0024:trace:seh:RtlUnwindEx calling handler 00000002D785BE60 (rec=000000010020D058, frame=10020d850 context=000000010020CCB0, dispatch=000000010020CAC8)
0024:trace:seh:RtlUnwindEx handler 00000002D785BE60 returned 1
0024:trace:seh:RtlRestoreContext returning to 2d785e164 stack 10020d850
0024:trace:seh:RtlUnwindEx code=80000026 flags=2 end_frame=000000010020DF50 target_ip=00000002D785E164
0024:trace:seh:RtlUnwindEx  info[0]=000000010020de30
0024:trace:seh:RtlUnwindEx  pc=00000002d79ca0b8  sp=000000010020c700  lr=0000000000000000  fp=000000010010e3e0
0024:trace:seh:RtlUnwindEx  x0=0000000000000000  x1=00000002d785e164  x2=000000010020d058  x3=0000000000000001
0024:trace:seh:RtlUnwindEx  x4=000000010020ccb0  x5=0000000000000000  x6=000000000012f30c  x7=0000000000006010
0024:trace:seh:RtlUnwindEx  x8=000000007ffe8000  x9=0000000000000001 x10=000000000012f328 x11=000000000000000c
0024:trace:seh:RtlUnwindEx x12=0000000000000000 x13=0000000000000000 x14=0000000000000000 x15=0000000000000030
0024:trace:seh:RtlUnwindEx x16=00000002d785dd18 x17=000000010020d260 x18=000000007ffe8000 x19=0000000110001140
0024:trace:seh:RtlUnwindEx x20=000000010020ccb0 x21=00000002d785e164 x22=000000007bddcabc x23=000000010020df50
0024:trace:seh:RtlUnwindEx x24=000000007ffea000 x25=000000010020d058 x26=000000000000000c x27=00000000ffffffc7
0024:trace:seh:RtlUnwindEx x28=0000000110001140 cpsr=20000000 fpcr=00000000 fpsr=00000000
0024:trace:seh:RtlUnwindEx calling handler 00000002D785BE10 (rec=000000010020D058, frame=10020d120 context=000000010020CCB0, dispatch=000000010020CAC8)
0024:trace:seh:RtlUnwindEx handler 00000002D785BE10 returned 1
0024:trace:seh:RtlUnwindEx calling handler 00000002D785BE60 (rec=000000010020D058, frame=10020d850 context=000000010020CCB0, dispatch=000000010020CAC8)
0024:trace:seh:RtlUnwindEx handler 00000002D785BE60 returned 1
0024:trace:seh:RtlRestoreContext returning to 2d785e164 stack 10020d850
0024:trace:seh:RtlUnwindEx code=80000026 flags=2 end_frame=000000010020DF30 target_ip=00000002D785E164
0024:trace:seh:RtlUnwindEx  info[0]=000000010020de10
0024:trace:seh:RtlUnwindEx  pc=00000002d79ca0b8  sp=000000010020c6e0  lr=0000000000000000  fp=000000010010e220
0024:trace:seh:RtlUnwindEx  x0=0000000000000000  x1=00000002d785e164  x2=000000010020d038  x3=0000000000000001
0024:trace:seh:RtlUnwindEx  x4=000000010020cc90  x5=0000000000000000  x6=000000000012f30c  x7=0000000000006010
0024:trace:seh:RtlUnwindEx  x8=000000007ffe8000  x9=0000000000000001 x10=000000000012f328 x11=0000000000000020
0024:trace:seh:RtlUnwindEx x12=0000000000000000 x13=0000000000000000 x14=0000000000000000 x15=0000000000000030
0024:trace:seh:RtlUnwindEx x16=00000002d785dd18 x17=000000010020d240 x18=000000007ffe8000 x19=0000000110001140
0024:trace:seh:RtlUnwindEx x20=000000010020cc90 x21=00000002d785e164 x22=000000007bddcabc x23=000000010020df30
0024:trace:seh:RtlUnwindEx x24=000000007ffea000 x25=000000010020d038 x26=0000000000000020 x27=00000000ffffffb3
0024:trace:seh:RtlUnwindEx x28=0000000110001140 cpsr=20000000 fpcr=00000000 fpsr=00000010
0024:trace:seh:RtlUnwindEx calling handler 00000002D785BE10 (rec=000000010020D038, frame=10020d100 context=000000010020CC90, dispatch=000000010020CAA8)
0024:trace:seh:RtlUnwindEx handler 00000002D785BE10 returned 1
0024:trace:seh:RtlUnwindEx calling handler 00000002D785BE60 (rec=000000010020D038, frame=10020d830 context=000000010020CC90, dispatch=000000010020CAA8)
0024:trace:seh:RtlUnwindEx handler 00000002D785BE60 returned 1
0024:trace:seh:RtlRestoreContext returning to 2d785e164 stack 10020d830
0024:trace:seh:RtlUnwindEx code=80000026 flags=2 end_frame=000000010020DF00 target_ip=00000002D785E164
0024:trace:seh:RtlUnwindEx  info[0]=000000010020dde0
0024:trace:seh:RtlUnwindEx  pc=00000002d79ca0b8  sp=000000010020c6b0  lr=0000000000000000  fp=000000010010e220
0024:trace:seh:RtlUnwindEx  x0=0000000000000000  x1=00000002d785e164  x2=000000010020d008  x3=0000000000000001
0024:trace:seh:RtlUnwindEx  x4=000000010020cc60  x5=0000000000000000  x6=000000000012f2dc  x7=0000000000006010
0024:trace:seh:RtlUnwindEx  x8=000000007ffe8000  x9=0000000000000001 x10=000000000012f2f8 x11=0000000000000054
0024:trace:seh:RtlUnwindEx x12=0000000000000000 x13=0000000000000000 x14=0000000000000000 x15=0000000000000030
0024:trace:seh:RtlUnwindEx x16=00000002d785dd18 x17=000000010020d210 x18=000000007ffe8000 x19=0000000110001140
0024:trace:seh:RtlUnwindEx x20=000000010020cc60 x21=00000002d785e164 x22=000000007bddcabc x23=000000010020df00
0024:trace:seh:RtlUnwindEx x24=000000007ffea000 x25=000000010020d008 x26=0000000000000054 x27=00000000ffffff7f
0024:trace:seh:RtlUnwindEx x28=0000000110001140 cpsr=20000000 fpcr=00000000 fpsr=00000010
0024:trace:seh:RtlUnwindEx calling handler 00000002D785BE10 (rec=000000010020D008, frame=10020d0d0 context=000000010020CC60, dispatch=000000010020CA78)
0024:trace:seh:RtlUnwindEx handler 00000002D785BE10 returned 1
0024:trace:seh:RtlUnwindEx calling handler 00000002D785BE60 (rec=000000010020D008, frame=10020d800 context=000000010020CC60, dispatch=000000010020CA78)
0024:trace:seh:RtlUnwindEx handler 00000002D785BE60 returned 1
0024:trace:seh:RtlRestoreContext returning to 2d785e164 stack 10020d800
[JuiceRect] input hwnd=0x10068 dpi=96/1 raw=96/1 win=0,338,512,340 client=1,339,511,339 visible=0,338,512,340
[JuiceRect] mapped hwnd=0x10068 win=0,338,512,340 client=1,339,511,339 visible=0,338,512,340
[JuiceGeom] changed hwnd=0x10068 flags=1e ptr=0x10010e830 window=0,338,512,340 client=1,339,511,339 visible=0,338,512,340 surface=0x0 shown=0
0024:trace:seh:RtlUnwindEx code=80000026 flags=2 end_frame=000000010020CB50 target_ip=00000002D785E164
0024:trace:seh:RtlUnwindEx  info[0]=000000010020ca30
0024:trace:seh:RtlUnwindEx  pc=00000002d79ca0b8  sp=000000010020b300  lr=0000000000000000  fp=000000010010d580
0024:trace:seh:RtlUnwindEx  x0=0000000000000000  x1=00000002d785e164  x2=000000010020bc58  x3=0000000000000001
0024:trace:seh:RtlUnwindEx  x4=000000010020b8b0  x5=0000000000000000  x6=000000000012f32c  x7=0000000000006010
0024:trace:seh:RtlUnwindEx  x8=000000007ffe8000  x9=0000000000000001 x10=000000000012efe8 x11=0000000000000004
0024:trace:seh:RtlUnwindEx x12=0000000000000000 x13=0000000000000000 x14=0000000000000000 x15=0000000000000030
0024:trace:seh:RtlUnwindEx x16=00000002d785dd18 x17=000000010020be60 x18=000000007ffe8000 x19=0000000110001140
0024:trace:seh:RtlUnwindEx x20=000000010020b8b0 x21=00000002d785e164 x22=000000007bddcabc x23=000000010020cb50
0024:trace:seh:RtlUnwindEx x24=000000007ffea000 x25=000000010020bc58 x26=000000000012efe4 x27=000000000012efe0
0024:trace:seh:RtlUnwindEx x28=0000000110001140 cpsr=20000000 fpcr=00000000 fpsr=00000000
0024:trace:seh:RtlUnwindEx calling handler 00000002D785BE10 (rec=000000010020BC58, frame=10020bd20 context=000000010020B8B0, dispatch=000000010020B6C8)
0024:trace:seh:RtlUnwindEx handler 00000002D785BE10 returned 1
0024:trace:seh:RtlUnwindEx calling handler 00000002D785BE60 (rec=000000010020BC58, frame=10020c450 context=000000010020B8B0, dispatch=000000010020B6C8)
0024:trace:seh:RtlUnwindEx handler 00000002D785BE60 returned 1
0024:trace:seh:RtlRestoreContext returning to 2d785e164 stack 10020c450
0024:trace:seh:RtlUnwindEx code=80000026 flags=2 end_frame=000000010020CB50 target_ip=00000002D785E164
0024:trace:seh:RtlUnwindEx  info[0]=000000010020ca30
0024:trace:seh:RtlUnwindEx  pc=00000002d79ca0b8  sp=000000010020b300  lr=0000000000000000  fp=000000010010d580
0024:trace:seh:RtlUnwindEx  x0=0000000000000000  x1=00000002d785e164  x2=000000010020bc58  x3=0000000000000001
0024:trace:seh:RtlUnwindEx  x4=000000010020b8b0  x5=0000000000000000  x6=000000000012f32c  x7=0000000000006010
0024:trace:seh:RtlUnwindEx  x8=000000007ffe8000  x9=0000000000000001 x10=000000000012efe8 x11=0000000000000004
0024:trace:seh:RtlUnwindEx x12=0000000000000000 x13=0000000000000000 x14=0000000000000000 x15=0000000000000030
0024:trace:seh:RtlUnwindEx x16=00000002d785dd18 x17=000000010020be60 x18=000000007ffe8000 x19=0000000110001140
0024:trace:seh:RtlUnwindEx x20=000000010020b8b0 x21=00000002d785e164 x22=000000007bddcabc x23=000000010020cb50
0024:trace:seh:RtlUnwindEx x24=000000007ffea000 x25=000000010020bc58 x26=000000000012efe4 x27=000000000012efe0
0024:trace:seh:RtlUnwindEx x28=0000000110001140 cpsr=20000000 fpcr=00000000 fpsr=00000000
0024:trace:seh:RtlUnwindEx calling handler 00000002D785BE10 (rec=000000010020BC58, frame=10020bd20 context=000000010020B8B0, dispatch=000000010020B6C8)
0024:trace:seh:RtlUnwindEx handler 00000002D785BE10 returned 1
0024:trace:seh:RtlUnwindEx calling handler 00000002D785BE60 (rec=000000010020BC58, frame=10020c450 context=000000010020B8B0, dispatch=000000010020B6C8)
0024:trace:seh:RtlUnwindEx handler 00000002D785BE60 returned 1
0024:trace:seh:RtlRestoreContext returning to 2d785e164 stack 10020c450
0024:trace:seh:RtlUnwindEx code=80000026 flags=2 end_frame=000000010020DF30 target_ip=00000002D785E164
0024:trace:seh:RtlUnwindEx  info[0]=000000010020de10
0024:trace:seh:RtlUnwindEx  pc=00000002d79ca0b8  sp=000000010020c6e0  lr=0000000000000000  fp=000000010010e220
0024:trace:seh:RtlUnwindEx  x0=0000000000000000  x1=00000002d785e164  x2=000000010020d038  x3=0000000000000001
0024:trace:seh:RtlUnwindEx  x4=000000010020cc90  x5=0000000000000000  x6=000000000012f30c  x7=0000000000006010
0024:trace:seh:RtlUnwindEx  x8=000000007ffe8000  x9=0000000000000001 x10=000000000012f328 x11=0000000000000020
0024:trace:seh:RtlUnwindEx x12=0000000000000000 x13=0000000000000000 x14=0000000000000000 x15=0000000000000030
0024:trace:seh:RtlUnwindEx x16=00000002d785dd18 x17=000000010020d240 x18=000000007ffe8000 x19=0000000110001140
0024:trace:seh:RtlUnwindEx x20=000000010020cc90 x21=00000002d785e164 x22=000000007bddcabc x23=000000010020df30
0024:trace:seh:RtlUnwindEx x24=000000007ffea000 x25=000000010020d038 x26=0000000000000020 x27=00000000ffffffb3
0024:trace:seh:RtlUnwindEx x28=0000000110001140 cpsr=20000000 fpcr=00000000 fpsr=00000000
0024:trace:seh:RtlUnwindEx calling handler 00000002D785BE10 (rec=000000010020D038, frame=10020d100 context=000000010020CC90, dispatch=000000010020CAA8)
0024:trace:seh:RtlUnwindEx handler 00000002D785BE10 returned 1
0024:trace:seh:RtlUnwindEx calling handler 00000002D785BE60 (rec=000000010020D038, frame=10020d830 context=000000010020CC90, dispatch=000000010020CAA8)
0024:trace:seh:RtlUnwindEx handler 00000002D785BE60 returned 1
0024:trace:seh:RtlRestoreContext returning to 2d785e164 stack 10020d830
0024:trace:seh:RtlUnwindEx code=80000026 flags=2 end_frame=000000010020EE90 target_ip=00000002D785E164
0024:trace:seh:RtlUnwindEx  info[0]=000000010020ed70
0024:trace:seh:RtlUnwindEx  pc=00000002d79ca0b8  sp=000000010020d640  lr=0000000000000000  fp=000000010010f010
0024:trace:seh:RtlUnwindEx  x0=0000000000000000  x1=00000002d785e164  x2=000000010020df98  x3=0000000000000001
0024:trace:seh:RtlUnwindEx  x4=000000010020dbf0  x5=0000000000000000  x6=000000000012f55c  x7=0000000000006010
0024:trace:seh:RtlUnwindEx  x8=000000007ffe8000  x9=0000000000000001 x10=000000000012f578 x11=0000000000000044
0024:trace:seh:RtlUnwindEx x12=0000000000000000 x13=0000000000067554 x14=000000007ae32b00 x15=00000002d7641b2c
0024:trace:seh:RtlUnwindEx x16=00000002d785dd18 x17=000000010020e110 x18=000000007ffe8000 x19=0000000110001140
0024:trace:seh:RtlUnwindEx x20=000000010020dbf0 x21=00000002d785e164 x22=000000007bddcabc x23=000000010020ee90
0024:trace:seh:RtlUnwindEx x24=000000007ffea000 x25=000000010020df98 x26=0000000000000044 x27=00000000ffffff8f
0024:trace:seh:RtlUnwindEx x28=0000000110001140 cpsr=20000000 fpcr=00000000 fpsr=00000000
0024:trace:seh:RtlUnwindEx calling handler 00000002D785BE10 (rec=000000010020DF98, frame=10020e060 context=000000010020DBF0, dispatch=000000010020DA08)
0024:trace:seh:RtlUnwindEx handler 00000002D785BE10 returned 1
0024:trace:seh:RtlUnwindEx calling handler 00000002D785BE60 (rec=000000010020DF98, frame=10020e790 context=000000010020DBF0, dispatch=000000010020DA08)
0024:trace:seh:RtlUnwindEx handler 00000002D785BE60 returned 1
0024:trace:seh:RtlRestoreContext returning to 2d785e164 stack 10020e790
0024:trace:seh:RtlUnwindEx code=80000026 flags=2 end_frame=000000010020EEE0 target_ip=00000002D785E164
0024:trace:seh:RtlUnwindEx  info[0]=000000010020edc0
0024:trace:seh:RtlUnwindEx  pc=00000002d79ca0b8  sp=000000010020d690  lr=0000000000000000  fp=000000010010f010
0024:trace:seh:RtlUnwindEx  x0=0000000000000000  x1=00000002d785e164  x2=000000010020dfe8  x3=0000000000000001
0024:trace:seh:RtlUnwindEx  x4=000000010020dc40  x5=0000000000000000  x6=000000000012f58c  x7=0000000000006010
0024:trace:seh:RtlUnwindEx  x8=000000007ffe8000  x9=0000000000000001 x10=000000000012f5a8 x11=0000000000000014
0024:trace:seh:RtlUnwindEx x12=0000000000000000 x13=0000000000000000 x14=0000000000000000 x15=0000000000000030
0024:trace:seh:RtlUnwindEx x16=00000002d785dd18 x17=000000010020e1f0 x18=000000007ffe8000 x19=0000000110001140
0024:trace:seh:RtlUnwindEx x20=000000010020dc40 x21=00000002d785e164 x22=000000007bddcabc x23=000000010020eee0
0024:trace:seh:RtlUnwindEx x24=000000007ffea000 x25=000000010020dfe8 x26=0000000000000014 x27=00000000ffffffbf
0024:trace:seh:RtlUnwindEx x28=0000000110001140 cpsr=20000000 fpcr=00000000 fpsr=00000010
0024:trace:seh:RtlUnwindEx calling handler 00000002D785BE10 (rec=000000010020DFE8, frame=10020e0b0 context=000000010020DC40, dispatch=000000010020DA58)
0024:trace:seh:RtlUnwindEx handler 00000002D785BE10 returned 1
0024:trace:seh:RtlUnwindEx calling handler 00000002D785BE60 (rec=000000010020DFE8, frame=10020e7e0 context=000000010020DC40, dispatch=000000010020DA58)
0024:trace:seh:RtlUnwindEx handler 00000002D785BE60 returned 1
0024:trace:seh:RtlRestoreContext returning to 2d785e164 stack 10020e7e0
[JuiceRect] input hwnd=0x10068 dpi=96/1 raw=96/1 win=0,338,512,340 client=1,339,511,339 visible=0,338,512,340
[JuiceRect] mapped hwnd=0x10068 win=0,338,512,340 client=1,339,511,339 visible=0,338,512,340
[JuiceGeom] changed hwnd=0x10068 flags=10 ptr=0x10010f620 window=0,338,512,340 client=1,339,511,339 visible=0,338,512,340 surface=0x0 shown=0
0024:trace:seh:RtlUnwindEx code=80000026 flags=2 end_frame=000000010020EE90 target_ip=00000002D785E164
0024:trace:seh:RtlUnwindEx  info[0]=000000010020ed70
0024:trace:seh:RtlUnwindEx  pc=00000002d79ca0b8  sp=000000010020d640  lr=0000000000000000  fp=000000010010f010
0024:trace:seh:RtlUnwindEx  x0=0000000000000000  x1=00000002d785e164  x2=000000010020df98  x3=0000000000000001
0024:trace:seh:RtlUnwindEx  x4=000000010020dbf0  x5=0000000000000000  x6=000000000012f55c  x7=0000000000006010
0024:trace:seh:RtlUnwindEx  x8=000000007ffe8000  x9=0000000000000001 x10=000000000012f578 x11=0000000000000044
0024:trace:seh:RtlUnwindEx x12=0000000000000000 x13=00000000000761bd x14=000000007b0f6b00 x15=00000002d7641b2c
0024:trace:seh:RtlUnwindEx x16=00000002d785dd18 x17=000000010020e110 x18=000000007ffe8000 x19=0000000110001140
0024:trace:seh:RtlUnwindEx x20=000000010020dbf0 x21=00000002d785e164 x22=000000007bddcabc x23=000000010020ee90
0024:trace:seh:RtlUnwindEx x24=000000007ffea000 x25=000000010020df98 x26=0000000000000044 x27=00000000ffffff8f
0024:trace:seh:RtlUnwindEx x28=0000000110001140 cpsr=20000000 fpcr=00000000 fpsr=00000000
0024:trace:seh:RtlUnwindEx calling handler 00000002D785BE10 (rec=000000010020DF98, frame=10020e060 context=000000010020DBF0, dispatch=000000010020DA08)
0024:trace:seh:RtlUnwindEx handler 00000002D785BE10 returned 1
0024:trace:seh:RtlUnwindEx calling handler 00000002D785BE60 (rec=000000010020DF98, frame=10020e790 context=000000010020DBF0, dispatch=000000010020DA08)
0024:trace:seh:RtlUnwindEx handler 00000002D785BE60 returned 1
0024:trace:seh:RtlRestoreContext returning to 2d785e164 stack 10020e790
[JuiceDriver] create-enter hwnd=0x10068
[JuiceDriver] create-success hwnd=0x10068
0024:trace:seh:RtlUnwindEx code=80000026 flags=2 end_frame=000000010020EEF0 target_ip=00000002D785E164
0024:trace:seh:RtlUnwindEx  info[0]=000000010020edd0
0024:trace:seh:RtlUnwindEx  pc=00000002d79ca0b8  sp=000000010020d6a0  lr=0000000000000000  fp=000000010010f010
0024:trace:seh:RtlUnwindEx  x0=0000000000000000  x1=00000002d785e164  x2=000000010020dff8  x3=0000000000000001
0024:trace:seh:RtlUnwindEx  x4=000000010020dc50  x5=0000000000000000  x6=0000000000000004  x7=0000000000006010
0024:trace:seh:RtlUnwindEx  x8=000000007ffe8000  x9=0000000000000001 x10=000000000012f4e8 x11=0000000000000004
0024:trace:seh:RtlUnwindEx x12=0000000000000000 x13=0000000000000000 x14=0000000000000000 x15=0000000000000030
0024:trace:seh:RtlUnwindEx x16=00000002d785dd18 x17=000000010020e200 x18=000000007ffe8000 x19=0000000110001140
0024:trace:seh:RtlUnwindEx x20=000000010020dc50 x21=00000002d785e164 x22=000000007bddcabc x23=000000010020eef0
0024:trace:seh:RtlUnwindEx x24=000000007ffea000 x25=000000010020dff8 x26=000000000012f4e4 x27=000000000012f4e0
0024:trace:seh:RtlUnwindEx x28=0000000110001140 cpsr=20000000 fpcr=00000000 fpsr=00000000
0024:trace:seh:RtlUnwindEx calling handler 00000002D785BE10 (rec=000000010020DFF8, frame=10020e0c0 context=000000010020DC50, dispatch=000000010020DA68)
0024:trace:seh:RtlUnwindEx handler 00000002D785BE10 returned 1
0024:trace:seh:RtlUnwindEx calling handler 00000002D785BE60 (rec=000000010020DFF8, frame=10020e7f0 context=000000010020DC50, dispatch=000000010020DA68)
0024:trace:seh:RtlUnwindEx handler 00000002D785BE60 returned 1
0024:trace:seh:RtlRestoreContext returning to 2d785e164 stack 10020e7f0
0024:trace:seh:RtlUnwindEx code=80000026 flags=2 end_frame=000000010020EEF0 target_ip=00000002D785E164
0024:trace:seh:RtlUnwindEx  info[0]=000000010020edd0
0024:trace:seh:RtlUnwindEx  pc=00000002d79ca0b8  sp=000000010020d6a0  lr=0000000000000000  fp=000000010010f010
0024:trace:seh:RtlUnwindEx  x0=0000000000000000  x1=00000002d785e164  x2=000000010020dff8  x3=0000000000000001
0024:trace:seh:RtlUnwindEx  x4=000000010020dc50  x5=0000000000000000  x6=0000000000000004  x7=0000000000006010
0024:trace:seh:RtlUnwindEx  x8=000000007ffe8000  x9=0000000000000001 x10=000000000012f4e8 x11=0000000000000004
0024:trace:seh:RtlUnwindEx x12=0000000000000000 x13=0000000000000000 x14=0000000000000000 x15=0000000000000030
0024:trace:seh:RtlUnwindEx x16=00000002d785dd18 x17=000000010020e200 x18=000000007ffe8000 x19=0000000110001140
0024:trace:seh:RtlUnwindEx x20=000000010020dc50 x21=00000002d785e164 x22=000000007bddcabc x23=000000010020eef0
0024:trace:seh:RtlUnwindEx x24=000000007ffea000 x25=000000010020dff8 x26=000000000012f4e4 x27=000000000012f4e0
0024:trace:seh:RtlUnwindEx x28=0000000110001140 cpsr=20000000 fpcr=00000000 fpsr=00000000
0024:trace:seh:RtlUnwindEx calling handler 00000002D785BE10 (rec=000000010020DFF8, frame=10020e0c0 context=000000010020DC50, dispatch=000000010020DA68)
0024:trace:seh:RtlUnwindEx handler 00000002D785BE10 returned 1
0024:trace:seh:RtlUnwindEx calling handler 00000002D785BE60 (rec=000000010020DFF8, frame=10020e7f0 context=000000010020DC50, dispatch=000000010020DA68)
0024:trace:seh:RtlUnwindEx handler 00000002D785BE60 returned 1
0024:trace:seh:RtlRestoreContext returning to 2d785e164 stack 10020e7f0
[JuiceRect] input hwnd=0x10052 dpi=96/1 raw=96/1 win=260,177,763,591 client=263,199,760,588 visible=260,177,763,591
[JuiceRect] mapped hwnd=0x10052 win=260,177,763,591 client=263,199,760,588 visible=260,177,763,591
[JuiceGeom] changed hwnd=0x10052 flags=181f ptr=0x10010f590 window=260,177,763,591 client=263,199,760,588 visible=260,177,763,591 surface=0x69a784f0 shown=0
[JuiceCreate] ex=00000004 class=0x10020f050 version=0x0 name=0x10020f030 style=50020000 x=8 y=329 cx=483 cy=14 parent=0x10052 menu=0x4e8 classinst=0x400000 params=0x0 flags=00000000 inst=0x400000 classptr=0x7b63b298 ansi=0
[JuiceRect] input hwnd=0x1006a dpi=96/1 raw=96/1 win=8,329,491,343 client=8,329,491,343 visible=8,329,491,343
[JuiceRect] mapped hwnd=0x1006a win=8,329,491,343 client=8,329,491,343 visible=8,329,491,343
[JuiceGeom] changed hwnd=0x1006a flags=14 ptr=0x10010f620 window=8,329,491,343 client=8,329,491,343 visible=8,329,491,343 surface=0x0 shown=0
0024:trace:seh:RtlUnwindEx code=80000026 flags=2 end_frame=000000010020EE90 target_ip=00000002D785E164
0024:trace:seh:RtlUnwindEx  info[0]=000000010020ed70
0024:trace:seh:RtlUnwindEx  pc=00000002d79ca0b8  sp=000000010020d640  lr=0000000000000000  fp=000000010010f010
0024:trace:seh:RtlUnwindEx  x0=0000000000000000  x1=00000002d785e164  x2=000000010020df98  x3=0000000000000001
0024:trace:seh:RtlUnwindEx  x4=000000010020dbf0  x5=0000000000000000  x6=000000000012f55c  x7=0000000000006010
0024:trace:seh:RtlUnwindEx  x8=000000007ffe8000  x9=0000000000000001 x10=000000000012f578 x11=0000000000000044
0024:trace:seh:RtlUnwindEx x12=0000000000000000 x13=0000000000000000 x14=0000000000000000 x15=0000000000000030
0024:trace:seh:RtlUnwindEx x16=00000002d785dd18 x17=000000010020e1a0 x18=000000007ffe8000 x19=0000000110001140
0024:trace:seh:RtlUnwindEx x20=000000010020dbf0 x21=00000002d785e164 x22=000000007bddcabc x23=000000010020ee90
0024:trace:seh:RtlUnwindEx x24=000000007ffea000 x25=000000010020df98 x26=0000000000000044 x27=00000000ffffff8f
0024:trace:seh:RtlUnwindEx x28=0000000110001140 cpsr=20000000 fpcr=00000000 fpsr=00000000
0024:trace:seh:RtlUnwindEx calling handler 00000002D785BE10 (rec=000000010020DF98, frame=10020e060 context=000000010020DBF0, dispatch=000000010020DA08)
0024:trace:seh:RtlUnwindEx handler 00000002D785BE10 returned 1
0024:trace:seh:RtlUnwindEx calling handler 00000002D785BE60 (rec=000000010020DF98, frame=10020e790 context=000000010020DBF0, dispatch=000000010020DA08)
0024:trace:seh:RtlUnwindEx handler 00000002D785BE60 returned 1
0024:trace:seh:RtlRestoreContext returning to 2d785e164 stack 10020e790
0024:trace:seh:RtlUnwindEx code=80000026 flags=2 end_frame=000000010020EEE0 target_ip=00000002D785E164
0024:trace:seh:RtlUnwindEx  info[0]=000000010020edc0
0024:trace:seh:RtlUnwindEx  pc=00000002d79ca0b8  sp=000000010020d690  lr=0000000000000000  fp=000000010010f010
0024:trace:seh:RtlUnwindEx  x0=0000000000000000  x1=00000002d785e164  x2=000000010020dfe8  x3=0000000000000001
0024:trace:seh:RtlUnwindEx  x4=000000010020dc40  x5=0000000000000000  x6=000000000012f58c  x7=0000000000006010
0024:trace:seh:RtlUnwindEx  x8=000000007ffe8000  x9=0000000000000001 x10=000000000012f5a8 x11=0000000000000014
0024:trace:seh:RtlUnwindEx x12=0000000000000000 x13=0000000000000000 x14=0000000000000000 x15=0000000000000030
0024:trace:seh:RtlUnwindEx x16=00000002d785dd18 x17=000000010020e1f0 x18=000000007ffe8000 x19=0000000110001140
0024:trace:seh:RtlUnwindEx x20=000000010020dc40 x21=00000002d785e164 x22=000000007bddcabc x23=000000010020eee0
0024:trace:seh:RtlUnwindEx x24=000000007ffea000 x25=000000010020dfe8 x26=0000000000000014 x27=00000000ffffffbf
0024:trace:seh:RtlUnwindEx x28=0000000110001140 cpsr=20000000 fpcr=00000000 fpsr=00000010
0024:trace:seh:RtlUnwindEx calling handler 00000002D785BE10 (rec=000000010020DFE8, frame=10020e0b0 context=000000010020DC40, dispatch=000000010020DA58)
0024:trace:seh:RtlUnwindEx handler 00000002D785BE10 returned 1
0024:trace:seh:RtlUnwindEx calling handler 00000002D785BE60 (rec=000000010020DFE8, frame=10020e7e0 context=000000010020DC40, dispatch=000000010020DA58)
0024:trace:seh:RtlUnwindEx handler 00000002D785BE60 returned 1
0024:trace:seh:RtlRestoreContext returning to 2d785e164 stack 10020e7e0
[JuiceRect] input hwnd=0x1006a dpi=96/1 raw=96/1 win=8,329,491,343 client=8,329,491,343 visible=8,329,491,343
[JuiceRect] mapped hwnd=0x1006a win=8,329,491,343 client=8,329,491,343 visible=8,329,491,343
[JuiceGeom] changed hwnd=0x1006a flags=10 ptr=0x10010f620 window=8,329,491,343 client=8,329,491,343 visible=8,329,491,343 surface=0x0 shown=0
0024:trace:seh:RtlUnwindEx code=80000026 flags=2 end_frame=000000010020EE90 target_ip=00000002D785E164
0024:trace:seh:RtlUnwindEx  info[0]=000000010020ed70
0024:trace:seh:RtlUnwindEx  pc=00000002d79ca0b8  sp=000000010020d640  lr=0000000000000000  fp=000000010010f010
0024:trace:seh:RtlUnwindEx  x0=0000000000000000  x1=00000002d785e164  x2=000000010020df98  x3=0000000000000001
0024:trace:seh:RtlUnwindEx  x4=000000010020dbf0  x5=0000000000000000  x6=000000000012f55c  x7=0000000000006010
0024:trace:seh:RtlUnwindEx  x8=000000007ffe8000  x9=0000000000000001 x10=000000000012f578 x11=0000000000000044
0024:trace:seh:RtlUnwindEx x12=0000000000000000 x13=0000000000000000 x14=0000000000000000 x15=0000000000000030
0024:trace:seh:RtlUnwindEx x16=00000002d785dd18 x17=000000010020e1a0 x18=000000007ffe8000 x19=0000000110001140
0024:trace:seh:RtlUnwindEx x20=000000010020dbf0 x21=00000002d785e164 x22=000000007bddcabc x23=000000010020ee90
0024:trace:seh:RtlUnwindEx x24=000000007ffea000 x25=000000010020df98 x26=0000000000000044 x27=00000000ffffff8f
0024:trace:seh:RtlUnwindEx x28=0000000110001140 cpsr=20000000 fpcr=00000000 fpsr=00000000
0024:trace:seh:RtlUnwindEx calling handler 00000002D785BE10 (rec=000000010020DF98, frame=10020e060 context=000000010020DBF0, dispatch=000000010020DA08)
0024:trace:seh:RtlUnwindEx handler 00000002D785BE10 returned 1
0024:trace:seh:RtlUnwindEx calling handler 00000002D785BE60 (rec=000000010020DF98, frame=10020e790 context=000000010020DBF0, dispatch=000000010020DA08)
0024:trace:seh:RtlUnwindEx handler 00000002D785BE60 returned 1
0024:trace:seh:RtlRestoreContext returning to 2d785e164 stack 10020e790
[JuiceDriver] create-enter hwnd=0x1006a
[JuiceDriver] create-success hwnd=0x1006a
0024:trace:seh:RtlUnwindEx code=80000026 flags=2 end_frame=000000010020EEF0 target_ip=00000002D785E164
0024:trace:seh:RtlUnwindEx  info[0]=000000010020edd0
0024:trace:seh:RtlUnwindEx  pc=00000002d79ca0b8  sp=000000010020d6a0  lr=0000000000000000  fp=000000010010f010
0024:trace:seh:RtlUnwindEx  x0=0000000000000000  x1=00000002d785e164  x2=000000010020dff8  x3=0000000000000001
0024:trace:seh:RtlUnwindEx  x4=000000010020dc50  x5=0000000000000000  x6=0000000000000004  x7=0000000000006010
0024:trace:seh:RtlUnwindEx  x8=000000007ffe8000  x9=0000000000000001 x10=000000000012f4e8 x11=0000000000000004
0024:trace:seh:RtlUnwindEx x12=0000000000000000 x13=0000000000000000 x14=0000000000000000 x15=0000000000000030
0024:trace:seh:RtlUnwindEx x16=00000002d785dd18 x17=000000010020e200 x18=000000007ffe8000 x19=0000000110001140
0024:trace:seh:RtlUnwindEx x20=000000010020dc50 x21=00000002d785e164 x22=000000007bddcabc x23=000000010020eef0
0024:trace:seh:RtlUnwindEx x24=000000007ffea000 x25=000000010020dff8 x26=000000000012f4e4 x27=000000000012f4e0
0024:trace:seh:RtlUnwindEx x28=0000000110001140 cpsr=20000000 fpcr=00000000 fpsr=00000000
0024:trace:seh:RtlUnwindEx calling handler 00000002D785BE10 (rec=000000010020DFF8, frame=10020e0c0 context=000000010020DC50, dispatch=000000010020DA68)
0024:trace:seh:RtlUnwindEx handler 00000002D785BE10 returned 1
0024:trace:seh:RtlUnwindEx calling handler 00000002D785BE60 (rec=000000010020DFF8, frame=10020e7f0 context=000000010020DC50, dispatch=000000010020DA68)
0024:trace:seh:RtlUnwindEx handler 00000002D785BE60 returned 1
0024:trace:seh:RtlRestoreContext returning to 2d785e164 stack 10020e7f0
0024:trace:seh:RtlUnwindEx code=80000026 flags=2 end_frame=000000010020EEF0 target_ip=00000002D785E164
0024:trace:seh:RtlUnwindEx  info[0]=000000010020edd0
0024:trace:seh:RtlUnwindEx  pc=00000002d79ca0b8  sp=000000010020d6a0  lr=0000000000000000  fp=000000010010f010
0024:trace:seh:RtlUnwindEx  x0=0000000000000000  x1=00000002d785e164  x2=000000010020dff8  x3=0000000000000001
0024:trace:seh:RtlUnwindEx  x4=000000010020dc50  x5=0000000000000000  x6=0000000000000004  x7=0000000000006010
0024:trace:seh:RtlUnwindEx  x8=000000007ffe8000  x9=0000000000000001 x10=000000000012f4e8 x11=0000000000000004
0024:trace:seh:RtlUnwindEx x12=0000000000000000 x13=0000000000000000 x14=0000000000000000 x15=0000000000000030
0024:trace:seh:RtlUnwindEx x16=00000002d785dd18 x17=000000010020e200 x18=000000007ffe8000 x19=0000000110001140
0024:trace:seh:RtlUnwindEx x20=000000010020dc50 x21=00000002d785e164 x22=000000007bddcabc x23=000000010020eef0
0024:trace:seh:RtlUnwindEx x24=000000007ffea000 x25=000000010020dff8 x26=000000000012f4e4 x27=000000000012f4e0
0024:trace:seh:RtlUnwindEx x28=0000000110001140 cpsr=20000000 fpcr=00000000 fpsr=00000000
0024:trace:seh:RtlUnwindEx calling handler 00000002D785BE10 (rec=000000010020DFF8, frame=10020e0c0 context=000000010020DC50, dispatch=000000010020DA68)
0024:trace:seh:RtlUnwindEx handler 00000002D785BE10 returned 1
0024:trace:seh:RtlUnwindEx calling handler 00000002D785BE60 (rec=000000010020DFF8, frame=10020e7f0 context=000000010020DC50, dispatch=000000010020DA68)
0024:trace:seh:RtlUnwindEx handler 00000002D785BE60 returned 1
0024:trace:seh:RtlRestoreContext returning to 2d785e164 stack 10020e7f0
0024:trace:seh:RtlUnwindEx code=80000026 flags=2 end_frame=000000010020EEF0 target_ip=00000002D785E164
0024:trace:seh:RtlUnwindEx  info[0]=000000010020edd0
0024:trace:seh:RtlUnwindEx  pc=00000002d79ca0b8  sp=000000010020d6a0  lr=0000000000000000  fp=000000010010ef50
0024:trace:seh:RtlUnwindEx  x0=0000000000000000  x1=00000002d785e164  x2=000000010020dff8  x3=0000000000000001
0024:trace:seh:RtlUnwindEx  x4=000000010020dc50  x5=0000000000000000  x6=0000000000000004  x7=0000000000006010
0024:trace:seh:RtlUnwindEx  x8=000000007ffe8000  x9=0000000000000001 x10=000000000012f4e8 x11=0000000000000004
0024:trace:seh:RtlUnwindEx x12=0000000000000000 x13=0000000000000000 x14=0000000000000000 x15=0000000000000030
0024:trace:seh:RtlUnwindEx x16=00000002d785dd18 x17=000000010020e200 x18=000000007ffe8000 x19=0000000110001140
0024:trace:seh:RtlUnwindEx x20=000000010020dc50 x21=00000002d785e164 x22=000000007bddcabc x23=000000010020eef0
0024:trace:seh:RtlUnwindEx x24=000000007ffea000 x25=000000010020dff8 x26=000000000012f4e4 x27=000000000012f4e0
0024:trace:seh:RtlUnwindEx x28=0000000110001140 cpsr=20000000 fpcr=00000000 fpsr=00000000
0024:trace:seh:RtlUnwindEx calling handler 00000002D785BE10 (rec=000000010020DFF8, frame=10020e0c0 context=000000010020DC50, dispatch=000000010020DA68)
0024:trace:seh:RtlUnwindEx handler 00000002D785BE10 returned 1
0024:trace:seh:RtlUnwindEx calling handler 00000002D785BE60 (rec=000000010020DFF8, frame=10020e7f0 context=000000010020DC50, dispatch=000000010020DA68)
0024:trace:seh:RtlUnwindEx handler 00000002D785BE60 returned 1
0024:trace:seh:RtlRestoreContext returning to 2d785e164 stack 10020e7f0
[JuiceRect] input hwnd=0x1006a dpi=96/1 raw=96/1 win=8,329,491,343 client=8,329,491,343 visible=8,329,491,343
[JuiceRect] mapped hwnd=0x1006a win=8,329,491,343 client=8,329,491,343 visible=8,329,491,343
[JuiceGeom] changed hwnd=0x1006a flags=181f ptr=0x10010f3f0 window=8,329,491,343 client=8,329,491,343 visible=8,329,491,343 surface=0x0 shown=0
[JuiceRect] input hwnd=0x10052 dpi=96/1 raw=96/1 win=260,177,763,591 client=263,199,760,588 visible=260,177,763,591
[JuiceRect] mapped hwnd=0x10052 win=260,177,763,591 client=263,199,760,588 visible=260,177,763,591
[JuiceGeom] changed hwnd=0x10052 flags=181f ptr=0x10010f590 window=260,177,763,591 client=263,199,760,588 visible=260,177,763,591 surface=0x69a784f0 shown=0
[JuiceCreate] ex=00000004 class=0x10020f050 version=0x0 name=0x10020f030 style=58020000 x=8 y=329 cx=483 cy=14 parent=0x10052 menu=0x404 classinst=0x400000 params=0x0 flags=00000000 inst=0x400000 classptr=0x7b63b298 ansi=0
[JuiceRect] input hwnd=0x1006c dpi=96/1 raw=96/1 win=8,329,491,343 client=8,329,491,343 visible=8,329,491,343
[JuiceRect] mapped hwnd=0x1006c win=8,329,491,343 client=8,329,491,343 visible=8,329,491,343
[JuiceGeom] changed hwnd=0x1006c flags=14 ptr=0x10010f620 window=8,329,491,343 client=8,329,491,343 visible=8,329,491,343 surface=0x0 shown=0
0024:trace:seh:RtlUnwindEx code=80000026 flags=2 end_frame=000000010020EE90 target_ip=00000002D785E164
0024:trace:seh:RtlUnwindEx  info[0]=000000010020ed70
0024:trace:seh:RtlUnwindEx  pc=00000002d79ca0b8  sp=000000010020d640  lr=0000000000000000  fp=000000010010f010
0024:trace:seh:RtlUnwindEx  x0=0000000000000000  x1=00000002d785e164  x2=000000010020df98  x3=0000000000000001
0024:trace:seh:RtlUnwindEx  x4=000000010020dbf0  x5=0000000000000000  x6=000000000012f55c  x7=0000000000006010
0024:trace:seh:RtlUnwindEx  x8=000000007ffe8000  x9=0000000000000001 x10=000000000012f578 x11=0000000000000044
0024:trace:seh:RtlUnwindEx x12=0000000000000000 x13=0000000000000000 x14=0000000000000000 x15=0000000000000030
0024:trace:seh:RtlUnwindEx x16=00000002d785dd18 x17=000000010020e1a0 x18=000000007ffe8000 x19=0000000110001140
0024:trace:seh:RtlUnwindEx x20=000000010020dbf0 x21=00000002d785e164 x22=000000007bddcabc x23=000000010020ee90
0024:trace:seh:RtlUnwindEx x24=000000007ffea000 x25=000000010020df98 x26=0000000000000044 x27=00000000ffffff8f
0024:trace:seh:RtlUnwindEx x28=0000000110001140 cpsr=20000000 fpcr=00000000 fpsr=00000000
0024:trace:seh:RtlUnwindEx calling handler 00000002D785BE10 (rec=000000010020DF98, frame=10020e060 context=000000010020DBF0, dispatch=000000010020DA08)
0024:trace:seh:RtlUnwindEx handler 00000002D785BE10 returned 1
0024:trace:seh:RtlUnwindEx calling handler 00000002D785BE60 (rec=000000010020DF98, frame=10020e790 context=000000010020DBF0, dispatch=000000010020DA08)
0024:trace:seh:RtlUnwindEx handler 00000002D785BE60 returned 1
0024:trace:seh:RtlRestoreContext returning to 2d785e164 stack 10020e790
0024:trace:seh:RtlUnwindEx code=80000026 flags=2 end_frame=000000010020EEE0 target_ip=00000002D785E164
0024:trace:seh:RtlUnwindEx  info[0]=000000010020edc0
0024:trace:seh:RtlUnwindEx  pc=00000002d79ca0b8  sp=000000010020d690  lr=0000000000000000  fp=000000010010f010
0024:trace:seh:RtlUnwindEx  x0=0000000000000000  x1=00000002d785e164  x2=000000010020dfe8  x3=0000000000000001
0024:trace:seh:RtlUnwindEx  x4=000000010020dc40  x5=0000000000000000  x6=000000000012f58c  x7=0000000000006010
0024:trace:seh:RtlUnwindEx  x8=000000007ffe8000  x9=0000000000000001 x10=000000000012f5a8 x11=0000000000000014
0024:trace:seh:RtlUnwindEx x12=0000000000000000 x13=0000000000000000 x14=0000000000000000 x15=0000000000000030
0024:trace:seh:RtlUnwindEx x16=00000002d785dd18 x17=000000010020e1f0 x18=000000007ffe8000 x19=0000000110001140
0024:trace:seh:RtlUnwindEx x20=000000010020dc40 x21=00000002d785e164 x22=000000007bddcabc x23=000000010020eee0
0024:trace:seh:RtlUnwindEx x24=000000007ffea000 x25=000000010020dfe8 x26=0000000000000014 x27=00000000ffffffbf
0024:trace:seh:RtlUnwindEx x28=0000000110001140 cpsr=20000000 fpcr=00000000 fpsr=00000010
0024:trace:seh:RtlUnwindEx calling handler 00000002D785BE10 (rec=000000010020DFE8, frame=10020e0b0 context=000000010020DC40, dispatch=000000010020DA58)
0024:trace:seh:RtlUnwindEx handler 00000002D785BE10 returned 1
0024:trace:seh:RtlUnwindEx calling handler 00000002D785BE60 (rec=000000010020DFE8, frame=10020e7e0 context=000000010020DC40, dispatch=000000010020DA58)
0024:trace:seh:RtlUnwindEx handler 00000002D785BE60 returned 1
0024:trace:seh:RtlRestoreContext returning to 2d785e164 stack 10020e7e0
[JuiceRect] input hwnd=0x1006c dpi=96/1 raw=96/1 win=8,329,491,343 client=8,329,491,343 visible=8,329,491,343
[JuiceRect] mapped hwnd=0x1006c win=8,329,491,343 client=8,329,491,343 visible=8,329,491,343
[JuiceGeom] changed hwnd=0x1006c flags=10 ptr=0x10010f620 window=8,329,491,343 client=8,329,491,343 visible=8,329,491,343 surface=0x0 shown=0
0024:trace:seh:RtlUnwindEx code=80000026 flags=2 end_frame=000000010020EE90 target_ip=00000002D785E164
0024:trace:seh:RtlUnwindEx  info[0]=000000010020ed70
0024:trace:seh:RtlUnwindEx  pc=00000002d79ca0b8  sp=000000010020d640  lr=0000000000000000  fp=000000010010f010
0024:trace:seh:RtlUnwindEx  x0=0000000000000000  x1=00000002d785e164  x2=000000010020df98  x3=0000000000000001
0024:trace:seh:RtlUnwindEx  x4=000000010020dbf0  x5=0000000000000000  x6=000000000012f55c  x7=0000000000006010
0024:trace:seh:RtlUnwindEx  x8=000000007ffe8000  x9=0000000000000001 x10=000000000012f578 x11=0000000000000044
0024:trace:seh:RtlUnwindEx x12=0000000000000000 x13=0000000000000000 x14=0000000000000000 x15=0000000000000030
0024:trace:seh:RtlUnwindEx x16=00000002d785dd18 x17=000000010020e1a0 x18=000000007ffe8000 x19=0000000110001140
0024:trace:seh:RtlUnwindEx x20=000000010020dbf0 x21=00000002d785e164 x22=000000007bddcabc x23=000000010020ee90
0024:trace:seh:RtlUnwindEx x24=000000007ffea000 x25=000000010020df98 x26=0000000000000044 x27=00000000ffffff8f
0024:trace:seh:RtlUnwindEx x28=0000000110001140 cpsr=20000000 fpcr=00000000 fpsr=00000000
0024:trace:seh:RtlUnwindEx calling handler 00000002D785BE10 (rec=000000010020DF98, frame=10020e060 context=000000010020DBF0, dispatch=000000010020DA08)
0024:trace:seh:RtlUnwindEx handler 00000002D785BE10 returned 1
0024:trace:seh:RtlUnwindEx calling handler 00000002D785BE60 (rec=000000010020DF98, frame=10020e790 context=000000010020DBF0, dispatch=000000010020DA08)
0024:trace:seh:RtlUnwindEx handler 00000002D785BE60 returned 1
0024:trace:seh:RtlRestoreContext returning to 2d785e164 stack 10020e790
[JuiceDriver] create-enter hwnd=0x1006c
[JuiceDriver] create-success hwnd=0x1006c
0024:trace:seh:RtlUnwindEx code=80000026 flags=2 end_frame=000000010020EEF0 target_ip=00000002D785E164
0024:trace:seh:RtlUnwindEx  info[0]=000000010020edd0
0024:trace:seh:RtlUnwindEx  pc=00000002d79ca0b8  sp=000000010020d6a0  lr=0000000000000000  fp=000000010010f010
0024:trace:seh:RtlUnwindEx  x0=0000000000000000  x1=00000002d785e164  x2=000000010020dff8  x3=0000000000000001
0024:trace:seh:RtlUnwindEx  x4=000000010020dc50  x5=0000000000000000  x6=0000000000000004  x7=0000000000006010
0024:trace:seh:RtlUnwindEx  x8=000000007ffe8000  x9=0000000000000001 x10=000000000012f4e8 x11=0000000000000004
0024:trace:seh:RtlUnwindEx x12=0000000000000000 x13=0000000000000000 x14=0000000000000000 x15=0000000000000030
0024:trace:seh:RtlUnwindEx x16=00000002d785dd18 x17=000000010020e200 x18=000000007ffe8000 x19=0000000110001140
0024:trace:seh:RtlUnwindEx x20=000000010020dc50 x21=00000002d785e164 x22=000000007bddcabc x23=000000010020eef0
0024:trace:seh:RtlUnwindEx x24=000000007ffea000 x25=000000010020dff8 x26=000000000012f4e4 x27=000000000012f4e0
0024:trace:seh:RtlUnwindEx x28=0000000110001140 cpsr=20000000 fpcr=00000000 fpsr=00000000
0024:trace:seh:RtlUnwindEx calling handler 00000002D785BE10 (rec=000000010020DFF8, frame=10020e0c0 context=000000010020DC50, dispatch=000000010020DA68)
0024:trace:seh:RtlUnwindEx handler 00000002D785BE10 returned 1
0024:trace:seh:RtlUnwindEx calling handler 00000002D785BE60 (rec=000000010020DFF8, frame=10020e7f0 context=000000010020DC50, dispatch=000000010020DA68)
0024:trace:seh:RtlUnwindEx handler 00000002D785BE60 returned 1
0024:trace:seh:RtlRestoreContext returning to 2d785e164 stack 10020e7f0
0024:trace:seh:RtlUnwindEx code=80000026 flags=2 end_frame=000000010020EEF0 target_ip=00000002D785E164
0024:trace:seh:RtlUnwindEx  info[0]=000000010020edd0
0024:trace:seh:RtlUnwindEx  pc=00000002d79ca0b8  sp=000000010020d6a0  lr=0000000000000000  fp=000000010010f010
0024:trace:seh:RtlUnwindEx  x0=0000000000000000  x1=00000002d785e164  x2=000000010020dff8  x3=0000000000000001
0024:trace:seh:RtlUnwindEx  x4=000000010020dc50  x5=0000000000000000  x6=0000000000000004  x7=0000000000006010
0024:trace:seh:RtlUnwindEx  x8=000000007ffe8000  x9=0000000000000001 x10=000000000012f4e8 x11=0000000000000004
0024:trace:seh:RtlUnwindEx x12=0000000000000000 x13=0000000000000000 x14=0000000000000000 x15=0000000000000030
0024:trace:seh:RtlUnwindEx x16=00000002d785dd18 x17=000000010020e200 x18=000000007ffe8000 x19=0000000110001140
0024:trace:seh:RtlUnwindEx x20=000000010020dc50 x21=00000002d785e164 x22=000000007bddcabc x23=000000010020eef0
0024:trace:seh:RtlUnwindEx x24=000000007ffea000 x25=000000010020dff8 x26=000000000012f4e4 x27=000000000012f4e0
0024:trace:seh:RtlUnwindEx x28=0000000110001140 cpsr=20000000 fpcr=00000000 fpsr=00000000
0024:trace:seh:RtlUnwindEx calling handler 00000002D785BE10 (rec=000000010020DFF8, frame=10020e0c0 context=000000010020DC50, dispatch=000000010020DA68)
0024:trace:seh:RtlUnwindEx handler 00000002D785BE10 returned 1
0024:trace:seh:RtlUnwindEx calling handler 00000002D785BE60 (rec=000000010020DFF8, frame=10020e7f0 context=000000010020DC50, dispatch=000000010020DA68)
0024:trace:seh:RtlUnwindEx handler 00000002D785BE60 returned 1
0024:trace:seh:RtlRestoreContext returning to 2d785e164 stack 10020e7f0
0024:trace:seh:RtlUnwindEx code=80000026 flags=2 end_frame=000000010020EEF0 target_ip=00000002D785E164
0024:trace:seh:RtlUnwindEx  info[0]=000000010020edd0
0024:trace:seh:RtlUnwindEx  pc=00000002d79ca0b8  sp=000000010020d6a0  lr=0000000000000000  fp=000000010010ef50
0024:trace:seh:RtlUnwindEx  x0=0000000000000000  x1=00000002d785e164  x2=000000010020dff8  x3=0000000000000001
0024:trace:seh:RtlUnwindEx  x4=000000010020dc50  x5=0000000000000000  x6=0000000000000004  x7=0000000000006010
0024:trace:seh:RtlUnwindEx  x8=000000007ffe8000  x9=0000000000000001 x10=000000000012f4e8 x11=0000000000000004
0024:trace:seh:RtlUnwindEx x12=0000000000000000 x13=0000000000000000 x14=0000000000000000 x15=0000000000000030
0024:trace:seh:RtlUnwindEx x16=00000002d785dd18 x17=000000010020e200 x18=000000007ffe8000 x19=0000000110001140
0024:trace:seh:RtlUnwindEx x20=000000010020dc50 x21=00000002d785e164 x22=000000007bddcabc x23=000000010020eef0
0024:trace:seh:RtlUnwindEx x24=000000007ffea000 x25=000000010020dff8 x26=000000000012f4e4 x27=000000000012f4e0
0024:trace:seh:RtlUnwindEx x28=0000000110001140 cpsr=20000000 fpcr=00000000 fpsr=00000000
0024:trace:seh:RtlUnwindEx calling handler 00000002D785BE10 (rec=000000010020DFF8, frame=10020e0c0 context=000000010020DC50, dispatch=000000010020DA68)
0024:trace:seh:RtlUnwindEx handler 00000002D785BE10 returned 1
0024:trace:seh:RtlUnwindEx calling handler 00000002D785BE60 (rec=000000010020DFF8, frame=10020e7f0 context=000000010020DC50, dispatch=000000010020DA68)
0024:trace:seh:RtlUnwindEx handler 00000002D785BE60 returned 1
0024:trace:seh:RtlRestoreContext returning to 2d785e164 stack 10020e7f0
[JuiceRect] input hwnd=0x1006c dpi=96/1 raw=96/1 win=8,329,491,343 client=8,329,491,343 visible=8,329,491,343
[JuiceRect] mapped hwnd=0x1006c win=8,329,491,343 client=8,329,491,343 visible=8,329,491,343
[JuiceGeom] changed hwnd=0x1006c flags=181f ptr=0x10010f3f0 window=8,329,491,343 client=8,329,491,343 visible=8,329,491,343 surface=0x0 shown=0
[JuiceRect] input hwnd=0x10052 dpi=96/1 raw=96/1 win=260,177,763,591 client=263,199,760,588 visible=260,177,763,591
[JuiceRect] mapped hwnd=0x10052 win=260,177,763,591 client=263,199,760,588 visible=260,177,763,591
[JuiceGeom] changed hwnd=0x10052 flags=181f ptr=0x10010f590 window=260,177,763,591 client=263,199,760,588 visible=260,177,763,591 surface=0x69a784f0 shown=0
[JuiceCreate] ex=00000004 class=0x10020f050 version=0x0 name=0x10020f030 style=50020000 x=0 y=0 cx=498 cy=61 parent=0x10052 menu=0x40a classinst=0x400000 params=0x0 flags=00000000 inst=0x400000 classptr=0x7b63b298 ansi=0
[JuiceRect] input hwnd=0x1006e dpi=96/1 raw=96/1 win=0,0,498,61 client=0,0,498,61 visible=0,0,498,61
[JuiceRect] mapped hwnd=0x1006e win=0,0,498,61 client=0,0,498,61 visible=0,0,498,61
[JuiceGeom] changed hwnd=0x1006e flags=14 ptr=0x10010f620 window=0,0,498,61 client=0,0,498,61 visible=0,0,498,61 surface=0x0 shown=0
0024:trace:seh:RtlUnwindEx code=80000026 flags=2 end_frame=000000010020EE90 target_ip=00000002D785E164
0024:trace:seh:RtlUnwindEx  info[0]=000000010020ed70
0024:trace:seh:RtlUnwindEx  pc=00000002d79ca0b8  sp=000000010020d640  lr=0000000000000000  fp=000000010010f010
0024:trace:seh:RtlUnwindEx  x0=0000000000000000  x1=00000002d785e164  x2=000000010020df98  x3=0000000000000001
0024:trace:seh:RtlUnwindEx  x4=000000010020dbf0  x5=0000000000000000  x6=000000000012f55c  x7=0000000000006010
0024:trace:seh:RtlUnwindEx  x8=000000007ffe8000  x9=0000000000000001 x10=000000000012f578 x11=0000000000000044
0024:trace:seh:RtlUnwindEx x12=0000000000000000 x13=0000000000000000 x14=0000000000000000 x15=0000000000000030
0024:trace:seh:RtlUnwindEx x16=00000002d785dd18 x17=000000010020e1a0 x18=000000007ffe8000 x19=0000000110001140
0024:trace:seh:RtlUnwindEx x20=000000010020dbf0 x21=00000002d785e164 x22=000000007bddcabc x23=000000010020ee90
0024:trace:seh:RtlUnwindEx x24=000000007ffea000 x25=000000010020df98 x26=0000000000000044 x27=00000000ffffff8f
0024:trace:seh:RtlUnwindEx x28=0000000110001140 cpsr=20000000 fpcr=00000000 fpsr=00000000
0024:trace:seh:RtlUnwindEx calling handler 00000002D785BE10 (rec=000000010020DF98, frame=10020e060 context=000000010020DBF0, dispatch=000000010020DA08)
0024:trace:seh:RtlUnwindEx handler 00000002D785BE10 returned 1
0024:trace:seh:RtlUnwindEx calling handler 00000002D785BE60 (rec=000000010020DF98, frame=10020e790 context=000000010020DBF0, dispatch=000000010020DA08)
0024:trace:seh:RtlUnwindEx handler 00000002D785BE60 returned 1
0024:trace:seh:RtlRestoreContext returning to 2d785e164 stack 10020e790
0024:trace:seh:RtlUnwindEx code=80000026 flags=2 end_frame=000000010020EEE0 target_ip=00000002D785E164
0024:trace:seh:RtlUnwindEx  info[0]=000000010020edc0
0024:trace:seh:RtlUnwindEx  pc=00000002d79ca0b8  sp=000000010020d690  lr=0000000000000000  fp=000000010010f010
0024:trace:seh:RtlUnwindEx  x0=0000000000000000  x1=00000002d785e164  x2=000000010020dfe8  x3=0000000000000001
0024:trace:seh:RtlUnwindEx  x4=000000010020dc40  x5=0000000000000000  x6=000000000012f58c  x7=0000000000006010
0024:trace:seh:RtlUnwindEx  x8=000000007ffe8000  x9=0000000000000001 x10=000000000012f5a8 x11=0000000000000014
0024:trace:seh:RtlUnwindEx x12=0000000000000000 x13=0000000000000000 x14=0000000000000000 x15=0000000000000030
0024:trace:seh:RtlUnwindEx x16=00000002d785dd18 x17=000000010020e1f0 x18=000000007ffe8000 x19=0000000110001140
0024:trace:seh:RtlUnwindEx x20=000000010020dc40 x21=00000002d785e164 x22=000000007bddcabc x23=000000010020eee0
0024:trace:seh:RtlUnwindEx x24=000000007ffea000 x25=000000010020dfe8 x26=0000000000000014 x27=00000000ffffffbf
0024:trace:seh:RtlUnwindEx x28=0000000110001140 cpsr=20000000 fpcr=00000000 fpsr=00000010
0024:trace:seh:RtlUnwindEx calling handler 00000002D785BE10 (rec=000000010020DFE8, frame=10020e0b0 context=000000010020DC40, dispatch=000000010020DA58)
0024:trace:seh:RtlUnwindEx handler 00000002D785BE10 returned 1
0024:trace:seh:RtlUnwindEx calling handler 00000002D785BE60 (rec=000000010020DFE8, frame=10020e7e0 context=000000010020DC40, dispatch=000000010020DA58)
0024:trace:seh:RtlUnwindEx handler 00000002D785BE60 returned 1
0024:trace:seh:RtlRestoreContext returning to 2d785e164 stack 10020e7e0
[JuiceRect] input hwnd=0x1006e dpi=96/1 raw=96/1 win=0,0,498,61 client=0,0,498,61 visible=0,0,498,61
[JuiceRect] mapped hwnd=0x1006e win=0,0,498,61 client=0,0,498,61 visible=0,0,498,61
[JuiceGeom] changed hwnd=0x1006e flags=10 ptr=0x10010f620 window=0,0,498,61 client=0,0,498,61 visible=0,0,498,61 surface=0x0 shown=0
0024:trace:seh:RtlUnwindEx code=80000026 flags=2 end_frame=000000010020EE90 target_ip=00000002D785E164
0024:trace:seh:RtlUnwindEx  info[0]=000000010020ed70
0024:trace:seh:RtlUnwindEx  pc=00000002d79ca0b8  sp=000000010020d640  lr=0000000000000000  fp=000000010010f010
0024:trace:seh:RtlUnwindEx  x0=0000000000000000  x1=00000002d785e164  x2=000000010020df98  x3=0000000000000001
0024:trace:seh:RtlUnwindEx  x4=000000010020dbf0  x5=0000000000000000  x6=000000000012f55c  x7=0000000000006010
0024:trace:seh:RtlUnwindEx  x8=000000007ffe8000  x9=0000000000000001 x10=000000000012f578 x11=0000000000000044
0024:trace:seh:RtlUnwindEx x12=0000000000000000 x13=0000000000000000 x14=0000000000000000 x15=0000000000000030
0024:trace:seh:RtlUnwindEx x16=00000002d785dd18 x17=000000010020e1a0 x18=000000007ffe8000 x19=0000000110001140
0024:trace:seh:RtlUnwindEx x20=000000010020dbf0 x21=00000002d785e164 x22=000000007bddcabc x23=000000010020ee90
0024:trace:seh:RtlUnwindEx x24=000000007ffea000 x25=000000010020df98 x26=0000000000000044 x27=00000000ffffff8f
0024:trace:seh:RtlUnwindEx x28=0000000110001140 cpsr=20000000 fpcr=00000000 fpsr=00000000
0024:trace:seh:RtlUnwindEx calling handler 00000002D785BE10 (rec=000000010020DF98, frame=10020e060 context=000000010020DBF0, dispatch=000000010020DA08)
0024:trace:seh:RtlUnwindEx handler 00000002D785BE10 returned 1
0024:trace:seh:RtlUnwindEx calling handler 00000002D785BE60 (rec=000000010020DF98, frame=10020e790 context=000000010020DBF0, dispatch=000000010020DA08)
0024:trace:seh:RtlUnwindEx handler 00000002D785BE60 returned 1
0024:trace:seh:RtlRestoreContext returning to 2d785e164 stack 10020e790
[JuiceDriver] create-enter hwnd=0x1006e
[JuiceDriver] create-success hwnd=0x1006e
0024:trace:seh:RtlUnwindEx code=80000026 flags=2 end_frame=000000010020EEF0 target_ip=00000002D785E164
0024:trace:seh:RtlUnwindEx  info[0]=000000010020edd0
0024:trace:seh:RtlUnwindEx  pc=00000002d79ca0b8  sp=000000010020d6a0  lr=0000000000000000  fp=000000010010f010
0024:trace:seh:RtlUnwindEx  x0=0000000000000000  x1=00000002d785e164  x2=000000010020dff8  x3=0000000000000001
0024:trace:seh:RtlUnwindEx  x4=000000010020dc50  x5=0000000000000000  x6=0000000000000004  x7=0000000000006010
0024:trace:seh:RtlUnwindEx  x8=000000007ffe8000  x9=0000000000000001 x10=000000000012f4e8 x11=0000000000000004
0024:trace:seh:RtlUnwindEx x12=0000000000000000 x13=0000000000000000 x14=0000000000000000 x15=0000000000000030
0024:trace:seh:RtlUnwindEx x16=00000002d785dd18 x17=000000010020e200 x18=000000007ffe8000 x19=0000000110001140
0024:trace:seh:RtlUnwindEx x20=000000010020dc50 x21=00000002d785e164 x22=000000007bddcabc x23=000000010020eef0
0024:trace:seh:RtlUnwindEx x24=000000007ffea000 x25=000000010020dff8 x26=000000000012f4e4 x27=000000000012f4e0
0024:trace:seh:RtlUnwindEx x28=0000000110001140 cpsr=20000000 fpcr=00000000 fpsr=00000000
0024:trace:seh:RtlUnwindEx calling handler 00000002D785BE10 (rec=000000010020DFF8, frame=10020e0c0 context=000000010020DC50, dispatch=000000010020DA68)
0024:trace:seh:RtlUnwindEx handler 00000002D785BE10 returned 1
0024:trace:seh:RtlUnwindEx calling handler 00000002D785BE60 (rec=000000010020DFF8, frame=10020e7f0 context=000000010020DC50, dispatch=000000010020DA68)
0024:trace:seh:RtlUnwindEx handler 00000002D785BE60 returned 1
0024:trace:seh:RtlRestoreContext returning to 2d785e164 stack 10020e7f0
0024:trace:seh:RtlUnwindEx code=80000026 flags=2 end_frame=000000010020EEF0 target_ip=00000002D785E164
0024:trace:seh:RtlUnwindEx  info[0]=000000010020edd0
0024:trace:seh:RtlUnwindEx  pc=00000002d79ca0b8  sp=000000010020d6a0  lr=0000000000000000  fp=000000010010f010
0024:trace:seh:RtlUnwindEx  x0=0000000000000000  x1=00000002d785e164  x2=000000010020dff8  x3=0000000000000001
0024:trace:seh:RtlUnwindEx  x4=000000010020dc50  x5=0000000000000000  x6=0000000000000004  x7=0000000000006010
0024:trace:seh:RtlUnwindEx  x8=000000007ffe8000  x9=0000000000000001 x10=000000000012f4e8 x11=0000000000000004
0024:trace:seh:RtlUnwindEx x12=0000000000000000 x13=0000000000000000 x14=0000000000000000 x15=0000000000000030
0024:trace:seh:RtlUnwindEx x16=00000002d785dd18 x17=000000010020e200 x18=000000007ffe8000 x19=0000000110001140
0024:trace:seh:RtlUnwindEx x20=000000010020dc50 x21=00000002d785e164 x22=000000007bddcabc x23=000000010020eef0
0024:trace:seh:RtlUnwindEx x24=000000007ffea000 x25=000000010020dff8 x26=000000000012f4e4 x27=000000000012f4e0
0024:trace:seh:RtlUnwindEx x28=0000000110001140 cpsr=20000000 fpcr=00000000 fpsr=00000000
0024:trace:seh:RtlUnwindEx calling handler 00000002D785BE10 (rec=000000010020DFF8, frame=10020e0c0 context=000000010020DC50, dispatch=000000010020DA68)
0024:trace:seh:RtlUnwindEx handler 00000002D785BE10 returned 1
0024:trace:seh:RtlUnwindEx calling handler 00000002D785BE60 (rec=000000010020DFF8, frame=10020e7f0 context=000000010020DC50, dispatch=000000010020DA68)
0024:trace:seh:RtlUnwindEx handler 00000002D785BE60 returned 1
0024:trace:seh:RtlRestoreContext returning to 2d785e164 stack 10020e7f0
0024:trace:seh:RtlUnwindEx code=80000026 flags=2 end_frame=000000010020EEF0 target_ip=00000002D785E164
0024:trace:seh:RtlUnwindEx  info[0]=000000010020edd0
0024:trace:seh:RtlUnwindEx  pc=00000002d79ca0b8  sp=000000010020d6a0  lr=0000000000000000  fp=000000010010ef50
0024:trace:seh:RtlUnwindEx  x0=0000000000000000  x1=00000002d785e164  x2=000000010020dff8  x3=0000000000000001
0024:trace:seh:RtlUnwindEx  x4=000000010020dc50  x5=0000000000000000  x6=0000000000000004  x7=0000000000006010
0024:trace:seh:RtlUnwindEx  x8=000000007ffe8000  x9=0000000000000001 x10=000000000012f4e8 x11=0000000000000004
0024:trace:seh:RtlUnwindEx x12=0000000000000000 x13=0000000000000000 x14=0000000000000000 x15=0000000000000030
0024:trace:seh:RtlUnwindEx x16=00000002d785dd18 x17=000000010020e200 x18=000000007ffe8000 x19=0000000110001140
0024:trace:seh:RtlUnwindEx x20=000000010020dc50 x21=00000002d785e164 x22=000000007bddcabc x23=000000010020eef0
0024:trace:seh:RtlUnwindEx x24=000000007ffea000 x25=000000010020dff8 x26=000000000012f4e4 x27=000000000012f4e0
0024:trace:seh:RtlUnwindEx x28=0000000110001140 cpsr=20000000 fpcr=00000000 fpsr=00000000
0024:trace:seh:RtlUnwindEx calling handler 00000002D785BE10 (rec=000000010020DFF8, frame=10020e0c0 context=000000010020DC50, dispatch=000000010020DA68)
0024:trace:seh:RtlUnwindEx handler 00000002D785BE10 returned 1
0024:trace:seh:RtlUnwindEx calling handler 00000002D785BE60 (rec=000000010020DFF8, frame=10020e7f0 context=000000010020DC50, dispatch=000000010020DA68)
0024:trace:seh:RtlUnwindEx handler 00000002D785BE60 returned 1
0024:trace:seh:RtlRestoreContext returning to 2d785e164 stack 10020e7f0
[JuiceRect] input hwnd=0x1006e dpi=96/1 raw=96/1 win=0,0,498,61 client=0,0,498,61 visible=0,0,498,61
[JuiceRect] mapped hwnd=0x1006e win=0,0,498,61 client=0,0,498,61 visible=0,0,498,61
[JuiceGeom] changed hwnd=0x1006e flags=181f ptr=0x10010f3f0 window=0,0,498,61 client=0,0,498,61 visible=0,0,498,61 surface=0x0 shown=0
[JuiceRect] input hwnd=0x10052 dpi=96/1 raw=96/1 win=260,177,763,591 client=263,199,760,588 visible=260,177,763,591
[JuiceRect] mapped hwnd=0x10052 win=260,177,763,591 client=263,199,760,588 visible=260,177,763,591
[JuiceGeom] changed hwnd=0x10052 flags=181f ptr=0x10010f590 window=260,177,763,591 client=263,199,760,588 visible=260,177,763,591 surface=0x69a784f0 shown=0
[JuiceCreate] ex=00000004 class=0x10020f050 version=0x0 name=0x10020f030 style=50020000 x=158 y=9 cx=323 cy=18 parent=0x10052 menu=0x40d classinst=0x400000 params=0x0 flags=00000000 inst=0x400000 classptr=0x7b63b298 ansi=0
[JuiceRect] input hwnd=0x10070 dpi=96/1 raw=96/1 win=158,9,481,27 client=158,9,481,27 visible=158,9,481,27
[JuiceRect] mapped hwnd=0x10070 win=158,9,481,27 client=158,9,481,27 visible=158,9,481,27
[JuiceGeom] changed hwnd=0x10070 flags=14 ptr=0x10010f620 window=158,9,481,27 client=158,9,481,27 visible=158,9,481,27 surface=0x0 shown=0
0024:trace:seh:RtlUnwindEx code=80000026 flags=2 end_frame=000000010020EE90 target_ip=00000002D785E164
0024:trace:seh:RtlUnwindEx  info[0]=000000010020ed70
0024:trace:seh:RtlUnwindEx  pc=00000002d79ca0b8  sp=000000010020d640  lr=0000000000000000  fp=000000010010f010
0024:trace:seh:RtlUnwindEx  x0=0000000000000000  x1=00000002d785e164  x2=000000010020df98  x3=0000000000000001
0024:trace:seh:RtlUnwindEx  x4=000000010020dbf0  x5=0000000000000000  x6=000000000012f55c  x7=0000000000006010
0024:trace:seh:RtlUnwindEx  x8=000000007ffe8000  x9=0000000000000001 x10=000000000012f578 x11=0000000000000044
0024:trace:seh:RtlUnwindEx x12=0000000000000000 x13=0000000000000000 x14=0000000000000000 x15=0000000000000030
0024:trace:seh:RtlUnwindEx x16=00000002d785dd18 x17=000000010020e1a0 x18=000000007ffe8000 x19=0000000110001140
0024:trace:seh:RtlUnwindEx x20=000000010020dbf0 x21=00000002d785e164 x22=000000007bddcabc x23=000000010020ee90
0024:trace:seh:RtlUnwindEx x24=000000007ffea000 x25=000000010020df98 x26=0000000000000044 x27=00000000ffffff8f
0024:trace:seh:RtlUnwindEx x28=0000000110001140 cpsr=20000000 fpcr=00000000 fpsr=00000000
0024:trace:seh:RtlUnwindEx calling handler 00000002D785BE10 (rec=000000010020DF98, frame=10020e060 context=000000010020DBF0, dispatch=000000010020DA08)
0024:trace:seh:RtlUnwindEx handler 00000002D785BE10 returned 1
0024:trace:seh:RtlUnwindEx calling handler 00000002D785BE60 (rec=000000010020DF98, frame=10020e790 context=000000010020DBF0, dispatch=000000010020DA08)
0024:trace:seh:RtlUnwindEx handler 00000002D785BE60 returned 1
0024:trace:seh:RtlRestoreContext returning to 2d785e164 stack 10020e790
0024:trace:seh:RtlUnwindEx code=80000026 flags=2 end_frame=000000010020EEE0 target_ip=00000002D785E164
0024:trace:seh:RtlUnwindEx  info[0]=000000010020edc0
0024:trace:seh:RtlUnwindEx  pc=00000002d79ca0b8  sp=000000010020d690  lr=0000000000000000  fp=000000010010f010
0024:trace:seh:RtlUnwindEx  x0=0000000000000000  x1=00000002d785e164  x2=000000010020dfe8  x3=0000000000000001
0024:trace:seh:RtlUnwindEx  x4=000000010020dc40  x5=0000000000000000  x6=000000000012f58c  x7=0000000000006010
0024:trace:seh:RtlUnwindEx  x8=000000007ffe8000  x9=0000000000000001 x10=000000000012f5a8 x11=0000000000000014
0024:trace:seh:RtlUnwindEx x12=0000000000000000 x13=0000000000000000 x14=0000000000000000 x15=0000000000000030
0024:trace:seh:RtlUnwindEx x16=00000002d785dd18 x17=000000010020e1f0 x18=000000007ffe8000 x19=0000000110001140
0024:trace:seh:RtlUnwindEx x20=000000010020dc40 x21=00000002d785e164 x22=000000007bddcabc x23=000000010020eee0
0024:trace:seh:RtlUnwindEx x24=000000007ffea000 x25=000000010020dfe8 x26=0000000000000014 x27=00000000ffffffbf
0024:trace:seh:RtlUnwindEx x28=0000000110001140 cpsr=20000000 fpcr=00000000 fpsr=00000010
0024:trace:seh:RtlUnwindEx calling handler 00000002D785BE10 (rec=000000010020DFE8, frame=10020e0b0 context=000000010020DC40, dispatch=000000010020DA58)
0024:trace:seh:RtlUnwindEx handler 00000002D785BE10 returned 1
0024:trace:seh:RtlUnwindEx calling handler 00000002D785BE60 (rec=000000010020DFE8, frame=10020e7e0 context=000000010020DC40, dispatch=000000010020DA58)
0024:trace:seh:RtlUnwindEx handler 00000002D785BE60 returned 1
0024:trace:seh:RtlRestoreContext returning to 2d785e164 stack 10020e7e0
[JuiceRect] input hwnd=0x10070 dpi=96/1 raw=96/1 win=158,9,481,27 client=158,9,481,27 visible=158,9,481,27
[JuiceRect] mapped hwnd=0x10070 win=158,9,481,27 client=158,9,481,27 visible=158,9,481,27
[JuiceGeom] changed hwnd=0x10070 flags=10 ptr=0x10010f620 window=158,9,481,27 client=158,9,481,27 visible=158,9,481,27 surface=0x0 shown=0
0024:trace:seh:RtlUnwindEx code=80000026 flags=2 end_frame=000000010020EE90 target_ip=00000002D785E164
0024:trace:seh:RtlUnwindEx  info[0]=000000010020ed70
0024:trace:seh:RtlUnwindEx  pc=00000002d79ca0b8  sp=000000010020d640  lr=0000000000000000  fp=000000010010f010
0024:trace:seh:RtlUnwindEx  x0=0000000000000000  x1=00000002d785e164  x2=000000010020df98  x3=0000000000000001
0024:trace:seh:RtlUnwindEx  x4=000000010020dbf0  x5=0000000000000000  x6=000000000012f55c  x7=0000000000006010
0024:trace:seh:RtlUnwindEx  x8=000000007ffe8000  x9=0000000000000001 x10=000000000012f578 x11=0000000000000044
0024:trace:seh:RtlUnwindEx x12=0000000000000000 x13=0000000000000000 x14=0000000000000000 x15=0000000000000030
0024:trace:seh:RtlUnwindEx x16=00000002d785dd18 x17=000000010020e1a0 x18=000000007ffe8000 x19=0000000110001140
0024:trace:seh:RtlUnwindEx x20=000000010020dbf0 x21=00000002d785e164 x22=000000007bddcabc x23=000000010020ee90
0024:trace:seh:RtlUnwindEx x24=000000007ffea000 x25=000000010020df98 x26=0000000000000044 x27=00000000ffffff8f
0024:trace:seh:RtlUnwindEx x28=0000000110001140 cpsr=20000000 fpcr=00000000 fpsr=00000000
0024:trace:seh:RtlUnwindEx calling handler 00000002D785BE10 (rec=000000010020DF98, frame=10020e060 context=000000010020DBF0, dispatch=000000010020DA08)
0024:trace:seh:RtlUnwindEx handler 00000002D785BE10 returned 1
0024:trace:seh:RtlUnwindEx calling handler 00000002D785BE60 (rec=000000010020DF98, frame=10020e790 context=000000010020DBF0, dispatch=000000010020DA08)
0024:trace:seh:RtlUnwindEx handler 00000002D785BE60 returned 1
0024:trace:seh:RtlRestoreContext returning to 2d785e164 stack 10020e790
[JuiceDriver] create-enter hwnd=0x10070
[JuiceDriver] create-success hwnd=0x10070
0024:trace:seh:RtlUnwindEx code=80000026 flags=2 end_frame=000000010020EEF0 target_ip=00000002D785E164
0024:trace:seh:RtlUnwindEx  info[0]=000000010020edd0
0024:trace:seh:RtlUnwindEx  pc=00000002d79ca0b8  sp=000000010020d6a0  lr=0000000000000000  fp=000000010010f010
0024:trace:seh:RtlUnwindEx  x0=0000000000000000  x1=00000002d785e164  x2=000000010020dff8  x3=0000000000000001
0024:trace:seh:RtlUnwindEx  x4=000000010020dc50  x5=0000000000000000  x6=0000000000000004  x7=0000000000006010
0024:trace:seh:RtlUnwindEx  x8=000000007ffe8000  x9=0000000000000001 x10=000000000012f4e8 x11=0000000000000004
0024:trace:seh:RtlUnwindEx x12=0000000000000000 x13=0000000000000000 x14=0000000000000000 x15=0000000000000030
0024:trace:seh:RtlUnwindEx x16=00000002d785dd18 x17=000000010020e200 x18=000000007ffe8000 x19=0000000110001140
0024:trace:seh:RtlUnwindEx x20=000000010020dc50 x21=00000002d785e164 x22=000000007bddcabc x23=000000010020eef0
0024:trace:seh:RtlUnwindEx x24=000000007ffea000 x25=000000010020dff8 x26=000000000012f4e4 x27=000000000012f4e0
0024:trace:seh:RtlUnwindEx x28=0000000110001140 cpsr=20000000 fpcr=00000000 fpsr=00000000
0024:trace:seh:RtlUnwindEx calling handler 00000002D785BE10 (rec=000000010020DFF8, frame=10020e0c0 context=000000010020DC50, dispatch=000000010020DA68)
0024:trace:seh:RtlUnwindEx handler 00000002D785BE10 returned 1
0024:trace:seh:RtlUnwindEx calling handler 00000002D785BE60 (rec=000000010020DFF8, frame=10020e7f0 context=000000010020DC50, dispatch=000000010020DA68)
0024:trace:seh:RtlUnwindEx handler 00000002D785BE60 returned 1
0024:trace:seh:RtlRestoreContext returning to 2d785e164 stack 10020e7f0
0024:trace:seh:RtlUnwindEx code=80000026 flags=2 end_frame=000000010020EEF0 target_ip=00000002D785E164
0024:trace:seh:RtlUnwindEx  info[0]=000000010020edd0
0024:trace:seh:RtlUnwindEx  pc=00000002d79ca0b8  sp=000000010020d6a0  lr=0000000000000000  fp=000000010010f010
0024:trace:seh:RtlUnwindEx  x0=0000000000000000  x1=00000002d785e164  x2=000000010020dff8  x3=0000000000000001
0024:trace:seh:RtlUnwindEx  x4=000000010020dc50  x5=0000000000000000  x6=0000000000000004  x7=0000000000006010
0024:trace:seh:RtlUnwindEx  x8=000000007ffe8000  x9=0000000000000001 x10=000000000012f4e8 x11=0000000000000004
0024:trace:seh:RtlUnwindEx x12=0000000000000000 x13=0000000000000000 x14=0000000000000000 x15=0000000000000030
0024:trace:seh:RtlUnwindEx x16=00000002d785dd18 x17=000000010020e200 x18=000000007ffe8000 x19=0000000110001140
0024:trace:seh:RtlUnwindEx x20=000000010020dc50 x21=00000002d785e164 x22=000000007bddcabc x23=000000010020eef0
0024:trace:seh:RtlUnwindEx x24=000000007ffea000 x25=000000010020dff8 x26=000000000012f4e4 x27=000000000012f4e0
0024:trace:seh:RtlUnwindEx x28=0000000110001140 cpsr=20000000 fpcr=00000000 fpsr=00000000
0024:trace:seh:RtlUnwindEx calling handler 00000002D785BE10 (rec=000000010020DFF8, frame=10020e0c0 context=000000010020DC50, dispatch=000000010020DA68)
0024:trace:seh:RtlUnwindEx handler 00000002D785BE10 returned 1
0024:trace:seh:RtlUnwindEx calling handler 00000002D785BE60 (rec=000000010020DFF8, frame=10020e7f0 context=000000010020DC50, dispatch=000000010020DA68)
0024:trace:seh:RtlUnwindEx handler 00000002D785BE60 returned 1
0024:trace:seh:RtlRestoreContext returning to 2d785e164 stack 10020e7f0
0024:trace:seh:RtlUnwindEx code=80000026 flags=2 end_frame=000000010020EEF0 target_ip=00000002D785E164
0024:trace:seh:RtlUnwindEx  info[0]=000000010020edd0
0024:trace:seh:RtlUnwindEx  pc=00000002d79ca0b8  sp=000000010020d6a0  lr=0000000000000000  fp=000000010010ef50
0024:trace:seh:RtlUnwindEx  x0=0000000000000000  x1=00000002d785e164  x2=000000010020dff8  x3=0000000000000001
0024:trace:seh:RtlUnwindEx  x4=000000010020dc50  x5=0000000000000000  x6=0000000000000004  x7=0000000000006010
0024:trace:seh:RtlUnwindEx  x8=000000007ffe8000  x9=0000000000000001 x10=000000000012f4e8 x11=0000000000000004
0024:trace:seh:RtlUnwindEx x12=0000000000000000 x13=0000000000000000 x14=0000000000000000 x15=0000000000000030
0024:trace:seh:RtlUnwindEx x16=00000002d785dd18 x17=000000010020e200 x18=000000007ffe8000 x19=0000000110001140
0024:trace:seh:RtlUnwindEx x20=000000010020dc50 x21=00000002d785e164 x22=000000007bddcabc x23=000000010020eef0
0024:trace:seh:RtlUnwindEx x24=000000007ffea000 x25=000000010020dff8 x26=000000000012f4e4 x27=000000000012f4e0
0024:trace:seh:RtlUnwindEx x28=0000000110001140 cpsr=20000000 fpcr=00000000 fpsr=00000000
0024:trace:seh:RtlUnwindEx calling handler 00000002D785BE10 (rec=000000010020DFF8, frame=10020e0c0 context=000000010020DC50, dispatch=000000010020DA68)
0024:trace:seh:RtlUnwindEx handler 00000002D785BE10 returned 1
0024:trace:seh:RtlUnwindEx calling handler 00000002D785BE60 (rec=000000010020DFF8, frame=10020e7f0 context=000000010020DC50, dispatch=000000010020DA68)
0024:trace:seh:RtlUnwindEx handler 00000002D785BE60 returned 1
0024:trace:seh:RtlRestoreContext returning to 2d785e164 stack 10020e7f0
[JuiceRect] input hwnd=0x10070 dpi=96/1 raw=96/1 win=158,9,481,27 client=158,9,481,27 visible=158,9,481,27
[JuiceRect] mapped hwnd=0x10070 win=158,9,481,27 client=158,9,481,27 visible=158,9,481,27
[JuiceGeom] changed hwnd=0x10070 flags=181f ptr=0x10010f3f0 window=158,9,481,27 client=158,9,481,27 visible=158,9,481,27 surface=0x0 shown=0
[JuiceRect] input hwnd=0x10052 dpi=96/1 raw=96/1 win=260,177,763,591 client=263,199,760,588 visible=260,177,763,591
[JuiceRect] mapped hwnd=0x10052 win=260,177,763,591 client=263,199,760,588 visible=260,177,763,591
[JuiceGeom] changed hwnd=0x10052 flags=181f ptr=0x10010f590 window=260,177,763,591 client=263,199,760,588 visible=260,177,763,591 surface=0x69a784f0 shown=0
[JuiceCreate] ex=00000004 class=0x10020f050 version=0x0 name=0x10020f030 style=50020000 x=165 y=28 cx=315 cy=28 parent=0x10052 menu=0x40e classinst=0x400000 params=0x0 flags=00000000 inst=0x400000 classptr=0x7b63b298 ansi=0
[JuiceRect] input hwnd=0x10072 dpi=96/1 raw=96/1 win=165,28,480,56 client=165,28,480,56 visible=165,28,480,56
[JuiceRect] mapped hwnd=0x10072 win=165,28,480,56 client=165,28,480,56 visible=165,28,480,56
[JuiceGeom] changed hwnd=0x10072 flags=14 ptr=0x10010f620 window=165,28,480,56 client=165,28,480,56 visible=165,28,480,56 surface=0x0 shown=0
0024:trace:seh:RtlUnwindEx code=80000026 flags=2 end_frame=000000010020EE90 target_ip=00000002D785E164
0024:trace:seh:RtlUnwindEx  info[0]=000000010020ed70
0024:trace:seh:RtlUnwindEx  pc=00000002d79ca0b8  sp=000000010020d640  lr=0000000000000000  fp=000000010010f010
0024:trace:seh:RtlUnwindEx  x0=0000000000000000  x1=00000002d785e164  x2=000000010020df98  x3=0000000000000001
0024:trace:seh:RtlUnwindEx  x4=000000010020dbf0  x5=0000000000000000  x6=000000000012f55c  x7=0000000000006010
0024:trace:seh:RtlUnwindEx  x8=000000007ffe8000  x9=0000000000000001 x10=000000000012f578 x11=0000000000000044
0024:trace:seh:RtlUnwindEx x12=0000000000000000 x13=0000000000000000 x14=0000000000000000 x15=0000000000000030
0024:trace:seh:RtlUnwindEx x16=00000002d785dd18 x17=000000010020e1a0 x18=000000007ffe8000 x19=0000000110001140
0024:trace:seh:RtlUnwindEx x20=000000010020dbf0 x21=00000002d785e164 x22=000000007bddcabc x23=000000010020ee90
0024:trace:seh:RtlUnwindEx x24=000000007ffea000 x25=000000010020df98 x26=0000000000000044 x27=00000000ffffff8f
0024:trace:seh:RtlUnwindEx x28=0000000110001140 cpsr=20000000 fpcr=00000000 fpsr=00000000
0024:trace:seh:RtlUnwindEx calling handler 00000002D785BE10 (rec=000000010020DF98, frame=10020e060 context=000000010020DBF0, dispatch=000000010020DA08)
0024:trace:seh:RtlUnwindEx handler 00000002D785BE10 returned 1
0024:trace:seh:RtlUnwindEx calling handler 00000002D785BE60 (rec=000000010020DF98, frame=10020e790 context=000000010020DBF0, dispatch=000000010020DA08)
0024:trace:seh:RtlUnwindEx handler 00000002D785BE60 returned 1
0024:trace:seh:RtlRestoreContext returning to 2d785e164 stack 10020e790
0024:trace:seh:RtlUnwindEx code=80000026 flags=2 end_frame=000000010020EEE0 target_ip=00000002D785E164
0024:trace:seh:RtlUnwindEx  info[0]=000000010020edc0
0024:trace:seh:RtlUnwindEx  pc=00000002d79ca0b8  sp=000000010020d690  lr=0000000000000000  fp=000000010010f010
0024:trace:seh:RtlUnwindEx  x0=0000000000000000  x1=00000002d785e164  x2=000000010020dfe8  x3=0000000000000001
0024:trace:seh:RtlUnwindEx  x4=000000010020dc40  x5=0000000000000000  x6=000000000012f58c  x7=0000000000006010
0024:trace:seh:RtlUnwindEx  x8=000000007ffe8000  x9=0000000000000001 x10=000000000012f5a8 x11=0000000000000014
0024:trace:seh:RtlUnwindEx x12=0000000000000000 x13=0000000000000000 x14=0000000000000000 x15=0000000000000030
0024:trace:seh:RtlUnwindEx x16=00000002d785dd18 x17=000000010020e1f0 x18=000000007ffe8000 x19=0000000110001140
0024:trace:seh:RtlUnwindEx x20=000000010020dc40 x21=00000002d785e164 x22=000000007bddcabc x23=000000010020eee0
0024:trace:seh:RtlUnwindEx x24=000000007ffea000 x25=000000010020dfe8 x26=0000000000000014 x27=00000000ffffffbf
0024:trace:seh:RtlUnwindEx x28=0000000110001140 cpsr=20000000 fpcr=00000000 fpsr=00000010
0024:trace:seh:RtlUnwindEx calling handler 00000002D785BE10 (rec=000000010020DFE8, frame=10020e0b0 context=000000010020DC40, dispatch=000000010020DA58)
0024:trace:seh:RtlUnwindEx handler 00000002D785BE10 returned 1
0024:trace:seh:RtlUnwindEx calling handler 00000002D785BE60 (rec=000000010020DFE8, frame=10020e7e0 context=000000010020DC40, dispatch=000000010020DA58)
0024:trace:seh:RtlUnwindEx handler 00000002D785BE60 returned 1
0024:trace:seh:RtlRestoreContext returning to 2d785e164 stack 10020e7e0
[JuiceRect] input hwnd=0x10072 dpi=96/1 raw=96/1 win=165,28,480,56 client=165,28,480,56 visible=165,28,480,56
[JuiceRect] mapped hwnd=0x10072 win=165,28,480,56 client=165,28,480,56 visible=165,28,480,56
[JuiceGeom] changed hwnd=0x10072 flags=10 ptr=0x10010f620 window=165,28,480,56 client=165,28,480,56 visible=165,28,480,56 surface=0x0 shown=0
0024:trace:seh:RtlUnwindEx code=80000026 flags=2 end_frame=000000010020EE90 target_ip=00000002D785E164
0024:trace:seh:RtlUnwindEx  info[0]=000000010020ed70
0024:trace:seh:RtlUnwindEx  pc=00000002d79ca0b8  sp=000000010020d640  lr=0000000000000000  fp=000000010010f010
0024:trace:seh:RtlUnwindEx  x0=0000000000000000  x1=00000002d785e164  x2=000000010020df98  x3=0000000000000001
0024:trace:seh:RtlUnwindEx  x4=000000010020dbf0  x5=0000000000000000  x6=000000000012f55c  x7=0000000000006010
0024:trace:seh:RtlUnwindEx  x8=000000007ffe8000  x9=0000000000000001 x10=000000000012f578 x11=0000000000000044
0024:trace:seh:RtlUnwindEx x12=0000000000000000 x13=0000000000000000 x14=0000000000000000 x15=0000000000000030
0024:trace:seh:RtlUnwindEx x16=00000002d785dd18 x17=000000010020e1a0 x18=000000007ffe8000 x19=0000000110001140
0024:trace:seh:RtlUnwindEx x20=000000010020dbf0 x21=00000002d785e164 x22=000000007bddcabc x23=000000010020ee90
0024:trace:seh:RtlUnwindEx x24=000000007ffea000 x25=000000010020df98 x26=0000000000000044 x27=00000000ffffff8f
0024:trace:seh:RtlUnwindEx x28=0000000110001140 cpsr=20000000 fpcr=00000000 fpsr=00000000
0024:trace:seh:RtlUnwindEx calling handler 00000002D785BE10 (rec=000000010020DF98, frame=10020e060 context=000000010020DBF0, dispatch=000000010020DA08)
0024:trace:seh:RtlUnwindEx handler 00000002D785BE10 returned 1
0024:trace:seh:RtlUnwindEx calling handler 00000002D785BE60 (rec=000000010020DF98, frame=10020e790 context=000000010020DBF0, dispatch=000000010020DA08)
0024:trace:seh:RtlUnwindEx handler 00000002D785BE60 returned 1
0024:trace:seh:RtlRestoreContext returning to 2d785e164 stack 10020e790
[JuiceDriver] create-enter hwnd=0x10072
[JuiceDriver] create-success hwnd=0x10072
0024:trace:seh:RtlUnwindEx code=80000026 flags=2 end_frame=000000010020EEF0 target_ip=00000002D785E164
0024:trace:seh:RtlUnwindEx  info[0]=000000010020edd0
0024:trace:seh:RtlUnwindEx  pc=00000002d79ca0b8  sp=000000010020d6a0  lr=0000000000000000  fp=000000010010f010
0024:trace:seh:RtlUnwindEx  x0=0000000000000000  x1=00000002d785e164  x2=000000010020dff8  x3=0000000000000001
0024:trace:seh:RtlUnwindEx  x4=000000010020dc50  x5=0000000000000000  x6=0000000000000004  x7=0000000000006010
0024:trace:seh:RtlUnwindEx  x8=000000007ffe8000  x9=0000000000000001 x10=000000000012f4e8 x11=0000000000000004
0024:trace:seh:RtlUnwindEx x12=0000000000000000 x13=0000000000000000 x14=0000000000000000 x15=0000000000000030
0024:trace:seh:RtlUnwindEx x16=00000002d785dd18 x17=000000010020e200 x18=000000007ffe8000 x19=0000000110001140
0024:trace:seh:RtlUnwindEx x20=000000010020dc50 x21=00000002d785e164 x22=000000007bddcabc x23=000000010020eef0
0024:trace:seh:RtlUnwindEx x24=000000007ffea000 x25=000000010020dff8 x26=000000000012f4e4 x27=000000000012f4e0
0024:trace:seh:RtlUnwindEx x28=0000000110001140 cpsr=20000000 fpcr=00000000 fpsr=00000000
0024:trace:seh:RtlUnwindEx calling handler 00000002D785BE10 (rec=000000010020DFF8, frame=10020e0c0 context=000000010020DC50, dispatch=000000010020DA68)
0024:trace:seh:RtlUnwindEx handler 00000002D785BE10 returned 1
0024:trace:seh:RtlUnwindEx calling handler 00000002D785BE60 (rec=000000010020DFF8, frame=10020e7f0 context=000000010020DC50, dispatch=000000010020DA68)
0024:trace:seh:RtlUnwindEx handler 00000002D785BE60 returned 1
0024:trace:seh:RtlRestoreContext returning to 2d785e164 stack 10020e7f0
0024:trace:seh:RtlUnwindEx code=80000026 flags=2 end_frame=000000010020EEF0 target_ip=00000002D785E164
0024:trace:seh:RtlUnwindEx  info[0]=000000010020edd0
0024:trace:seh:RtlUnwindEx  pc=00000002d79ca0b8  sp=000000010020d6a0  lr=0000000000000000  fp=000000010010f010
0024:trace:seh:RtlUnwindEx  x0=0000000000000000  x1=00000002d785e164  x2=000000010020dff8  x3=0000000000000001
0024:trace:seh:RtlUnwindEx  x4=000000010020dc50  x5=0000000000000000  x6=0000000000000004  x7=0000000000006010
0024:trace:seh:RtlUnwindEx  x8=000000007ffe8000  x9=0000000000000001 x10=000000000012f4e8 x11=0000000000000004
0024:trace:seh:RtlUnwindEx x12=0000000000000000 x13=0000000000000000 x14=0000000000000000 x15=0000000000000030
0024:trace:seh:RtlUnwindEx x16=00000002d785dd18 x17=000000010020e200 x18=000000007ffe8000 x19=0000000110001140
0024:trace:seh:RtlUnwindEx x20=000000010020dc50 x21=00000002d785e164 x22=000000007bddcabc x23=000000010020eef0
0024:trace:seh:RtlUnwindEx x24=000000007ffea000 x25=000000010020dff8 x26=000000000012f4e4 x27=000000000012f4e0
0024:trace:seh:RtlUnwindEx x28=0000000110001140 cpsr=20000000 fpcr=00000000 fpsr=00000000
0024:trace:seh:RtlUnwindEx calling handler 00000002D785BE10 (rec=000000010020DFF8, frame=10020e0c0 context=000000010020DC50, dispatch=000000010020DA68)
0024:trace:seh:RtlUnwindEx handler 00000002D785BE10 returned 1
0024:trace:seh:RtlUnwindEx calling handler 00000002D785BE60 (rec=000000010020DFF8, frame=10020e7f0 context=000000010020DC50, dispatch=000000010020DA68)
0024:trace:seh:RtlUnwindEx handler 00000002D785BE60 returned 1
0024:trace:seh:RtlRestoreContext returning to 2d785e164 stack 10020e7f0
0024:trace:seh:RtlUnwindEx code=80000026 flags=2 end_frame=000000010020EEF0 target_ip=00000002D785E164
0024:trace:seh:RtlUnwindEx  info[0]=000000010020edd0
0024:trace:seh:RtlUnwindEx  pc=00000002d79ca0b8  sp=000000010020d6a0  lr=0000000000000000  fp=000000010010ef50
0024:trace:seh:RtlUnwindEx  x0=0000000000000000  x1=00000002d785e164  x2=000000010020dff8  x3=0000000000000001
0024:trace:seh:RtlUnwindEx  x4=000000010020dc50  x5=0000000000000000  x6=0000000000000004  x7=0000000000006010
0024:trace:seh:RtlUnwindEx  x8=000000007ffe8000  x9=0000000000000001 x10=000000000012f4e8 x11=0000000000000004
0024:trace:seh:RtlUnwindEx x12=0000000000000000 x13=0000000000000000 x14=0000000000000000 x15=0000000000000030
0024:trace:seh:RtlUnwindEx x16=00000002d785dd18 x17=000000010020e200 x18=000000007ffe8000 x19=0000000110001140
0024:trace:seh:RtlUnwindEx x20=000000010020dc50 x21=00000002d785e164 x22=000000007bddcabc x23=000000010020eef0
0024:trace:seh:RtlUnwindEx x24=000000007ffea000 x25=000000010020dff8 x26=000000000012f4e4 x27=000000000012f4e0
0024:trace:seh:RtlUnwindEx x28=0000000110001140 cpsr=20000000 fpcr=00000000 fpsr=00000000
0024:trace:seh:RtlUnwindEx calling handler 00000002D785BE10 (rec=000000010020DFF8, frame=10020e0c0 context=000000010020DC50, dispatch=000000010020DA68)
0024:trace:seh:RtlUnwindEx handler 00000002D785BE10 returned 1
0024:trace:seh:RtlUnwindEx calling handler 00000002D785BE60 (rec=000000010020DFF8, frame=10020e7f0 context=000000010020DC50, dispatch=000000010020DA68)
0024:trace:seh:RtlUnwindEx handler 00000002D785BE60 returned 1
0024:trace:seh:RtlRestoreContext returning to 2d785e164 stack 10020e7f0
[JuiceRect] input hwnd=0x10072 dpi=96/1 raw=96/1 win=165,28,480,56 client=165,28,480,56 visible=165,28,480,56
[JuiceRect] mapped hwnd=0x10072 win=165,28,480,56 client=165,28,480,56 visible=165,28,480,56
[JuiceGeom] changed hwnd=0x10072 flags=181f ptr=0x10010f3f0 window=165,28,480,56 client=165,28,480,56 visible=165,28,480,56 surface=0x0 shown=0
[JuiceRect] input hwnd=0x10052 dpi=96/1 raw=96/1 win=260,177,763,591 client=263,199,760,588 visible=260,177,763,591
[JuiceRect] mapped hwnd=0x10052 win=260,177,763,591 client=263,199,760,588 visible=260,177,763,591
[JuiceGeom] changed hwnd=0x10052 flags=181f ptr=0x10010f590 window=260,177,763,591 client=263,199,760,588 visible=260,177,763,591 surface=0x69a784f0 shown=0
[JuiceCreate] ex=00000004 class=0x10020f050 version=0x0 name=0x10020f030 style=5000000e x=0 y=0 cx=150 cy=61 parent=0x10052 menu=0x416 classinst=0x400000 params=0x0 flags=00000000 inst=0x400000 classptr=0x7b63b298 ansi=0
[JuiceRect] input hwnd=0x10074 dpi=96/1 raw=96/1 win=0,0,150,61 client=0,0,150,61 visible=0,0,150,61
[JuiceRect] mapped hwnd=0x10074 win=0,0,150,61 client=0,0,150,61 visible=0,0,150,61
[JuiceGeom] changed hwnd=0x10074 flags=14 ptr=0x10010f620 window=0,0,150,61 client=0,0,150,61 visible=0,0,150,61 surface=0x0 shown=0
0024:trace:seh:RtlUnwindEx code=80000026 flags=2 end_frame=000000010020EE90 target_ip=00000002D785E164
0024:trace:seh:RtlUnwindEx  info[0]=000000010020ed70
0024:trace:seh:RtlUnwindEx  pc=00000002d79ca0b8  sp=000000010020d640  lr=0000000000000000  fp=000000010010f010
0024:trace:seh:RtlUnwindEx  x0=0000000000000000  x1=00000002d785e164  x2=000000010020df98  x3=0000000000000001
0024:trace:seh:RtlUnwindEx  x4=000000010020dbf0  x5=0000000000000000  x6=000000000012f55c  x7=0000000000006010
0024:trace:seh:RtlUnwindEx  x8=000000007ffe8000  x9=0000000000000001 x10=000000000012f578 x11=0000000000000044
0024:trace:seh:RtlUnwindEx x12=0000000000000000 x13=0000000000000000 x14=00000000000001a9 x15=00000001080a7280
0024:trace:seh:RtlUnwindEx x16=00000002d785dd18 x17=000000010020e0a0 x18=000000007ffe8000 x19=0000000110001140
0024:trace:seh:RtlUnwindEx x20=000000010020dbf0 x21=00000002d785e164 x22=000000007bddcabc x23=000000010020ee90
0024:trace:seh:RtlUnwindEx x24=000000007ffea000 x25=000000010020df98 x26=0000000000000044 x27=00000000ffffff8f
0024:trace:seh:RtlUnwindEx x28=0000000110001140 cpsr=20000000 fpcr=00000000 fpsr=00000000
0024:trace:seh:RtlUnwindEx calling handler 00000002D785BE10 (rec=000000010020DF98, frame=10020e060 context=000000010020DBF0, dispatch=000000010020DA08)
0024:trace:seh:RtlUnwindEx handler 00000002D785BE10 returned 1
0024:trace:seh:RtlUnwindEx calling handler 00000002D785BE60 (rec=000000010020DF98, frame=10020e790 context=000000010020DBF0, dispatch=000000010020DA08)
0024:trace:seh:RtlUnwindEx handler 00000002D785BE60 returned 1
0024:trace:seh:RtlRestoreContext returning to 2d785e164 stack 10020e790
0024:trace:seh:RtlUnwindEx code=80000026 flags=2 end_frame=000000010020EEE0 target_ip=00000002D785E164
0024:trace:seh:RtlUnwindEx  info[0]=000000010020edc0
0024:trace:seh:RtlUnwindEx  pc=00000002d79ca0b8  sp=000000010020d690  lr=0000000000000000  fp=000000010010f010
0024:trace:seh:RtlUnwindEx  x0=0000000000000000  x1=00000002d785e164  x2=000000010020dfe8  x3=0000000000000001
0024:trace:seh:RtlUnwindEx  x4=000000010020dc40  x5=0000000000000000  x6=000000000012f58c  x7=0000000000006010
0024:trace:seh:RtlUnwindEx  x8=000000007ffe8000  x9=0000000000000001 x10=000000000012f5a8 x11=0000000000000014
0024:trace:seh:RtlUnwindEx x12=0000000000000000 x13=00000000000c685b x14=000000007b5fefe0 x15=00000002d7641b2c
0024:trace:seh:RtlUnwindEx x16=00000002d785dd18 x17=000000010020e220 x18=000000007ffe8000 x19=0000000110001140
0024:trace:seh:RtlUnwindEx x20=000000010020dc40 x21=00000002d785e164 x22=000000007bddcabc x23=000000010020eee0
0024:trace:seh:RtlUnwindEx x24=000000007ffea000 x25=000000010020dfe8 x26=0000000000000014 x27=00000000ffffffbf
0024:trace:seh:RtlUnwindEx x28=0000000110001140 cpsr=20000000 fpcr=00000000 fpsr=00000010
0024:trace:seh:RtlUnwindEx calling handler 00000002D785BE10 (rec=000000010020DFE8, frame=10020e0b0 context=000000010020DC40, dispatch=000000010020DA58)
0024:trace:seh:RtlUnwindEx handler 00000002D785BE10 returned 1
0024:trace:seh:RtlUnwindEx calling handler 00000002D785BE60 (rec=000000010020DFE8, frame=10020e7e0 context=000000010020DC40, dispatch=000000010020DA58)
0024:trace:seh:RtlUnwindEx handler 00000002D785BE60 returned 1
0024:trace:seh:RtlRestoreContext returning to 2d785e164 stack 10020e7e0
[JuiceRect] input hwnd=0x10074 dpi=96/1 raw=96/1 win=0,0,150,61 client=0,0,150,61 visible=0,0,150,61
[JuiceRect] mapped hwnd=0x10074 win=0,0,150,61 client=0,0,150,61 visible=0,0,150,61
[JuiceGeom] changed hwnd=0x10074 flags=10 ptr=0x10010f620 window=0,0,150,61 client=0,0,150,61 visible=0,0,150,61 surface=0x0 shown=0
0024:trace:seh:RtlUnwindEx code=80000026 flags=2 end_frame=000000010020EE90 target_ip=00000002D785E164
0024:trace:seh:RtlUnwindEx  info[0]=000000010020ed70
0024:trace:seh:RtlUnwindEx  pc=00000002d79ca0b8  sp=000000010020d640  lr=0000000000000000  fp=000000010010f010
0024:trace:seh:RtlUnwindEx  x0=0000000000000000  x1=00000002d785e164  x2=000000010020df98  x3=0000000000000001
0024:trace:seh:RtlUnwindEx  x4=000000010020dbf0  x5=0000000000000000  x6=000000000012f55c  x7=0000000000006010
0024:trace:seh:RtlUnwindEx  x8=000000007ffe8000  x9=0000000000000001 x10=000000000012f578 x11=0000000000000044
0024:trace:seh:RtlUnwindEx x12=0000000000000000 x13=0000000000000000 x14=0000000000000000 x15=0000000000000030
0024:trace:seh:RtlUnwindEx x16=00000002d785dd18 x17=000000010020e1a0 x18=000000007ffe8000 x19=0000000110001140
0024:trace:seh:RtlUnwindEx x20=000000010020dbf0 x21=00000002d785e164 x22=000000007bddcabc x23=000000010020ee90
0024:trace:seh:RtlUnwindEx x24=000000007ffea000 x25=000000010020df98 x26=0000000000000044 x27=00000000ffffff8f
0024:trace:seh:RtlUnwindEx x28=0000000110001140 cpsr=20000000 fpcr=00000000 fpsr=00000000
0024:trace:seh:RtlUnwindEx calling handler 00000002D785BE10 (rec=000000010020DF98, frame=10020e060 context=000000010020DBF0, dispatch=000000010020DA08)
0024:trace:seh:RtlUnwindEx handler 00000002D785BE10 returned 1
0024:trace:seh:RtlUnwindEx calling handler 00000002D785BE60 (rec=000000010020DF98, frame=10020e790 context=000000010020DBF0, dispatch=000000010020DA08)
0024:trace:seh:RtlUnwindEx handler 00000002D785BE60 returned 1
0024:trace:seh:RtlRestoreContext returning to 2d785e164 stack 10020e790
[JuiceDriver] create-enter hwnd=0x10074
[JuiceDriver] create-success hwnd=0x10074
0024:trace:seh:RtlUnwindEx code=80000026 flags=2 end_frame=000000010020EEF0 target_ip=00000002D785E164
0024:trace:seh:RtlUnwindEx  info[0]=000000010020edd0
0024:trace:seh:RtlUnwindEx  pc=00000002d79ca0b8  sp=000000010020d6a0  lr=0000000000000000  fp=000000010010f010
0024:trace:seh:RtlUnwindEx  x0=0000000000000000  x1=00000002d785e164  x2=000000010020dff8  x3=0000000000000001
0024:trace:seh:RtlUnwindEx  x4=000000010020dc50  x5=0000000000000000  x6=0000000000000004  x7=0000000000006010
0024:trace:seh:RtlUnwindEx  x8=000000007ffe8000  x9=0000000000000001 x10=000000000012f4e8 x11=0000000000000004
0024:trace:seh:RtlUnwindEx x12=0000000000000000 x13=0000000000000000 x14=0000000000000000 x15=0000000000000030
0024:trace:seh:RtlUnwindEx x16=00000002d785dd18 x17=000000010020e200 x18=000000007ffe8000 x19=0000000110001140
0024:trace:seh:RtlUnwindEx x20=000000010020dc50 x21=00000002d785e164 x22=000000007bddcabc x23=000000010020eef0
0024:trace:seh:RtlUnwindEx x24=000000007ffea000 x25=000000010020dff8 x26=000000000012f4e4 x27=000000000012f4e0
0024:trace:seh:RtlUnwindEx x28=0000000110001140 cpsr=20000000 fpcr=00000000 fpsr=00000000
0024:trace:seh:RtlUnwindEx calling handler 00000002D785BE10 (rec=000000010020DFF8, frame=10020e0c0 context=000000010020DC50, dispatch=000000010020DA68)
0024:trace:seh:RtlUnwindEx handler 00000002D785BE10 returned 1
0024:trace:seh:RtlUnwindEx calling handler 00000002D785BE60 (rec=000000010020DFF8, frame=10020e7f0 context=000000010020DC50, dispatch=000000010020DA68)
0024:trace:seh:RtlUnwindEx handler 00000002D785BE60 returned 1
0024:trace:seh:RtlRestoreContext returning to 2d785e164 stack 10020e7f0
0024:trace:seh:RtlUnwindEx code=80000026 flags=2 end_frame=000000010020EEF0 target_ip=00000002D785E164
0024:trace:seh:RtlUnwindEx  info[0]=000000010020edd0
0024:trace:seh:RtlUnwindEx  pc=00000002d79ca0b8  sp=000000010020d6a0  lr=0000000000000000  fp=000000010010f010
0024:trace:seh:RtlUnwindEx  x0=0000000000000000  x1=00000002d785e164  x2=000000010020dff8  x3=0000000000000001
0024:trace:seh:RtlUnwindEx  x4=000000010020dc50  x5=0000000000000000  x6=0000000000000004  x7=0000000000006010
0024:trace:seh:RtlUnwindEx  x8=000000007ffe8000  x9=0000000000000001 x10=000000000012f4e8 x11=0000000000000004
0024:trace:seh:RtlUnwindEx x12=0000000000000000 x13=0000000000000000 x14=0000000000000000 x15=0000000000000030
0024:trace:seh:RtlUnwindEx x16=00000002d785dd18 x17=000000010020e200 x18=000000007ffe8000 x19=0000000110001140
0024:trace:seh:RtlUnwindEx x20=000000010020dc50 x21=00000002d785e164 x22=000000007bddcabc x23=000000010020eef0
0024:trace:seh:RtlUnwindEx x24=000000007ffea000 x25=000000010020dff8 x26=000000000012f4e4 x27=000000000012f4e0
0024:trace:seh:RtlUnwindEx x28=0000000110001140 cpsr=20000000 fpcr=00000000 fpsr=00000000
0024:trace:seh:RtlUnwindEx calling handler 00000002D785BE10 (rec=000000010020DFF8, frame=10020e0c0 context=000000010020DC50, dispatch=000000010020DA68)
0024:trace:seh:RtlUnwindEx handler 00000002D785BE10 returned 1
0024:trace:seh:RtlUnwindEx calling handler 00000002D785BE60 (rec=000000010020DFF8, frame=10020e7f0 context=000000010020DC50, dispatch=000000010020DA68)
0024:trace:seh:RtlUnwindEx handler 00000002D785BE60 returned 1
0024:trace:seh:RtlRestoreContext returning to 2d785e164 stack 10020e7f0
0024:trace:seh:RtlUnwindEx code=80000026 flags=2 end_frame=000000010020EEF0 target_ip=00000002D785E164
0024:trace:seh:RtlUnwindEx  info[0]=000000010020edd0
0024:trace:seh:RtlUnwindEx  pc=00000002d79ca0b8  sp=000000010020d6a0  lr=0000000000000000  fp=000000010010ef50
0024:trace:seh:RtlUnwindEx  x0=0000000000000000  x1=00000002d785e164  x2=000000010020dff8  x3=0000000000000001
0024:trace:seh:RtlUnwindEx  x4=000000010020dc50  x5=0000000000000000  x6=0000000000000004  x7=0000000000006010
0024:trace:seh:RtlUnwindEx  x8=000000007ffe8000  x9=0000000000000001 x10=000000000012f4e8 x11=0000000000000004
0024:trace:seh:RtlUnwindEx x12=0000000000000000 x13=0000000000000000 x14=0000000000000000 x15=0000000000000030
0024:trace:seh:RtlUnwindEx x16=00000002d785dd18 x17=000000010020e200 x18=000000007ffe8000 x19=0000000110001140
0024:trace:seh:RtlUnwindEx x20=000000010020dc50 x21=00000002d785e164 x22=000000007bddcabc x23=000000010020eef0
0024:trace:seh:RtlUnwindEx x24=000000007ffea000 x25=000000010020dff8 x26=000000000012f4e4 x27=000000000012f4e0
0024:trace:seh:RtlUnwindEx x28=0000000110001140 cpsr=20000000 fpcr=00000000 fpsr=00000000
0024:trace:seh:RtlUnwindEx calling handler 00000002D785BE10 (rec=000000010020DFF8, frame=10020e0c0 context=000000010020DC50, dispatch=000000010020DA68)
0024:trace:seh:RtlUnwindEx handler 00000002D785BE10 returned 1
0024:trace:seh:RtlUnwindEx calling handler 00000002D785BE60 (rec=000000010020DFF8, frame=10020e7f0 context=000000010020DC50, dispatch=000000010020DA68)
0024:trace:seh:RtlUnwindEx handler 00000002D785BE60 returned 1
0024:trace:seh:RtlRestoreContext returning to 2d785e164 stack 10020e7f0
[JuiceRect] input hwnd=0x10074 dpi=96/1 raw=96/1 win=0,0,150,61 client=0,0,150,61 visible=0,0,150,61
[JuiceRect] mapped hwnd=0x10074 win=0,0,150,61 client=0,0,150,61 visible=0,0,150,61
[JuiceGeom] changed hwnd=0x10074 flags=181f ptr=0x10010f3f0 window=0,0,150,61 client=0,0,150,61 visible=0,0,150,61 surface=0x0 shown=0
[JuiceRect] input hwnd=0x10052 dpi=96/1 raw=96/1 win=260,177,763,591 client=263,199,760,588 visible=260,177,763,591
[JuiceRect] mapped hwnd=0x10052 win=260,177,763,591 client=263,199,760,588 visible=260,177,763,591
[JuiceGeom] changed hwnd=0x10052 flags=181f ptr=0x10010f590 window=260,177,763,591 client=263,199,760,588 visible=260,177,763,591 surface=0x69a784f0 shown=0
0024:warn:file:NtQueryAttributesFile L"\\??\\C:\\users\\mobile\\AppData\\Local\\Temp\\nsrb505.tmp\\modern-header.bmp" not found (c0000034)
0024:warn:file:NtQueryAttributesFile L"\\??\\C:\\users\\mobile\\AppData\\Local\\Temp\\nsrb505.tmp\\modern-header.bmp" not found (c0000034)
[JuiceWine] redirected KUSER_SHARED_DATA fault addr=0x7ffe0320 pc=0x2ca1b8028 to 0x17ffe0000
[JuiceWine] redirected KUSER_SHARED_DATA fault addr=0x7ffe0320 pc=0x2ca1b8028 to 0x17ffe0000
[JuiceWine] redirected KUSER_SHARED_DATA fault addr=0x7ffe0320 pc=0x2ca1b8028 to 0x17ffe0000
[JuiceWine] redirected KUSER_SHARED_DATA fault addr=0x7ffe0320 pc=0x2ca1b8028 to 0x17ffe0000
[JuiceWine] redirected KUSER_SHARED_DATA fault addr=0x7ffe0320 pc=0x2ca1b8028 to 0x17ffe0000
[JuiceWine] redirected KUSER_SHARED_DATA fault addr=0x7ffe0320 pc=0x2ca1b8028 to 0x17ffe0000
[JuiceWine] redirected KUSER_SHARED_DATA fault addr=0x7ffe0320 pc=0x2ca1b8028 to 0x17ffe0000
[JuiceWine] redirected KUSER_SHARED_DATA fault addr=0x7ffe0320 pc=0x2ca1b8028 to 0x17ffe0000
[JuiceWine] redirected KUSER_SHARED_DATA fault addr=0x7ffe0320 pc=0x2ca1b8028 to 0x17ffe0000
[JuiceWine] redirected KUSER_SHARED_DATA fault addr=0x7ffe0320 pc=0x2ca1b8028 to 0x17ffe0000
[JuiceWine] redirected KUSER_SHARED_DATA fault addr=0x7ffe0320 pc=0x2ca1b8028 to 0x17ffe0000
[JuiceWine] redirected KUSER_SHARED_DATA fault addr=0x7ffe0320 pc=0x2ca1b8028 to 0x17ffe0000
0024:warn:file:fd_set_file_info Failed to set extended attribute user.DOSATTRIB. errno 93 (Attribute not found)
0024:trace:seh:RtlUnwindEx code=80000026 flags=2 end_frame=000000010020EF50 target_ip=00000002D785E164
0024:trace:seh:RtlUnwindEx  info[0]=000000010020ee30
0024:trace:seh:RtlUnwindEx  pc=00000002d79ca0b8  sp=000000010020d700  lr=0000000000000000  fp=000000010010f210
0024:trace:seh:RtlUnwindEx  x0=0000000000000000  x1=00000002d785e164  x2=000000010020e058  x3=0000000000000001
0024:trace:seh:RtlUnwindEx  x4=000000010020dcb0  x5=0000000000000000  x6=000000000012f21c  x7=0000000000006010
0024:trace:seh:RtlUnwindEx  x8=000000007ffe8000  x9=0000000000000001 x10=000000000012f238 x11=0000000000000020
0024:trace:seh:RtlUnwindEx x12=0000000000000000 x13=000000000001cecf x14=000000007b5fb8f0 x15=00000002d7641b2c
0024:trace:seh:RtlUnwindEx x16=00000002d785dd18 x17=000000010020e1d0 x18=000000007ffe8000 x19=0000000110001140
0024:trace:seh:RtlUnwindEx x20=000000010020dcb0 x21=00000002d785e164 x22=000000007bddcabc x23=000000010020ef50
0024:trace:seh:RtlUnwindEx x24=000000007ffea000 x25=000000010020e058 x26=0000000000000020 x27=00000000ffffffb3
0024:trace:seh:RtlUnwindEx x28=0000000110001140 cpsr=20000000 fpcr=00000000 fpsr=00000010
0024:trace:seh:RtlUnwindEx calling handler 00000002D785BE10 (rec=000000010020E058, frame=10020e120 context=000000010020DCB0, dispatch=000000010020DAC8)
0024:trace:seh:RtlUnwindEx handler 00000002D785BE10 returned 1
0024:trace:seh:RtlUnwindEx calling handler 00000002D785BE60 (rec=000000010020E058, frame=10020e850 context=000000010020DCB0, dispatch=000000010020DAC8)
0024:trace:seh:RtlUnwindEx handler 00000002D785BE60 returned 1
0024:trace:seh:RtlRestoreContext returning to 2d785e164 stack 10020e850
[JuiceRect] input hwnd=0x10074 dpi=96/1 raw=96/1 win=0,0,150,61 client=0,0,150,61 visible=0,0,150,61
[JuiceRect] mapped hwnd=0x10074 win=0,0,150,61 client=0,0,150,61 visible=0,0,150,61
[JuiceGeom] changed hwnd=0x10074 flags=181f ptr=0x10010f820 window=0,0,150,61 client=0,0,150,61 visible=0,0,150,61 surface=0x0 shown=0
0024:warn:file:NtQueryAttributesFile L"\\??\\C:\\users\\mobile\\AppData\\Local\\Temp\\nsrb505.tmp\\modern-wizard.bmp" not found (c0000034)
0024:warn:file:NtQueryAttributesFile L"\\??\\C:\\users\\mobile\\AppData\\Local\\Temp\\nsrb505.tmp\\modern-wizard.bmp" not found (c0000034)
[JuiceWine] redirected KUSER_SHARED_DATA fault addr=0x7ffe0320 pc=0x2ca1b8028 to 0x17ffe0000
[JuiceWine] redirected KUSER_SHARED_DATA fault addr=0x7ffe0320 pc=0x2ca1b8028 to 0x17ffe0000
0024:warn:file:fd_set_file_info Failed to set extended attribute user.DOSATTRIB. errno 93 (Attribute not found)
[JuiceWine] anonymous PE executable section .text at 0x2d2b60000 size=393216
0024:warn:file:fd_set_file_info Failed to set extended attribute user.DOSATTRIB. errno 93 (Attribute not found)
[JuiceWine] anonymous PE executable section .hexpthk at 0x2d2bc0000 size=65536
[JuiceHybrid] map name=/var/containers/Bundle/Application/F3BC928B-CF6E-41E9-AA5B-114329A364D0/Juice.app/Grape-X64/runtime/lib/wine/aarch64-windows/combase.dll status=40000003 module=0x2d2b50000 size=300000
[JuiceWine] redirected KUSER_SHARED_DATA fault addr=0x7ffe0320 pc=0x2ca1b8028 to 0x17ffe0000
[JuiceWine] redirected KUSER_SHARED_DATA fault addr=0x7ffe0320 pc=0x2ca1b8028 to 0x17ffe0000
0024:warn:file:fd_set_file_info Failed to set extended attribute user.DOSATTRIB. errno 93 (Attribute not found)
[JuiceHybrid] open name=/private/var/containers/Bundle/Application/F3BC928B-CF6E-41E9-AA5B-114329A364D0/Juice.app/Grape-X64/build/wine-ios/dlls/coml2/aarch64-windows/coml2.dll machine=0000 status=c0000135
[JuiceHybrid] open name=/private/var/containers/Bundle/Application/F3BC928B-CF6E-41E9-AA5B-114329A364D0/Juice.app/Grape-X64/build/wine-ios/programs/coml2.dll/aarch64-windows/coml2.dll machine=0000 status=c0000135
[JuiceHybrid] open name=/var/containers/Bundle/Application/F3BC928B-CF6E-41E9-AA5B-114329A364D0/Juice.app/Grape-X64/runtime/lib/wine/aarch64-windows/coml2.dll machine=0000 status=00000000
0024:trace:seh:RtlUnwindEx code=80000026 flags=2 end_frame=000000010020EF80 target_ip=00000002D785E164
0024:trace:seh:RtlUnwindEx  info[0]=000000010020ee60
0024:trace:seh:RtlUnwindEx  pc=00000002d79ca0b8  sp=000000010020d730  lr=0000000000000000  fp=000000010010f450
0024:trace:seh:RtlUnwindEx  x0=0000000000000000  x1=00000002d785e164  x2=000000010020e088  x3=0000000000000001
0024:trace:seh:RtlUnwindEx  x4=000000010020dce0  x5=0000000000000000  x6=0000000000000006  x7=0000000000006010
0024:trace:seh:RtlUnwindEx  x8=000000007ffe8000  x9=0000000000000001 x10=000000000012f638 x11=0000000000000004
0024:trace:seh:RtlUnwindEx x12=0000000000000000 x13=000000000003c142 x14=000000007b5fefe0 x15=00000002d7641b2c
0024:trace:seh:RtlUnwindEx x16=00000002d785dd18 x17=000000010020e2c0 x18=000000007ffe8000 x19=0000000110001140
0024:trace:seh:RtlUnwindEx x20=000000010020dce0 x21=00000002d785e164 x22=000000007bddcabc x23=000000010020ef80
0024:trace:seh:RtlUnwindEx x24=000000007ffea000 x25=000000010020e088 x26=000000000012f634 x27=000000000012f630
0024:trace:seh:RtlUnwindEx x28=0000000110001140 cpsr=20000000 fpcr=00000000 fpsr=00000010
0024:trace:seh:RtlUnwindEx calling handler 00000002D785BE10 (rec=000000010020E088, frame=10020e150 context=000000010020DCE0, dispatch=000000010020DAF8)
0024:trace:seh:RtlUnwindEx handler 00000002D785BE10 returned 1
0024:trace:seh:RtlUnwindEx calling handler 00000002D785BE60 (rec=000000010020E088, frame=10020e880 context=000000010020DCE0, dispatch=000000010020DAF8)
0024:trace:seh:RtlUnwindEx handler 00000002D785BE60 returned 1
0024:trace:seh:RtlRestoreContext returning to 2d785e164 stack 10020e880
0024:trace:seh:RtlUnwindEx code=80000026 flags=2 end_frame=000000010020EF80 target_ip=00000002D785E164
0024:trace:seh:RtlUnwindEx  info[0]=000000010020ee60
0024:trace:seh:RtlUnwindEx  pc=00000002d79ca0b8  sp=000000010020d730  lr=0000000000000000  fp=000000010010f4e0
0024:trace:seh:RtlUnwindEx  x0=0000000000000000  x1=00000002d785e164  x2=000000010020e088  x3=0000000000000001
0024:trace:seh:RtlUnwindEx  x4=000000010020dce0  x5=0000000000000000  x6=0000000000000006  x7=0000000000006010
0024:trace:seh:RtlUnwindEx  x8=000000007ffe8000  x9=0000000000000001 x10=000000000012f638 x11=0000000000000004
0024:trace:seh:RtlUnwindEx x12=0000000000000000 x13=0000000000000000 x14=0000000000000000 x15=0000000000000030
0024:trace:seh:RtlUnwindEx x16=00000002d785dd18 x17=000000010020e290 x18=000000007ffe8000 x19=0000000110001140
0024:trace:seh:RtlUnwindEx x20=000000010020dce0 x21=00000002d785e164 x22=000000007bddcabc x23=000000010020ef80
0024:trace:seh:RtlUnwindEx x24=000000007ffea000 x25=000000010020e088 x26=000000000012f634 x27=000000000012f630
0024:trace:seh:RtlUnwindEx x28=0000000110001140 cpsr=20000000 fpcr=00000000 fpsr=00000010
0024:trace:seh:RtlUnwindEx calling handler 00000002D785BE10 (rec=000000010020E088, frame=10020e150 context=000000010020DCE0, dispatch=000000010020DAF8)
0024:trace:seh:RtlUnwindEx handler 00000002D785BE10 returned 1
0024:trace:seh:RtlUnwindEx calling handler 00000002D785BE60 (rec=000000010020E088, frame=10020e880 context=000000010020DCE0, dispatch=000000010020DAF8)
0024:trace:seh:RtlUnwindEx handler 00000002D785BE60 returned 1
0024:trace:seh:RtlRestoreContext returning to 2d785e164 stack 10020e880
0024:trace:seh:RtlUnwindEx code=80000026 flags=2 end_frame=000000010020EF80 target_ip=00000002D785E164
0024:trace:seh:RtlUnwindEx  info[0]=000000010020ee60
0024:trace:seh:RtlUnwindEx  pc=00000002d79ca0b8  sp=000000010020d730  lr=0000000000000000  fp=000000010010f4e0
0024:trace:seh:RtlUnwindEx  x0=0000000000000000  x1=00000002d785e164  x2=000000010020e088  x3=0000000000000001
0024:trace:seh:RtlUnwindEx  x4=000000010020dce0  x5=0000000000000000  x6=0000000000000006  x7=0000000000006010
0024:trace:seh:RtlUnwindEx  x8=000000007ffe8000  x9=0000000000000001 x10=000000000012f638 x11=0000000000000004
0024:trace:seh:RtlUnwindEx x12=0000000000000000 x13=000000007b5bae56 x14=0000000000000000 x15=00000001080aa280
0024:trace:seh:RtlUnwindEx x16=00000002d785dd18 x17=000000010020e1c0 x18=000000007ffe8000 x19=0000000110001140
0024:trace:seh:RtlUnwindEx x20=000000010020dce0 x21=00000002d785e164 x22=000000007bddcabc x23=000000010020ef80
0024:trace:seh:RtlUnwindEx x24=000000007ffea000 x25=000000010020e088 x26=000000000012f634 x27=000000000012f630
0024:trace:seh:RtlUnwindEx x28=0000000110001140 cpsr=20000000 fpcr=00000000 fpsr=00000000
0024:trace:seh:RtlUnwindEx calling handler 00000002D785BE10 (rec=000000010020E088, frame=10020e150 context=000000010020DCE0, dispatch=000000010020DAF8)
0024:trace:seh:RtlUnwindEx handler 00000002D785BE10 returned 1
0024:trace:seh:RtlUnwindEx calling handler 00000002D785BE60 (rec=000000010020E088, frame=10020e880 context=000000010020DCE0, dispatch=000000010020DAF8)
0024:trace:seh:RtlUnwindEx handler 00000002D785BE60 returned 1
0024:trace:seh:RtlRestoreContext returning to 2d785e164 stack 10020e880
0024:trace:seh:RtlUnwindEx code=80000026 flags=2 end_frame=000000010020EF70 target_ip=00000002D785E164
0024:trace:seh:RtlUnwindEx  info[0]=000000010020ee50
0024:trace:seh:RtlUnwindEx  pc=00000002d79ca0b8  sp=000000010020d720  lr=0000000000000000  fp=000000010010f1f0
0024:trace:seh:RtlUnwindEx  x0=0000000000000000  x1=00000002d785e164  x2=000000010020e078  x3=0000000000000001
0024:trace:seh:RtlUnwindEx  x4=000000010020dcd0  x5=0000000000000000  x6=000000000001005c  x7=0000000000006010
0024:trace:seh:RtlUnwindEx  x8=000000007ffe8000  x9=0000000000000001 x10=000000000012f498 x11=0000000000000004
0024:trace:seh:RtlUnwindEx x12=0000000000000000 x13=00000000000002f6 x14=000000007b5fb920 x15=00000002d7641b2c
0024:trace:seh:RtlUnwindEx x16=00000002d785dd18 x17=000000010020e2b0 x18=000000007ffe8000 x19=0000000110001140
0024:trace:seh:RtlUnwindEx x20=000000010020dcd0 x21=00000002d785e164 x22=000000007bddcabc x23=000000010020ef70
0024:trace:seh:RtlUnwindEx x24=000000007ffea000 x25=000000010020e078 x26=000000000012f494 x27=000000000012f490
0024:trace:seh:RtlUnwindEx x28=0000000110001140 cpsr=20000000 fpcr=00000000 fpsr=00000010
0024:trace:seh:RtlUnwindEx calling handler 00000002D785BE10 (rec=000000010020E078, frame=10020e140 context=000000010020DCD0, dispatch=000000010020DAE8)
0024:trace:seh:RtlUnwindEx handler 00000002D785BE10 returned 1
0024:trace:seh:RtlUnwindEx calling handler 00000002D785BE60 (rec=000000010020E078, frame=10020e870 context=000000010020DCD0, dispatch=000000010020DAE8)
0024:trace:seh:RtlUnwindEx handler 00000002D785BE60 returned 1
0024:trace:seh:RtlRestoreContext returning to 2d785e164 stack 10020e870
0024:trace:seh:RtlUnwindEx code=80000026 flags=2 end_frame=000000010020EF70 target_ip=00000002D785E164
0024:trace:seh:RtlUnwindEx  info[0]=000000010020ee50
0024:trace:seh:RtlUnwindEx  pc=00000002d79ca0b8  sp=000000010020d720  lr=0000000000000000  fp=000000010010f1f0
0024:trace:seh:RtlUnwindEx  x0=0000000000000000  x1=00000002d785e164  x2=000000010020e078  x3=0000000000000001
0024:trace:seh:RtlUnwindEx  x4=000000010020dcd0  x5=0000000000000000  x6=000000000001005c  x7=0000000000006010
0024:trace:seh:RtlUnwindEx  x8=000000007ffe8000  x9=0000000000000001 x10=000000000012f498 x11=0000000000000004
0024:trace:seh:RtlUnwindEx x12=0000000000000000 x13=00000000000030f0 x14=000000007b5fb920 x15=00000002d7641b2c
0024:trace:seh:RtlUnwindEx x16=00000002d785dd18 x17=000000010020e2b0 x18=000000007ffe8000 x19=0000000110001140
0024:trace:seh:RtlUnwindEx x20=000000010020dcd0 x21=00000002d785e164 x22=000000007bddcabc x23=000000010020ef70
0024:trace:seh:RtlUnwindEx x24=000000007ffea000 x25=000000010020e078 x26=000000000012f494 x27=000000000012f490
0024:trace:seh:RtlUnwindEx x28=0000000110001140 cpsr=20000000 fpcr=00000000 fpsr=00000000
0024:trace:seh:RtlUnwindEx calling handler 00000002D785BE10 (rec=000000010020E078, frame=10020e140 context=000000010020DCD0, dispatch=000000010020DAE8)
0024:trace:seh:RtlUnwindEx handler 00000002D785BE10 returned 1
0024:trace:seh:RtlUnwindEx calling handler 00000002D785BE60 (rec=000000010020E078, frame=10020e870 context=000000010020DCD0, dispatch=000000010020DAE8)
0024:trace:seh:RtlUnwindEx handler 00000002D785BE60 returned 1
0024:trace:seh:RtlRestoreContext returning to 2d785e164 stack 10020e870
0024:trace:seh:RtlUnwindEx code=80000026 flags=2 end_frame=000000010020EF70 target_ip=00000002D785E164
0024:trace:seh:RtlUnwindEx  info[0]=000000010020ee50
0024:trace:seh:RtlUnwindEx  pc=00000002d79ca0b8  sp=000000010020d720  lr=0000000000000000  fp=000000010010f1f0
0024:trace:seh:RtlUnwindEx  x0=0000000000000000  x1=00000002d785e164  x2=000000010020e078  x3=0000000000000001
0024:trace:seh:RtlUnwindEx  x4=000000010020dcd0  x5=0000000000000000  x6=000000000001005c  x7=0000000000006010
0024:trace:seh:RtlUnwindEx  x8=000000007ffe8000  x9=0000000000000001 x10=000000000012f498 x11=0000000000000004
0024:trace:seh:RtlUnwindEx x12=0000000000000000 x13=0000000000004b79 x14=000000007b5ef930 x15=00000002d7641b2c
0024:trace:seh:RtlUnwindEx x16=00000002d785dd18 x17=000000010020e1f0 x18=000000007ffe8000 x19=0000000110001140
0024:trace:seh:RtlUnwindEx x20=000000010020dcd0 x21=00000002d785e164 x22=000000007bddcabc x23=000000010020ef70
0024:trace:seh:RtlUnwindEx x24=000000007ffea000 x25=000000010020e078 x26=000000000012f494 x27=000000000012f490
0024:trace:seh:RtlUnwindEx x28=0000000110001140 cpsr=20000000 fpcr=00000000 fpsr=00000000
0024:trace:seh:RtlUnwindEx calling handler 00000002D785BE10 (rec=000000010020E078, frame=10020e140 context=000000010020DCD0, dispatch=000000010020DAE8)
0024:trace:seh:RtlUnwindEx handler 00000002D785BE10 returned 1
0024:trace:seh:RtlUnwindEx calling handler 00000002D785BE60 (rec=000000010020E078, frame=10020e870 context=000000010020DCD0, dispatch=000000010020DAE8)
0024:trace:seh:RtlUnwindEx handler 00000002D785BE60 returned 1
0024:trace:seh:RtlRestoreContext returning to 2d785e164 stack 10020e870
0024:trace:seh:RtlUnwindEx code=80000026 flags=2 end_frame=000000010020EF70 target_ip=00000002D785E164
0024:trace:seh:RtlUnwindEx  info[0]=000000010020ee50
0024:trace:seh:RtlUnwindEx  pc=00000002d79ca0b8  sp=000000010020d720  lr=0000000000000000  fp=000000010010f1f0
0024:trace:seh:RtlUnwindEx  x0=0000000000000000  x1=00000002d785e164  x2=000000010020e078  x3=0000000000000001
0024:trace:seh:RtlUnwindEx  x4=000000010020dcd0  x5=0000000000000000  x6=000000000001005c  x7=0000000000006010
0024:trace:seh:RtlUnwindEx  x8=000000007ffe8000  x9=0000000000000001 x10=000000000012f498 x11=0000000000000004
0024:trace:seh:RtlUnwindEx x12=0000000000000000 x13=00000000000077c0 x14=000000007b5fb930 x15=00000002d7641b2c
0024:trace:seh:RtlUnwindEx x16=00000002d785dd18 x17=000000010020e1f0 x18=000000007ffe8000 x19=0000000110001140
0024:trace:seh:RtlUnwindEx x20=000000010020dcd0 x21=00000002d785e164 x22=000000007bddcabc x23=000000010020ef70
0024:trace:seh:RtlUnwindEx x24=000000007ffea000 x25=000000010020e078 x26=000000000012f494 x27=000000000012f490
0024:trace:seh:RtlUnwindEx x28=0000000110001140 cpsr=20000000 fpcr=00000000 fpsr=00000010
0024:trace:seh:RtlUnwindEx calling handler 00000002D785BE10 (rec=000000010020E078, frame=10020e140 context=000000010020DCD0, dispatch=000000010020DAE8)
0024:trace:seh:RtlUnwindEx handler 00000002D785BE10 returned 1
0024:trace:seh:RtlUnwindEx calling handler 00000002D785BE60 (rec=000000010020E078, frame=10020e870 context=000000010020DCD0, dispatch=000000010020DAE8)
0024:trace:seh:RtlUnwindEx handler 00000002D785BE60 returned 1
0024:trace:seh:RtlRestoreContext returning to 2d785e164 stack 10020e870
0024:trace:seh:RtlUnwindEx code=80000026 flags=2 end_frame=000000010020EF70 target_ip=00000002D785E164
0024:trace:seh:RtlUnwindEx  info[0]=000000010020ee50
0024:trace:seh:RtlUnwindEx  pc=00000002d79ca0b8  sp=000000010020d720  lr=0000000000000000  fp=000000010010f1f0
0024:trace:seh:RtlUnwindEx  x0=0000000000000000  x1=00000002d785e164  x2=000000010020e078  x3=0000000000000001
0024:trace:seh:RtlUnwindEx  x4=000000010020dcd0  x5=0000000000000000  x6=000000000001005c  x7=0000000000006010
0024:trace:seh:RtlUnwindEx  x8=000000007ffe8000  x9=0000000000000001 x10=000000000012f498 x11=0000000000000004
0024:trace:seh:RtlUnwindEx x12=0000000000000000 x13=0000000000000000 x14=000000000000014f x15=00000001081c5c80
0024:trace:seh:RtlUnwindEx x16=00000002d785dd18 x17=000000010020e180 x18=000000007ffe8000 x19=0000000110001140
0024:trace:seh:RtlUnwindEx x20=000000010020dcd0 x21=00000002d785e164 x22=000000007bddcabc x23=000000010020ef70
0024:trace:seh:RtlUnwindEx x24=000000007ffea000 x25=000000010020e078 x26=000000000012f494 x27=000000000012f490
0024:trace:seh:RtlUnwindEx x28=0000000110001140 cpsr=20000000 fpcr=00000000 fpsr=00000000
0024:trace:seh:RtlUnwindEx calling handler 00000002D785BE10 (rec=000000010020E078, frame=10020e140 context=000000010020DCD0, dispatch=000000010020DAE8)
0024:trace:seh:RtlUnwindEx handler 00000002D785BE10 returned 1
0024:trace:seh:RtlUnwindEx calling handler 00000002D785BE60 (rec=000000010020E078, frame=10020e870 context=000000010020DCD0, dispatch=000000010020DAE8)
0024:trace:seh:RtlUnwindEx handler 00000002D785BE60 returned 1
0024:trace:seh:RtlRestoreContext returning to 2d785e164 stack 10020e870
[JuiceCreate] ex=00000080 class=0x10020cdc0 version=0x0 name=0x10020cda0 style=80000000 x=0 y=0 cx=1 cy=1 parent=0x10058 menu=0x0 classinst=0x799c0000 params=0x0 flags=00000000 inst=0x799c0000 classptr=0x304b10 ansi=0
[JuiceRect] input hwnd=0x1007c dpi=96/1 raw=96/1 win=0,0,1,1 client=0,0,1,1 visible=0,0,1,1
[JuiceRect] mapped hwnd=0x1007c win=0,0,1,1 client=0,0,1,1 visible=0,0,1,1
[JuiceGeom] changed hwnd=0x1007c flags=3c ptr=0x10010da20 window=0,0,1,1 client=0,0,1,1 visible=0,0,1,1 surface=0x69a784f0 shown=0
0024:trace:seh:RtlUnwindEx code=80000026 flags=2 end_frame=000000010020CBF0 target_ip=00000002D785E164
0024:trace:seh:RtlUnwindEx  info[0]=000000010020cad0
0024:trace:seh:RtlUnwindEx  pc=00000002d79ca0b8  sp=000000010020b3a0  lr=0000000000000000  fp=000000010010d410
0024:trace:seh:RtlUnwindEx  x0=0000000000000000  x1=00000002d785e164  x2=000000010020bcf8  x3=0000000000000001
0024:trace:seh:RtlUnwindEx  x4=000000010020b950  x5=0000000000000000  x6=000000000012ec5c  x7=0000000000006010
0024:trace:seh:RtlUnwindEx  x8=000000007ffe8000  x9=0000000000000001 x10=000000000012ec78 x11=0000000000000046
0024:trace:seh:RtlUnwindEx x12=0000000000000000 x13=000000000002d048 x14=000000007b600510 x15=00000002d7641b2c
0024:trace:seh:RtlUnwindEx x16=00000002d785dd18 x17=000000010020be70 x18=000000007ffe8000 x19=0000000110001140
0024:trace:seh:RtlUnwindEx x20=000000010020b950 x21=00000002d785e164 x22=000000007bddcabc x23=000000010020cbf0
0024:trace:seh:RtlUnwindEx x24=000000007ffea000 x25=000000010020bcf8 x26=0000000000000046 x27=00000000ffffff8d
0024:trace:seh:RtlUnwindEx x28=0000000110001140 cpsr=20000000 fpcr=00000000 fpsr=00000010
0024:trace:seh:RtlUnwindEx calling handler 00000002D785BE10 (rec=000000010020BCF8, frame=10020bdc0 context=000000010020B950, dispatch=000000010020B768)
0024:trace:seh:RtlUnwindEx handler 00000002D785BE10 returned 1
0024:trace:seh:RtlUnwindEx calling handler 00000002D785BE60 (rec=000000010020BCF8, frame=10020c4f0 context=000000010020B950, dispatch=000000010020B768)
0024:trace:seh:RtlUnwindEx handler 00000002D785BE60 returned 1
0024:trace:seh:RtlRestoreContext returning to 2d785e164 stack 10020c4f0
0024:trace:seh:RtlUnwindEx code=80000026 flags=2 end_frame=000000010020CC50 target_ip=00000002D785E164
0024:trace:seh:RtlUnwindEx  info[0]=000000010020cb30
0024:trace:seh:RtlUnwindEx  pc=00000002d79ca0b8  sp=000000010020b400  lr=0000000000000000  fp=000000010010d410
0024:trace:seh:RtlUnwindEx  x0=0000000000000000  x1=00000002d785e164  x2=000000010020bd58  x3=0000000000000001
0024:trace:seh:RtlUnwindEx  x4=000000010020b9b0  x5=0000000000000000  x6=000000000012ec8c  x7=0000000000006010
0024:trace:seh:RtlUnwindEx  x8=000000007ffe8000  x9=0000000000000001 x10=000000000012eca8 x11=0000000000000014
0024:trace:seh:RtlUnwindEx x12=0000000000000000 x13=000000000002f14d x14=000000007bdafe70 x15=00000002d7641b2c
0024:trace:seh:RtlUnwindEx x16=00000002d785dd18 x17=000000010020bf90 x18=000000007ffe8000 x19=0000000110001140
0024:trace:seh:RtlUnwindEx x20=000000010020b9b0 x21=00000002d785e164 x22=000000007bddcabc x23=000000010020cc50
0024:trace:seh:RtlUnwindEx x24=000000007ffea000 x25=000000010020bd58 x26=0000000000000014 x27=00000000ffffffbf
0024:trace:seh:RtlUnwindEx x28=0000000110001140 cpsr=20000000 fpcr=00000000 fpsr=00000010
0024:trace:seh:RtlUnwindEx calling handler 00000002D785BE10 (rec=000000010020BD58, frame=10020be20 context=000000010020B9B0, dispatch=000000010020B7C8)
0024:trace:seh:RtlUnwindEx handler 00000002D785BE10 returned 1
0024:trace:seh:RtlUnwindEx calling handler 00000002D785BE60 (rec=000000010020BD58, frame=10020c550 context=000000010020B9B0, dispatch=000000010020B7C8)
0024:trace:seh:RtlUnwindEx handler 00000002D785BE60 returned 1
0024:trace:seh:RtlRestoreContext returning to 2d785e164 stack 10020c550
[JuiceRect] input hwnd=0x1007c dpi=96/1 raw=96/1 win=0,0,1,1 client=0,0,1,1 visible=0,0,1,1
[JuiceRect] mapped hwnd=0x1007c win=0,0,1,1 client=0,0,1,1 visible=0,0,1,1
[JuiceGeom] changed hwnd=0x1007c flags=18 ptr=0x10010da20 window=0,0,1,1 client=0,0,1,1 visible=0,0,1,1 surface=0x69a784f0 shown=0
0024:trace:seh:RtlUnwindEx code=80000026 flags=2 end_frame=000000010020CBF0 target_ip=00000002D785E164
0024:trace:seh:RtlUnwindEx  info[0]=000000010020cad0
0024:trace:seh:RtlUnwindEx  pc=00000002d79ca0b8  sp=000000010020b3a0  lr=0000000000000000  fp=000000010010d410
0024:trace:seh:RtlUnwindEx  x0=0000000000000000  x1=00000002d785e164  x2=000000010020bcf8  x3=0000000000000001
0024:trace:seh:RtlUnwindEx  x4=000000010020b950  x5=0000000000000000  x6=000000000012ec5c  x7=0000000000006010
0024:trace:seh:RtlUnwindEx  x8=000000007ffe8000  x9=0000000000000001 x10=000000000012ec78 x11=0000000000000046
0024:trace:seh:RtlUnwindEx x12=0000000000000000 x13=0000000000000000 x14=0000000000000000 x15=0000000000000030
0024:trace:seh:RtlUnwindEx x16=00000002d785dd18 x17=000000010020bf00 x18=000000007ffe8000 x19=0000000110001140
0024:trace:seh:RtlUnwindEx x20=000000010020b950 x21=00000002d785e164 x22=000000007bddcabc x23=000000010020cbf0
0024:trace:seh:RtlUnwindEx x24=000000007ffea000 x25=000000010020bcf8 x26=0000000000000046 x27=00000000ffffff8d
0024:trace:seh:RtlUnwindEx x28=0000000110001140 cpsr=20000000 fpcr=00000000 fpsr=00000000
0024:trace:seh:RtlUnwindEx calling handler 00000002D785BE10 (rec=000000010020BCF8, frame=10020bdc0 context=000000010020B950, dispatch=000000010020B768)
0024:trace:seh:RtlUnwindEx handler 00000002D785BE10 returned 1
0024:trace:seh:RtlUnwindEx calling handler 00000002D785BE60 (rec=000000010020BCF8, frame=10020c4f0 context=000000010020B950, dispatch=000000010020B768)
0024:trace:seh:RtlUnwindEx handler 00000002D785BE60 returned 1
0024:trace:seh:RtlRestoreContext returning to 2d785e164 stack 10020c4f0
[JuiceDriver] create-enter hwnd=0x1007c
[JuiceDriver] create-success hwnd=0x1007c
0024:trace:seh:RtlUnwindEx code=80000026 flags=2 end_frame=000000010020CC60 target_ip=00000002D785E164
0024:trace:seh:RtlUnwindEx  info[0]=000000010020cb40
0024:trace:seh:RtlUnwindEx  pc=00000002d79ca0b8  sp=000000010020b410  lr=0000000000000000  fp=000000010010d410
0024:trace:seh:RtlUnwindEx  x0=0000000000000000  x1=00000002d785e164  x2=000000010020bd68  x3=0000000000000001
0024:trace:seh:RtlUnwindEx  x4=000000010020b9c0  x5=0000000000000000  x6=0000000000000080  x7=0000000000006010
0024:trace:seh:RtlUnwindEx  x8=000000007ffe8000  x9=0000000000000001 x10=000000000012ebd8 x11=0000000000000004
0024:trace:seh:RtlUnwindEx x12=0000000000000000 x13=0000000000000000 x14=0000000000000000 x15=0000000000000030
0024:trace:seh:RtlUnwindEx x16=00000002d785dd18 x17=000000010020bf70 x18=000000007ffe8000 x19=0000000110001140
0024:trace:seh:RtlUnwindEx x20=000000010020b9c0 x21=00000002d785e164 x22=000000007bddcabc x23=000000010020cc60
0024:trace:seh:RtlUnwindEx x24=000000007ffea000 x25=000000010020bd68 x26=000000000012ebd4 x27=000000000012ebd0
0024:trace:seh:RtlUnwindEx x28=0000000110001140 cpsr=20000000 fpcr=00000000 fpsr=00000000
0024:trace:seh:RtlUnwindEx calling handler 00000002D785BE10 (rec=000000010020BD68, frame=10020be30 context=000000010020B9C0, dispatch=000000010020B7D8)
0024:trace:seh:RtlUnwindEx handler 00000002D785BE10 returned 1
0024:trace:seh:RtlUnwindEx calling handler 00000002D785BE60 (rec=000000010020BD68, frame=10020c560 context=000000010020B9C0, dispatch=000000010020B7D8)
0024:trace:seh:RtlUnwindEx handler 00000002D785BE60 returned 1
0024:trace:seh:RtlRestoreContext returning to 2d785e164 stack 10020c560
0024:trace:seh:RtlUnwindEx code=80000026 flags=2 end_frame=000000010020CC60 target_ip=00000002D785E164
0024:trace:seh:RtlUnwindEx  info[0]=000000010020cb40
0024:trace:seh:RtlUnwindEx  pc=00000002d79ca0b8  sp=000000010020b410  lr=0000000000000000  fp=000000010010d410
0024:trace:seh:RtlUnwindEx  x0=0000000000000000  x1=00000002d785e164  x2=000000010020bd68  x3=0000000000000001
0024:trace:seh:RtlUnwindEx  x4=000000010020b9c0  x5=0000000000000000  x6=0000000000000080  x7=0000000000006010
0024:trace:seh:RtlUnwindEx  x8=000000007ffe8000  x9=0000000000000001 x10=000000000012ebd8 x11=0000000000000004
0024:trace:seh:RtlUnwindEx x12=0000000000000000 x13=0000000000000000 x14=0000000000000000 x15=0000000000000030
0024:trace:seh:RtlUnwindEx x16=00000002d785dd18 x17=000000010020bf70 x18=000000007ffe8000 x19=0000000110001140
0024:trace:seh:RtlUnwindEx x20=000000010020b9c0 x21=00000002d785e164 x22=000000007bddcabc x23=000000010020cc60
0024:trace:seh:RtlUnwindEx x24=000000007ffea000 x25=000000010020bd68 x26=000000000012ebd4 x27=000000000012ebd0
0024:trace:seh:RtlUnwindEx x28=0000000110001140 cpsr=20000000 fpcr=00000000 fpsr=00000000
0024:trace:seh:RtlUnwindEx calling handler 00000002D785BE10 (rec=000000010020BD68, frame=10020be30 context=000000010020B9C0, dispatch=000000010020B7D8)
0024:trace:seh:RtlUnwindEx handler 00000002D785BE10 returned 1
0024:trace:seh:RtlUnwindEx calling handler 00000002D785BE60 (rec=000000010020BD68, frame=10020c560 context=000000010020B9C0, dispatch=000000010020B7D8)
0024:trace:seh:RtlUnwindEx handler 00000002D785BE60 returned 1
0024:trace:seh:RtlRestoreContext returning to 2d785e164 stack 10020c560
0024:trace:seh:RtlUnwindEx code=80000026 flags=2 end_frame=000000010020CCC0 target_ip=00000002D785E164
0024:trace:seh:RtlUnwindEx  info[0]=000000010020cba0
0024:trace:seh:RtlUnwindEx  pc=00000002d79ca0b8  sp=000000010020b470  lr=0000000000000000  fp=000000010010d610
0024:trace:seh:RtlUnwindEx  x0=0000000000000000  x1=00000002d785e164  x2=000000010020bdc8  x3=0000000000000001
0024:trace:seh:RtlUnwindEx  x4=000000010020ba20  x5=0000000000000000  x6=000000000012efdc  x7=0000000000006010
0024:trace:seh:RtlUnwindEx  x8=000000007ffe8000  x9=0000000000000001 x10=000000000012eff8 x11=0000000000000020
0024:trace:seh:RtlUnwindEx x12=0000000000000000 x13=0000000000000000 x14=0000000000000000 x15=0000000000000030
0024:trace:seh:RtlUnwindEx x16=00000002d785dd18 x17=000000010020bfd0 x18=000000007ffe8000 x19=0000000110001140
0024:trace:seh:RtlUnwindEx x20=000000010020ba20 x21=00000002d785e164 x22=000000007bddcabc x23=000000010020ccc0
0024:trace:seh:RtlUnwindEx x24=000000007ffea000 x25=000000010020bdc8 x26=0000000000000020 x27=00000000ffffffb3
0024:trace:seh:RtlUnwindEx x28=0000000110001140 cpsr=20000000 fpcr=00000000 fpsr=00000000
0024:trace:seh:RtlUnwindEx calling handler 00000002D785BE10 (rec=000000010020BDC8, frame=10020be90 context=000000010020BA20, dispatch=000000010020B838)
0024:trace:seh:RtlUnwindEx handler 00000002D785BE10 returned 1
0024:trace:seh:RtlUnwindEx calling handler 00000002D785BE60 (rec=000000010020BDC8, frame=10020c5c0 context=000000010020BA20, dispatch=000000010020B838)
0024:trace:seh:RtlUnwindEx handler 00000002D785BE60 returned 1
0024:trace:seh:RtlRestoreContext returning to 2d785e164 stack 10020c5c0
[JuiceRect] input hwnd=0x1007c dpi=96/1 raw=96/1 win=0,0,1,1 client=0,0,1,1 visible=0,0,1,1
[JuiceRect] mapped hwnd=0x1007c win=0,0,1,1 client=0,0,1,1 visible=0,0,1,1
[JuiceGeom] changed hwnd=0x1007c flags=181b ptr=0x10010dc20 window=0,0,1,1 client=0,0,1,1 visible=0,0,1,1 surface=0x69a784f0 shown=0
0024:trace:seh:RtlUnwindEx code=80000026 flags=2 end_frame=000000010020CCC0 target_ip=00000002D785E164
0024:trace:seh:RtlUnwindEx  info[0]=000000010020cba0
0024:trace:seh:RtlUnwindEx  pc=00000002d79ca0b8  sp=000000010020b470  lr=0000000000000000  fp=000000010010d610
0024:trace:seh:RtlUnwindEx  x0=0000000000000000  x1=00000002d785e164  x2=000000010020bdc8  x3=0000000000000001
0024:trace:seh:RtlUnwindEx  x4=000000010020ba20  x5=0000000000000000  x6=000000000012efdc  x7=0000000000006010
0024:trace:seh:RtlUnwindEx  x8=000000007ffe8000  x9=0000000000000001 x10=000000000012eff8 x11=0000000000000020
0024:trace:seh:RtlUnwindEx x12=0000000000000000 x13=0000000000000000 x14=0000000000000000 x15=0000000000000030
0024:trace:seh:RtlUnwindEx x16=00000002d785dd18 x17=000000010020bfd0 x18=000000007ffe8000 x19=0000000110001140
0024:trace:seh:RtlUnwindEx x20=000000010020ba20 x21=00000002d785e164 x22=000000007bddcabc x23=000000010020ccc0
0024:trace:seh:RtlUnwindEx x24=000000007ffea000 x25=000000010020bdc8 x26=0000000000000020 x27=00000000ffffffb3
0024:trace:seh:RtlUnwindEx x28=0000000110001140 cpsr=20000000 fpcr=00000000 fpsr=00000000
0024:trace:seh:RtlUnwindEx calling handler 00000002D785BE10 (rec=000000010020BDC8, frame=10020be90 context=000000010020BA20, dispatch=000000010020B838)
0024:trace:seh:RtlUnwindEx handler 00000002D785BE10 returned 1
0024:trace:seh:RtlUnwindEx calling handler 00000002D785BE60 (rec=000000010020BDC8, frame=10020c5c0 context=000000010020BA20, dispatch=000000010020B838)
0024:trace:seh:RtlUnwindEx handler 00000002D785BE60 returned 1
0024:trace:seh:RtlRestoreContext returning to 2d785e164 stack 10020c5c0
0024:trace:seh:RtlUnwindEx code=80000026 flags=2 end_frame=000000010020DC20 target_ip=00000002D785E164
0024:trace:seh:RtlUnwindEx  info[0]=000000010020db00
0024:trace:seh:RtlUnwindEx  pc=00000002d79ca0b8  sp=000000010020c3d0  lr=0000000000000000  fp=000000010010e400
0024:trace:seh:RtlUnwindEx  x0=0000000000000000  x1=00000002d785e164  x2=000000010020cd28  x3=0000000000000001
0024:trace:seh:RtlUnwindEx  x4=000000010020c980  x5=0000000000000000  x6=00000000c000000f  x7=0000000000006010
0024:trace:seh:RtlUnwindEx  x8=000000007ffe8000  x9=0000000000000001 x10=000000000012f118 x11=0000000000000004
0024:trace:seh:RtlUnwindEx x12=0000000000000000 x13=000000000003c9f4 x14=000000007b5ef930 x15=00000002d7641b2c
0024:trace:seh:RtlUnwindEx x16=00000002d785dd18 x17=000000010020cea0 x18=000000007ffe8000 x19=0000000110001140
0024:trace:seh:RtlUnwindEx x20=000000010020c980 x21=00000002d785e164 x22=000000007bddcabc x23=000000010020dc20
0024:trace:seh:RtlUnwindEx x24=000000007ffea000 x25=000000010020cd28 x26=000000000012f114 x27=000000000012f110
0024:trace:seh:RtlUnwindEx x28=0000000110001140 cpsr=20000000 fpcr=00000000 fpsr=00000010
0024:trace:seh:RtlUnwindEx calling handler 00000002D785BE10 (rec=000000010020CD28, frame=10020cdf0 context=000000010020C980, dispatch=000000010020C798)
0024:trace:seh:RtlUnwindEx handler 00000002D785BE10 returned 1
0024:trace:seh:RtlUnwindEx calling handler 00000002D785BE60 (rec=000000010020CD28, frame=10020d520 context=000000010020C980, dispatch=000000010020C798)
0024:trace:seh:RtlUnwindEx handler 00000002D785BE60 returned 1
0024:trace:seh:RtlRestoreContext returning to 2d785e164 stack 10020d520
0024:trace:seh:RtlUnwindEx code=80000026 flags=2 end_frame=000000010020EF70 target_ip=00000002D785E164
0024:trace:seh:RtlUnwindEx  info[0]=000000010020ee50
0024:trace:seh:RtlUnwindEx  pc=00000002d79ca0b8  sp=000000010020d720  lr=0000000000000000  fp=000000010010f130
0024:trace:seh:RtlUnwindEx  x0=0000000000000000  x1=00000002d785e164  x2=000000010020e078  x3=0000000000000001
0024:trace:seh:RtlUnwindEx  x4=000000010020dcd0  x5=0000000000000000  x6=000000000001005c  x7=0000000000006010
0024:trace:seh:RtlUnwindEx  x8=000000007ffe8000  x9=0000000000000001 x10=000000000012f498 x11=0000000000000004
0024:trace:seh:RtlUnwindEx x12=0000000000000000 x13=0000000000026b0c x14=000000007b5fb8f0 x15=00000002d7641b2c
0024:trace:seh:RtlUnwindEx x16=00000002d785dd18 x17=000000010020e1f0 x18=000000007ffe8000 x19=0000000110001140
0024:trace:seh:RtlUnwindEx x20=000000010020dcd0 x21=00000002d785e164 x22=000000007bddcabc x23=000000010020ef70
0024:trace:seh:RtlUnwindEx x24=000000007ffea000 x25=000000010020e078 x26=000000000012f494 x27=000000000012f490
0024:trace:seh:RtlUnwindEx x28=0000000110001140 cpsr=20000000 fpcr=00000000 fpsr=00000000
0024:trace:seh:RtlUnwindEx calling handler 00000002D785BE10 (rec=000000010020E078, frame=10020e140 context=000000010020DCD0, dispatch=000000010020DAE8)
0024:trace:seh:RtlUnwindEx handler 00000002D785BE10 returned 1
0024:trace:seh:RtlUnwindEx calling handler 00000002D785BE60 (rec=000000010020E078, frame=10020e870 context=000000010020DCD0, dispatch=000000010020DAE8)
0024:trace:seh:RtlUnwindEx handler 00000002D785BE60 returned 1
0024:trace:seh:RtlRestoreContext returning to 2d785e164 stack 10020e870
0024:trace:seh:RtlUnwindEx code=80000026 flags=2 end_frame=000000010020E030 target_ip=00000002D785E164
0024:trace:seh:RtlUnwindEx  info[0]=000000010020df10
0024:trace:seh:RtlUnwindEx  pc=00000002d79ca0b8  sp=000000010020c7e0  lr=0000000000000000  fp=000000010010e4e0
0024:trace:seh:RtlUnwindEx  x0=0000000000000000  x1=00000002d785e164  x2=000000010020d138  x3=0000000000000001
0024:trace:seh:RtlUnwindEx  x4=000000010020cd90  x5=0000000000000000  x6=00000000002a0978  x7=0000000000006010
0024:trace:seh:RtlUnwindEx  x8=000000007ffe8000  x9=0000000000000001 x10=000000000012f268 x11=0000000000000004
0024:trace:seh:RtlUnwindEx x12=0000000000000000 x13=0000000000042677 x14=000000007b5fb920 x15=00000002d7641b2c
0024:trace:seh:RtlUnwindEx x16=00000002d785dd18 x17=000000010020d370 x18=000000007ffe8000 x19=0000000110001140
0024:trace:seh:RtlUnwindEx x20=000000010020cd90 x21=00000002d785e164 x22=000000007bddcabc x23=000000010020e030
0024:trace:seh:RtlUnwindEx x24=000000007ffea000 x25=000000010020d138 x26=000000000012f264 x27=000000000012f260
0024:trace:seh:RtlUnwindEx x28=0000000110001140 cpsr=20000000 fpcr=00000000 fpsr=00000010
0024:trace:seh:RtlUnwindEx calling handler 00000002D785BE10 (rec=000000010020D138, frame=10020d200 context=000000010020CD90, dispatch=000000010020CBA8)
0024:trace:seh:RtlUnwindEx handler 00000002D785BE10 returned 1
0024:trace:seh:RtlUnwindEx calling handler 00000002D785BE60 (rec=000000010020D138, frame=10020d930 context=000000010020CD90, dispatch=000000010020CBA8)
0024:trace:seh:RtlUnwindEx handler 00000002D785BE60 returned 1
0024:trace:seh:RtlRestoreContext returning to 2d785e164 stack 10020d930
0024:trace:seh:RtlUnwindEx code=80000026 flags=2 end_frame=000000010020CCE0 target_ip=00000002D785E164
0024:trace:seh:RtlUnwindEx  info[0]=000000010020cbc0
0024:trace:seh:RtlUnwindEx  pc=00000002d79ca0b8  sp=000000010020b490  lr=0000000000000000  fp=000000010010d7b0
0024:trace:seh:RtlUnwindEx  x0=0000000000000000  x1=00000002d785e164  x2=000000010020bde8  x3=0000000000000001
0024:trace:seh:RtlUnwindEx  x4=000000010020ba40  x5=0000000000000000  x6=00000000c000000f  x7=0000000000006010
0024:trace:seh:RtlUnwindEx  x8=000000007ffe8000  x9=0000000000000001 x10=000000000012eee8 x11=0000000000000004
0024:trace:seh:RtlUnwindEx x12=0000000000000000 x13=0000000000046da0 x14=000000007b5ef930 x15=00000002d7641b2c
0024:trace:seh:RtlUnwindEx x16=00000002d785dd18 x17=000000010020bf60 x18=000000007ffe8000 x19=0000000110001140
0024:trace:seh:RtlUnwindEx x20=000000010020ba40 x21=00000002d785e164 x22=000000007bddcabc x23=000000010020cce0
0024:trace:seh:RtlUnwindEx x24=000000007ffea000 x25=000000010020bde8 x26=000000000012eee4 x27=000000000012eee0
0024:trace:seh:RtlUnwindEx x28=0000000110001140 cpsr=20000000 fpcr=00000000 fpsr=00000000
0024:trace:seh:RtlUnwindEx calling handler 00000002D785BE10 (rec=000000010020BDE8, frame=10020beb0 context=000000010020BA40, dispatch=000000010020B858)
0024:trace:seh:RtlUnwindEx handler 00000002D785BE10 returned 1
0024:trace:seh:RtlUnwindEx calling handler 00000002D785BE60 (rec=000000010020BDE8, frame=10020c5e0 context=000000010020BA40, dispatch=000000010020B858)
0024:trace:seh:RtlUnwindEx handler 00000002D785BE60 returned 1
0024:trace:seh:RtlRestoreContext returning to 2d785e164 stack 10020c5e0
0024:trace:seh:RtlUnwindEx code=80000026 flags=2 end_frame=000000010020E030 target_ip=00000002D785E164
0024:trace:seh:RtlUnwindEx  info[0]=000000010020df10
0024:trace:seh:RtlUnwindEx  pc=00000002d79ca0b8  sp=000000010020c7e0  lr=0000000000000000  fp=000000010010e4e0
0024:trace:seh:RtlUnwindEx  x0=0000000000000000  x1=00000002d785e164  x2=000000010020d138  x3=0000000000000001
0024:trace:seh:RtlUnwindEx  x4=000000010020cd90  x5=0000000000000000  x6=00000000002a0978  x7=0000000000006010
0024:trace:seh:RtlUnwindEx  x8=000000007ffe8000  x9=0000000000000001 x10=000000000012f268 x11=0000000000000004
0024:trace:seh:RtlUnwindEx x12=0000000000000000 x13=0000000000045502 x14=000000007b5fb8f0 x15=00000002d7641b2c
0024:trace:seh:RtlUnwindEx x16=00000002d785dd18 x17=000000010020d2b0 x18=000000007ffe8000 x19=0000000110001140
0024:trace:seh:RtlUnwindEx x20=000000010020cd90 x21=00000002d785e164 x22=000000007bddcabc x23=000000010020e030
0024:trace:seh:RtlUnwindEx x24=000000007ffea000 x25=000000010020d138 x26=000000000012f264 x27=000000000012f260
0024:trace:seh:RtlUnwindEx x28=0000000110001140 cpsr=20000000 fpcr=00000000 fpsr=00000000
0024:trace:seh:RtlUnwindEx calling handler 00000002D785BE10 (rec=000000010020D138, frame=10020d200 context=000000010020CD90, dispatch=000000010020CBA8)
0024:trace:seh:RtlUnwindEx handler 00000002D785BE10 returned 1
0024:trace:seh:RtlUnwindEx calling handler 00000002D785BE60 (rec=000000010020D138, frame=10020d930 context=000000010020CD90, dispatch=000000010020CBA8)
0024:trace:seh:RtlUnwindEx handler 00000002D785BE60 returned 1
0024:trace:seh:RtlRestoreContext returning to 2d785e164 stack 10020d930
0024:trace:seh:RtlUnwindEx code=80000026 flags=2 end_frame=000000010020CCE0 target_ip=00000002D785E164
0024:trace:seh:RtlUnwindEx  info[0]=000000010020cbc0
0024:trace:seh:RtlUnwindEx  pc=00000002d79ca0b8  sp=000000010020b490  lr=0000000000000000  fp=000000010010d7b0
0024:trace:seh:RtlUnwindEx  x0=0000000000000000  x1=00000002d785e164  x2=000000010020bde8  x3=0000000000000001
0024:trace:seh:RtlUnwindEx  x4=000000010020ba40  x5=0000000000000000  x6=00000000c000000f  x7=0000000000006010
0024:trace:seh:RtlUnwindEx  x8=000000007ffe8000  x9=0000000000000001 x10=000000000012eeb8 x11=0000000000000004
0024:trace:seh:RtlUnwindEx x12=0000000000000000 x13=0000000000000000 x14=0000000000000000 x15=0000000000000030
0024:trace:seh:RtlUnwindEx x16=00000002d785dd18 x17=000000010020bff0 x18=000000007ffe8000 x19=0000000110001140
0024:trace:seh:RtlUnwindEx x20=000000010020ba40 x21=00000002d785e164 x22=000000007bddcabc x23=000000010020cce0
0024:trace:seh:RtlUnwindEx x24=000000007ffea000 x25=000000010020bde8 x26=000000000012eeb4 x27=000000000012eeb0
0024:trace:seh:RtlUnwindEx x28=0000000110001140 cpsr=20000000 fpcr=00000000 fpsr=00000000
0024:trace:seh:RtlUnwindEx calling handler 00000002D785BE10 (rec=000000010020BDE8, frame=10020beb0 context=000000010020BA40, dispatch=000000010020B858)
0024:trace:seh:RtlUnwindEx handler 00000002D785BE10 returned 1
0024:trace:seh:RtlUnwindEx calling handler 00000002D785BE60 (rec=000000010020BDE8, frame=10020c5e0 context=000000010020BA40, dispatch=000000010020B858)
0024:trace:seh:RtlUnwindEx handler 00000002D785BE60 returned 1
0024:trace:seh:RtlRestoreContext returning to 2d785e164 stack 10020c5e0
0024:trace:seh:RtlUnwindEx code=80000026 flags=2 end_frame=000000010020E030 target_ip=00000002D785E164
0024:trace:seh:RtlUnwindEx  info[0]=000000010020df10
0024:trace:seh:RtlUnwindEx  pc=00000002d79ca0b8  sp=000000010020c7e0  lr=0000000000000000  fp=000000010010e4e0
0024:trace:seh:RtlUnwindEx  x0=0000000000000000  x1=00000002d785e164  x2=000000010020d138  x3=0000000000000001
0024:trace:seh:RtlUnwindEx  x4=000000010020cd90  x5=0000000000000000  x6=00000000002a0978  x7=0000000000006010
0024:trace:seh:RtlUnwindEx  x8=000000007ffe8000  x9=0000000000000001 x10=000000000012f268 x11=0000000000000004
0024:trace:seh:RtlUnwindEx x12=0000000000000000 x13=0000000000000000 x14=0000000000000000 x15=0000000000000030
0024:trace:seh:RtlUnwindEx x16=00000002d785dd18 x17=000000010020d340 x18=000000007ffe8000 x19=0000000110001140
0024:trace:seh:RtlUnwindEx x20=000000010020cd90 x21=00000002d785e164 x22=000000007bddcabc x23=000000010020e030
0024:trace:seh:RtlUnwindEx x24=000000007ffea000 x25=000000010020d138 x26=000000000012f264 x27=000000000012f260
0024:trace:seh:RtlUnwindEx x28=0000000110001140 cpsr=20000000 fpcr=00000000 fpsr=00000000
0024:trace:seh:RtlUnwindEx calling handler 00000002D785BE10 (rec=000000010020D138, frame=10020d200 context=000000010020CD90, dispatch=000000010020CBA8)
0024:trace:seh:RtlUnwindEx handler 00000002D785BE10 returned 1
0024:trace:seh:RtlUnwindEx calling handler 00000002D785BE60 (rec=000000010020D138, frame=10020d930 context=000000010020CD90, dispatch=000000010020CBA8)
0024:trace:seh:RtlUnwindEx handler 00000002D785BE60 returned 1
0024:trace:seh:RtlRestoreContext returning to 2d785e164 stack 10020d930
0024:trace:seh:RtlUnwindEx code=80000026 flags=2 end_frame=000000010020E030 target_ip=00000002D785E164
0024:trace:seh:RtlUnwindEx  info[0]=000000010020df10
0024:trace:seh:RtlUnwindEx  pc=00000002d79ca0b8  sp=000000010020c7e0  lr=0000000000000000  fp=000000010010e4e0
0024:trace:seh:RtlUnwindEx  x0=0000000000000000  x1=00000002d785e164  x2=000000010020d138  x3=0000000000000001
0024:trace:seh:RtlUnwindEx  x4=000000010020cd90  x5=0000000000000000  x6=00000000002a0978  x7=0000000000006010
0024:trace:seh:RtlUnwindEx  x8=000000007ffe8000  x9=0000000000000001 x10=000000000012f268 x11=0000000000000004
0024:trace:seh:RtlUnwindEx x12=0000000000000000 x13=000000007b5bb3aa x14=0000000000000000 x15=00000001081cc480
0024:trace:seh:RtlUnwindEx x16=00000002d785dd18 x17=000000010020d240 x18=000000007ffe8000 x19=0000000110001140
0024:trace:seh:RtlUnwindEx x20=000000010020cd90 x21=00000002d785e164 x22=000000007bddcabc x23=000000010020e030
0024:trace:seh:RtlUnwindEx x24=000000007ffea000 x25=000000010020d138 x26=000000000012f264 x27=000000000012f260
0024:trace:seh:RtlUnwindEx x28=0000000110001140 cpsr=20000000 fpcr=00000000 fpsr=00000010
0024:trace:seh:RtlUnwindEx calling handler 00000002D785BE10 (rec=000000010020D138, frame=10020d200 context=000000010020CD90, dispatch=000000010020CBA8)
0024:trace:seh:RtlUnwindEx handler 00000002D785BE10 returned 1
0024:trace:seh:RtlUnwindEx calling handler 00000002D785BE60 (rec=000000010020D138, frame=10020d930 context=000000010020CD90, dispatch=000000010020CBA8)
0024:trace:seh:RtlUnwindEx handler 00000002D785BE60 returned 1
0024:trace:seh:RtlRestoreContext returning to 2d785e164 stack 10020d930
0024:trace:seh:RtlUnwindEx code=80000026 flags=2 end_frame=000000010020EF70 target_ip=00000002D785E164
0024:trace:seh:RtlUnwindEx  info[0]=000000010020ee50
0024:trace:seh:RtlUnwindEx  pc=00000002d79ca0b8  sp=000000010020d720  lr=0000000000000000  fp=000000010010f130
0024:trace:seh:RtlUnwindEx  x0=0000000000000000  x1=00000002d785e164  x2=000000010020e078  x3=0000000000000001
0024:trace:seh:RtlUnwindEx  x4=000000010020dcd0  x5=0000000000000000  x6=000000000001005c  x7=0000000000006010
0024:trace:seh:RtlUnwindEx  x8=000000007ffe8000  x9=0000000000000001 x10=000000000012f498 x11=0000000000000004
0024:trace:seh:RtlUnwindEx x12=0000000000000000 x13=000000007b5d2a78 x14=0000000000000000 x15=00000001080a7e80
0024:trace:seh:RtlUnwindEx x16=00000002d785dd18 x17=000000010020e180 x18=000000007ffe8000 x19=0000000110001140
0024:trace:seh:RtlUnwindEx x20=000000010020dcd0 x21=00000002d785e164 x22=000000007bddcabc x23=000000010020ef70
0024:trace:seh:RtlUnwindEx x24=000000007ffea000 x25=000000010020e078 x26=000000000012f494 x27=000000000012f490
0024:trace:seh:RtlUnwindEx x28=0000000110001140 cpsr=20000000 fpcr=00000000 fpsr=00000000
0024:trace:seh:RtlUnwindEx calling handler 00000002D785BE10 (rec=000000010020E078, frame=10020e140 context=000000010020DCD0, dispatch=000000010020DAE8)
0024:trace:seh:RtlUnwindEx handler 00000002D785BE10 returned 1
0024:trace:seh:RtlUnwindEx calling handler 00000002D785BE60 (rec=000000010020E078, frame=10020e870 context=000000010020DCD0, dispatch=000000010020DAE8)
0024:trace:seh:RtlUnwindEx handler 00000002D785BE60 returned 1
0024:trace:seh:RtlRestoreContext returning to 2d785e164 stack 10020e870
0024:warn:file:NtQueryAttributesFile L"\\??\\C:\\users\\mobile\\AppData\\Local\\Temp\\nsrb505.tmp\\nsDialogs.dll" not found (c0000034)
[JuiceWine] redirected KUSER_SHARED_DATA fault addr=0x7ffe0320 pc=0x2ca1b8028 to 0x17ffe0000
[JuiceWine] redirected KUSER_SHARED_DATA fault addr=0x7ffe0320 pc=0x2ca1b8028 to 0x17ffe0000
[JuiceWine] host-page expanding executable section .text: section=0x13c1000 mapping=0x13c0000 size=16384
[JuiceWine] anonymous PE executable section .text at 0x13c0000 size=16384
0024:warn:module:alloc_module disabling no-exec because of L"nsDialogs.dll"
0024:warn:file:NtCreateFile L"\\??\\C:\\users\\mobile\\AppData\\Local\\Temp\\nsrb505.tmp\\comdlg32.dll" not found (c0000034)
[JuiceHybrid] open name=/private/var/containers/Bundle/Application/F3BC928B-CF6E-41E9-AA5B-114329A364D0/Juice.app/Grape-X64/build/wine-ios/dlls/comdlg32/i386-windows/comdlg32.dll machine=0000 status=c0000135
[JuiceHybrid] open name=/private/var/containers/Bundle/Application/F3BC928B-CF6E-41E9-AA5B-114329A364D0/Juice.app/Grape-X64/build/wine-ios/programs/comdlg32.dll/i386-windows/comdlg32.dll machine=0000 status=c0000135
[JuiceHybrid] open name=/var/containers/Bundle/Application/F3BC928B-CF6E-41E9-AA5B-114329A364D0/Juice.app/Grape-X64/runtime/lib/wine/i386-windows/comdlg32.dll machine=0000 status=00000000
[JuiceWine] host-page expanding executable section .text: section=0x79621000 mapping=0x79620000 size=163840
[JuiceWine] anonymous PE executable section .text at 0x79620000 size=163840
[JuiceHybrid] map name=/var/containers/Bundle/Application/F3BC928B-CF6E-41E9-AA5B-114329A364D0/Juice.app/Grape-X64/runtime/lib/wine/i386-windows/comdlg32.dll status=00000000 module=0x79620000 size=f4000
0024:warn:file:NtCreateFile L"\\??\\C:\\windows\\winsxs\\manifests" not found (c000003a)
0024:warn:file:NtCreateFile L"\\??\\C:\\windows\\syswow64\\Microsoft.Windows.Common-Controls.dll" not found (c0000034)
0024:warn:file:NtCreateFile L"\\??\\C:\\windows\\syswow64\\Microsoft.Windows.Common-Controls.manifest" not found (c0000034)
0024:warn:file:NtCreateFile L"\\??\\C:\\windows\\syswow64\\Microsoft.Windows.Common-Controls\\Microsoft.Windows.Common-Controls.dll" not found (c000003a)
0024:warn:file:NtCreateFile L"\\??\\C:\\windows\\syswow64\\Microsoft.Windows.Common-Controls\\Microsoft.Windows.Common-Controls.manifest" not found (c000003a)
0024:warn:file:NtCreateFile L"\\??\\C:\\windows\\syswow64\\Microsoft.Windows.Common-Controls.dll" not found (c0000034)
0024:warn:file:NtCreateFile L"\\??\\C:\\windows\\syswow64\\Microsoft.Windows.Common-Controls.manifest" not found (c0000034)
0024:warn:file:NtCreateFile L"\\??\\C:\\windows\\syswow64\\Microsoft.Windows.Common-Controls\\Microsoft.Windows.Common-Controls.dll" not found (c000003a)
0024:warn:file:NtCreateFile L"\\??\\C:\\windows\\syswow64\\Microsoft.Windows.Common-Controls\\Microsoft.Windows.Common-Controls.manifest" not found (c000003a)
0024:fixme:actctx:parse_depend_manifests Could not find dependent assembly L"Microsoft.Windows.Common-Controls" (6.0.0.0)
0024:err:commdlg:DllMain failed to create activation context, last error 14001
[JuiceCreate] ex=00010000 class=0x10020f050 version=0x0 name=0x10020f030 style=4000044c x=0 y=0 cx=86 cy=72 parent=0x10052 menu=0x0 classinst=0x13c0000 params=0x0 flags=00000000 inst=0x13c0000 classptr=0x8002 ansi=0
[JuiceRect] input hwnd=0x1007e dpi=96/1 raw=96/1 win=0,0,86,72 client=0,0,86,72 visible=0,0,86,72
[JuiceRect] mapped hwnd=0x1007e win=0,0,86,72 client=0,0,86,72 visible=0,0,86,72
[JuiceGeom] changed hwnd=0x1007e flags=14 ptr=0x10010f620 window=0,0,86,72 client=0,0,86,72 visible=0,0,86,72 surface=0x0 shown=0
0024:trace:seh:RtlUnwindEx code=80000026 flags=2 end_frame=000000010020EE90 target_ip=00000002D785E164
0024:trace:seh:RtlUnwindEx  info[0]=000000010020ed70
0024:trace:seh:RtlUnwindEx  pc=00000002d79ca0b8  sp=000000010020d640  lr=0000000000000000  fp=000000010010f010
0024:trace:seh:RtlUnwindEx  x0=0000000000000000  x1=00000002d785e164  x2=000000010020df98  x3=0000000000000001
0024:trace:seh:RtlUnwindEx  x4=000000010020dbf0  x5=0000000000000000  x6=000000000012ed4c  x7=0000000000006010
0024:trace:seh:RtlUnwindEx  x8=000000007ffe8000  x9=0000000000000001 x10=000000000012ed68 x11=0000000000000036
0024:trace:seh:RtlUnwindEx x12=0000000000000000 x13=00000000000411c4 x14=000000007ae31be0 x15=00000002d7641b2c
0024:trace:seh:RtlUnwindEx x16=00000002d785dd18 x17=000000010020e110 x18=000000007ffe8000 x19=0000000110001140
0024:trace:seh:RtlUnwindEx x20=000000010020dbf0 x21=00000002d785e164 x22=000000007bddcabc x23=000000010020ee90
0024:trace:seh:RtlUnwindEx x24=000000007ffea000 x25=000000010020df98 x26=0000000000000036 x27=00000000ffffff9d
0024:trace:seh:RtlUnwindEx x28=0000000110001140 cpsr=20000000 fpcr=00000000 fpsr=00000010
0024:trace:seh:RtlUnwindEx calling handler 00000002D785BE10 (rec=000000010020DF98, frame=10020e060 context=000000010020DBF0, dispatch=000000010020DA08)
0024:trace:seh:RtlUnwindEx handler 00000002D785BE10 returned 1
0024:trace:seh:RtlUnwindEx calling handler 00000002D785BE60 (rec=000000010020DF98, frame=10020e790 context=000000010020DBF0, dispatch=000000010020DA08)
0024:trace:seh:RtlUnwindEx handler 00000002D785BE60 returned 1
0024:trace:seh:RtlRestoreContext returning to 2d785e164 stack 10020e790
0024:trace:seh:RtlUnwindEx code=80000026 flags=2 end_frame=000000010020EEE0 target_ip=00000002D785E164
0024:trace:seh:RtlUnwindEx  info[0]=000000010020edc0
0024:trace:seh:RtlUnwindEx  pc=00000002d79ca0b8  sp=000000010020d690  lr=0000000000000000  fp=000000010010f010
0024:trace:seh:RtlUnwindEx  x0=0000000000000000  x1=00000002d785e164  x2=000000010020dfe8  x3=0000000000000001
0024:trace:seh:RtlUnwindEx  x4=000000010020dc40  x5=0000000000000000  x6=000000000012ed6c  x7=0000000000006010
0024:trace:seh:RtlUnwindEx  x8=000000007ffe8000  x9=0000000000000001 x10=000000000012ed88 x11=0000000000000014
0024:trace:seh:RtlUnwindEx x12=0000000000000000 x13=0000000000043926 x14=000000007b5fefe0 x15=00000002d7641b2c
0024:trace:seh:RtlUnwindEx x16=00000002d785dd18 x17=000000010020e220 x18=000000007ffe8000 x19=0000000110001140
0024:trace:seh:RtlUnwindEx x20=000000010020dc40 x21=00000002d785e164 x22=000000007bddcabc x23=000000010020eee0
0024:trace:seh:RtlUnwindEx x24=000000007ffea000 x25=000000010020dfe8 x26=0000000000000014 x27=00000000ffffffbf
0024:trace:seh:RtlUnwindEx x28=0000000110001140 cpsr=20000000 fpcr=00000000 fpsr=00000010
0024:trace:seh:RtlUnwindEx calling handler 00000002D785BE10 (rec=000000010020DFE8, frame=10020e0b0 context=000000010020DC40, dispatch=000000010020DA58)
0024:trace:seh:RtlUnwindEx handler 00000002D785BE10 returned 1
0024:trace:seh:RtlUnwindEx calling handler 00000002D785BE60 (rec=000000010020DFE8, frame=10020e7e0 context=000000010020DC40, dispatch=000000010020DA58)
0024:trace:seh:RtlUnwindEx handler 00000002D785BE60 returned 1
0024:trace:seh:RtlRestoreContext returning to 2d785e164 stack 10020e7e0
[JuiceRect] input hwnd=0x1007e dpi=96/1 raw=96/1 win=0,0,86,72 client=0,0,86,72 visible=0,0,86,72
[JuiceRect] mapped hwnd=0x1007e win=0,0,86,72 client=0,0,86,72 visible=0,0,86,72
[JuiceGeom] changed hwnd=0x1007e flags=10 ptr=0x10010f620 window=0,0,86,72 client=0,0,86,72 visible=0,0,86,72 surface=0x0 shown=0
0024:trace:seh:RtlUnwindEx code=80000026 flags=2 end_frame=000000010020EE90 target_ip=00000002D785E164
0024:trace:seh:RtlUnwindEx  info[0]=000000010020ed70
0024:trace:seh:RtlUnwindEx  pc=00000002d79ca0b8  sp=000000010020d640  lr=0000000000000000  fp=000000010010f010
0024:trace:seh:RtlUnwindEx  x0=0000000000000000  x1=00000002d785e164  x2=000000010020df98  x3=0000000000000001
0024:trace:seh:RtlUnwindEx  x4=000000010020dbf0  x5=0000000000000000  x6=000000000012ed4c  x7=0000000000006010
0024:trace:seh:RtlUnwindEx  x8=000000007ffe8000  x9=0000000000000001 x10=000000000012ed68 x11=0000000000000036
0024:trace:seh:RtlUnwindEx x12=0000000000000000 x13=0000000000000000 x14=0000000000000000 x15=0000000000000030
0024:trace:seh:RtlUnwindEx x16=00000002d785dd18 x17=000000010020e1a0 x18=000000007ffe8000 x19=0000000110001140
0024:trace:seh:RtlUnwindEx x20=000000010020dbf0 x21=00000002d785e164 x22=000000007bddcabc x23=000000010020ee90
0024:trace:seh:RtlUnwindEx x24=000000007ffea000 x25=000000010020df98 x26=0000000000000036 x27=00000000ffffff9d
0024:trace:seh:RtlUnwindEx x28=0000000110001140 cpsr=20000000 fpcr=00000000 fpsr=00000000
0024:trace:seh:RtlUnwindEx calling handler 00000002D785BE10 (rec=000000010020DF98, frame=10020e060 context=000000010020DBF0, dispatch=000000010020DA08)
0024:trace:seh:RtlUnwindEx handler 00000002D785BE10 returned 1
0024:trace:seh:RtlUnwindEx calling handler 00000002D785BE60 (rec=000000010020DF98, frame=10020e790 context=000000010020DBF0, dispatch=000000010020DA08)
0024:trace:seh:RtlUnwindEx handler 00000002D785BE60 returned 1
0024:trace:seh:RtlRestoreContext returning to 2d785e164 stack 10020e790
[JuiceDriver] create-enter hwnd=0x1007e
[JuiceDriver] create-success hwnd=0x1007e
0024:trace:seh:RtlUnwindEx code=80000026 flags=2 end_frame=000000010020EEF0 target_ip=00000002D785E164
0024:trace:seh:RtlUnwindEx  info[0]=000000010020edd0
0024:trace:seh:RtlUnwindEx  pc=00000002d79ca0b8  sp=000000010020d6a0  lr=0000000000000000  fp=000000010010f010
0024:trace:seh:RtlUnwindEx  x0=0000000000000000  x1=00000002d785e164  x2=000000010020dff8  x3=0000000000000001
0024:trace:seh:RtlUnwindEx  x4=000000010020dc50  x5=0000000000000000  x6=0000000000010000  x7=0000000000006010
0024:trace:seh:RtlUnwindEx  x8=000000007ffe8000  x9=0000000000000001 x10=000000000012ecc8 x11=0000000000000004
0024:trace:seh:RtlUnwindEx x12=0000000000000000 x13=00000000000498b3 x14=000000007b600530 x15=00000002d7641b2c
0024:trace:seh:RtlUnwindEx x16=00000002d785dd18 x17=000000010020e170 x18=000000007ffe8000 x19=0000000110001140
0024:trace:seh:RtlUnwindEx x20=000000010020dc50 x21=00000002d785e164 x22=000000007bddcabc x23=000000010020eef0
0024:trace:seh:RtlUnwindEx x24=000000007ffea000 x25=000000010020dff8 x26=000000000012ecc4 x27=000000000012ecc0
0024:trace:seh:RtlUnwindEx x28=0000000110001140 cpsr=20000000 fpcr=00000000 fpsr=00000000
0024:trace:seh:RtlUnwindEx calling handler 00000002D785BE10 (rec=000000010020DFF8, frame=10020e0c0 context=000000010020DC50, dispatch=000000010020DA68)
0024:trace:seh:RtlUnwindEx handler 00000002D785BE10 returned 1
0024:trace:seh:RtlUnwindEx calling handler 00000002D785BE60 (rec=000000010020DFF8, frame=10020e7f0 context=000000010020DC50, dispatch=000000010020DA68)
0024:trace:seh:RtlUnwindEx handler 00000002D785BE60 returned 1
0024:trace:seh:RtlRestoreContext returning to 2d785e164 stack 10020e7f0
0024:trace:seh:RtlUnwindEx code=80000026 flags=2 end_frame=000000010020EEF0 target_ip=00000002D785E164
0024:trace:seh:RtlUnwindEx  info[0]=000000010020edd0
0024:trace:seh:RtlUnwindEx  pc=00000002d79ca0b8  sp=000000010020d6a0  lr=0000000000000000  fp=000000010010f010
0024:trace:seh:RtlUnwindEx  x0=0000000000000000  x1=00000002d785e164  x2=000000010020dff8  x3=0000000000000001
0024:trace:seh:RtlUnwindEx  x4=000000010020dc50  x5=0000000000000000  x6=0000000000010000  x7=0000000000006010
0024:trace:seh:RtlUnwindEx  x8=000000007ffe8000  x9=0000000000000001 x10=000000000012ecc8 x11=0000000000000004
0024:trace:seh:RtlUnwindEx x12=0000000000000000 x13=0000000000000000 x14=0000000000000000 x15=0000000000000030
0024:trace:seh:RtlUnwindEx x16=00000002d785dd18 x17=000000010020e200 x18=000000007ffe8000 x19=0000000110001140
0024:trace:seh:RtlUnwindEx x20=000000010020dc50 x21=00000002d785e164 x22=000000007bddcabc x23=000000010020eef0
0024:trace:seh:RtlUnwindEx x24=000000007ffea000 x25=000000010020dff8 x26=000000000012ecc4 x27=000000000012ecc0
0024:trace:seh:RtlUnwindEx x28=0000000110001140 cpsr=20000000 fpcr=00000000 fpsr=00000000
0024:trace:seh:RtlUnwindEx calling handler 00000002D785BE10 (rec=000000010020DFF8, frame=10020e0c0 context=000000010020DC50, dispatch=000000010020DA68)
0024:trace:seh:RtlUnwindEx handler 00000002D785BE10 returned 1
0024:trace:seh:RtlUnwindEx calling handler 00000002D785BE60 (rec=000000010020DFF8, frame=10020e7f0 context=000000010020DC50, dispatch=000000010020DA68)
0024:trace:seh:RtlUnwindEx handler 00000002D785BE60 returned 1
0024:trace:seh:RtlRestoreContext returning to 2d785e164 stack 10020e7f0
0024:trace:seh:RtlUnwindEx code=80000026 flags=2 end_frame=000000010020EEF0 target_ip=00000002D785E164
0024:trace:seh:RtlUnwindEx  info[0]=000000010020edd0
0024:trace:seh:RtlUnwindEx  pc=00000002d79ca0b8  sp=000000010020d6a0  lr=0000000000000000  fp=000000010010f010
0024:trace:seh:RtlUnwindEx  x0=0000000000000000  x1=00000002d785e164  x2=000000010020dff8  x3=0000000000000001
0024:trace:seh:RtlUnwindEx  x4=000000010020dc50  x5=0000000000000000  x6=0000000000010000  x7=0000000000006010
0024:trace:seh:RtlUnwindEx  x8=000000007ffe8000  x9=0000000000000001 x10=000000000012ecc8 x11=0000000000000004
0024:trace:seh:RtlUnwindEx x12=0000000000000000 x13=000000000004d8d5 x14=000000007b5fcf30 x15=00000002d7641b2c
0024:trace:seh:RtlUnwindEx x16=00000002d785dd18 x17=000000010020e170 x18=000000007ffe8000 x19=0000000110001140
0024:trace:seh:RtlUnwindEx x20=000000010020dc50 x21=00000002d785e164 x22=000000007bddcabc x23=000000010020eef0
0024:trace:seh:RtlUnwindEx x24=000000007ffea000 x25=000000010020dff8 x26=000000000012ecc4 x27=000000000012ecc0
0024:trace:seh:RtlUnwindEx x28=0000000110001140 cpsr=20000000 fpcr=00000000 fpsr=00000000
0024:trace:seh:RtlUnwindEx calling handler 00000002D785BE10 (rec=000000010020DFF8, frame=10020e0c0 context=000000010020DC50, dispatch=000000010020DA68)
0024:trace:seh:RtlUnwindEx handler 00000002D785BE10 returned 1
0024:trace:seh:RtlUnwindEx calling handler 00000002D785BE60 (rec=000000010020DFF8, frame=10020e7f0 context=000000010020DC50, dispatch=000000010020DA68)
0024:trace:seh:RtlUnwindEx handler 00000002D785BE60 returned 1
0024:trace:seh:RtlRestoreContext returning to 2d785e164 stack 10020e7f0
[JuiceRect] input hwnd=0x10052 dpi=96/1 raw=96/1 win=260,177,763,591 client=263,199,760,588 visible=260,177,763,591
[JuiceRect] mapped hwnd=0x10052 win=260,177,763,591 client=263,199,760,588 visible=260,177,763,591
[JuiceGeom] changed hwnd=0x10052 flags=181f ptr=0x10010f590 window=260,177,763,591 client=263,199,760,588 visible=260,177,763,591 surface=0x69a784f0 shown=0
0024:trace:seh:RtlUnwindEx code=80000026 flags=2 end_frame=000000010020EF50 target_ip=00000002D785E164
0024:trace:seh:RtlUnwindEx  info[0]=000000010020ee30
0024:trace:seh:RtlUnwindEx  pc=00000002d79ca0b8  sp=000000010020d700  lr=0000000000000000  fp=000000010010f210
0024:trace:seh:RtlUnwindEx  x0=0000000000000000  x1=00000002d785e164  x2=000000010020e058  x3=0000000000000001
0024:trace:seh:RtlUnwindEx  x4=000000010020dcb0  x5=0000000000000000  x6=000000000012f3bc  x7=0000000000006010
0024:trace:seh:RtlUnwindEx  x8=000000007ffe8000  x9=0000000000000001 x10=000000000012f3d8 x11=0000000000000020
0024:trace:seh:RtlUnwindEx x12=0000000000000000 x13=0000000000051f48 x14=000000007b5fb920 x15=00000002d7641b2c
0024:trace:seh:RtlUnwindEx x16=00000002d785dd18 x17=000000010020e290 x18=000000007ffe8000 x19=0000000110001140
0024:trace:seh:RtlUnwindEx x20=000000010020dcb0 x21=00000002d785e164 x22=000000007bddcabc x23=000000010020ef50
0024:trace:seh:RtlUnwindEx x24=000000007ffea000 x25=000000010020e058 x26=0000000000000020 x27=00000000ffffffb3
0024:trace:seh:RtlUnwindEx x28=0000000110001140 cpsr=20000000 fpcr=00000000 fpsr=00000010
0024:trace:seh:RtlUnwindEx calling handler 00000002D785BE10 (rec=000000010020E058, frame=10020e120 context=000000010020DCB0, dispatch=000000010020DAC8)
0024:trace:seh:RtlUnwindEx handler 00000002D785BE10 returned 1
0024:trace:seh:RtlUnwindEx calling handler 00000002D785BE60 (rec=000000010020E058, frame=10020e850 context=000000010020DCB0, dispatch=000000010020DAC8)
0024:trace:seh:RtlUnwindEx handler 00000002D785BE60 returned 1
0024:trace:seh:RtlRestoreContext returning to 2d785e164 stack 10020e850
0024:trace:seh:RtlUnwindEx code=80000026 flags=2 end_frame=000000010020EF20 target_ip=00000002D785E164
0024:trace:seh:RtlUnwindEx  info[0]=000000010020ee00
0024:trace:seh:RtlUnwindEx  pc=00000002d79ca0b8  sp=000000010020d6d0  lr=0000000000000000  fp=000000010010f210
0024:trace:seh:RtlUnwindEx  x0=0000000000000000  x1=00000002d785e164  x2=000000010020e028  x3=0000000000000001
0024:trace:seh:RtlUnwindEx  x4=000000010020dc80  x5=0000000000000000  x6=000000000012f38c  x7=0000000000006010
0024:trace:seh:RtlUnwindEx  x8=000000007ffe8000  x9=0000000000000001 x10=000000000012f3a8 x11=0000000000000054
0024:trace:seh:RtlUnwindEx x12=0000000000000000 x13=0000000000054bf7 x14=000000007b5fb920 x15=00000002d7641b2c
0024:trace:seh:RtlUnwindEx x16=00000002d785dd18 x17=000000010020e260 x18=000000007ffe8000 x19=0000000110001140
0024:trace:seh:RtlUnwindEx x20=000000010020dc80 x21=00000002d785e164 x22=000000007bddcabc x23=000000010020ef20
0024:trace:seh:RtlUnwindEx x24=000000007ffea000 x25=000000010020e028 x26=0000000000000054 x27=00000000ffffff7f
0024:trace:seh:RtlUnwindEx x28=0000000110001140 cpsr=20000000 fpcr=00000000 fpsr=00000010
0024:trace:seh:RtlUnwindEx calling handler 00000002D785BE10 (rec=000000010020E028, frame=10020e0f0 context=000000010020DC80, dispatch=000000010020DA98)
0024:trace:seh:RtlUnwindEx handler 00000002D785BE10 returned 1
0024:trace:seh:RtlUnwindEx calling handler 00000002D785BE60 (rec=000000010020E028, frame=10020e820 context=000000010020DC80, dispatch=000000010020DA98)
0024:trace:seh:RtlUnwindEx handler 00000002D785BE60 returned 1
0024:trace:seh:RtlRestoreContext returning to 2d785e164 stack 10020e820
[JuiceRect] input hwnd=0x1007e dpi=96/1 raw=96/1 win=0,0,497,338 client=0,0,497,338 visible=0,0,497,338
[JuiceRect] mapped hwnd=0x1007e win=0,0,497,338 client=0,0,497,338 visible=0,0,497,338
[JuiceGeom] changed hwnd=0x1007e flags=101e ptr=0x10010f820 window=0,0,497,338 client=0,0,497,338 visible=0,0,497,338 surface=0x0 shown=0
0024:trace:seh:RtlUnwindEx code=80000026 flags=2 end_frame=000000010020DB70 target_ip=00000002D785E164
0024:trace:seh:RtlUnwindEx  info[0]=000000010020da50
0024:trace:seh:RtlUnwindEx  pc=00000002d79ca0b8  sp=000000010020c320  lr=0000000000000000  fp=000000010010e570
0024:trace:seh:RtlUnwindEx  x0=0000000000000000  x1=00000002d785e164  x2=000000010020cc78  x3=0000000000000001
0024:trace:seh:RtlUnwindEx  x4=000000010020c8d0  x5=0000000000000000  x6=000000000012f3dc  x7=0000000000006010
0024:trace:seh:RtlUnwindEx  x8=000000007ffe8000  x9=0000000000000001 x10=000000000012f0b8 x11=0000000000000004
0024:trace:seh:RtlUnwindEx x12=0000000000000000 x13=000000000005947a x14=000000007b5fb920 x15=00000002d7641b2c
0024:trace:seh:RtlUnwindEx x16=00000002d785dd18 x17=000000010020ceb0 x18=000000007ffe8000 x19=0000000110001140
0024:trace:seh:RtlUnwindEx x20=000000010020c8d0 x21=00000002d785e164 x22=000000007bddcabc x23=000000010020db70
0024:trace:seh:RtlUnwindEx x24=000000007ffea000 x25=000000010020cc78 x26=000000000012f0b4 x27=000000000012f0b0
0024:trace:seh:RtlUnwindEx x28=0000000110001140 cpsr=20000000 fpcr=00000000 fpsr=00000000
0024:trace:seh:RtlUnwindEx calling handler 00000002D785BE10 (rec=000000010020CC78, frame=10020cd40 context=000000010020C8D0, dispatch=000000010020C6E8)
0024:trace:seh:RtlUnwindEx handler 00000002D785BE10 returned 1
0024:trace:seh:RtlUnwindEx calling handler 00000002D785BE60 (rec=000000010020CC78, frame=10020d470 context=000000010020C8D0, dispatch=000000010020C6E8)
0024:trace:seh:RtlUnwindEx handler 00000002D785BE60 returned 1
0024:trace:seh:RtlRestoreContext returning to 2d785e164 stack 10020d470
0024:trace:seh:RtlUnwindEx code=80000026 flags=2 end_frame=000000010020EF50 target_ip=00000002D785E164
0024:trace:seh:RtlUnwindEx  info[0]=000000010020ee30
0024:trace:seh:RtlUnwindEx  pc=00000002d79ca0b8  sp=000000010020d700  lr=0000000000000000  fp=000000010010f210
0024:trace:seh:RtlUnwindEx  x0=0000000000000000  x1=00000002d785e164  x2=000000010020e058  x3=0000000000000001
0024:trace:seh:RtlUnwindEx  x4=000000010020dcb0  x5=0000000000000000  x6=000000000012f3bc  x7=0000000000006010
0024:trace:seh:RtlUnwindEx  x8=000000007ffe8000  x9=0000000000000001 x10=000000000012f3d8 x11=0000000000000020
0024:trace:seh:RtlUnwindEx x12=0000000000000000 x13=0000000000057b1a x14=000000007b5fb920 x15=00000002d7641b2c
0024:trace:seh:RtlUnwindEx x16=00000002d785dd18 x17=000000010020e290 x18=000000007ffe8000 x19=0000000110001140
0024:trace:seh:RtlUnwindEx x20=000000010020dcb0 x21=00000002d785e164 x22=000000007bddcabc x23=000000010020ef50
0024:trace:seh:RtlUnwindEx x24=000000007ffea000 x25=000000010020e058 x26=0000000000000020 x27=00000000ffffffb3
0024:trace:seh:RtlUnwindEx x28=0000000110001140 cpsr=20000000 fpcr=00000000 fpsr=00000000
0024:trace:seh:RtlUnwindEx calling handler 00000002D785BE10 (rec=000000010020E058, frame=10020e120 context=000000010020DCB0, dispatch=000000010020DAC8)
0024:trace:seh:RtlUnwindEx handler 00000002D785BE10 returned 1
0024:trace:seh:RtlUnwindEx calling handler 00000002D785BE60 (rec=000000010020E058, frame=10020e850 context=000000010020DCB0, dispatch=000000010020DAC8)
0024:trace:seh:RtlUnwindEx handler 00000002D785BE60 returned 1
0024:trace:seh:RtlRestoreContext returning to 2d785e164 stack 10020e850
0024:warn:file:NtCreateFile L"\\??\\C:\\users\\mobile\\AppData\\Local\\Temp\\nsrb505.tmp\\nsDialogs.dll" not found (c0000035)
0024:warn:file:CreateFileW Unable to create file L"C:\\users\\mobile\\AppData\\Local\\Temp\\nsrb505.tmp\\nsDialogs.dll" (status c0000035)
0024:warn:file:NtCreateFile L"\\??\\C:\\users\\mobile\\AppData\\Local\\Temp\\nsrb505.tmp\\nsDialogs.dll" not found (c0000035)
0024:warn:file:CreateFileW Unable to create file L"C:\\users\\mobile\\AppData\\Local\\Temp\\nsrb505.tmp\\nsDialogs.dll" (status c0000035)
[JuiceWine] anonymous PE executable section .text at 0x2d2a30000 size=65536
[JuiceWine] anonymous PE executable section .hexpthk at 0x2d2a40000 size=65536
[JuiceHybrid] map name=/var/containers/Bundle/Application/F3BC928B-CF6E-41E9-AA5B-114329A364D0/Juice.app/Grape-X64/runtime/lib/wine/aarch64-windows/coml2.dll status=40000003 module=0x2d2a20000 size=130000
[JuiceCreate] ex=00000000 class=0x11ee80 version=0x0 name=0x11ee60 style=00000000 x=0 y=0 cx=0 cy=0 parent=0xfffffffffffffffd menu=0x0 classinst=0x2d2b50000 params=0x0 flags=00000000 inst=0x2d2b50000 classptr=0x2d2bd3868 ansi=0
[JuiceMonitor] callee hwnd=0x10080 hmon=0x1 info=0x10010f720 monitor=0,0,1024,768 work=0,0,1024,768 flags=00000001
[JuiceMinMax] hwnd=0x10080 min=112,27 maxtrack=1036,780 max=106,106 pos=-3,-3
[JuiceRect] input hwnd=0x10080 dpi=96/1 raw=96/1 win=0,0,112,27 client=0,0,112,27 visible=0,0,112,27
[JuiceRect] mapped hwnd=0x10080 win=0,0,112,27 client=0,0,112,27 visible=0,0,112,27
[JuiceGeom] changed hwnd=0x10080 flags=14 ptr=0x10010f620 window=0,0,112,27 client=0,0,112,27 visible=0,0,112,27 surface=0x0 shown=0
[JuiceRect] input hwnd=0x10080 dpi=96/1 raw=96/1 win=0,0,112,27 client=3,22,109,24 visible=0,0,112,27
[JuiceRect] mapped hwnd=0x10080 win=0,0,112,27 client=3,22,109,24 visible=0,0,112,27
[JuiceGeom] changed hwnd=0x10080 flags=10 ptr=0x10010f620 window=0,0,112,27 client=3,22,109,24 visible=0,0,112,27 surface=0x0 shown=0
[JuiceDriver] create-enter hwnd=0x10080
[JuiceDriver] create-success hwnd=0x10080
002c:warn:module:LdrGetProcedureAddress "DllCanUnloadNow" (ordinal 0) not found in L"C:\\windows\\system32\\ole32.dll"
[JuiceStage] init_syscall_frame entered; entry=0x2d6ab5360 arg=0x6dd8a0 teb=0x7ffdc000 data=0x100330000 frame=0x10043fb00 stack_base=0xee0000 stack_limit=0xde8000
[JuiceStage] calling signal_set_full_context; ctx=0xedfc70 target_pc=0x2d79c9650 target_sp=0xee0000 target_x18=0x7ffdc000 LdrInitializeThunk=0x2d79c9670 RtlUserThreadStart=0x2d79c9650
[JuiceStage] signal_set_full_context returned; status=00000000 frame_pc=0x2d79c9650 frame_sp=0xee0000 frame_x18=0x7ffdc000 restore=00400007
[JuiceStage] init_syscall_frame complete; dispatcher_pc=0x2d79c9670 user_sp=0xedfc70 x16=0x2d79c9670 x17=0xedfc70 x18=0x7ffdc000 restore=00400007
0038:warn:threadname:NtSetInformationThread Thread renamed to L"wine_rpcrt4_server"
002c:warn:ole:CoGetPSClsid No PSFactoryBuffer object is registered for IID {6d5140c1-7436-11ce-8034-00aa006009fa}
002c:warn:ole:marshal_object couldn't get IPSFactory buffer for interface {6d5140c1-7436-11ce-8034-00aa006009fa}
002c:err:ole:StdMarshalImpl_MarshalInterface Failed to create ifstub, hr 0x80004002
002c:err:ole:CoMarshalInterface Failed to marshal the interface {6d5140c1-7436-11ce-8034-00aa006009fa}, hr 0x80004002
002c:err:ole:apartment_get_local_server_stream Failed: 0x80004002
002c:warn:explorer:shellwindows_init Failed to register ShellWindows object: 80004002
[JuiceGeom] surface hwnd=0x10020 rect=0,0,1024,768 size=1024x768 previous=0x12fe198b0
[JuiceRect] input hwnd=0x10020 dpi=96/1 raw=96/1 win=0,0,1024,768 client=0,0,1024,768 visible=0,0,1024,768
[JuiceRect] mapped hwnd=0x10020 win=0,0,1024,768 client=0,0,1024,768 visible=0,0,1024,768
[JuiceGeom] changed hwnd=0x10020 flags=8000181b ptr=0x10010f750 window=0,0,1024,768 client=0,0,1024,768 visible=0,0,1024,768 surface=0x12fe198b0 shown=1
JUICE_TEXT_HOST_WINDOW pid=28946 hwnd=0x10020 rect=0,0 1024x768 visible=1
[JuiceCreate] ex=00000000 class=0x10020f050 version=0x0 name=0x10020f030 style=5400010e x=0 y=0 cx=164 cy=338 parent=0x1007e menu=0x4b0 classinst=0x13c0000 params=0x0 flags=00000000 inst=0x13c0000 classptr=0x310ff0 ansi=0
[JuiceRect] input hwnd=0x10082 dpi=96/1 raw=96/1 win=0,0,164,338 client=0,0,164,338 visible=0,0,164,338
[JuiceRect] mapped hwnd=0x10082 win=0,0,164,338 client=0,0,164,338 visible=0,0,164,338
[JuiceGeom] changed hwnd=0x10082 flags=14 ptr=0x10010f620 window=0,0,164,338 client=0,0,164,338 visible=0,0,164,338 surface=0x0 shown=0
0024:trace:seh:RtlUnwindEx code=80000026 flags=2 end_frame=000000010020EE90 target_ip=00000002D785E164
0024:trace:seh:RtlUnwindEx  info[0]=000000010020ed70
0024:trace:seh:RtlUnwindEx  pc=00000002d79ca0b8  sp=000000010020d640  lr=0000000000000000  fp=000000010010f010
0024:trace:seh:RtlUnwindEx  x0=0000000000000000  x1=00000002d785e164  x2=000000010020df98  x3=0000000000000001
0024:trace:seh:RtlUnwindEx  x4=000000010020dbf0  x5=0000000000000000  x6=000000000012f01c  x7=0000000000006010
0024:trace:seh:RtlUnwindEx  x8=000000007ffe8000  x9=0000000000000001 x10=000000000012f038 x11=0000000000000044
0024:trace:seh:RtlUnwindEx x12=0000000000000000 x13=000000007bdddb50 x14=0000000000000000 x15=0000000108394e00
0024:trace:seh:RtlUnwindEx x16=00000002d785dd18 x17=000000010020e0d0 x18=000000007ffe8000 x19=0000000110001140
0024:trace:seh:RtlUnwindEx x20=000000010020dbf0 x21=00000002d785e164 x22=000000007bddcabc x23=000000010020ee90
0024:trace:seh:RtlUnwindEx x24=000000007ffea000 x25=000000010020df98 x26=0000000000000044 x27=00000000ffffff8f
0024:trace:seh:RtlUnwindEx x28=0000000110001140 cpsr=20000000 fpcr=00000000 fpsr=00000010
0024:trace:seh:RtlUnwindEx calling handler 00000002D785BE10 (rec=000000010020DF98, frame=10020e060 context=000000010020DBF0, dispatch=000000010020DA08)
0024:trace:seh:RtlUnwindEx handler 00000002D785BE10 returned 1
0024:trace:seh:RtlUnwindEx calling handler 00000002D785BE60 (rec=000000010020DF98, frame=10020e790 context=000000010020DBF0, dispatch=000000010020DA08)
0024:trace:seh:RtlUnwindEx handler 00000002D785BE60 returned 1
0024:trace:seh:RtlRestoreContext returning to 2d785e164 stack 10020e790
0024:trace:seh:RtlUnwindEx code=80000026 flags=2 end_frame=000000010020EEE0 target_ip=00000002D785E164
0024:trace:seh:RtlUnwindEx  info[0]=000000010020edc0
0024:trace:seh:RtlUnwindEx  pc=00000002d79ca0b8  sp=000000010020d690  lr=0000000000000000  fp=000000010010f010
0024:trace:seh:RtlUnwindEx  x0=0000000000000000  x1=00000002d785e164  x2=000000010020dfe8  x3=0000000000000001
0024:trace:seh:RtlUnwindEx  x4=000000010020dc40  x5=0000000000000000  x6=000000000012f04c  x7=0000000000006010
0024:trace:seh:RtlUnwindEx  x8=000000007ffe8000  x9=0000000000000001 x10=000000000012f068 x11=0000000000000014
0024:trace:seh:RtlUnwindEx x12=0000000000000000 x13=000000007b5f2fb8 x14=000000007b5f2fb8 x15=00000001080aae80
0024:trace:seh:RtlUnwindEx x16=00000002d785dd18 x17=000000010020e120 x18=000000007ffe8000 x19=0000000110001140
0024:trace:seh:RtlUnwindEx x20=000000010020dc40 x21=00000002d785e164 x22=000000007bddcabc x23=000000010020eee0
0024:trace:seh:RtlUnwindEx x24=000000007ffea000 x25=000000010020dfe8 x26=0000000000000014 x27=00000000ffffffbf
0024:trace:seh:RtlUnwindEx x28=0000000110001140 cpsr=20000000 fpcr=00000000 fpsr=00000010
0024:trace:seh:RtlUnwindEx calling handler 00000002D785BE10 (rec=000000010020DFE8, frame=10020e0b0 context=000000010020DC40, dispatch=000000010020DA58)
0024:trace:seh:RtlUnwindEx handler 00000002D785BE10 returned 1
0024:trace:seh:RtlUnwindEx calling handler 00000002D785BE60 (rec=000000010020DFE8, frame=10020e7e0 context=000000010020DC40, dispatch=000000010020DA58)
0024:trace:seh:RtlUnwindEx handler 00000002D785BE60 returned 1
0024:trace:seh:RtlRestoreContext returning to 2d785e164 stack 10020e7e0
[JuiceRect] input hwnd=0x10082 dpi=96/1 raw=96/1 win=0,0,164,338 client=0,0,164,338 visible=0,0,164,338
[JuiceRect] mapped hwnd=0x10082 win=0,0,164,338 client=0,0,164,338 visible=0,0,164,338
[JuiceGeom] changed hwnd=0x10082 flags=10 ptr=0x10010f620 window=0,0,164,338 client=0,0,164,338 visible=0,0,164,338 surface=0x0 shown=0
0024:trace:seh:RtlUnwindEx code=80000026 flags=2 end_frame=000000010020EE90 target_ip=00000002D785E164
0024:trace:seh:RtlUnwindEx  info[0]=000000010020ed70
0024:trace:seh:RtlUnwindEx  pc=00000002d79ca0b8  sp=000000010020d640  lr=0000000000000000  fp=000000010010f010
0024:trace:seh:RtlUnwindEx  x0=0000000000000000  x1=00000002d785e164  x2=000000010020df98  x3=0000000000000001
0024:trace:seh:RtlUnwindEx  x4=000000010020dbf0  x5=0000000000000000  x6=000000000012f01c  x7=0000000000006010
0024:trace:seh:RtlUnwindEx  x8=000000007ffe8000  x9=0000000000000001 x10=000000000012f038 x11=0000000000000044
0024:trace:seh:RtlUnwindEx x12=0000000000000000 x13=000000007ae3046c x14=0000000000000000 x15=0000000108053d80
0024:trace:seh:RtlUnwindEx x16=00000002d785dd18 x17=000000010020e0d0 x18=000000007ffe8000 x19=0000000110001140
0024:trace:seh:RtlUnwindEx x20=000000010020dbf0 x21=00000002d785e164 x22=000000007bddcabc x23=000000010020ee90
0024:trace:seh:RtlUnwindEx x24=000000007ffea000 x25=000000010020df98 x26=0000000000000044 x27=00000000ffffff8f
0024:trace:seh:RtlUnwindEx x28=0000000110001140 cpsr=20000000 fpcr=00000000 fpsr=00000010
0024:trace:seh:RtlUnwindEx calling handler 00000002D785BE10 (rec=000000010020DF98, frame=10020e060 context=000000010020DBF0, dispatch=000000010020DA08)
0024:trace:seh:RtlUnwindEx handler 00000002D785BE10 returned 1
0024:trace:seh:RtlUnwindEx calling handler 00000002D785BE60 (rec=000000010020DF98, frame=10020e790 context=000000010020DBF0, dispatch=000000010020DA08)
0024:trace:seh:RtlUnwindEx handler 00000002D785BE60 returned 1
0024:trace:seh:RtlRestoreContext returning to 2d785e164 stack 10020e790
[JuiceDriver] create-enter hwnd=0x10082
[JuiceDriver] create-success hwnd=0x10082
0024:trace:seh:RtlUnwindEx code=80000026 flags=2 end_frame=000000010020EEF0 target_ip=00000002D785E164
0024:trace:seh:RtlUnwindEx  info[0]=000000010020edd0
0024:trace:seh:RtlUnwindEx  pc=00000002d79ca0b8  sp=000000010020d6a0  lr=0000000000000000  fp=000000010010f010
0024:trace:seh:RtlUnwindEx  x0=0000000000000000  x1=00000002d785e164  x2=000000010020dff8  x3=0000000000000001
0024:trace:seh:RtlUnwindEx  x4=000000010020dc50  x5=0000000000000000  x6=0000000000000000  x7=0000000000006010
0024:trace:seh:RtlUnwindEx  x8=000000007ffe8000  x9=0000000000000001 x10=000000000012ef98 x11=0000000000000004
0024:trace:seh:RtlUnwindEx x12=0000000000000000 x13=0000000000000000 x14=0000000000000000 x15=0000000000000030
0024:trace:seh:RtlUnwindEx x16=00000002d785dd18 x17=000000010020e200 x18=000000007ffe8000 x19=0000000110001140
0024:trace:seh:RtlUnwindEx x20=000000010020dc50 x21=00000002d785e164 x22=000000007bddcabc x23=000000010020eef0
0024:trace:seh:RtlUnwindEx x24=000000007ffea000 x25=000000010020dff8 x26=000000000012ef94 x27=000000000012ef90
0024:trace:seh:RtlUnwindEx x28=0000000110001140 cpsr=20000000 fpcr=00000000 fpsr=00000000
0024:trace:seh:RtlUnwindEx calling handler 00000002D785BE10 (rec=000000010020DFF8, frame=10020e0c0 context=000000010020DC50, dispatch=000000010020DA68)
0024:trace:seh:RtlUnwindEx handler 00000002D785BE10 returned 1
0024:trace:seh:RtlUnwindEx calling handler 00000002D785BE60 (rec=000000010020DFF8, frame=10020e7f0 context=000000010020DC50, dispatch=000000010020DA68)
0024:trace:seh:RtlUnwindEx handler 00000002D785BE60 returned 1
0024:trace:seh:RtlRestoreContext returning to 2d785e164 stack 10020e7f0
0024:trace:seh:RtlUnwindEx code=80000026 flags=2 end_frame=000000010020EEF0 target_ip=00000002D785E164
0024:trace:seh:RtlUnwindEx  info[0]=000000010020edd0
0024:trace:seh:RtlUnwindEx  pc=00000002d79ca0b8  sp=000000010020d6a0  lr=0000000000000000  fp=000000010010f010
0024:trace:seh:RtlUnwindEx  x0=0000000000000000  x1=00000002d785e164  x2=000000010020dff8  x3=0000000000000001
0024:trace:seh:RtlUnwindEx  x4=000000010020dc50  x5=0000000000000000  x6=0000000000000000  x7=0000000000006010
0024:trace:seh:RtlUnwindEx  x8=000000007ffe8000  x9=0000000000000001 x10=000000000012ef98 x11=0000000000000004
0024:trace:seh:RtlUnwindEx x12=0000000000000000 x13=0000000000000000 x14=0000000000000000 x15=0000000000000030
0024:trace:seh:RtlUnwindEx x16=00000002d785dd18 x17=000000010020e200 x18=000000007ffe8000 x19=0000000110001140
0024:trace:seh:RtlUnwindEx x20=000000010020dc50 x21=00000002d785e164 x22=000000007bddcabc x23=000000010020eef0
0024:trace:seh:RtlUnwindEx x24=000000007ffea000 x25=000000010020dff8 x26=000000000012ef94 x27=000000000012ef90
0024:trace:seh:RtlUnwindEx x28=0000000110001140 cpsr=20000000 fpcr=00000000 fpsr=00000000
0024:trace:seh:RtlUnwindEx calling handler 00000002D785BE10 (rec=000000010020DFF8, frame=10020e0c0 context=000000010020DC50, dispatch=000000010020DA68)
0024:trace:seh:RtlUnwindEx handler 00000002D785BE10 returned 1
0024:trace:seh:RtlUnwindEx calling handler 00000002D785BE60 (rec=000000010020DFF8, frame=10020e7f0 context=000000010020DC50, dispatch=000000010020DA68)
0024:trace:seh:RtlUnwindEx handler 00000002D785BE60 returned 1
0024:trace:seh:RtlRestoreContext returning to 2d785e164 stack 10020e7f0
0024:trace:seh:RtlUnwindEx code=80000026 flags=2 end_frame=000000010020EEF0 target_ip=00000002D785E164
0024:trace:seh:RtlUnwindEx  info[0]=000000010020edd0
0024:trace:seh:RtlUnwindEx  pc=00000002d79ca0b8  sp=000000010020d6a0  lr=0000000000000000  fp=000000010010f010
0024:trace:seh:RtlUnwindEx  x0=0000000000000000  x1=00000002d785e164  x2=000000010020dff8  x3=0000000000000001
0024:trace:seh:RtlUnwindEx  x4=000000010020dc50  x5=0000000000000000  x6=0000000000000000  x7=0000000000006010
0024:trace:seh:RtlUnwindEx  x8=000000007ffe8000  x9=0000000000000001 x10=000000000012ef98 x11=0000000000000004
0024:trace:seh:RtlUnwindEx x12=0000000000000000 x13=0000000000000000 x14=000000000000014c x15=00000001081cd080
0024:trace:seh:RtlUnwindEx x16=00000002d785dd18 x17=000000010020e130 x18=000000007ffe8000 x19=0000000110001140
0024:trace:seh:RtlUnwindEx x20=000000010020dc50 x21=00000002d785e164 x22=000000007bddcabc x23=000000010020eef0
0024:trace:seh:RtlUnwindEx x24=000000007ffea000 x25=000000010020dff8 x26=000000000012ef94 x27=000000000012ef90
0024:trace:seh:RtlUnwindEx x28=0000000110001140 cpsr=20000000 fpcr=00000000 fpsr=00000010
0024:trace:seh:RtlUnwindEx calling handler 00000002D785BE10 (rec=000000010020DFF8, frame=10020e0c0 context=000000010020DC50, dispatch=000000010020DA68)
0024:trace:seh:RtlUnwindEx handler 00000002D785BE10 returned 1
0024:trace:seh:RtlUnwindEx calling handler 00000002D785BE60 (rec=000000010020DFF8, frame=10020e7f0 context=000000010020DC50, dispatch=000000010020DA68)
0024:trace:seh:RtlUnwindEx handler 00000002D785BE60 returned 1
0024:trace:seh:RtlRestoreContext returning to 2d785e164 stack 10020e7f0
0024:trace:seh:RtlUnwindEx code=80000026 flags=2 end_frame=000000010020EEF0 target_ip=00000002D785E164
0024:trace:seh:RtlUnwindEx  info[0]=000000010020edd0
0024:trace:seh:RtlUnwindEx  pc=00000002d79ca0b8  sp=000000010020d6a0  lr=0000000000000000  fp=000000010010ef50
0024:trace:seh:RtlUnwindEx  x0=0000000000000000  x1=00000002d785e164  x2=000000010020dff8  x3=0000000000000001
0024:trace:seh:RtlUnwindEx  x4=000000010020dc50  x5=0000000000000000  x6=0000000000000000  x7=0000000000006010
0024:trace:seh:RtlUnwindEx  x8=000000007ffe8000  x9=0000000000000001 x10=000000000012ef98 x11=0000000000000004
0024:trace:seh:RtlUnwindEx x12=0000000000000000 x13=00000000003393cb x14=000000007b5f2df0 x15=00000002d7641b2c
0024:trace:seh:RtlUnwindEx x16=00000002d785dd18 x17=000000010020e170 x18=000000007ffe8000 x19=0000000110001140
0024:trace:seh:RtlUnwindEx x20=000000010020dc50 x21=00000002d785e164 x22=000000007bddcabc x23=000000010020eef0
0024:trace:seh:RtlUnwindEx x24=000000007ffea000 x25=000000010020dff8 x26=000000000012ef94 x27=000000000012ef90
0024:trace:seh:RtlUnwindEx x28=0000000110001140 cpsr=20000000 fpcr=00000000 fpsr=00000000
0024:trace:seh:RtlUnwindEx calling handler 00000002D785BE10 (rec=000000010020DFF8, frame=10020e0c0 context=000000010020DC50, dispatch=000000010020DA68)
0024:trace:seh:RtlUnwindEx handler 00000002D785BE10 returned 1
0024:trace:seh:RtlUnwindEx calling handler 00000002D785BE60 (rec=000000010020DFF8, frame=10020e7f0 context=000000010020DC50, dispatch=000000010020DA68)
0024:trace:seh:RtlUnwindEx handler 00000002D785BE60 returned 1
0024:trace:seh:RtlRestoreContext returning to 2d785e164 stack 10020e7f0
[JuiceRect] input hwnd=0x10082 dpi=96/1 raw=96/1 win=0,0,164,338 client=0,0,164,338 visible=0,0,164,338
[JuiceRect] mapped hwnd=0x10082 win=0,0,164,338 client=0,0,164,338 visible=0,0,164,338
[JuiceGeom] changed hwnd=0x10082 flags=181f ptr=0x10010f3f0 window=0,0,164,338 client=0,0,164,338 visible=0,0,164,338 surface=0x0 shown=0
[JuiceRect] input hwnd=0x10052 dpi=96/1 raw=96/1 win=260,177,763,591 client=263,199,760,588 visible=260,177,763,591
[JuiceRect] mapped hwnd=0x10052 win=260,177,763,591 client=263,199,760,588 visible=260,177,763,591
[JuiceGeom] changed hwnd=0x10052 flags=181f ptr=0x10010f590 window=260,177,763,591 client=263,199,760,588 visible=260,177,763,591 surface=0x69a784f0 shown=0
0024:warn:file:NtCreateFile L"\\??\\C:\\users\\mobile\\AppData\\Local\\Temp\\nsrb505.tmp\\System.dll" not found (c0000035)
0024:warn:file:CreateFileW Unable to create file L"C:\\users\\mobile\\AppData\\Local\\Temp\\nsrb505.tmp\\System.dll" (status c0000035)
0024:warn:file:NtCreateFile L"\\??\\C:\\users\\mobile\\AppData\\Local\\Temp\\nsrb505.tmp\\System.dll" not found (c0000035)
0024:warn:file:CreateFileW Unable to create file L"C:\\users\\mobile\\AppData\\Local\\Temp\\nsrb505.tmp\\System.dll" (status c0000035)
0024:warn:file:NtCreateFile L"\\??\\C:\\users\\mobile\\AppData\\Local\\Temp\\nsrb505.tmp\\System.dll" not found (c0000035)
0024:warn:file:CreateFileW Unable to create file L"C:\\users\\mobile\\AppData\\Local\\Temp\\nsrb505.tmp\\System.dll" (status c0000035)
0024:warn:module:LdrGetProcedureAddress "LoadImage" (ordinal 0) not found in L"C:\\windows\\system32\\USER32.dll"
0024:trace:seh:RtlUnwindEx code=80000026 flags=2 end_frame=000000010020EF50 target_ip=00000002D785E164
0024:trace:seh:RtlUnwindEx  info[0]=000000010020ee30
0024:trace:seh:RtlUnwindEx  pc=00000002d79ca0b8  sp=000000010020d700  lr=0000000000000000  fp=000000010010f210
0024:trace:seh:RtlUnwindEx  x0=0000000000000000  x1=00000002d785e164  x2=000000010020e058  x3=0000000000000001
0024:trace:seh:RtlUnwindEx  x4=000000010020dcb0  x5=0000000000000000  x6=000000000012f22c  x7=0000000000006010
0024:trace:seh:RtlUnwindEx  x8=000000007ffe8000  x9=0000000000000001 x10=000000000012f248 x11=0000000000000020
0024:trace:seh:RtlUnwindEx x12=0000000000000000 x13=000000000009b626 x14=000000007b5fb8f0 x15=00000002d7641b2c
0024:trace:seh:RtlUnwindEx x16=00000002d785dd18 x17=000000010020e1d0 x18=000000007ffe8000 x19=0000000110001140
0024:trace:seh:RtlUnwindEx x20=000000010020dcb0 x21=00000002d785e164 x22=000000007bddcabc x23=000000010020ef50
0024:trace:seh:RtlUnwindEx x24=000000007ffea000 x25=000000010020e058 x26=0000000000000020 x27=00000000ffffffb3
0024:trace:seh:RtlUnwindEx x28=0000000110001140 cpsr=20000000 fpcr=00000000 fpsr=00000010
0024:trace:seh:RtlUnwindEx calling handler 00000002D785BE10 (rec=000000010020E058, frame=10020e120 context=000000010020DCB0, dispatch=000000010020DAC8)
0024:trace:seh:RtlUnwindEx handler 00000002D785BE10 returned 1
0024:trace:seh:RtlUnwindEx calling handler 00000002D785BE60 (rec=000000010020E058, frame=10020e850 context=000000010020DCB0, dispatch=000000010020DAC8)
0024:trace:seh:RtlUnwindEx handler 00000002D785BE60 returned 1
0024:trace:seh:RtlRestoreContext returning to 2d785e164 stack 10020e850
[JuiceRect] input hwnd=0x10082 dpi=96/1 raw=96/1 win=0,0,164,338 client=0,0,164,338 visible=0,0,164,338
[JuiceRect] mapped hwnd=0x10082 win=0,0,164,338 client=0,0,164,338 visible=0,0,164,338
[JuiceGeom] changed hwnd=0x10082 flags=181f ptr=0x10010f820 window=0,0,164,338 client=0,0,164,338 visible=0,0,164,338 surface=0x0 shown=0
0024:warn:file:NtCreateFile L"\\??\\C:\\users\\mobile\\AppData\\Local\\Temp\\nsrb505.tmp\\nsDialogs.dll" not found (c0000035)
0024:warn:file:CreateFileW Unable to create file L"C:\\users\\mobile\\AppData\\Local\\Temp\\nsrb505.tmp\\nsDialogs.dll" (status c0000035)
[JuiceCreate] ex=00000020 class=0x10020f050 version=0x0 name=0x10020f030 style=54000100 x=180 y=18 cx=293 cy=49 parent=0x1007e menu=0x4b1 classinst=0x13c0000 params=0x0 flags=00000000 inst=0x13c0000 classptr=0x32e618 ansi=0
[JuiceRect] input hwnd=0x10084 dpi=96/1 raw=96/1 win=180,18,473,67 client=180,18,473,67 visible=180,18,473,67
[JuiceRect] mapped hwnd=0x10084 win=180,18,473,67 client=180,18,473,67 visible=180,18,473,67
[JuiceGeom] changed hwnd=0x10084 flags=14 ptr=0x10010f620 window=180,18,473,67 client=180,18,473,67 visible=180,18,473,67 surface=0x0 shown=0
0024:trace:seh:RtlUnwindEx code=80000026 flags=2 end_frame=000000010020EE60 target_ip=00000002D785E164
0024:trace:seh:RtlUnwindEx  info[0]=000000010020ed40
0024:trace:seh:RtlUnwindEx  pc=00000002d79ca0b8  sp=000000010020d610  lr=0000000000000000  fp=000000010010f010
0024:trace:seh:RtlUnwindEx  x0=0000000000000000  x1=00000002d785e164  x2=000000010020df68  x3=0000000000000001
0024:trace:seh:RtlUnwindEx  x4=000000010020dbc0  x5=0000000000000000  x6=000000000012efec  x7=0000000000006010
0024:trace:seh:RtlUnwindEx  x8=000000007ffe8000  x9=0000000000000001 x10=000000000012f008 x11=0000000000000070
0024:trace:seh:RtlUnwindEx x12=0000000000000000 x13=000000000009f49c x14=000000007b5fca40 x15=00000002d7641b2c
0024:trace:seh:RtlUnwindEx x16=00000002d785dd18 x17=000000010020e1a0 x18=000000007ffe8000 x19=0000000110001140
0024:trace:seh:RtlUnwindEx x20=000000010020dbc0 x21=00000002d785e164 x22=000000007bddcabc x23=000000010020ee60
0024:trace:seh:RtlUnwindEx x24=000000007ffea000 x25=000000010020df68 x26=0000000000000070 x27=00000000ffffff63
0024:trace:seh:RtlUnwindEx x28=0000000110001140 cpsr=20000000 fpcr=00000000 fpsr=00000010
0024:trace:seh:RtlUnwindEx calling handler 00000002D785BE10 (rec=000000010020DF68, frame=10020e030 context=000000010020DBC0, dispatch=000000010020D9D8)
0024:trace:seh:RtlUnwindEx handler 00000002D785BE10 returned 1
0024:trace:seh:RtlUnwindEx calling handler 00000002D785BE60 (rec=000000010020DF68, frame=10020e760 context=000000010020DBC0, dispatch=000000010020D9D8)
0024:trace:seh:RtlUnwindEx handler 00000002D785BE60 returned 1
0024:trace:seh:RtlRestoreContext returning to 2d785e164 stack 10020e760
0024:trace:seh:RtlUnwindEx code=80000026 flags=2 end_frame=000000010020EEE0 target_ip=00000002D785E164
0024:trace:seh:RtlUnwindEx  info[0]=000000010020edc0
0024:trace:seh:RtlUnwindEx  pc=00000002d79ca0b8  sp=000000010020d690  lr=0000000000000000  fp=000000010010f010
0024:trace:seh:RtlUnwindEx  x0=0000000000000000  x1=00000002d785e164  x2=000000010020dfe8  x3=0000000000000001
0024:trace:seh:RtlUnwindEx  x4=000000010020dc40  x5=0000000000000000  x6=000000000012f04c  x7=0000000000006010
0024:trace:seh:RtlUnwindEx  x8=000000007ffe8000  x9=0000000000000001 x10=000000000012f068 x11=0000000000000014
0024:trace:seh:RtlUnwindEx x12=0000000000000000 x13=0000000000000000 x14=0000000000000000 x15=0000000000000030
0024:trace:seh:RtlUnwindEx x16=00000002d785dd18 x17=000000010020e1f0 x18=000000007ffe8000 x19=0000000110001140
0024:trace:seh:RtlUnwindEx x20=000000010020dc40 x21=00000002d785e164 x22=000000007bddcabc x23=000000010020eee0
0024:trace:seh:RtlUnwindEx x24=000000007ffea000 x25=000000010020dfe8 x26=0000000000000014 x27=00000000ffffffbf
0024:trace:seh:RtlUnwindEx x28=0000000110001140 cpsr=20000000 fpcr=00000000 fpsr=00000010
0024:trace:seh:RtlUnwindEx calling handler 00000002D785BE10 (rec=000000010020DFE8, frame=10020e0b0 context=000000010020DC40, dispatch=000000010020DA58)
0024:trace:seh:RtlUnwindEx handler 00000002D785BE10 returned 1
0024:trace:seh:RtlUnwindEx calling handler 00000002D785BE60 (rec=000000010020DFE8, frame=10020e7e0 context=000000010020DC40, dispatch=000000010020DA58)
0024:trace:seh:RtlUnwindEx handler 00000002D785BE60 returned 1
0024:trace:seh:RtlRestoreContext returning to 2d785e164 stack 10020e7e0
[JuiceRect] input hwnd=0x10084 dpi=96/1 raw=96/1 win=180,18,473,67 client=180,18,473,67 visible=180,18,473,67
[JuiceRect] mapped hwnd=0x10084 win=180,18,473,67 client=180,18,473,67 visible=180,18,473,67
[JuiceGeom] changed hwnd=0x10084 flags=10 ptr=0x10010f620 window=180,18,473,67 client=180,18,473,67 visible=180,18,473,67 surface=0x0 shown=0
0024:trace:seh:RtlUnwindEx code=80000026 flags=2 end_frame=000000010020EE60 target_ip=00000002D785E164
0024:trace:seh:RtlUnwindEx  info[0]=000000010020ed40
0024:trace:seh:RtlUnwindEx  pc=00000002d79ca0b8  sp=000000010020d610  lr=0000000000000000  fp=000000010010f010
0024:trace:seh:RtlUnwindEx  x0=0000000000000000  x1=00000002d785e164  x2=000000010020df68  x3=0000000000000001
0024:trace:seh:RtlUnwindEx  x4=000000010020dbc0  x5=0000000000000000  x6=000000000012efec  x7=0000000000006010
0024:trace:seh:RtlUnwindEx  x8=000000007ffe8000  x9=0000000000000001 x10=000000000012f008 x11=0000000000000070
0024:trace:seh:RtlUnwindEx x12=0000000000000000 x13=0000000000000000 x14=0000000000000000 x15=0000000000000030
0024:trace:seh:RtlUnwindEx x16=00000002d785dd18 x17=000000010020e170 x18=000000007ffe8000 x19=0000000110001140
0024:trace:seh:RtlUnwindEx x20=000000010020dbc0 x21=00000002d785e164 x22=000000007bddcabc x23=000000010020ee60
0024:trace:seh:RtlUnwindEx x24=000000007ffea000 x25=000000010020df68 x26=0000000000000070 x27=00000000ffffff63
0024:trace:seh:RtlUnwindEx x28=0000000110001140 cpsr=20000000 fpcr=00000000 fpsr=00000000
0024:trace:seh:RtlUnwindEx calling handler 00000002D785BE10 (rec=000000010020DF68, frame=10020e030 context=000000010020DBC0, dispatch=000000010020D9D8)
0024:trace:seh:RtlUnwindEx handler 00000002D785BE10 returned 1
0024:trace:seh:RtlUnwindEx calling handler 00000002D785BE60 (rec=000000010020DF68, frame=10020e760 context=000000010020DBC0, dispatch=000000010020D9D8)
0024:trace:seh:RtlUnwindEx handler 00000002D785BE60 returned 1
0024:trace:seh:RtlRestoreContext returning to 2d785e164 stack 10020e760
[JuiceDriver] create-enter hwnd=0x10084
[JuiceDriver] create-success hwnd=0x10084
0024:trace:seh:RtlUnwindEx code=80000026 flags=2 end_frame=000000010020EEF0 target_ip=00000002D785E164
0024:trace:seh:RtlUnwindEx  info[0]=000000010020edd0
0024:trace:seh:RtlUnwindEx  pc=00000002d79ca0b8  sp=000000010020d6a0  lr=0000000000000000  fp=000000010010f010
0024:trace:seh:RtlUnwindEx  x0=0000000000000000  x1=00000002d785e164  x2=000000010020dff8  x3=0000000000000001
0024:trace:seh:RtlUnwindEx  x4=000000010020dc50  x5=0000000000000000  x6=0000000000000020  x7=0000000000006010
0024:trace:seh:RtlUnwindEx  x8=000000007ffe8000  x9=0000000000000001 x10=000000000012ef98 x11=0000000000000004
0024:trace:seh:RtlUnwindEx x12=0000000000000000 x13=0000000000000000 x14=0000000000000000 x15=0000000000000030
0024:trace:seh:RtlUnwindEx x16=00000002d785dd18 x17=000000010020e200 x18=000000007ffe8000 x19=0000000110001140
0024:trace:seh:RtlUnwindEx x20=000000010020dc50 x21=00000002d785e164 x22=000000007bddcabc x23=000000010020eef0
0024:trace:seh:RtlUnwindEx x24=000000007ffea000 x25=000000010020dff8 x26=000000000012ef94 x27=000000000012ef90
0024:trace:seh:RtlUnwindEx x28=0000000110001140 cpsr=20000000 fpcr=00000000 fpsr=00000000
0024:trace:seh:RtlUnwindEx calling handler 00000002D785BE10 (rec=000000010020DFF8, frame=10020e0c0 context=000000010020DC50, dispatch=000000010020DA68)
0024:trace:seh:RtlUnwindEx handler 00000002D785BE10 returned 1
0024:trace:seh:RtlUnwindEx calling handler 00000002D785BE60 (rec=000000010020DFF8, frame=10020e7f0 context=000000010020DC50, dispatch=000000010020DA68)
0024:trace:seh:RtlUnwindEx handler 00000002D785BE60 returned 1
0024:trace:seh:RtlRestoreContext returning to 2d785e164 stack 10020e7f0
0024:trace:seh:RtlUnwindEx code=80000026 flags=2 end_frame=000000010020EEF0 target_ip=00000002D785E164
0024:trace:seh:RtlUnwindEx  info[0]=000000010020edd0
0024:trace:seh:RtlUnwindEx  pc=00000002d79ca0b8  sp=000000010020d6a0  lr=0000000000000000  fp=000000010010f010
0024:trace:seh:RtlUnwindEx  x0=0000000000000000  x1=00000002d785e164  x2=000000010020dff8  x3=0000000000000001
0024:trace:seh:RtlUnwindEx  x4=000000010020dc50  x5=0000000000000000  x6=0000000000000020  x7=0000000000006010
0024:trace:seh:RtlUnwindEx  x8=000000007ffe8000  x9=0000000000000001 x10=000000000012ef98 x11=0000000000000004
0024:trace:seh:RtlUnwindEx x12=0000000000000000 x13=0000000000000000 x14=0000000000000000 x15=0000000000000030
0024:trace:seh:RtlUnwindEx x16=00000002d785dd18 x17=000000010020e200 x18=000000007ffe8000 x19=0000000110001140
0024:trace:seh:RtlUnwindEx x20=000000010020dc50 x21=00000002d785e164 x22=000000007bddcabc x23=000000010020eef0
0024:trace:seh:RtlUnwindEx x24=000000007ffea000 x25=000000010020dff8 x26=000000000012ef94 x27=000000000012ef90
0024:trace:seh:RtlUnwindEx x28=0000000110001140 cpsr=20000000 fpcr=00000000 fpsr=00000000
0024:trace:seh:RtlUnwindEx calling handler 00000002D785BE10 (rec=000000010020DFF8, frame=10020e0c0 context=000000010020DC50, dispatch=000000010020DA68)
0024:trace:seh:RtlUnwindEx handler 00000002D785BE10 returned 1
0024:trace:seh:RtlUnwindEx calling handler 00000002D785BE60 (rec=000000010020DFF8, frame=10020e7f0 context=000000010020DC50, dispatch=000000010020DA68)
0024:trace:seh:RtlUnwindEx handler 00000002D785BE60 returned 1
0024:trace:seh:RtlRestoreContext returning to 2d785e164 stack 10020e7f0
0024:trace:seh:RtlUnwindEx code=80000026 flags=2 end_frame=000000010020EEF0 target_ip=00000002D785E164
0024:trace:seh:RtlUnwindEx  info[0]=000000010020edd0
0024:trace:seh:RtlUnwindEx  pc=00000002d79ca0b8  sp=000000010020d6a0  lr=0000000000000000  fp=000000010010f010
0024:trace:seh:RtlUnwindEx  x0=0000000000000000  x1=00000002d785e164  x2=000000010020dff8  x3=0000000000000001
0024:trace:seh:RtlUnwindEx  x4=000000010020dc50  x5=0000000000000000  x6=0000000000000020  x7=0000000000006010
0024:trace:seh:RtlUnwindEx  x8=000000007ffe8000  x9=0000000000000001 x10=000000000012ef98 x11=0000000000000004
0024:trace:seh:RtlUnwindEx x12=0000000000000000 x13=00000000000a58a6 x14=000000007b5fb920 x15=00000002d7641b2c
0024:trace:seh:RtlUnwindEx x16=00000002d785dd18 x17=000000010020e230 x18=000000007ffe8000 x19=0000000110001140
0024:trace:seh:RtlUnwindEx x20=000000010020dc50 x21=00000002d785e164 x22=000000007bddcabc x23=000000010020eef0
0024:trace:seh:RtlUnwindEx x24=000000007ffea000 x25=000000010020dff8 x26=000000000012ef94 x27=000000000012ef90
0024:trace:seh:RtlUnwindEx x28=0000000110001140 cpsr=20000000 fpcr=00000000 fpsr=00000000
0024:trace:seh:RtlUnwindEx calling handler 00000002D785BE10 (rec=000000010020DFF8, frame=10020e0c0 context=000000010020DC50, dispatch=000000010020DA68)
0024:trace:seh:RtlUnwindEx handler 00000002D785BE10 returned 1
0024:trace:seh:RtlUnwindEx calling handler 00000002D785BE60 (rec=000000010020DFF8, frame=10020e7f0 context=000000010020DC50, dispatch=000000010020DA68)
0024:trace:seh:RtlUnwindEx handler 00000002D785BE60 returned 1
0024:trace:seh:RtlRestoreContext returning to 2d785e164 stack 10020e7f0
0024:trace:seh:RtlUnwindEx code=80000026 flags=2 end_frame=000000010020EEF0 target_ip=00000002D785E164
0024:trace:seh:RtlUnwindEx  info[0]=000000010020edd0
0024:trace:seh:RtlUnwindEx  pc=00000002d79ca0b8  sp=000000010020d6a0  lr=0000000000000000  fp=000000010010ef50
0024:trace:seh:RtlUnwindEx  x0=0000000000000000  x1=00000002d785e164  x2=000000010020dff8  x3=0000000000000001
0024:trace:seh:RtlUnwindEx  x4=000000010020dc50  x5=0000000000000000  x6=0000000000000020  x7=0000000000006010
0024:trace:seh:RtlUnwindEx  x8=000000007ffe8000  x9=0000000000000001 x10=000000000012ef98 x11=0000000000000004
0024:trace:seh:RtlUnwindEx x12=0000000000000000 x13=0000000000000000 x14=0000000000000000 x15=0000000000000030
0024:trace:seh:RtlUnwindEx x16=00000002d785dd18 x17=000000010020e200 x18=000000007ffe8000 x19=0000000110001140
0024:trace:seh:RtlUnwindEx x20=000000010020dc50 x21=00000002d785e164 x22=000000007bddcabc x23=000000010020eef0
0024:trace:seh:RtlUnwindEx x24=000000007ffea000 x25=000000010020dff8 x26=000000000012ef94 x27=000000000012ef90
0024:trace:seh:RtlUnwindEx x28=0000000110001140 cpsr=20000000 fpcr=00000000 fpsr=00000000
0024:trace:seh:RtlUnwindEx calling handler 00000002D785BE10 (rec=000000010020DFF8, frame=10020e0c0 context=000000010020DC50, dispatch=000000010020DA68)
0024:trace:seh:RtlUnwindEx handler 00000002D785BE10 returned 1
0024:trace:seh:RtlUnwindEx calling handler 00000002D785BE60 (rec=000000010020DFF8, frame=10020e7f0 context=000000010020DC50, dispatch=000000010020DA68)
0024:trace:seh:RtlUnwindEx handler 00000002D785BE60 returned 1
0024:trace:seh:RtlRestoreContext returning to 2d785e164 stack 10020e7f0
[JuiceRect] input hwnd=0x10084 dpi=96/1 raw=96/1 win=180,18,473,67 client=180,18,473,67 visible=180,18,473,67
[JuiceRect] mapped hwnd=0x10084 win=180,18,473,67 client=180,18,473,67 visible=180,18,473,67
[JuiceGeom] changed hwnd=0x10084 flags=181f ptr=0x10010f3f0 window=180,18,473,67 client=180,18,473,67 visible=180,18,473,67 surface=0x0 shown=0
[JuiceRect] input hwnd=0x10052 dpi=96/1 raw=96/1 win=260,177,763,591 client=263,199,760,588 visible=260,177,763,591
[JuiceRect] mapped hwnd=0x10052 win=260,177,763,591 client=263,199,760,588 visible=260,177,763,591
[JuiceGeom] changed hwnd=0x10052 flags=181f ptr=0x10010f590 window=260,177,763,591 client=263,199,760,588 visible=260,177,763,591 surface=0x69a784f0 shown=0
0024:warn:file:NtCreateFile L"\\??\\C:\\users\\mobile\\AppData\\Local\\Temp\\nsrb505.tmp\\nsDialogs.dll" not found (c0000035)
0024:warn:file:CreateFileW Unable to create file L"C:\\users\\mobile\\AppData\\Local\\Temp\\nsrb505.tmp\\nsDialogs.dll" (status c0000035)
[JuiceCreate] ex=00000020 class=0x10020f050 version=0x0 name=0x10020f030 style=54000100 x=180 y=79 cx=293 cy=228 parent=0x1007e menu=0x4b2 classinst=0x13c0000 params=0x0 flags=00000000 inst=0x13c0000 classptr=0x334f98 ansi=0
[JuiceRect] input hwnd=0x10086 dpi=96/1 raw=96/1 win=180,79,473,307 client=180,79,473,307 visible=180,79,473,307
[JuiceRect] mapped hwnd=0x10086 win=180,79,473,307 client=180,79,473,307 visible=180,79,473,307
[JuiceGeom] changed hwnd=0x10086 flags=14 ptr=0x10010f620 window=180,79,473,307 client=180,79,473,307 visible=180,79,473,307 surface=0x0 shown=0
0024:trace:seh:RtlUnwindEx code=80000026 flags=2 end_frame=000000010020EBB0 target_ip=00000002D785E164
0024:trace:seh:RtlUnwindEx  info[0]=000000010020ea90
0024:trace:seh:RtlUnwindEx  pc=00000002d79ca0b8  sp=000000010020d360  lr=0000000000000000  fp=000000010010f010
0024:trace:seh:RtlUnwindEx  x0=0000000000000000  x1=00000002d785e164  x2=000000010020dcb8  x3=0000000000000001
0024:trace:seh:RtlUnwindEx  x4=000000010020d910  x5=0000000000000000  x6=000000000012ed3c  x7=0000000000006010
0024:trace:seh:RtlUnwindEx  x8=000000007ffe8000  x9=0000000000000001 x10=000000000012ed58 x11=0000000000000316
0024:trace:seh:RtlUnwindEx x12=0000000000000000 x13=00000000000e7585 x14=000000007b5fca40 x15=00000002d7641b2c
0024:trace:seh:RtlUnwindEx x16=00000002d785dd18 x17=000000010020def0 x18=000000007ffe8000 x19=0000000110001140
0024:trace:seh:RtlUnwindEx x20=000000010020d910 x21=00000002d785e164 x22=000000007bddcabc x23=000000010020ebb0
0024:trace:seh:RtlUnwindEx x24=000000007ffea000 x25=000000010020dcb8 x26=0000000000000316 x27=00000000fffffcbd
0024:trace:seh:RtlUnwindEx x28=0000000110001140 cpsr=20000000 fpcr=00000000 fpsr=00000010
0024:trace:seh:RtlUnwindEx calling handler 00000002D785BE10 (rec=000000010020DCB8, frame=10020dd80 context=000000010020D910, dispatch=000000010020D728)
0024:trace:seh:RtlUnwindEx handler 00000002D785BE10 returned 1
0024:trace:seh:RtlUnwindEx calling handler 00000002D785BE60 (rec=000000010020DCB8, frame=10020e4b0 context=000000010020D910, dispatch=000000010020D728)
0024:trace:seh:RtlUnwindEx handler 00000002D785BE60 returned 1
0024:trace:seh:RtlRestoreContext returning to 2d785e164 stack 10020e4b0
0024:trace:seh:RtlUnwindEx code=80000026 flags=2 end_frame=000000010020EEE0 target_ip=00000002D785E164
0024:trace:seh:RtlUnwindEx  info[0]=000000010020edc0
0024:trace:seh:RtlUnwindEx  pc=00000002d79ca0b8  sp=000000010020d690  lr=0000000000000000  fp=000000010010f010
0024:trace:seh:RtlUnwindEx  x0=0000000000000000  x1=00000002d785e164  x2=000000010020dfe8  x3=0000000000000001
0024:trace:seh:RtlUnwindEx  x4=000000010020dc40  x5=0000000000000000  x6=000000000012f04c  x7=0000000000006010
0024:trace:seh:RtlUnwindEx  x8=000000007ffe8000  x9=0000000000000001 x10=000000000012f068 x11=0000000000000014
0024:trace:seh:RtlUnwindEx x12=0000000000000000 x13=0000000000000000 x14=0000000000000000 x15=0000000000000030
0024:trace:seh:RtlUnwindEx x16=00000002d785dd18 x17=000000010020e1f0 x18=000000007ffe8000 x19=0000000110001140
0024:trace:seh:RtlUnwindEx x20=000000010020dc40 x21=00000002d785e164 x22=000000007bddcabc x23=000000010020eee0
0024:trace:seh:RtlUnwindEx x24=000000007ffea000 x25=000000010020dfe8 x26=0000000000000014 x27=00000000ffffffbf
0024:trace:seh:RtlUnwindEx x28=0000000110001140 cpsr=20000000 fpcr=00000000 fpsr=00000010
0024:trace:seh:RtlUnwindEx calling handler 00000002D785BE10 (rec=000000010020DFE8, frame=10020e0b0 context=000000010020DC40, dispatch=000000010020DA58)
0024:trace:seh:RtlUnwindEx handler 00000002D785BE10 returned 1
0024:trace:seh:RtlUnwindEx calling handler 00000002D785BE60 (rec=000000010020DFE8, frame=10020e7e0 context=000000010020DC40, dispatch=000000010020DA58)
0024:trace:seh:RtlUnwindEx handler 00000002D785BE60 returned 1
0024:trace:seh:RtlRestoreContext returning to 2d785e164 stack 10020e7e0
[JuiceRect] input hwnd=0x10086 dpi=96/1 raw=96/1 win=180,79,473,307 client=180,79,473,307 visible=180,79,473,307
[JuiceRect] mapped hwnd=0x10086 win=180,79,473,307 client=180,79,473,307 visible=180,79,473,307
[JuiceGeom] changed hwnd=0x10086 flags=10 ptr=0x10010f620 window=180,79,473,307 client=180,79,473,307 visible=180,79,473,307 surface=0x0 shown=0
0024:trace:seh:RtlUnwindEx code=80000026 flags=2 end_frame=000000010020EBB0 target_ip=00000002D785E164
0024:trace:seh:RtlUnwindEx  info[0]=000000010020ea90
0024:trace:seh:RtlUnwindEx  pc=00000002d79ca0b8  sp=000000010020d360  lr=0000000000000000  fp=000000010010f010
0024:trace:seh:RtlUnwindEx  x0=0000000000000000  x1=00000002d785e164  x2=000000010020dcb8  x3=0000000000000001
0024:trace:seh:RtlUnwindEx  x4=000000010020d910  x5=0000000000000000  x6=000000000012ed3c  x7=0000000000006010
0024:trace:seh:RtlUnwindEx  x8=000000007ffe8000  x9=0000000000000001 x10=000000000012ed58 x11=0000000000000316
0024:trace:seh:RtlUnwindEx x12=0000000000000000 x13=0000000000000000 x14=0000000000000000 x15=0000000000000030
0024:trace:seh:RtlUnwindEx x16=00000002d785dd18 x17=000000010020dec0 x18=000000007ffe8000 x19=0000000110001140
0024:trace:seh:RtlUnwindEx x20=000000010020d910 x21=00000002d785e164 x22=000000007bddcabc x23=000000010020ebb0
0024:trace:seh:RtlUnwindEx x24=000000007ffea000 x25=000000010020dcb8 x26=0000000000000316 x27=00000000fffffcbd
0024:trace:seh:RtlUnwindEx x28=0000000110001140 cpsr=20000000 fpcr=00000000 fpsr=00000000
0024:trace:seh:RtlUnwindEx calling handler 00000002D785BE10 (rec=000000010020DCB8, frame=10020dd80 context=000000010020D910, dispatch=000000010020D728)
0024:trace:seh:RtlUnwindEx handler 00000002D785BE10 returned 1
0024:trace:seh:RtlUnwindEx calling handler 00000002D785BE60 (rec=000000010020DCB8, frame=10020e4b0 context=000000010020D910, dispatch=000000010020D728)
0024:trace:seh:RtlUnwindEx handler 00000002D785BE60 returned 1
0024:trace:seh:RtlRestoreContext returning to 2d785e164 stack 10020e4b0
[JuiceDriver] create-enter hwnd=0x10086
[JuiceDriver] create-success hwnd=0x10086
0024:trace:seh:RtlUnwindEx code=80000026 flags=2 end_frame=000000010020EEF0 target_ip=00000002D785E164
0024:trace:seh:RtlUnwindEx  info[0]=000000010020edd0
0024:trace:seh:RtlUnwindEx  pc=00000002d79ca0b8  sp=000000010020d6a0  lr=0000000000000000  fp=000000010010f010
0024:trace:seh:RtlUnwindEx  x0=0000000000000000  x1=00000002d785e164  x2=000000010020dff8  x3=0000000000000001
0024:trace:seh:RtlUnwindEx  x4=000000010020dc50  x5=0000000000000000  x6=0000000000000020  x7=0000000000006010
0024:trace:seh:RtlUnwindEx  x8=000000007ffe8000  x9=0000000000000001 x10=000000000012ef98 x11=0000000000000004
0024:trace:seh:RtlUnwindEx x12=0000000000000000 x13=0000000000000000 x14=0000000000000000 x15=0000000000000030
0024:trace:seh:RtlUnwindEx x16=00000002d785dd18 x17=000000010020e200 x18=000000007ffe8000 x19=0000000110001140
0024:trace:seh:RtlUnwindEx x20=000000010020dc50 x21=00000002d785e164 x22=000000007bddcabc x23=000000010020eef0
0024:trace:seh:RtlUnwindEx x24=000000007ffea000 x25=000000010020dff8 x26=000000000012ef94 x27=000000000012ef90
0024:trace:seh:RtlUnwindEx x28=0000000110001140 cpsr=20000000 fpcr=00000000 fpsr=00000000
0024:trace:seh:RtlUnwindEx calling handler 00000002D785BE10 (rec=000000010020DFF8, frame=10020e0c0 context=000000010020DC50, dispatch=000000010020DA68)
0024:trace:seh:RtlUnwindEx handler 00000002D785BE10 returned 1
0024:trace:seh:RtlUnwindEx calling handler 00000002D785BE60 (rec=000000010020DFF8, frame=10020e7f0 context=000000010020DC50, dispatch=000000010020DA68)
0024:trace:seh:RtlUnwindEx handler 00000002D785BE60 returned 1
0024:trace:seh:RtlRestoreContext returning to 2d785e164 stack 10020e7f0
0024:trace:seh:RtlUnwindEx code=80000026 flags=2 end_frame=000000010020EEF0 target_ip=00000002D785E164
0024:trace:seh:RtlUnwindEx  info[0]=000000010020edd0
0024:trace:seh:RtlUnwindEx  pc=00000002d79ca0b8  sp=000000010020d6a0  lr=0000000000000000  fp=000000010010f010
0024:trace:seh:RtlUnwindEx  x0=0000000000000000  x1=00000002d785e164  x2=000000010020dff8  x3=0000000000000001
0024:trace:seh:RtlUnwindEx  x4=000000010020dc50  x5=0000000000000000  x6=0000000000000020  x7=0000000000006010
0024:trace:seh:RtlUnwindEx  x8=000000007ffe8000  x9=0000000000000001 x10=000000000012ef98 x11=0000000000000004
0024:trace:seh:RtlUnwindEx x12=0000000000000000 x13=0000000000000000 x14=0000000000000000 x15=0000000000000030
0024:trace:seh:RtlUnwindEx x16=00000002d785dd18 x17=000000010020e200 x18=000000007ffe8000 x19=0000000110001140
0024:trace:seh:RtlUnwindEx x20=000000010020dc50 x21=00000002d785e164 x22=000000007bddcabc x23=000000010020eef0
0024:trace:seh:RtlUnwindEx x24=000000007ffea000 x25=000000010020dff8 x26=000000000012ef94 x27=000000000012ef90
0024:trace:seh:RtlUnwindEx x28=0000000110001140 cpsr=20000000 fpcr=00000000 fpsr=00000000
0024:trace:seh:RtlUnwindEx calling handler 00000002D785BE10 (rec=000000010020DFF8, frame=10020e0c0 context=000000010020DC50, dispatch=000000010020DA68)
0024:trace:seh:RtlUnwindEx handler 00000002D785BE10 returned 1
0024:trace:seh:RtlUnwindEx calling handler 00000002D785BE60 (rec=000000010020DFF8, frame=10020e7f0 context=000000010020DC50, dispatch=000000010020DA68)
0024:trace:seh:RtlUnwindEx handler 00000002D785BE60 returned 1
0024:trace:seh:RtlRestoreContext returning to 2d785e164 stack 10020e7f0
0024:trace:seh:RtlUnwindEx code=80000026 flags=2 end_frame=000000010020EEF0 target_ip=00000002D785E164
0024:trace:seh:RtlUnwindEx  info[0]=000000010020edd0
0024:trace:seh:RtlUnwindEx  pc=00000002d79ca0b8  sp=000000010020d6a0  lr=0000000000000000  fp=000000010010f010
0024:trace:seh:RtlUnwindEx  x0=0000000000000000  x1=00000002d785e164  x2=000000010020dff8  x3=0000000000000001
0024:trace:seh:RtlUnwindEx  x4=000000010020dc50  x5=0000000000000000  x6=0000000000000020  x7=0000000000006010
0024:trace:seh:RtlUnwindEx  x8=000000007ffe8000  x9=0000000000000001 x10=000000000012ef98 x11=0000000000000004
0024:trace:seh:RtlUnwindEx x12=0000000000000000 x13=00000000000ed79c x14=000000007b5fb920 x15=00000002d7641b2c
0024:trace:seh:RtlUnwindEx x16=00000002d785dd18 x17=000000010020e230 x18=000000007ffe8000 x19=0000000110001140
0024:trace:seh:RtlUnwindEx x20=000000010020dc50 x21=00000002d785e164 x22=000000007bddcabc x23=000000010020eef0
0024:trace:seh:RtlUnwindEx x24=000000007ffea000 x25=000000010020dff8 x26=000000000012ef94 x27=000000000012ef90
0024:trace:seh:RtlUnwindEx x28=0000000110001140 cpsr=20000000 fpcr=00000000 fpsr=00000000
0024:trace:seh:RtlUnwindEx calling handler 00000002D785BE10 (rec=000000010020DFF8, frame=10020e0c0 context=000000010020DC50, dispatch=000000010020DA68)
0024:trace:seh:RtlUnwindEx handler 00000002D785BE10 returned 1
0024:trace:seh:RtlUnwindEx calling handler 00000002D785BE60 (rec=000000010020DFF8, frame=10020e7f0 context=000000010020DC50, dispatch=000000010020DA68)
0024:trace:seh:RtlUnwindEx handler 00000002D785BE60 returned 1
0024:trace:seh:RtlRestoreContext returning to 2d785e164 stack 10020e7f0
0024:trace:seh:RtlUnwindEx code=80000026 flags=2 end_frame=000000010020EEF0 target_ip=00000002D785E164
0024:trace:seh:RtlUnwindEx  info[0]=000000010020edd0
0024:trace:seh:RtlUnwindEx  pc=00000002d79ca0b8  sp=000000010020d6a0  lr=0000000000000000  fp=000000010010ef50
0024:trace:seh:RtlUnwindEx  x0=0000000000000000  x1=00000002d785e164  x2=000000010020dff8  x3=0000000000000001
0024:trace:seh:RtlUnwindEx  x4=000000010020dc50  x5=0000000000000000  x6=0000000000000020  x7=0000000000006010
0024:trace:seh:RtlUnwindEx  x8=000000007ffe8000  x9=0000000000000001 x10=000000000012ef98 x11=0000000000000004
0024:trace:seh:RtlUnwindEx x12=0000000000000000 x13=0000000000000000 x14=0000000000000000 x15=0000000000000030
0024:trace:seh:RtlUnwindEx x16=00000002d785dd18 x17=000000010020e200 x18=000000007ffe8000 x19=0000000110001140
0024:trace:seh:RtlUnwindEx x20=000000010020dc50 x21=00000002d785e164 x22=000000007bddcabc x23=000000010020eef0
0024:trace:seh:RtlUnwindEx x24=000000007ffea000 x25=000000010020dff8 x26=000000000012ef94 x27=000000000012ef90
0024:trace:seh:RtlUnwindEx x28=0000000110001140 cpsr=20000000 fpcr=00000000 fpsr=00000000
0024:trace:seh:RtlUnwindEx calling handler 00000002D785BE10 (rec=000000010020DFF8, frame=10020e0c0 context=000000010020DC50, dispatch=000000010020DA68)
0024:trace:seh:RtlUnwindEx handler 00000002D785BE10 returned 1
0024:trace:seh:RtlUnwindEx calling handler 00000002D785BE60 (rec=000000010020DFF8, frame=10020e7f0 context=000000010020DC50, dispatch=000000010020DA68)
0024:trace:seh:RtlUnwindEx handler 00000002D785BE60 returned 1
0024:trace:seh:RtlRestoreContext returning to 2d785e164 stack 10020e7f0
[JuiceRect] input hwnd=0x10086 dpi=96/1 raw=96/1 win=180,79,473,307 client=180,79,473,307 visible=180,79,473,307
[JuiceRect] mapped hwnd=0x10086 win=180,79,473,307 client=180,79,473,307 visible=180,79,473,307
[JuiceGeom] changed hwnd=0x10086 flags=181f ptr=0x10010f3f0 window=180,79,473,307 client=180,79,473,307 visible=180,79,473,307 surface=0x0 shown=0
[JuiceRect] input hwnd=0x10052 dpi=96/1 raw=96/1 win=260,177,763,591 client=263,199,760,588 visible=260,177,763,591
[JuiceRect] mapped hwnd=0x10052 win=260,177,763,591 client=263,199,760,588 visible=260,177,763,591
[JuiceGeom] changed hwnd=0x10052 flags=181f ptr=0x10010f590 window=260,177,763,591 client=263,199,760,588 visible=260,177,763,591 surface=0x69a784f0 shown=0
0024:trace:seh:RtlUnwindEx code=80000026 flags=2 end_frame=000000010020EF80 target_ip=00000002D785E164
0024:trace:seh:RtlUnwindEx  info[0]=000000010020ee60
0024:trace:seh:RtlUnwindEx  pc=00000002d79ca0b8  sp=000000010020d730  lr=0000000000000000  fp=000000010010f450
0024:trace:seh:RtlUnwindEx  x0=0000000000000000  x1=00000002d785e164  x2=000000010020e088  x3=0000000000000001
0024:trace:seh:RtlUnwindEx  x4=000000010020dce0  x5=0000000000000000  x6=0000000000000000  x7=0000000000006010
0024:trace:seh:RtlUnwindEx  x8=000000007ffe8000  x9=0000000000000001 x10=000000000012f088 x11=0000000000000004
0024:trace:seh:RtlUnwindEx x12=0000000000000000 x13=00000000000f1975 x14=000000007b5fca40 x15=00000002d7641b2c
0024:trace:seh:RtlUnwindEx x16=00000002d785dd18 x17=000000010020e2c0 x18=000000007ffe8000 x19=0000000110001140
0024:trace:seh:RtlUnwindEx x20=000000010020dce0 x21=00000002d785e164 x22=000000007bddcabc x23=000000010020ef80
0024:trace:seh:RtlUnwindEx x24=000000007ffea000 x25=000000010020e088 x26=000000000012f084 x27=000000000012f080
0024:trace:seh:RtlUnwindEx x28=0000000110001140 cpsr=20000000 fpcr=00000000 fpsr=00000010
0024:trace:seh:RtlUnwindEx calling handler 00000002D785BE10 (rec=000000010020E088, frame=10020e150 context=000000010020DCE0, dispatch=000000010020DAF8)
0024:trace:seh:RtlUnwindEx handler 00000002D785BE10 returned 1
0024:trace:seh:RtlUnwindEx calling handler 00000002D785BE60 (rec=000000010020E088, frame=10020e880 context=000000010020DCE0, dispatch=000000010020DAF8)
0024:trace:seh:RtlUnwindEx handler 00000002D785BE60 returned 1
0024:trace:seh:RtlRestoreContext returning to 2d785e164 stack 10020e880
0024:trace:seh:RtlUnwindEx code=80000026 flags=2 end_frame=000000010020EF80 target_ip=00000002D785E164
0024:trace:seh:RtlUnwindEx  info[0]=000000010020ee60
0024:trace:seh:RtlUnwindEx  pc=00000002d79ca0b8  sp=000000010020d730  lr=0000000000000000  fp=000000010010f450
0024:trace:seh:RtlUnwindEx  x0=0000000000000000  x1=00000002d785e164  x2=000000010020e088  x3=0000000000000001
0024:trace:seh:RtlUnwindEx  x4=000000010020dce0  x5=0000000000000000  x6=0000000000000000  x7=0000000000006010
0024:trace:seh:RtlUnwindEx  x8=000000007ffe8000  x9=0000000000000001 x10=000000000012f088 x11=0000000000000004
0024:trace:seh:RtlUnwindEx x12=0000000000000000 x13=00000000000f2c52 x14=000000007b5fca40 x15=00000002d7641b2c
0024:trace:seh:RtlUnwindEx x16=00000002d785dd18 x17=000000010020e2c0 x18=000000007ffe8000 x19=0000000110001140
0024:trace:seh:RtlUnwindEx x20=000000010020dce0 x21=00000002d785e164 x22=000000007bddcabc x23=000000010020ef80
0024:trace:seh:RtlUnwindEx x24=000000007ffea000 x25=000000010020e088 x26=000000000012f084 x27=000000000012f080
0024:trace:seh:RtlUnwindEx x28=0000000110001140 cpsr=20000000 fpcr=00000000 fpsr=00000000
0024:trace:seh:RtlUnwindEx calling handler 00000002D785BE10 (rec=000000010020E088, frame=10020e150 context=000000010020DCE0, dispatch=000000010020DAF8)
0024:trace:seh:RtlUnwindEx handler 00000002D785BE10 returned 1
0024:trace:seh:RtlUnwindEx calling handler 00000002D785BE60 (rec=000000010020E088, frame=10020e880 context=000000010020DCE0, dispatch=000000010020DAF8)
0024:trace:seh:RtlUnwindEx handler 00000002D785BE60 returned 1
0024:trace:seh:RtlRestoreContext returning to 2d785e164 stack 10020e880
0024:trace:seh:RtlUnwindEx code=80000026 flags=2 end_frame=000000010020EF80 target_ip=00000002D785E164
0024:trace:seh:RtlUnwindEx  info[0]=000000010020ee60
0024:trace:seh:RtlUnwindEx  pc=00000002d79ca0b8  sp=000000010020d730  lr=0000000000000000  fp=000000010010f450
0024:trace:seh:RtlUnwindEx  x0=0000000000000000  x1=00000002d785e164  x2=000000010020e088  x3=0000000000000001
0024:trace:seh:RtlUnwindEx  x4=000000010020dce0  x5=0000000000000000  x6=0000000000000000  x7=0000000000006010
0024:trace:seh:RtlUnwindEx  x8=000000007ffe8000  x9=0000000000000001 x10=000000000012f088 x11=0000000000000004
0024:trace:seh:RtlUnwindEx x12=0000000000000000 x13=00000000000f3ef0 x14=000000007b5fca40 x15=00000002d7641b2c
0024:trace:seh:RtlUnwindEx x16=00000002d785dd18 x17=000000010020e2c0 x18=000000007ffe8000 x19=0000000110001140
0024:trace:seh:RtlUnwindEx x20=000000010020dce0 x21=00000002d785e164 x22=000000007bddcabc x23=000000010020ef80
0024:trace:seh:RtlUnwindEx x24=000000007ffea000 x25=000000010020e088 x26=000000000012f084 x27=000000000012f080
0024:trace:seh:RtlUnwindEx x28=0000000110001140 cpsr=20000000 fpcr=00000000 fpsr=00000000
0024:trace:seh:RtlUnwindEx calling handler 00000002D785BE10 (rec=000000010020E088, frame=10020e150 context=000000010020DCE0, dispatch=000000010020DAF8)
0024:trace:seh:RtlUnwindEx handler 00000002D785BE10 returned 1
0024:trace:seh:RtlUnwindEx calling handler 00000002D785BE60 (rec=000000010020E088, frame=10020e880 context=000000010020DCE0, dispatch=000000010020DAF8)
0024:trace:seh:RtlUnwindEx handler 00000002D785BE60 returned 1
0024:trace:seh:RtlRestoreContext returning to 2d785e164 stack 10020e880
0024:trace:seh:RtlUnwindEx code=80000026 flags=2 end_frame=000000010020EF80 target_ip=00000002D785E164
0024:trace:seh:RtlUnwindEx  info[0]=000000010020ee60
0024:trace:seh:RtlUnwindEx  pc=00000002d79ca0b8  sp=000000010020d730  lr=0000000000000000  fp=000000010010f450
0024:trace:seh:RtlUnwindEx  x0=0000000000000000  x1=00000002d785e164  x2=000000010020e088  x3=0000000000000001
0024:trace:seh:RtlUnwindEx  x4=000000010020dce0  x5=0000000000000000  x6=0000000000000000  x7=0000000000006010
0024:trace:seh:RtlUnwindEx  x8=000000007ffe8000  x9=0000000000000001 x10=000000000012f088 x11=0000000000000004
0024:trace:seh:RtlUnwindEx x12=0000000000000000 x13=00000000000f519a x14=000000007b5fca40 x15=00000002d7641b2c
0024:trace:seh:RtlUnwindEx x16=00000002d785dd18 x17=000000010020e2c0 x18=000000007ffe8000 x19=0000000110001140
0024:trace:seh:RtlUnwindEx x20=000000010020dce0 x21=00000002d785e164 x22=000000007bddcabc x23=000000010020ef80
0024:trace:seh:RtlUnwindEx x24=000000007ffea000 x25=000000010020e088 x26=000000000012f084 x27=000000000012f080
0024:trace:seh:RtlUnwindEx x28=0000000110001140 cpsr=20000000 fpcr=00000000 fpsr=00000000
0024:trace:seh:RtlUnwindEx calling handler 00000002D785BE10 (rec=000000010020E088, frame=10020e150 context=000000010020DCE0, dispatch=000000010020DAF8)
0024:trace:seh:RtlUnwindEx handler 00000002D785BE10 returned 1
0024:trace:seh:RtlUnwindEx calling handler 00000002D785BE60 (rec=000000010020E088, frame=10020e880 context=000000010020DCE0, dispatch=000000010020DAF8)
0024:trace:seh:RtlUnwindEx handler 00000002D785BE60 returned 1
0024:trace:seh:RtlRestoreContext returning to 2d785e164 stack 10020e880
0024:trace:seh:RtlUnwindEx code=80000026 flags=2 end_frame=000000010020EF80 target_ip=00000002D785E164
0024:trace:seh:RtlUnwindEx  info[0]=000000010020ee60
0024:trace:seh:RtlUnwindEx  pc=00000002d79ca0b8  sp=000000010020d730  lr=0000000000000000  fp=000000010010f450
0024:trace:seh:RtlUnwindEx  x0=0000000000000000  x1=00000002d785e164  x2=000000010020e088  x3=0000000000000001
0024:trace:seh:RtlUnwindEx  x4=000000010020dce0  x5=0000000000000000  x6=0000000000000000  x7=0000000000006010
0024:trace:seh:RtlUnwindEx  x8=000000007ffe8000  x9=0000000000000001 x10=000000000012f088 x11=0000000000000004
0024:trace:seh:RtlUnwindEx x12=0000000000000000 x13=00000000000f642a x14=000000007b5fca40 x15=00000002d7641b2c
0024:trace:seh:RtlUnwindEx x16=00000002d785dd18 x17=000000010020e2c0 x18=000000007ffe8000 x19=0000000110001140
0024:trace:seh:RtlUnwindEx x20=000000010020dce0 x21=00000002d785e164 x22=000000007bddcabc x23=000000010020ef80
0024:trace:seh:RtlUnwindEx x24=000000007ffea000 x25=000000010020e088 x26=000000000012f084 x27=000000000012f080
0024:trace:seh:RtlUnwindEx x28=0000000110001140 cpsr=20000000 fpcr=00000000 fpsr=00000000
0024:trace:seh:RtlUnwindEx calling handler 00000002D785BE10 (rec=000000010020E088, frame=10020e150 context=000000010020DCE0, dispatch=000000010020DAF8)
0024:trace:seh:RtlUnwindEx handler 00000002D785BE10 returned 1
0024:trace:seh:RtlUnwindEx calling handler 00000002D785BE60 (rec=000000010020E088, frame=10020e880 context=000000010020DCE0, dispatch=000000010020DAF8)
0024:trace:seh:RtlUnwindEx handler 00000002D785BE60 returned 1
0024:trace:seh:RtlRestoreContext returning to 2d785e164 stack 10020e880
0024:trace:seh:RtlUnwindEx code=80000026 flags=2 end_frame=000000010020EF80 target_ip=00000002D785E164
0024:trace:seh:RtlUnwindEx  info[0]=000000010020ee60
0024:trace:seh:RtlUnwindEx  pc=00000002d79ca0b8  sp=000000010020d730  lr=0000000000000000  fp=000000010010f450
0024:trace:seh:RtlUnwindEx  x0=0000000000000000  x1=00000002d785e164  x2=000000010020e088  x3=0000000000000001
0024:trace:seh:RtlUnwindEx  x4=000000010020dce0  x5=0000000000000000  x6=0000000000000000  x7=0000000000006010
0024:trace:seh:RtlUnwindEx  x8=000000007ffe8000  x9=0000000000000001 x10=000000000012f088 x11=0000000000000004
0024:trace:seh:RtlUnwindEx x12=0000000000000000 x13=00000000000f76ce x14=000000007b5fca40 x15=00000002d7641b2c
0024:trace:seh:RtlUnwindEx x16=00000002d785dd18 x17=000000010020e2c0 x18=000000007ffe8000 x19=0000000110001140
0024:trace:seh:RtlUnwindEx x20=000000010020dce0 x21=00000002d785e164 x22=000000007bddcabc x23=000000010020ef80
0024:trace:seh:RtlUnwindEx x24=000000007ffea000 x25=000000010020e088 x26=000000000012f084 x27=000000000012f080
0024:trace:seh:RtlUnwindEx x28=0000000110001140 cpsr=20000000 fpcr=00000000 fpsr=00000000
0024:trace:seh:RtlUnwindEx calling handler 00000002D785BE10 (rec=000000010020E088, frame=10020e150 context=000000010020DCE0, dispatch=000000010020DAF8)
0024:trace:seh:RtlUnwindEx handler 00000002D785BE10 returned 1
0024:trace:seh:RtlUnwindEx calling handler 00000002D785BE60 (rec=000000010020E088, frame=10020e880 context=000000010020DCE0, dispatch=000000010020DAF8)
0024:trace:seh:RtlUnwindEx handler 00000002D785BE60 returned 1
0024:trace:seh:RtlRestoreContext returning to 2d785e164 stack 10020e880
0024:trace:seh:RtlUnwindEx code=80000026 flags=2 end_frame=000000010020EF80 target_ip=00000002D785E164
0024:trace:seh:RtlUnwindEx  info[0]=000000010020ee60
0024:trace:seh:RtlUnwindEx  pc=00000002d79ca0b8  sp=000000010020d730  lr=0000000000000000  fp=000000010010f450
0024:trace:seh:RtlUnwindEx  x0=0000000000000000  x1=00000002d785e164  x2=000000010020e088  x3=0000000000000001
0024:trace:seh:RtlUnwindEx  x4=000000010020dce0  x5=0000000000000000  x6=0000000000000000  x7=0000000000006010
0024:trace:seh:RtlUnwindEx  x8=000000007ffe8000  x9=0000000000000001 x10=000000000012f088 x11=0000000000000004
0024:trace:seh:RtlUnwindEx x12=0000000000000000 x13=00000000000f8964 x14=000000007b5fca40 x15=00000002d7641b2c
0024:trace:seh:RtlUnwindEx x16=00000002d785dd18 x17=000000010020e2c0 x18=000000007ffe8000 x19=0000000110001140
0024:trace:seh:RtlUnwindEx x20=000000010020dce0 x21=00000002d785e164 x22=000000007bddcabc x23=000000010020ef80
0024:trace:seh:RtlUnwindEx x24=000000007ffea000 x25=000000010020e088 x26=000000000012f084 x27=000000000012f080
0024:trace:seh:RtlUnwindEx x28=0000000110001140 cpsr=20000000 fpcr=00000000 fpsr=00000000
0024:trace:seh:RtlUnwindEx calling handler 00000002D785BE10 (rec=000000010020E088, frame=10020e150 context=000000010020DCE0, dispatch=000000010020DAF8)
0024:trace:seh:RtlUnwindEx handler 00000002D785BE10 returned 1
0024:trace:seh:RtlUnwindEx calling handler 00000002D785BE60 (rec=000000010020E088, frame=10020e880 context=000000010020DCE0, dispatch=000000010020DAF8)
0024:trace:seh:RtlUnwindEx handler 00000002D785BE60 returned 1
0024:trace:seh:RtlRestoreContext returning to 2d785e164 stack 10020e880
[JuiceRect] input hwnd=0x10068 dpi=96/1 raw=96/1 win=0,338,512,340 client=1,339,511,339 visible=0,338,512,340
[JuiceRect] mapped hwnd=0x10068 win=0,338,512,340 client=1,339,511,339 visible=0,338,512,340
[JuiceGeom] changed hwnd=0x10068 flags=181f ptr=0x10010f8f0 window=0,338,512,340 client=1,339,511,339 visible=0,338,512,340 surface=0x0 shown=0
0024:warn:file:NtCreateFile L"\\??\\C:\\users\\mobile\\AppData\\Local\\Temp\\nsrb505.tmp\\nsDialogs.dll" not found (c0000035)
0024:warn:file:CreateFileW Unable to create file L"C:\\users\\mobile\\AppData\\Local\\Temp\\nsrb505.tmp\\nsDialogs.dll" (status c0000035)
0024:trace:seh:RtlUnwindEx code=80000026 flags=2 end_frame=000000010020EF80 target_ip=00000002D785E164
0024:trace:seh:RtlUnwindEx  info[0]=000000010020ee60
0024:trace:seh:RtlUnwindEx  pc=00000002d79ca0b8  sp=000000010020d730  lr=0000000000000000  fp=000000010010f450
0024:trace:seh:RtlUnwindEx  x0=0000000000000000  x1=00000002d785e164  x2=000000010020e088  x3=0000000000000001
0024:trace:seh:RtlUnwindEx  x4=000000010020dce0  x5=0000000000000000  x6=000000000000040d  x7=0000000000006010
0024:trace:seh:RtlUnwindEx  x8=000000007ffe8000  x9=0000000000000001 x10=000000000012f008 x11=0000000000000004
0024:trace:seh:RtlUnwindEx x12=0000000000000000 x13=000000007b5d017f x14=0000000000000000 x15=00000001080aba80
0024:trace:seh:RtlUnwindEx x16=00000002d785dd18 x17=000000010020e190 x18=000000007ffe8000 x19=0000000110001140
0024:trace:seh:RtlUnwindEx x20=000000010020dce0 x21=00000002d785e164 x22=000000007bddcabc x23=000000010020ef80
0024:trace:seh:RtlUnwindEx x24=000000007ffea000 x25=000000010020e088 x26=000000000012f004 x27=000000000012f000
0024:trace:seh:RtlUnwindEx x28=0000000110001140 cpsr=20000000 fpcr=00000000 fpsr=00000010
0024:trace:seh:RtlUnwindEx calling handler 00000002D785BE10 (rec=000000010020E088, frame=10020e150 context=000000010020DCE0, dispatch=000000010020DAF8)
0024:trace:seh:RtlUnwindEx handler 00000002D785BE10 returned 1
0024:trace:seh:RtlUnwindEx calling handler 00000002D785BE60 (rec=000000010020E088, frame=10020e880 context=000000010020DCE0, dispatch=000000010020DAF8)
0024:trace:seh:RtlUnwindEx handler 00000002D785BE60 returned 1
0024:trace:seh:RtlRestoreContext returning to 2d785e164 stack 10020e880
0024:trace:seh:RtlUnwindEx code=80000026 flags=2 end_frame=000000010020EF50 target_ip=00000002D785E164
0024:trace:seh:RtlUnwindEx  info[0]=000000010020ee30
0024:trace:seh:RtlUnwindEx  pc=00000002d79ca0b8  sp=000000010020d700  lr=0000000000000000  fp=000000010010f150
0024:trace:seh:RtlUnwindEx  x0=0000000000000000  x1=00000002d785e164  x2=000000010020e058  x3=0000000000000001
0024:trace:seh:RtlUnwindEx  x4=000000010020dcb0  x5=0000000000000000  x6=000000000012f0ac  x7=0000000000006010
0024:trace:seh:RtlUnwindEx  x8=000000007ffe8000  x9=0000000000000001 x10=000000000012f0c8 x11=0000000000000020
0024:trace:seh:RtlUnwindEx x12=0000000000000000 x13=00000000000fec7e x14=000000007b5fb920 x15=00000002d7641b2c
0024:trace:seh:RtlUnwindEx x16=00000002d785dd18 x17=000000010020e290 x18=000000007ffe8000 x19=0000000110001140
0024:trace:seh:RtlUnwindEx x20=000000010020dcb0 x21=00000002d785e164 x22=000000007bddcabc x23=000000010020ef50
0024:trace:seh:RtlUnwindEx x24=000000007ffea000 x25=000000010020e058 x26=0000000000000020 x27=00000000ffffffb3
0024:trace:seh:RtlUnwindEx x28=0000000110001140 cpsr=20000000 fpcr=00000000 fpsr=00000000
0024:trace:seh:RtlUnwindEx calling handler 00000002D785BE10 (rec=000000010020E058, frame=10020e120 context=000000010020DCB0, dispatch=000000010020DAC8)
0024:trace:seh:RtlUnwindEx handler 00000002D785BE10 returned 1
0024:trace:seh:RtlUnwindEx calling handler 00000002D785BE60 (rec=000000010020E058, frame=10020e850 context=000000010020DCB0, dispatch=000000010020DAC8)
0024:trace:seh:RtlUnwindEx handler 00000002D785BE60 returned 1
0024:trace:seh:RtlRestoreContext returning to 2d785e164 stack 10020e850
[JuiceGeom] surface hwnd=0x10052 rect=0,0,512,512 size=512x512 previous=0x69a784f0
[JuiceRect] input hwnd=0x10052 dpi=96/1 raw=96/1 win=260,177,763,591 client=263,199,760,588 visible=260,177,763,591
[JuiceRect] mapped hwnd=0x10052 win=260,177,763,591 client=263,199,760,588 visible=260,177,763,591
0024:trace:seh:RtlUnwindEx code=80000026 flags=2 end_frame=000000010020EF80 target_ip=00000002D785E164
0024:trace:seh:RtlUnwindEx  info[0]=000000010020ee60
0024:trace:seh:RtlUnwindEx  pc=00000002d79ca0b8  sp=000000010020d730  lr=0000000000000000  fp=000000010010ee50
0024:trace:seh:RtlUnwindEx  x0=0000000000000000  x1=00000002d785e164  x2=000000010020e088  x3=0000000000000001
0024:trace:seh:RtlUnwindEx  x4=000000010020dce0  x5=0000000000000000  x6=000000000000040d  x7=0000000000006010
0024:trace:seh:RtlUnwindEx  x8=000000007ffe8000  x9=0000000000000001 x10=000000000012f008 x11=0000000000000004
0024:trace:seh:RtlUnwindEx x12=0000000000000000 x13=0000000000100e6d x14=000000007b5fb920 x15=00000002d7641b2c
0024:trace:seh:RtlUnwindEx x16=00000002d785dd18 x17=000000010020e2c0 x18=000000007ffe8000 x19=0000000110001140
0024:trace:seh:RtlUnwindEx x20=000000010020dce0 x21=00000002d785e164 x22=000000007bddcabc x23=000000010020ef80
0024:trace:seh:RtlUnwindEx x24=000000007ffea000 x25=000000010020e088 x26=000000000012f004 x27=000000000012f000
0024:trace:seh:RtlUnwindEx x28=0000000110001140 cpsr=20000000 fpcr=00000000 fpsr=00000000
0024:trace:seh:RtlUnwindEx calling handler 00000002D785BE10 (rec=000000010020E088, frame=10020e150 context=000000010020DCE0, dispatch=000000010020DAF8)
0024:trace:seh:RtlUnwindEx handler 00000002D785BE10 returned 1
0024:trace:seh:RtlUnwindEx calling handler 00000002D785BE60 (rec=000000010020E088, frame=10020e880 context=000000010020DCE0, dispatch=000000010020DAF8)
0024:trace:seh:RtlUnwindEx handler 00000002D785BE60 returned 1
0024:trace:seh:RtlRestoreContext returning to 2d785e164 stack 10020e880
0024:trace:seh:RtlUnwindEx code=80000026 flags=2 end_frame=000000010020EF80 target_ip=00000002D785E164
0024:trace:seh:RtlUnwindEx  info[0]=000000010020ee60
0024:trace:seh:RtlUnwindEx  pc=00000002d79ca0b8  sp=000000010020d730  lr=0000000000000000  fp=000000010010ee50
0024:trace:seh:RtlUnwindEx  x0=0000000000000000  x1=00000002d785e164  x2=000000010020e088  x3=0000000000000001
0024:trace:seh:RtlUnwindEx  x4=000000010020dce0  x5=0000000000000000  x6=000000000000040d  x7=0000000000006010
0024:trace:seh:RtlUnwindEx  x8=000000007ffe8000  x9=0000000000000001 x10=000000000012f008 x11=0000000000000004
0024:trace:seh:RtlUnwindEx x12=0000000000000000 x13=00000000001022b2 x14=000000007b5fb920 x15=00000002d7641b2c
0024:trace:seh:RtlUnwindEx x16=00000002d785dd18 x17=000000010020e2c0 x18=000000007ffe8000 x19=0000000110001140
0024:trace:seh:RtlUnwindEx x20=000000010020dce0 x21=00000002d785e164 x22=000000007bddcabc x23=000000010020ef80
0024:trace:seh:RtlUnwindEx x24=000000007ffea000 x25=000000010020e088 x26=000000000012f004 x27=000000000012f000
0024:trace:seh:RtlUnwindEx x28=0000000110001140 cpsr=20000000 fpcr=00000000 fpsr=00000010
0024:trace:seh:RtlUnwindEx calling handler 00000002D785BE10 (rec=000000010020E088, frame=10020e150 context=000000010020DCE0, dispatch=000000010020DAF8)
0024:trace:seh:RtlUnwindEx handler 00000002D785BE10 returned 1
0024:trace:seh:RtlUnwindEx calling handler 00000002D785BE60 (rec=000000010020E088, frame=10020e880 context=000000010020DCE0, dispatch=000000010020DAF8)
0024:trace:seh:RtlUnwindEx handler 00000002D785BE60 returned 1
0024:trace:seh:RtlRestoreContext returning to 2d785e164 stack 10020e880
[JuiceGeom] changed hwnd=0x10052 flags=1967 ptr=0x10010f760 window=260,177,763,591 client=263,199,760,588 visible=260,177,763,591 surface=0x104f21340 shown=1
0024:trace:seh:RtlUnwindEx code=80000026 flags=2 end_frame=000000010020D430 target_ip=00000002D785E164
0024:trace:seh:RtlUnwindEx  info[0]=000000010020d310
0024:trace:seh:RtlUnwindEx  pc=00000002d79ca0b8  sp=000000010020bbe0  lr=0000000000000000  fp=000000010010df00
0024:trace:seh:RtlUnwindEx  x0=0000000000000000  x1=00000002d785e164  x2=000000010020c538  x3=0000000000000001
0024:trace:seh:RtlUnwindEx  x4=000000010020c190  x5=0000000000000000  x6=000000000012e68c  x7=0000000000006010
0024:trace:seh:RtlUnwindEx  x8=000000007ffe8000  x9=0000000000000001 x10=000000000012e6a8 x11=0000000000000804
0024:trace:seh:RtlUnwindEx x12=0000000000000000 x13=0000000000110a10 x14=000000007b5fb920 x15=00000002d7641b2c
0024:trace:seh:RtlUnwindEx x16=00000002d785dd18 x17=000000010020c770 x18=000000007ffe8000 x19=0000000110001140
0024:trace:seh:RtlUnwindEx x20=000000010020c190 x21=00000002d785e164 x22=000000007bddcabc x23=000000010020d430
0024:trace:seh:RtlUnwindEx x24=000000007ffea000 x25=000000010020c538 x26=0000000000000804 x27=00000000fffff7cf
0024:trace:seh:RtlUnwindEx x28=0000000110001140 cpsr=20000000 fpcr=00000000 fpsr=00000010
0024:trace:seh:RtlUnwindEx calling handler 00000002D785BE10 (rec=000000010020C538, frame=10020c600 context=000000010020C190, dispatch=000000010020BFA8)
0024:trace:seh:RtlUnwindEx handler 00000002D785BE10 returned 1
0024:trace:seh:RtlUnwindEx calling handler 00000002D785BE60 (rec=000000010020C538, frame=10020cd30 context=000000010020C190, dispatch=000000010020BFA8)
0024:trace:seh:RtlUnwindEx handler 00000002D785BE60 returned 1
0024:trace:seh:RtlRestoreContext returning to 2d785e164 stack 10020cd30
0024:trace:seh:RtlUnwindEx code=80000026 flags=2 end_frame=000000010020DC80 target_ip=00000002D785E164
0024:trace:seh:RtlUnwindEx  info[0]=000000010020db60
0024:trace:seh:RtlUnwindEx  pc=00000002d79ca0b8  sp=000000010020c430  lr=0000000000000000  fp=000000010010e530
0024:trace:seh:RtlUnwindEx  x0=0000000000000000  x1=00000002d785e164  x2=000000010020cd88  x3=0000000000000001
0024:trace:seh:RtlUnwindEx  x4=000000010020c9e0  x5=0000000000000000  x6=0000000000000000  x7=0000000000000010
0024:trace:seh:RtlUnwindEx  x8=000000007ffe8000  x9=0000000000000001 x10=000000000012edc0 x11=0000000000000014
0024:trace:seh:RtlUnwindEx x12=0000000000000000 x13=000000007ae2ed2c x14=0000000000000000 x15=0000000108053480
0024:trace:seh:RtlUnwindEx x16=00000002d785dd18 x17=000000010020cec0 x18=000000007ffe8000 x19=0000000110001140
0024:trace:seh:RtlUnwindEx x20=000000010020c9e0 x21=00000002d785e164 x22=000000007bddcabc x23=000000010020dc80
0024:trace:seh:RtlUnwindEx x24=000000007ffea000 x25=000000010020cd88 x26=000000000012ed98 x27=00000000ffed127b
0024:trace:seh:RtlUnwindEx x28=0000000110001140 cpsr=20000000 fpcr=00000000 fpsr=00000010
0024:trace:seh:RtlUnwindEx calling handler 00000002D785BE10 (rec=000000010020CD88, frame=10020ce50 context=000000010020C9E0, dispatch=000000010020C7F8)
0024:trace:seh:RtlUnwindEx handler 00000002D785BE10 returned 1
0024:trace:seh:RtlUnwindEx calling handler 00000002D785BE60 (rec=000000010020CD88, frame=10020d580 context=000000010020C9E0, dispatch=000000010020C7F8)
0024:trace:seh:RtlUnwindEx handler 00000002D785BE60 returned 1
0024:trace:seh:RtlRestoreContext returning to 2d785e164 stack 10020d580
0024:trace:seh:RtlUnwindEx code=80000026 flags=2 end_frame=000000010020EF80 target_ip=00000002D785E164
0024:trace:seh:RtlUnwindEx  info[0]=000000010020ee60
0024:trace:seh:RtlUnwindEx  pc=00000002d79ca0b8  sp=000000010020d730  lr=0000000000000000  fp=000000010010f080
0024:trace:seh:RtlUnwindEx  x0=0000000000000000  x1=00000002d785e164  x2=000000010020e088  x3=0000000000000001
0024:trace:seh:RtlUnwindEx  x4=000000010020dce0  x5=0000000000000000  x6=000000000000040d  x7=0000000000006010
0024:trace:seh:RtlUnwindEx  x8=000000007ffe8000  x9=0000000000000001 x10=000000000012f008 x11=0000000000000004
0024:trace:seh:RtlUnwindEx x12=0000000000000000 x13=0000000000103d32 x14=000000007b5fb920 x15=00000002d7641b2c
0024:trace:seh:RtlUnwindEx x16=00000002d785dd18 x17=000000010020e2c0 x18=000000007ffe8000 x19=0000000110001140
0024:trace:seh:RtlUnwindEx x20=000000010020dce0 x21=00000002d785e164 x22=000000007bddcabc x23=000000010020ef80
0024:trace:seh:RtlUnwindEx x24=000000007ffea000 x25=000000010020e088 x26=000000000012f004 x27=000000000012f000
0024:trace:seh:RtlUnwindEx x28=0000000110001140 cpsr=20000000 fpcr=00000000 fpsr=00000000
0024:trace:seh:RtlUnwindEx calling handler 00000002D785BE10 (rec=000000010020E088, frame=10020e150 context=000000010020DCE0, dispatch=000000010020DAF8)
0024:trace:seh:RtlUnwindEx handler 00000002D785BE10 returned 1
0024:trace:seh:RtlUnwindEx calling handler 00000002D785BE60 (rec=000000010020E088, frame=10020e880 context=000000010020DCE0, dispatch=000000010020DAF8)
0024:trace:seh:RtlUnwindEx handler 00000002D785BE60 returned 1
0024:trace:seh:RtlRestoreContext returning to 2d785e164 stack 10020e880
0024:trace:seh:RtlUnwindEx code=80000026 flags=2 end_frame=000000010020EF80 target_ip=00000002D785E164
0024:trace:seh:RtlUnwindEx  info[0]=000000010020ee60
0024:trace:seh:RtlUnwindEx  pc=00000002d79ca0b8  sp=000000010020d730  lr=0000000000000000  fp=000000010010f0a0
0024:trace:seh:RtlUnwindEx  x0=0000000000000000  x1=00000002d785e164  x2=000000010020e088  x3=0000000000000001
0024:trace:seh:RtlUnwindEx  x4=000000010020dce0  x5=0000000000000000  x6=000000000000040d  x7=0000000000006010
0024:trace:seh:RtlUnwindEx  x8=000000007ffe8000  x9=0000000000000001 x10=000000000012f008 x11=0000000000000004
0024:trace:seh:RtlUnwindEx x12=0000000000000000 x13=0000000000000000 x14=00000000000001e8 x15=00000001080c6a80
0024:trace:seh:RtlUnwindEx x16=00000002d785dd18 x17=000000010020e1c0 x18=000000007ffe8000 x19=0000000110001140
0024:trace:seh:RtlUnwindEx x20=000000010020dce0 x21=00000002d785e164 x22=000000007bddcabc x23=000000010020ef80
0024:trace:seh:RtlUnwindEx x24=000000007ffea000 x25=000000010020e088 x26=000000000012f004 x27=000000000012f000
0024:trace:seh:RtlUnwindEx x28=0000000110001140 cpsr=20000000 fpcr=00000000 fpsr=00000010
0024:trace:seh:RtlUnwindEx calling handler 00000002D785BE10 (rec=000000010020E088, frame=10020e150 context=000000010020DCE0, dispatch=000000010020DAF8)
0024:trace:seh:RtlUnwindEx handler 00000002D785BE10 returned 1
0024:trace:seh:RtlUnwindEx calling handler 00000002D785BE60 (rec=000000010020E088, frame=10020e880 context=000000010020DCE0, dispatch=000000010020DAF8)
0024:trace:seh:RtlUnwindEx handler 00000002D785BE60 returned 1
0024:trace:seh:RtlRestoreContext returning to 2d785e164 stack 10020e880
0024:trace:seh:RtlUnwindEx code=80000026 flags=2 end_frame=000000010020EF50 target_ip=00000002D785E164
0024:trace:seh:RtlUnwindEx  info[0]=000000010020ee30
0024:trace:seh:RtlUnwindEx  pc=00000002d79ca0b8  sp=000000010020d700  lr=0000000000000000  fp=000000010010f150
0024:trace:seh:RtlUnwindEx  x0=0000000000000000  x1=00000002d785e164  x2=000000010020e058  x3=0000000000000001
0024:trace:seh:RtlUnwindEx  x4=000000010020dcb0  x5=0000000000000000  x6=000000000012f0ac  x7=0000000000006010
0024:trace:seh:RtlUnwindEx  x8=000000007ffe8000  x9=0000000000000001 x10=000000000012f0c8 x11=0000000000000020
0024:trace:seh:RtlUnwindEx x12=0000000000000000 x13=000000000017ba73 x14=000000007ae32b00 x15=00000002d7641b2c
0024:trace:seh:RtlUnwindEx x16=00000002d785dd18 x17=000000010020e1d0 x18=000000007ffe8000 x19=0000000110001140
0024:trace:seh:RtlUnwindEx x20=000000010020dcb0 x21=00000002d785e164 x22=000000007bddcabc x23=000000010020ef50
0024:trace:seh:RtlUnwindEx x24=000000007ffea000 x25=000000010020e058 x26=0000000000000020 x27=00000000ffffffb3
0024:trace:seh:RtlUnwindEx x28=0000000110001140 cpsr=20000000 fpcr=00000000 fpsr=00000000
0024:trace:seh:RtlUnwindEx calling handler 00000002D785BE10 (rec=000000010020E058, frame=10020e120 context=000000010020DCB0, dispatch=000000010020DAC8)
0024:trace:seh:RtlUnwindEx handler 00000002D785BE10 returned 1
0024:trace:seh:RtlUnwindEx calling handler 00000002D785BE60 (rec=000000010020E058, frame=10020e850 context=000000010020DCB0, dispatch=000000010020DAC8)
0024:trace:seh:RtlUnwindEx handler 00000002D785BE60 returned 1
0024:trace:seh:RtlRestoreContext returning to 2d785e164 stack 10020e850
0024:trace:seh:RtlUnwindEx code=80000026 flags=2 end_frame=000000010020EF80 target_ip=00000002D785E164
0024:trace:seh:RtlUnwindEx  info[0]=000000010020ee60
0024:trace:seh:RtlUnwindEx  pc=00000002d79ca0b8  sp=000000010020d730  lr=0000000000000000  fp=000000010010f450
0024:trace:seh:RtlUnwindEx  x0=0000000000000000  x1=00000002d785e164  x2=000000010020e088  x3=0000000000000001
0024:trace:seh:RtlUnwindEx  x4=000000010020dce0  x5=0000000000000000  x6=0000000000000000  x7=0000000000006010
0024:trace:seh:RtlUnwindEx  x8=000000007ffe8000  x9=0000000000000001 x10=000000000012f328 x11=0000000000000004
0024:trace:seh:RtlUnwindEx x12=0000000000000000 x13=000000000017ce25 x14=000000007b5fb920 x15=00000002d7641b2c
0024:trace:seh:RtlUnwindEx x16=00000002d785dd18 x17=000000010020e2c0 x18=000000007ffe8000 x19=0000000110001140
0024:trace:seh:RtlUnwindEx x20=000000010020dce0 x21=00000002d785e164 x22=000000007bddcabc x23=000000010020ef80
0024:trace:seh:RtlUnwindEx x24=000000007ffea000 x25=000000010020e088 x26=000000000012f324 x27=000000000012f320
0024:trace:seh:RtlUnwindEx x28=0000000110001140 cpsr=20000000 fpcr=00000000 fpsr=00000000
0024:trace:seh:RtlUnwindEx calling handler 00000002D785BE10 (rec=000000010020E088, frame=10020e150 context=000000010020DCE0, dispatch=000000010020DAF8)
0024:trace:seh:RtlUnwindEx handler 00000002D785BE10 returned 1
0024:trace:seh:RtlUnwindEx calling handler 00000002D785BE60 (rec=000000010020E088, frame=10020e880 context=000000010020DCE0, dispatch=000000010020DAF8)
0024:trace:seh:RtlUnwindEx handler 00000002D785BE60 returned 1
0024:trace:seh:RtlRestoreContext returning to 2d785e164 stack 10020e880
0024:trace:seh:RtlUnwindEx code=80000026 flags=2 end_frame=000000010020EF50 target_ip=00000002D785E164
0024:trace:seh:RtlUnwindEx  info[0]=000000010020ee30
0024:trace:seh:RtlUnwindEx  pc=00000002d79ca0b8  sp=000000010020d700  lr=0000000000000000  fp=000000010010f150
0024:trace:seh:RtlUnwindEx  x0=0000000000000000  x1=00000002d785e164  x2=000000010020e058  x3=0000000000000001
0024:trace:seh:RtlUnwindEx  x4=000000010020dcb0  x5=0000000000000000  x6=000000000012f3cc  x7=0000000000006010
0024:trace:seh:RtlUnwindEx  x8=000000007ffe8000  x9=0000000000000001 x10=000000000012f3e8 x11=0000000000000020
0024:trace:seh:RtlUnwindEx x12=0000000000000000 x13=000000000017e055 x14=000000007b5fb920 x15=00000002d7641b2c
0024:trace:seh:RtlUnwindEx x16=00000002d785dd18 x17=000000010020e290 x18=000000007ffe8000 x19=0000000110001140
0024:trace:seh:RtlUnwindEx x20=000000010020dcb0 x21=00000002d785e164 x22=000000007bddcabc x23=000000010020ef50
0024:trace:seh:RtlUnwindEx x24=000000007ffea000 x25=000000010020e058 x26=0000000000000020 x27=00000000ffffffb3
0024:trace:seh:RtlUnwindEx x28=0000000110001140 cpsr=20000000 fpcr=00000000 fpsr=00000000
0024:trace:seh:RtlUnwindEx calling handler 00000002D785BE10 (rec=000000010020E058, frame=10020e120 context=000000010020DCB0, dispatch=000000010020DAC8)
0024:trace:seh:RtlUnwindEx handler 00000002D785BE10 returned 1
0024:trace:seh:RtlUnwindEx calling handler 00000002D785BE60 (rec=000000010020E058, frame=10020e850 context=000000010020DCB0, dispatch=000000010020DAC8)
0024:trace:seh:RtlUnwindEx handler 00000002D785BE60 returned 1
0024:trace:seh:RtlRestoreContext returning to 2d785e164 stack 10020e850
[JuiceRect] input hwnd=0x1007e dpi=96/1 raw=96/1 win=0,0,497,338 client=0,0,497,338 visible=0,0,497,338
[JuiceRect] mapped hwnd=0x1007e win=0,0,497,338 client=0,0,497,338 visible=0,0,497,338
[JuiceGeom] changed hwnd=0x1007e flags=1857 ptr=0x10010f760 window=0,0,497,338 client=0,0,497,338 visible=0,0,497,338 surface=0x0 shown=1
0024:trace:seh:RtlUnwindEx code=80000026 flags=2 end_frame=000000010020EF50 target_ip=00000002D785E164
0024:trace:seh:RtlUnwindEx  info[0]=000000010020ee30
0024:trace:seh:RtlUnwindEx  pc=00000002d79ca0b8  sp=000000010020d700  lr=0000000000000000  fp=000000010010f150
0024:trace:seh:RtlUnwindEx  x0=0000000000000000  x1=00000002d785e164  x2=000000010020e058  x3=0000000000000001
0024:trace:seh:RtlUnwindEx  x4=000000010020dcb0  x5=0000000000000000  x6=000000000012f3cc  x7=0000000000006010
0024:trace:seh:RtlUnwindEx  x8=000000007ffe8000  x9=0000000000000001 x10=000000000012f3e8 x11=0000000000000020
0024:trace:seh:RtlUnwindEx x12=0000000000000000 x13=00000000001884fc x14=000000007b5fb920 x15=00000002d7641b2c
0024:trace:seh:RtlUnwindEx x16=00000002d785dd18 x17=000000010020e290 x18=000000007ffe8000 x19=0000000110001140
0024:trace:seh:RtlUnwindEx x20=000000010020dcb0 x21=00000002d785e164 x22=000000007bddcabc x23=000000010020ef50
0024:trace:seh:RtlUnwindEx x24=000000007ffea000 x25=000000010020e058 x26=0000000000000020 x27=00000000ffffffb3
0024:trace:seh:RtlUnwindEx x28=0000000110001140 cpsr=20000000 fpcr=00000000 fpsr=00000000
0024:trace:seh:RtlUnwindEx calling handler 00000002D785BE10 (rec=000000010020E058, frame=10020e120 context=000000010020DCB0, dispatch=000000010020DAC8)
0024:trace:seh:RtlUnwindEx handler 00000002D785BE10 returned 1
0024:trace:seh:RtlUnwindEx calling handler 00000002D785BE60 (rec=000000010020E058, frame=10020e850 context=000000010020DCB0, dispatch=000000010020DAC8)
0024:trace:seh:RtlUnwindEx handler 00000002D785BE60 returned 1
0024:trace:seh:RtlRestoreContext returning to 2d785e164 stack 10020e850
0024:trace:seh:RtlUnwindEx code=80000026 flags=2 end_frame=000000010020DBF0 target_ip=00000002D785E164
0024:trace:seh:RtlUnwindEx  info[0]=000000010020dad0
0024:trace:seh:RtlUnwindEx  pc=00000002d79ca0b8  sp=000000010020c3a0  lr=0000000000000000  fp=000000010010edd0
0024:trace:seh:RtlUnwindEx  x0=0000000000000000  x1=00000002d785e164  x2=000000010020ccf8  x3=0000000000000001
0024:trace:seh:RtlUnwindEx  x4=000000010020c950  x5=0000000000000000  x6=0000000000000000  x7=0000000000006010
0024:trace:seh:RtlUnwindEx  x8=000000007ffe8000  x9=0000000000000001 x10=000000000012ef48 x11=0000000000000004
0024:trace:seh:RtlUnwindEx x12=0000000000000000 x13=000000000018d62d x14=000000007b5cf920 x15=00000002d7641b2c
0024:trace:seh:RtlUnwindEx x16=00000002d785dd18 x17=000000010020ce70 x18=000000007ffe8000 x19=0000000110001140
0024:trace:seh:RtlUnwindEx x20=000000010020c950 x21=00000002d785e164 x22=000000007bddcabc x23=000000010020dbf0
0024:trace:seh:RtlUnwindEx x24=000000007ffea000 x25=000000010020ccf8 x26=000000000012ef44 x27=000000000012ef40
0024:trace:seh:RtlUnwindEx x28=0000000110001140 cpsr=20000000 fpcr=00000000 fpsr=00000010
0024:trace:seh:RtlUnwindEx calling handler 00000002D785BE10 (rec=000000010020CCF8, frame=10020cdc0 context=000000010020C950, dispatch=000000010020C768)
0024:trace:seh:RtlUnwindEx handler 00000002D785BE10 returned 1
0024:trace:seh:RtlUnwindEx calling handler 00000002D785BE60 (rec=000000010020CCF8, frame=10020d4f0 context=000000010020C950, dispatch=000000010020C768)
0024:trace:seh:RtlUnwindEx handler 00000002D785BE60 returned 1
0024:trace:seh:RtlRestoreContext returning to 2d785e164 stack 10020d4f0
JUICE_TEXT_HOST_FRAME hwnd=0x10052 size=512x512 path=/var/mobile/Documents/JuiceData/proofs/steamsetup-i386-v2-entry-context/frame-before-input.png
0024:trace:seh:RtlUnwindEx code=80000026 flags=2 end_frame=000000010020EF40 target_ip=00000002D785E164
0024:trace:seh:RtlUnwindEx  info[0]=000000010020ee20
0024:trace:seh:RtlUnwindEx  pc=00000002d79ca0b8  sp=000000010020d6f0  lr=0000000000000000  fp=000000010010fb10
0024:trace:seh:RtlUnwindEx  x0=0000000000000000  x1=00000002d785e164  x2=000000010020e048  x3=0000000000000001
0024:trace:seh:RtlUnwindEx  x4=000000010020dca0  x5=0000000000000000  x6=0000000000010052  x7=0000000000006010
0024:trace:seh:RtlUnwindEx  x8=000000007ffe8000  x9=0000000000000001 x10=000000000012f188 x11=0000000000000004
0024:trace:seh:RtlUnwindEx x12=0000000000000000 x13=000000000018c7bf x14=000000007b5fb920 x15=00000002d7641b2c
0024:trace:seh:RtlUnwindEx x16=00000002d785dd18 x17=000000010020e280 x18=000000007ffe8000 x19=0000000110001140
0024:trace:seh:RtlUnwindEx x20=000000010020dca0 x21=00000002d785e164 x22=000000007bddcabc x23=000000010020ef40
0024:trace:seh:RtlUnwindEx x24=000000007ffea000 x25=000000010020e048 x26=000000000012f184 x27=000000000012f180
0024:trace:seh:RtlUnwindEx x28=0000000110001140 cpsr=20000000 fpcr=00000000 fpsr=00000000
0024:trace:seh:RtlUnwindEx calling handler 00000002D785BE10 (rec=000000010020E048, frame=10020e110 context=000000010020DCA0, dispatch=000000010020DAB8)
0024:trace:seh:RtlUnwindEx handler 00000002D785BE10 returned 1
0024:trace:seh:RtlUnwindEx calling handler 00000002D785BE60 (rec=000000010020E048, frame=10020e840 context=000000010020DCA0, dispatch=000000010020DAB8)
0024:trace:seh:RtlUnwindEx handler 00000002D785BE60 returned 1
0024:trace:seh:RtlRestoreContext returning to 2d785e164 stack 10020e840
0024:trace:seh:RtlUnwindEx code=80000026 flags=2 end_frame=000000010020DFB0 target_ip=00000002D785E164
0024:trace:seh:RtlUnwindEx  info[0]=000000010020de90
0024:trace:seh:RtlUnwindEx  pc=00000002d79ca0b8  sp=000000010020c760  lr=0000000000000000  fp=000000010010ef30
0024:trace:seh:RtlUnwindEx  x0=0000000000000000  x1=00000002d785e164  x2=000000010020d0b8  x3=0000000000000001
0024:trace:seh:RtlUnwindEx  x4=000000010020cd10  x5=0000000000000000  x6=0000000000000000  x7=0000000000006010
0024:trace:seh:RtlUnwindEx  x8=000000007ffe8000  x9=0000000000000001 x10=000000000012ef58 x11=0000000000000004
0024:trace:seh:RtlUnwindEx x12=0000000000000000 x13=0000000000000000 x14=0000000000000000 x15=0000000000000030
0024:trace:seh:RtlUnwindEx x16=00000002d785dd18 x17=000000010020d2c0 x18=000000007ffe8000 x19=0000000110001140
0024:trace:seh:RtlUnwindEx x20=000000010020cd10 x21=00000002d785e164 x22=000000007bddcabc x23=000000010020dfb0
0024:trace:seh:RtlUnwindEx x24=000000007ffea000 x25=000000010020d0b8 x26=000000000012ef54 x27=000000000012ef50
0024:trace:seh:RtlUnwindEx x28=0000000110001140 cpsr=20000000 fpcr=00000000 fpsr=00000010
0024:trace:seh:RtlUnwindEx calling handler 00000002D785BE10 (rec=000000010020D0B8, frame=10020d180 context=000000010020CD10, dispatch=000000010020CB28)
0024:trace:seh:RtlUnwindEx handler 00000002D785BE10 returned 1
0024:trace:seh:RtlUnwindEx calling handler 00000002D785BE60 (rec=000000010020D0B8, frame=10020d8b0 context=000000010020CD10, dispatch=000000010020CB28)
0024:trace:seh:RtlUnwindEx handler 00000002D785BE60 returned 1
0024:trace:seh:RtlRestoreContext returning to 2d785e164 stack 10020d8b0
0024:trace:seh:RtlUnwindEx code=80000026 flags=2 end_frame=000000010020DFB0 target_ip=00000002D785E164
0024:trace:seh:RtlUnwindEx  info[0]=000000010020de90
0024:trace:seh:RtlUnwindEx  pc=00000002d79ca0b8  sp=000000010020c760  lr=0000000000000000  fp=000000010010ef50
0024:trace:seh:RtlUnwindEx  x0=0000000000000000  x1=00000002d785e164  x2=000000010020d0b8  x3=0000000000000001
0024:trace:seh:RtlUnwindEx  x4=000000010020cd10  x5=0000000000000000  x6=0000000000000000  x7=0000000000006010
0024:trace:seh:RtlUnwindEx  x8=000000007ffe8000  x9=0000000000000001 x10=000000000012ef58 x11=0000000000000004
0024:trace:seh:RtlUnwindEx x12=0000000000000000 x13=000000007b5bacd3 x14=0000000000000000 x15=00000001080c5080
0024:trace:seh:RtlUnwindEx x16=00000002d785dd18 x17=000000010020d1f0 x18=000000007ffe8000 x19=0000000110001140
0024:trace:seh:RtlUnwindEx x20=000000010020cd10 x21=00000002d785e164 x22=000000007bddcabc x23=000000010020dfb0
0024:trace:seh:RtlUnwindEx x24=000000007ffea000 x25=000000010020d0b8 x26=000000000012ef54 x27=000000000012ef50
0024:trace:seh:RtlUnwindEx x28=0000000110001140 cpsr=20000000 fpcr=00000000 fpsr=00000010
0024:trace:seh:RtlUnwindEx calling handler 00000002D785BE10 (rec=000000010020D0B8, frame=10020d180 context=000000010020CD10, dispatch=000000010020CB28)
0024:trace:seh:RtlUnwindEx handler 00000002D785BE10 returned 1
0024:trace:seh:RtlUnwindEx calling handler 00000002D785BE60 (rec=000000010020D0B8, frame=10020d8b0 context=000000010020CD10, dispatch=000000010020CB28)
0024:trace:seh:RtlUnwindEx handler 00000002D785BE60 returned 1
0024:trace:seh:RtlRestoreContext returning to 2d785e164 stack 10020d8b0
0024:trace:seh:RtlUnwindEx code=80000026 flags=2 end_frame=000000010020EF40 target_ip=00000002D785E164
0024:trace:seh:RtlUnwindEx  info[0]=000000010020ee20
0024:trace:seh:RtlUnwindEx  pc=00000002d79ca0b8  sp=000000010020d6f0  lr=0000000000000000  fp=000000010010fb10
0024:trace:seh:RtlUnwindEx  x0=0000000000000000  x1=00000002d785e164  x2=000000010020e048  x3=0000000000000001
0024:trace:seh:RtlUnwindEx  x4=000000010020dca0  x5=0000000000000000  x6=0000000000010052  x7=0000000000006010
0024:trace:seh:RtlUnwindEx  x8=000000007ffe8000  x9=0000000000000001 x10=000000000012f188 x11=0000000000000004
0024:trace:seh:RtlUnwindEx x12=0000000000000000 x13=00000001080a5818 x14=0000000000000000 x15=000000000000025a
0024:trace:seh:RtlUnwindEx x16=00000002d785dd18 x17=000000010020e180 x18=000000007ffe8000 x19=0000000110001140
0024:trace:seh:RtlUnwindEx x20=000000010020dca0 x21=00000002d785e164 x22=000000007bddcabc x23=000000010020ef40
0024:trace:seh:RtlUnwindEx x24=000000007ffea000 x25=000000010020e048 x26=000000000012f184 x27=000000000012f180
0024:trace:seh:RtlUnwindEx x28=0000000110001140 cpsr=20000000 fpcr=00000000 fpsr=00000010
0024:trace:seh:RtlUnwindEx calling handler 00000002D785BE10 (rec=000000010020E048, frame=10020e110 context=000000010020DCA0, dispatch=000000010020DAB8)
0024:trace:seh:RtlUnwindEx handler 00000002D785BE10 returned 1
0024:trace:seh:RtlUnwindEx calling handler 00000002D785BE60 (rec=000000010020E048, frame=10020e840 context=000000010020DCA0, dispatch=000000010020DAB8)
0024:trace:seh:RtlUnwindEx handler 00000002D785BE60 returned 1
0024:trace:seh:RtlRestoreContext returning to 2d785e164 stack 10020e840
0024:trace:seh:RtlUnwindEx code=80000026 flags=2 end_frame=000000010020DFB0 target_ip=00000002D785E164
0024:trace:seh:RtlUnwindEx  info[0]=000000010020de90
0024:trace:seh:RtlUnwindEx  pc=00000002d79ca0b8  sp=000000010020c760  lr=0000000000000000  fp=000000010010ef30
0024:trace:seh:RtlUnwindEx  x0=0000000000000000  x1=00000002d785e164  x2=000000010020d0b8  x3=0000000000000001
0024:trace:seh:RtlUnwindEx  x4=000000010020cd10  x5=0000000000000000  x6=0000000000000000  x7=0000000000006010
0024:trace:seh:RtlUnwindEx  x8=000000007ffe8000  x9=0000000000000001 x10=000000000012ef58 x11=0000000000000004
0024:trace:seh:RtlUnwindEx x12=0000000000000000 x13=0000000000000000 x14=0000000000000000 x15=0000000000000030
0024:trace:seh:RtlUnwindEx x16=00000002d785dd18 x17=000000010020d2c0 x18=000000007ffe8000 x19=0000000110001140
0024:trace:seh:RtlUnwindEx x20=000000010020cd10 x21=00000002d785e164 x22=000000007bddcabc x23=000000010020dfb0
0024:trace:seh:RtlUnwindEx x24=000000007ffea000 x25=000000010020d0b8 x26=000000000012ef54 x27=000000000012ef50
0024:trace:seh:RtlUnwindEx x28=0000000110001140 cpsr=20000000 fpcr=00000000 fpsr=00000010
0024:trace:seh:RtlUnwindEx calling handler 00000002D785BE10 (rec=000000010020D0B8, frame=10020d180 context=000000010020CD10, dispatch=000000010020CB28)
0024:trace:seh:RtlUnwindEx handler 00000002D785BE10 returned 1
0024:trace:seh:RtlUnwindEx calling handler 00000002D785BE60 (rec=000000010020D0B8, frame=10020d8b0 context=000000010020CD10, dispatch=000000010020CB28)
0024:trace:seh:RtlUnwindEx handler 00000002D785BE60 returned 1
0024:trace:seh:RtlRestoreContext returning to 2d785e164 stack 10020d8b0
0024:trace:seh:RtlUnwindEx code=80000026 flags=2 end_frame=000000010020DFB0 target_ip=00000002D785E164
0024:trace:seh:RtlUnwindEx  info[0]=000000010020de90
0024:trace:seh:RtlUnwindEx  pc=00000002d79ca0b8  sp=000000010020c760  lr=0000000000000000  fp=000000010010ef50
0024:trace:seh:RtlUnwindEx  x0=0000000000000000  x1=00000002d785e164  x2=000000010020d0b8  x3=0000000000000001
0024:trace:seh:RtlUnwindEx  x4=000000010020cd10  x5=0000000000000000  x6=0000000000000000  x7=0000000000006010
0024:trace:seh:RtlUnwindEx  x8=000000007ffe8000  x9=0000000000000001 x10=000000000012ef58 x11=0000000000000004
0024:trace:seh:RtlUnwindEx x12=0000000000000000 x13=0000000000000000 x14=0000000000000000 x15=0000000000000030
0024:trace:seh:RtlUnwindEx x16=00000002d785dd18 x17=000000010020d2c0 x18=000000007ffe8000 x19=0000000110001140
0024:trace:seh:RtlUnwindEx x20=000000010020cd10 x21=00000002d785e164 x22=000000007bddcabc x23=000000010020dfb0
0024:trace:seh:RtlUnwindEx x24=000000007ffea000 x25=000000010020d0b8 x26=000000000012ef54 x27=000000000012ef50
0024:trace:seh:RtlUnwindEx x28=0000000110001140 cpsr=20000000 fpcr=00000000 fpsr=00000010
0024:trace:seh:RtlUnwindEx calling handler 00000002D785BE10 (rec=000000010020D0B8, frame=10020d180 context=000000010020CD10, dispatch=000000010020CB28)
0024:trace:seh:RtlUnwindEx handler 00000002D785BE10 returned 1
0024:trace:seh:RtlUnwindEx calling handler 00000002D785BE60 (rec=000000010020D0B8, frame=10020d8b0 context=000000010020CD10, dispatch=000000010020CB28)
0024:trace:seh:RtlUnwindEx handler 00000002D785BE60 returned 1
0024:trace:seh:RtlRestoreContext returning to 2d785e164 stack 10020d8b0
0024:trace:seh:RtlUnwindEx code=80000026 flags=2 end_frame=000000010020EF40 target_ip=00000002D785E164
0024:trace:seh:RtlUnwindEx  info[0]=000000010020ee20
0024:trace:seh:RtlUnwindEx  pc=00000002d79ca0b8  sp=000000010020d6f0  lr=0000000000000000  fp=000000010010fb10
0024:trace:seh:RtlUnwindEx  x0=0000000000000000  x1=00000002d785e164  x2=000000010020e048  x3=0000000000000001
0024:trace:seh:RtlUnwindEx  x4=000000010020dca0  x5=0000000000000000  x6=0000000000010052  x7=0000000000006010
0024:trace:seh:RtlUnwindEx  x8=000000007ffe8000  x9=0000000000000001 x10=000000000012f188 x11=0000000000000004
0024:trace:seh:RtlUnwindEx x12=0000000000000000 x13=00000000002092e4 x14=000000007b4379d0 x15=00000002d7641b2c
0024:trace:seh:RtlUnwindEx x16=00000002d785dd18 x17=000000010020e1c0 x18=000000007ffe8000 x19=0000000110001140
0024:trace:seh:RtlUnwindEx x20=000000010020dca0 x21=00000002d785e164 x22=000000007bddcabc x23=000000010020ef40
0024:trace:seh:RtlUnwindEx x24=000000007ffea000 x25=000000010020e048 x26=000000000012f184 x27=000000000012f180
0024:trace:seh:RtlUnwindEx x28=0000000110001140 cpsr=20000000 fpcr=00000000 fpsr=00000010
0024:trace:seh:RtlUnwindEx calling handler 00000002D785BE10 (rec=000000010020E048, frame=10020e110 context=000000010020DCA0, dispatch=000000010020DAB8)
0024:trace:seh:RtlUnwindEx handler 00000002D785BE10 returned 1
0024:trace:seh:RtlUnwindEx calling handler 00000002D785BE60 (rec=000000010020E048, frame=10020e840 context=000000010020DCA0, dispatch=000000010020DAB8)
0024:trace:seh:RtlUnwindEx handler 00000002D785BE60 returned 1
0024:trace:seh:RtlRestoreContext returning to 2d785e164 stack 10020e840
0024:trace:seh:RtlUnwindEx code=80000026 flags=2 end_frame=000000010020DFB0 target_ip=00000002D785E164
0024:trace:seh:RtlUnwindEx  info[0]=000000010020de90
0024:trace:seh:RtlUnwindEx  pc=00000002d79ca0b8  sp=000000010020c760  lr=0000000000000000  fp=000000010010ef30
0024:trace:seh:RtlUnwindEx  x0=0000000000000000  x1=00000002d785e164  x2=000000010020d0b8  x3=0000000000000001
0024:trace:seh:RtlUnwindEx  x4=000000010020cd10  x5=0000000000000000  x6=0000000000010066  x7=0000000000006010
0024:trace:seh:RtlUnwindEx  x8=000000007ffe8000  x9=0000000000000001 x10=000000000012ef68 x11=0000000000000004
0024:trace:seh:RtlUnwindEx x12=0000000000000000 x13=0000000000000000 x14=0000000000000000 x15=0000000000000030
0024:trace:seh:RtlUnwindEx x16=00000002d785dd18 x17=000000010020d2c0 x18=000000007ffe8000 x19=0000000110001140
0024:trace:seh:RtlUnwindEx x20=000000010020cd10 x21=00000002d785e164 x22=000000007bddcabc x23=000000010020dfb0
0024:trace:seh:RtlUnwindEx x24=000000007ffea000 x25=000000010020d0b8 x26=000000000012ef64 x27=000000000012ef60
0024:trace:seh:RtlUnwindEx x28=0000000110001140 cpsr=20000000 fpcr=00000000 fpsr=00000010
0024:trace:seh:RtlUnwindEx calling handler 00000002D785BE10 (rec=000000010020D0B8, frame=10020d180 context=000000010020CD10, dispatch=000000010020CB28)
0024:trace:seh:RtlUnwindEx handler 00000002D785BE10 returned 1
0024:trace:seh:RtlUnwindEx calling handler 00000002D785BE60 (rec=000000010020D0B8, frame=10020d8b0 context=000000010020CD10, dispatch=000000010020CB28)
0024:trace:seh:RtlUnwindEx handler 00000002D785BE60 returned 1
0024:trace:seh:RtlRestoreContext returning to 2d785e164 stack 10020d8b0
0024:trace:seh:RtlUnwindEx code=80000026 flags=2 end_frame=000000010020EF40 target_ip=00000002D785E164
0024:trace:seh:RtlUnwindEx  info[0]=000000010020ee20
0024:trace:seh:RtlUnwindEx  pc=00000002d79ca0b8  sp=000000010020d6f0  lr=0000000000000000  fp=000000010010fb10
0024:trace:seh:RtlUnwindEx  x0=0000000000000000  x1=00000002d785e164  x2=000000010020e048  x3=0000000000000001
0024:trace:seh:RtlUnwindEx  x4=000000010020dca0  x5=0000000000000000  x6=0000000000010052  x7=0000000000006010
0024:trace:seh:RtlUnwindEx  x8=000000007ffe8000  x9=0000000000000001 x10=000000000012f188 x11=0000000000000004
0024:trace:seh:RtlUnwindEx x12=0000000000000000 x13=0000000000007acb x14=0000000079942b70 x15=00000002d7641b2c
0024:trace:seh:RtlUnwindEx x16=00000002d785dd18 x17=000000010020e1c0 x18=000000007ffe8000 x19=0000000110001140
0024:trace:seh:RtlUnwindEx x20=000000010020dca0 x21=00000002d785e164 x22=000000007bddcabc x23=000000010020ef40
0024:trace:seh:RtlUnwindEx x24=000000007ffea000 x25=000000010020e048 x26=000000000012f184 x27=000000000012f180
0024:trace:seh:RtlUnwindEx x28=0000000110001140 cpsr=20000000 fpcr=00000000 fpsr=00000010
0024:trace:seh:RtlUnwindEx calling handler 00000002D785BE10 (rec=000000010020E048, frame=10020e110 context=000000010020DCA0, dispatch=000000010020DAB8)
0024:trace:seh:RtlUnwindEx handler 00000002D785BE10 returned 1
0024:trace:seh:RtlUnwindEx calling handler 00000002D785BE60 (rec=000000010020E048, frame=10020e840 context=000000010020DCA0, dispatch=000000010020DAB8)
0024:trace:seh:RtlUnwindEx handler 00000002D785BE60 returned 1
0024:trace:seh:RtlRestoreContext returning to 2d785e164 stack 10020e840
0024:trace:seh:RtlUnwindEx code=80000026 flags=2 end_frame=000000010020DFB0 target_ip=00000002D785E164
0024:trace:seh:RtlUnwindEx  info[0]=000000010020de90
0024:trace:seh:RtlUnwindEx  pc=00000002d79ca0b8  sp=000000010020c760  lr=0000000000000000  fp=000000010010ef30
0024:trace:seh:RtlUnwindEx  x0=0000000000000000  x1=00000002d785e164  x2=000000010020d0b8  x3=0000000000000001
0024:trace:seh:RtlUnwindEx  x4=000000010020cd10  x5=0000000000000000  x6=0000000000010068  x7=0000000000006010
0024:trace:seh:RtlUnwindEx  x8=000000007ffe8000  x9=0000000000000001 x10=000000000012ef68 x11=0000000000000004
0024:trace:seh:RtlUnwindEx x12=0000000000000000 x13=0000000000000000 x14=0000000000000000 x15=0000000000000030
0024:trace:seh:RtlUnwindEx x16=00000002d785dd18 x17=000000010020d2c0 x18=000000007ffe8000 x19=0000000110001140
0024:trace:seh:RtlUnwindEx x20=000000010020cd10 x21=00000002d785e164 x22=000000007bddcabc x23=000000010020dfb0
0024:trace:seh:RtlUnwindEx x24=000000007ffea000 x25=000000010020d0b8 x26=000000000012ef64 x27=000000000012ef60
0024:trace:seh:RtlUnwindEx x28=0000000110001140 cpsr=20000000 fpcr=00000000 fpsr=00000010
0024:trace:seh:RtlUnwindEx calling handler 00000002D785BE10 (rec=000000010020D0B8, frame=10020d180 context=000000010020CD10, dispatch=000000010020CB28)
0024:trace:seh:RtlUnwindEx handler 00000002D785BE10 returned 1
0024:trace:seh:RtlUnwindEx calling handler 00000002D785BE60 (rec=000000010020D0B8, frame=10020d8b0 context=000000010020CD10, dispatch=000000010020CB28)
0024:trace:seh:RtlUnwindEx handler 00000002D785BE60 returned 1
0024:trace:seh:RtlRestoreContext returning to 2d785e164 stack 10020d8b0
0024:trace:seh:RtlUnwindEx code=80000026 flags=2 end_frame=000000010020EF40 target_ip=00000002D785E164
0024:trace:seh:RtlUnwindEx  info[0]=000000010020ee20
0024:trace:seh:RtlUnwindEx  pc=00000002d79ca0b8  sp=000000010020d6f0  lr=0000000000000000  fp=000000010010fb10
0024:trace:seh:RtlUnwindEx  x0=0000000000000000  x1=00000002d785e164  x2=000000010020e048  x3=0000000000000001
0024:trace:seh:RtlUnwindEx  x4=000000010020dca0  x5=0000000000000000  x6=0000000000010052  x7=0000000000006010
0024:trace:seh:RtlUnwindEx  x8=000000007ffe8000  x9=0000000000000001 x10=000000000012f188 x11=0000000000000004
0024:trace:seh:RtlUnwindEx x12=0000000000000000 x13=00000000000137b6 x14=000000007b5cf920 x15=00000002d7641b2c
0024:trace:seh:RtlUnwindEx x16=00000002d785dd18 x17=000000010020e1c0 x18=000000007ffe8000 x19=0000000110001140
0024:trace:seh:RtlUnwindEx x20=000000010020dca0 x21=00000002d785e164 x22=000000007bddcabc x23=000000010020ef40
0024:trace:seh:RtlUnwindEx x24=000000007ffea000 x25=000000010020e048 x26=000000000012f184 x27=000000000012f180
0024:trace:seh:RtlUnwindEx x28=0000000110001140 cpsr=20000000 fpcr=00000000 fpsr=00000010
0024:trace:seh:RtlUnwindEx calling handler 00000002D785BE10 (rec=000000010020E048, frame=10020e110 context=000000010020DCA0, dispatch=000000010020DAB8)
0024:trace:seh:RtlUnwindEx handler 00000002D785BE10 returned 1
0024:trace:seh:RtlUnwindEx calling handler 00000002D785BE60 (rec=000000010020E048, frame=10020e840 context=000000010020DCA0, dispatch=000000010020DAB8)
0024:trace:seh:RtlUnwindEx handler 00000002D785BE60 returned 1
0024:trace:seh:RtlRestoreContext returning to 2d785e164 stack 10020e840
0024:trace:seh:RtlUnwindEx code=80000026 flags=2 end_frame=000000010020DFB0 target_ip=00000002D785E164
0024:trace:seh:RtlUnwindEx  info[0]=000000010020de90
0024:trace:seh:RtlUnwindEx  pc=00000002d79ca0b8  sp=000000010020c760  lr=0000000000000000  fp=000000010010ef30
0024:trace:seh:RtlUnwindEx  x0=0000000000000000  x1=00000002d785e164  x2=000000010020d0b8  x3=0000000000000001
0024:trace:seh:RtlUnwindEx  x4=000000010020cd10  x5=0000000000000000  x6=000000000001006e  x7=0000000000006010
0024:trace:seh:RtlUnwindEx  x8=000000007ffe8000  x9=0000000000000001 x10=000000000012ef68 x11=0000000000000004
0024:trace:seh:RtlUnwindEx x12=0000000000000000 x13=0000000000000000 x14=0000000000000000 x15=0000000000000030
0024:trace:seh:RtlUnwindEx x16=00000002d785dd18 x17=000000010020d2c0 x18=000000007ffe8000 x19=0000000110001140
0024:trace:seh:RtlUnwindEx x20=000000010020cd10 x21=00000002d785e164 x22=000000007bddcabc x23=000000010020dfb0
0024:trace:seh:RtlUnwindEx x24=000000007ffea000 x25=000000010020d0b8 x26=000000000012ef64 x27=000000000012ef60
0024:trace:seh:RtlUnwindEx x28=0000000110001140 cpsr=20000000 fpcr=00000000 fpsr=00000010
0024:trace:seh:RtlUnwindEx calling handler 00000002D785BE10 (rec=000000010020D0B8, frame=10020d180 context=000000010020CD10, dispatch=000000010020CB28)
0024:trace:seh:RtlUnwindEx handler 00000002D785BE10 returned 1
0024:trace:seh:RtlUnwindEx calling handler 00000002D785BE60 (rec=000000010020D0B8, frame=10020d8b0 context=000000010020CD10, dispatch=000000010020CB28)
0024:trace:seh:RtlUnwindEx handler 00000002D785BE60 returned 1
0024:trace:seh:RtlRestoreContext returning to 2d785e164 stack 10020d8b0
0024:trace:seh:RtlUnwindEx code=80000026 flags=2 end_frame=000000010020DFB0 target_ip=00000002D785E164
0024:trace:seh:RtlUnwindEx  info[0]=000000010020de90
0024:trace:seh:RtlUnwindEx  pc=00000002d79ca0b8  sp=000000010020c760  lr=0000000000000000  fp=000000010010ef50
0024:trace:seh:RtlUnwindEx  x0=0000000000000000  x1=00000002d785e164  x2=000000010020d0b8  x3=0000000000000001
0024:trace:seh:RtlUnwindEx  x4=000000010020cd10  x5=0000000000000000  x6=000000000001006e  x7=0000000000006010
0024:trace:seh:RtlUnwindEx  x8=000000007ffe8000  x9=0000000000000001 x10=000000000012ef68 x11=0000000000000004
0024:trace:seh:RtlUnwindEx x12=0000000000000000 x13=0000000000000000 x14=0000000000000284 x15=00000001080aae80
0024:trace:seh:RtlUnwindEx x16=00000002d785dd18 x17=000000010020d1f0 x18=000000007ffe8000 x19=0000000110001140
0024:trace:seh:RtlUnwindEx x20=000000010020cd10 x21=00000002d785e164 x22=000000007bddcabc x23=000000010020dfb0
0024:trace:seh:RtlUnwindEx x24=000000007ffea000 x25=000000010020d0b8 x26=000000000012ef64 x27=000000000012ef60
0024:trace:seh:RtlUnwindEx x28=0000000110001140 cpsr=20000000 fpcr=00000000 fpsr=00000010
0024:trace:seh:RtlUnwindEx calling handler 00000002D785BE10 (rec=000000010020D0B8, frame=10020d180 context=000000010020CD10, dispatch=000000010020CB28)
0024:trace:seh:RtlUnwindEx handler 00000002D785BE10 returned 1
0024:trace:seh:RtlUnwindEx calling handler 00000002D785BE60 (rec=000000010020D0B8, frame=10020d8b0 context=000000010020CD10, dispatch=000000010020CB28)
0024:trace:seh:RtlUnwindEx handler 00000002D785BE60 returned 1
0024:trace:seh:RtlRestoreContext returning to 2d785e164 stack 10020d8b0
0024:trace:seh:RtlUnwindEx code=80000026 flags=2 end_frame=000000010020EF40 target_ip=00000002D785E164
0024:trace:seh:RtlUnwindEx  info[0]=000000010020ee20
0024:trace:seh:RtlUnwindEx  pc=00000002d79ca0b8  sp=000000010020d6f0  lr=0000000000000000  fp=000000010010fb10
0024:trace:seh:RtlUnwindEx  x0=0000000000000000  x1=00000002d785e164  x2=000000010020e048  x3=0000000000000001
0024:trace:seh:RtlUnwindEx  x4=000000010020dca0  x5=0000000000000000  x6=0000000000010052  x7=0000000000006010
0024:trace:seh:RtlUnwindEx  x8=000000007ffe8000  x9=0000000000000001 x10=000000000012f188 x11=0000000000000004
0024:trace:seh:RtlUnwindEx x12=0000000000000000 x13=000000000000c588 x14=000000007bdb2b70 x15=00000002d7641b2c
0024:trace:seh:RtlUnwindEx x16=00000002d785dd18 x17=000000010020e1c0 x18=000000007ffe8000 x19=0000000110001140
0024:trace:seh:RtlUnwindEx x20=000000010020dca0 x21=00000002d785e164 x22=000000007bddcabc x23=000000010020ef40
0024:trace:seh:RtlUnwindEx x24=000000007ffea000 x25=000000010020e048 x26=000000000012f184 x27=000000000012f180
0024:trace:seh:RtlUnwindEx x28=0000000110001140 cpsr=20000000 fpcr=00000000 fpsr=00000010
0024:trace:seh:RtlUnwindEx calling handler 00000002D785BE10 (rec=000000010020E048, frame=10020e110 context=000000010020DCA0, dispatch=000000010020DAB8)
0024:trace:seh:RtlUnwindEx handler 00000002D785BE10 returned 1
0024:trace:seh:RtlUnwindEx calling handler 00000002D785BE60 (rec=000000010020E048, frame=10020e840 context=000000010020DCA0, dispatch=000000010020DAB8)
0024:trace:seh:RtlUnwindEx handler 00000002D785BE60 returned 1
0024:trace:seh:RtlRestoreContext returning to 2d785e164 stack 10020e840
0024:trace:seh:RtlUnwindEx code=80000026 flags=2 end_frame=000000010020DBF0 target_ip=00000002D785E164
0024:trace:seh:RtlUnwindEx  info[0]=000000010020dad0
0024:trace:seh:RtlUnwindEx  pc=00000002d79ca0b8  sp=000000010020c3a0  lr=0000000000000000  fp=000000010010edb0
0024:trace:seh:RtlUnwindEx  x0=0000000000000000  x1=00000002d785e164  x2=000000010020ccf8  x3=0000000000000001
0024:trace:seh:RtlUnwindEx  x4=000000010020c950  x5=0000000000000000  x6=0000000000000000  x7=0000000000006010
0024:trace:seh:RtlUnwindEx  x8=000000007ffe8000  x9=0000000000000001 x10=000000000012ef48 x11=0000000000000004
0024:trace:seh:RtlUnwindEx x12=0000000000000000 x13=0000000000017234 x14=000000007b5fb920 x15=00000002d7641b2c
0024:trace:seh:RtlUnwindEx x16=00000002d785dd18 x17=000000010020cf30 x18=000000007ffe8000 x19=0000000110001140
0024:trace:seh:RtlUnwindEx x20=000000010020c950 x21=00000002d785e164 x22=000000007bddcabc x23=000000010020dbf0
0024:trace:seh:RtlUnwindEx x24=000000007ffea000 x25=000000010020ccf8 x26=000000000012ef44 x27=000000000012ef40
0024:trace:seh:RtlUnwindEx x28=0000000110001140 cpsr=20000000 fpcr=00000000 fpsr=00000010
0024:trace:seh:RtlUnwindEx calling handler 00000002D785BE10 (rec=000000010020CCF8, frame=10020cdc0 context=000000010020C950, dispatch=000000010020C768)
0024:trace:seh:RtlUnwindEx handler 00000002D785BE10 returned 1
0024:trace:seh:RtlUnwindEx calling handler 00000002D785BE60 (rec=000000010020CCF8, frame=10020d4f0 context=000000010020C950, dispatch=000000010020C768)
0024:trace:seh:RtlUnwindEx handler 00000002D785BE60 returned 1
0024:trace:seh:RtlRestoreContext returning to 2d785e164 stack 10020d4f0
0024:trace:seh:RtlUnwindEx code=80000026 flags=2 end_frame=000000010020DBF0 target_ip=00000002D785E164
0024:trace:seh:RtlUnwindEx  info[0]=000000010020dad0
0024:trace:seh:RtlUnwindEx  pc=00000002d79ca0b8  sp=000000010020c3a0  lr=0000000000000000  fp=000000010010edd0
0024:trace:seh:RtlUnwindEx  x0=0000000000000000  x1=00000002d785e164  x2=000000010020ccf8  x3=0000000000000001
0024:trace:seh:RtlUnwindEx  x4=000000010020c950  x5=0000000000000000  x6=0000000000000000  x7=0000000000006010
0024:trace:seh:RtlUnwindEx  x8=000000007ffe8000  x9=0000000000000001 x10=000000000012ef48 x11=0000000000000004
0024:trace:seh:RtlUnwindEx x12=0000000000000000 x13=0000000000018981 x14=000000007b4504c0 x15=00000002d7641b2c
0024:trace:seh:RtlUnwindEx x16=00000002d785dd18 x17=000000010020ce70 x18=000000007ffe8000 x19=0000000110001140
0024:trace:seh:RtlUnwindEx x20=000000010020c950 x21=00000002d785e164 x22=000000007bddcabc x23=000000010020dbf0
0024:trace:seh:RtlUnwindEx x24=000000007ffea000 x25=000000010020ccf8 x26=000000000012ef44 x27=000000000012ef40
0024:trace:seh:RtlUnwindEx x28=0000000110001140 cpsr=20000000 fpcr=00000000 fpsr=00000010
0024:trace:seh:RtlUnwindEx calling handler 00000002D785BE10 (rec=000000010020CCF8, frame=10020cdc0 context=000000010020C950, dispatch=000000010020C768)
0024:trace:seh:RtlUnwindEx handler 00000002D785BE10 returned 1
0024:trace:seh:RtlUnwindEx calling handler 00000002D785BE60 (rec=000000010020CCF8, frame=10020d4f0 context=000000010020C950, dispatch=000000010020C768)
0024:trace:seh:RtlUnwindEx handler 00000002D785BE60 returned 1
0024:trace:seh:RtlRestoreContext returning to 2d785e164 stack 10020d4f0
0024:trace:seh:RtlUnwindEx code=80000026 flags=2 end_frame=000000010020EF40 target_ip=00000002D785E164
0024:trace:seh:RtlUnwindEx  info[0]=000000010020ee20
0024:trace:seh:RtlUnwindEx  pc=00000002d79ca0b8  sp=000000010020d6f0  lr=0000000000000000  fp=000000010010fb10
0024:trace:seh:RtlUnwindEx  x0=0000000000000000  x1=00000002d785e164  x2=000000010020e048  x3=0000000000000001
0024:trace:seh:RtlUnwindEx  x4=000000010020dca0  x5=0000000000000000  x6=0000000000010052  x7=0000000000006010
0024:trace:seh:RtlUnwindEx  x8=000000007ffe8000  x9=0000000000000001 x10=000000000012f188 x11=0000000000000004
0024:trace:seh:RtlUnwindEx x12=0000000000000000 x13=0000000000016876 x14=000000007b5fcf20 x15=00000002d7641b2c
0024:trace:seh:RtlUnwindEx x16=00000002d785dd18 x17=000000010020e280 x18=000000007ffe8000 x19=0000000110001140
0024:trace:seh:RtlUnwindEx x20=000000010020dca0 x21=00000002d785e164 x22=000000007bddcabc x23=000000010020ef40
0024:trace:seh:RtlUnwindEx x24=000000007ffea000 x25=000000010020e048 x26=000000000012f184 x27=000000000012f180
0024:trace:seh:RtlUnwindEx x28=0000000110001140 cpsr=20000000 fpcr=00000000 fpsr=00000000
0024:trace:seh:RtlUnwindEx calling handler 00000002D785BE10 (rec=000000010020E048, frame=10020e110 context=000000010020DCA0, dispatch=000000010020DAB8)
0024:trace:seh:RtlUnwindEx handler 00000002D785BE10 returned 1
0024:trace:seh:RtlUnwindEx calling handler 00000002D785BE60 (rec=000000010020E048, frame=10020e840 context=000000010020DCA0, dispatch=000000010020DAB8)
0024:trace:seh:RtlUnwindEx handler 00000002D785BE60 returned 1
0024:trace:seh:RtlRestoreContext returning to 2d785e164 stack 10020e840
0024:trace:seh:RtlUnwindEx code=80000026 flags=2 end_frame=000000010020DFB0 target_ip=00000002D785E164
0024:trace:seh:RtlUnwindEx  info[0]=000000010020de90
0024:trace:seh:RtlUnwindEx  pc=00000002d79ca0b8  sp=000000010020c760  lr=0000000000000000  fp=000000010010ef30
0024:trace:seh:RtlUnwindEx  x0=0000000000000000  x1=00000002d785e164  x2=000000010020d0b8  x3=0000000000000001
0024:trace:seh:RtlUnwindEx  x4=000000010020cd10  x5=0000000000000000  x6=0000000000010082  x7=0000000000006010
0024:trace:seh:RtlUnwindEx  x8=000000007ffe8000  x9=0000000000000001 x10=000000000012ef68 x11=0000000000000004
0024:trace:seh:RtlUnwindEx x12=0000000000000000 x13=0000000000000000 x14=0000000000000000 x15=0000000000000030
0024:trace:seh:RtlUnwindEx x16=00000002d785dd18 x17=000000010020d2c0 x18=000000007ffe8000 x19=0000000110001140
0024:trace:seh:RtlUnwindEx x20=000000010020cd10 x21=00000002d785e164 x22=000000007bddcabc x23=000000010020dfb0
0024:trace:seh:RtlUnwindEx x24=000000007ffea000 x25=000000010020d0b8 x26=000000000012ef64 x27=000000000012ef60
0024:trace:seh:RtlUnwindEx x28=0000000110001140 cpsr=20000000 fpcr=00000000 fpsr=00000010
0024:trace:seh:RtlUnwindEx calling handler 00000002D785BE10 (rec=000000010020D0B8, frame=10020d180 context=000000010020CD10, dispatch=000000010020CB28)
0024:trace:seh:RtlUnwindEx handler 00000002D785BE10 returned 1
0024:trace:seh:RtlUnwindEx calling handler 00000002D785BE60 (rec=000000010020D0B8, frame=10020d8b0 context=000000010020CD10, dispatch=000000010020CB28)
0024:trace:seh:RtlUnwindEx handler 00000002D785BE60 returned 1
0024:trace:seh:RtlRestoreContext returning to 2d785e164 stack 10020d8b0
0024:trace:seh:RtlUnwindEx code=80000026 flags=2 end_frame=000000010020DFB0 target_ip=00000002D785E164
0024:trace:seh:RtlUnwindEx  info[0]=000000010020de90
0024:trace:seh:RtlUnwindEx  pc=00000002d79ca0b8  sp=000000010020c760  lr=0000000000000000  fp=000000010010ef50
0024:trace:seh:RtlUnwindEx  x0=0000000000000000  x1=00000002d785e164  x2=000000010020d0b8  x3=0000000000000001
0024:trace:seh:RtlUnwindEx  x4=000000010020cd10  x5=0000000000000000  x6=0000000000010082  x7=0000000000006010
0024:trace:seh:RtlUnwindEx  x8=000000007ffe8000  x9=0000000000000001 x10=000000000012ef68 x11=0000000000000004
0024:trace:seh:RtlUnwindEx x12=0000000000000000 x13=0000000000000000 x14=0000000000000000 x15=0000000000000030
0024:trace:seh:RtlUnwindEx x16=00000002d785dd18 x17=000000010020d2c0 x18=000000007ffe8000 x19=0000000110001140
0024:trace:seh:RtlUnwindEx x20=000000010020cd10 x21=00000002d785e164 x22=000000007bddcabc x23=000000010020dfb0
0024:trace:seh:RtlUnwindEx x24=000000007ffea000 x25=000000010020d0b8 x26=000000000012ef64 x27=000000000012ef60
0024:trace:seh:RtlUnwindEx x28=0000000110001140 cpsr=20000000 fpcr=00000000 fpsr=00000010
0024:trace:seh:RtlUnwindEx calling handler 00000002D785BE10 (rec=000000010020D0B8, frame=10020d180 context=000000010020CD10, dispatch=000000010020CB28)
0024:trace:seh:RtlUnwindEx handler 00000002D785BE10 returned 1
0024:trace:seh:RtlUnwindEx calling handler 00000002D785BE60 (rec=000000010020D0B8, frame=10020d8b0 context=000000010020CD10, dispatch=000000010020CB28)
0024:trace:seh:RtlUnwindEx handler 00000002D785BE60 returned 1
0024:trace:seh:RtlRestoreContext returning to 2d785e164 stack 10020d8b0
0024:trace:seh:RtlUnwindEx code=80000026 flags=2 end_frame=000000010020EF40 target_ip=00000002D785E164
0024:trace:seh:RtlUnwindEx  info[0]=000000010020ee20
0024:trace:seh:RtlUnwindEx  pc=00000002d79ca0b8  sp=000000010020d6f0  lr=0000000000000000  fp=000000010010fb10
0024:trace:seh:RtlUnwindEx  x0=0000000000000000  x1=00000002d785e164  x2=000000010020e048  x3=0000000000000001
0024:trace:seh:RtlUnwindEx  x4=000000010020dca0  x5=0000000000000000  x6=0000000000010052  x7=0000000000006010
0024:trace:seh:RtlUnwindEx  x8=000000007ffe8000  x9=0000000000000001 x10=000000000012f188 x11=0000000000000004
0024:trace:seh:RtlUnwindEx x12=0000000000000000 x13=0000000000027a0f x14=000000007b4364b0 x15=00000002d7641b2c
0024:trace:seh:RtlUnwindEx x16=00000002d785dd18 x17=000000010020e1c0 x18=000000007ffe8000 x19=0000000110001140
0024:trace:seh:RtlUnwindEx x20=000000010020dca0 x21=00000002d785e164 x22=000000007bddcabc x23=000000010020ef40
0024:trace:seh:RtlUnwindEx x24=000000007ffea000 x25=000000010020e048 x26=000000000012f184 x27=000000000012f180
0024:trace:seh:RtlUnwindEx x28=0000000110001140 cpsr=20000000 fpcr=00000000 fpsr=00000010
0024:trace:seh:RtlUnwindEx calling handler 00000002D785BE10 (rec=000000010020E048, frame=10020e110 context=000000010020DCA0, dispatch=000000010020DAB8)
0024:trace:seh:RtlUnwindEx handler 00000002D785BE10 returned 1
0024:trace:seh:RtlUnwindEx calling handler 00000002D785BE60 (rec=000000010020E048, frame=10020e840 context=000000010020DCA0, dispatch=000000010020DAB8)
0024:trace:seh:RtlUnwindEx handler 00000002D785BE60 returned 1
0024:trace:seh:RtlRestoreContext returning to 2d785e164 stack 10020e840
0024:trace:seh:RtlUnwindEx code=80000026 flags=2 end_frame=000000010020DFB0 target_ip=00000002D785E164
0024:trace:seh:RtlUnwindEx  info[0]=000000010020de90
0024:trace:seh:RtlUnwindEx  pc=00000002d79ca0b8  sp=000000010020c760  lr=0000000000000000  fp=000000010010ef30
0024:trace:seh:RtlUnwindEx  x0=0000000000000000  x1=00000002d785e164  x2=000000010020d0b8  x3=0000000000000001
0024:trace:seh:RtlUnwindEx  x4=000000010020cd10  x5=0000000000000000  x6=0000000000010084  x7=0000000000006010
0024:trace:seh:RtlUnwindEx  x8=000000007ffe8000  x9=0000000000000001 x10=000000000012ef68 x11=0000000000000004
0024:trace:seh:RtlUnwindEx x12=0000000000000000 x13=0000000000000000 x14=0000000000000000 x15=0000000000000030
0024:trace:seh:RtlUnwindEx x16=00000002d785dd18 x17=000000010020d2c0 x18=000000007ffe8000 x19=0000000110001140
0024:trace:seh:RtlUnwindEx x20=000000010020cd10 x21=00000002d785e164 x22=000000007bddcabc x23=000000010020dfb0
0024:trace:seh:RtlUnwindEx x24=000000007ffea000 x25=000000010020d0b8 x26=000000000012ef64 x27=000000000012ef60
0024:trace:seh:RtlUnwindEx x28=0000000110001140 cpsr=20000000 fpcr=00000000 fpsr=00000010
0024:trace:seh:RtlUnwindEx calling handler 00000002D785BE10 (rec=000000010020D0B8, frame=10020d180 context=000000010020CD10, dispatch=000000010020CB28)
0024:trace:seh:RtlUnwindEx handler 00000002D785BE10 returned 1
0024:trace:seh:RtlUnwindEx calling handler 00000002D785BE60 (rec=000000010020D0B8, frame=10020d8b0 context=000000010020CD10, dispatch=000000010020CB28)
0024:trace:seh:RtlUnwindEx handler 00000002D785BE60 returned 1
0024:trace:seh:RtlRestoreContext returning to 2d785e164 stack 10020d8b0
0024:trace:seh:RtlUnwindEx code=80000026 flags=2 end_frame=000000010020DFB0 target_ip=00000002D785E164
0024:trace:seh:RtlUnwindEx  info[0]=000000010020de90
0024:trace:seh:RtlUnwindEx  pc=00000002d79ca0b8  sp=000000010020c760  lr=0000000000000000  fp=000000010010ef50
0024:trace:seh:RtlUnwindEx  x0=0000000000000000  x1=00000002d785e164  x2=000000010020d0b8  x3=0000000000000001
0024:trace:seh:RtlUnwindEx  x4=000000010020cd10  x5=0000000000000000  x6=0000000000010084  x7=0000000000006010
0024:trace:seh:RtlUnwindEx  x8=000000007ffe8000  x9=0000000000000001 x10=000000000012ef68 x11=0000000000000004
0024:trace:seh:RtlUnwindEx x12=0000000000000000 x13=0000000000000000 x14=0000000000000000 x15=0000000000000030
0024:trace:seh:RtlUnwindEx x16=00000002d785dd18 x17=000000010020d2c0 x18=000000007ffe8000 x19=0000000110001140
0024:trace:seh:RtlUnwindEx x20=000000010020cd10 x21=00000002d785e164 x22=000000007bddcabc x23=000000010020dfb0
0024:trace:seh:RtlUnwindEx x24=000000007ffea000 x25=000000010020d0b8 x26=000000000012ef64 x27=000000000012ef60
0024:trace:seh:RtlUnwindEx x28=0000000110001140 cpsr=20000000 fpcr=00000000 fpsr=00000010
0024:trace:seh:RtlUnwindEx calling handler 00000002D785BE10 (rec=000000010020D0B8, frame=10020d180 context=000000010020CD10, dispatch=000000010020CB28)
0024:trace:seh:RtlUnwindEx handler 00000002D785BE10 returned 1
0024:trace:seh:RtlUnwindEx calling handler 00000002D785BE60 (rec=000000010020D0B8, frame=10020d8b0 context=000000010020CD10, dispatch=000000010020CB28)
0024:trace:seh:RtlUnwindEx handler 00000002D785BE60 returned 1
0024:trace:seh:RtlRestoreContext returning to 2d785e164 stack 10020d8b0
0024:trace:seh:RtlUnwindEx code=80000026 flags=2 end_frame=000000010020EF40 target_ip=00000002D785E164
0024:trace:seh:RtlUnwindEx  info[0]=000000010020ee20
0024:trace:seh:RtlUnwindEx  pc=00000002d79ca0b8  sp=000000010020d6f0  lr=0000000000000000  fp=000000010010fb10
0024:trace:seh:RtlUnwindEx  x0=0000000000000000  x1=00000002d785e164  x2=000000010020e048  x3=0000000000000001
0024:trace:seh:RtlUnwindEx  x4=000000010020dca0  x5=0000000000000000  x6=0000000000010052  x7=0000000000006010
0024:trace:seh:RtlUnwindEx  x8=000000007ffe8000  x9=0000000000000001 x10=000000000012f188 x11=0000000000000004
0024:trace:seh:RtlUnwindEx x12=0000000000000000 x13=000000000003608b x14=000000007bdb2b70 x15=00000002d7641b2c
0024:trace:seh:RtlUnwindEx x16=00000002d785dd18 x17=000000010020e1c0 x18=000000007ffe8000 x19=0000000110001140
0024:trace:seh:RtlUnwindEx x20=000000010020dca0 x21=00000002d785e164 x22=000000007bddcabc x23=000000010020ef40
0024:trace:seh:RtlUnwindEx x24=000000007ffea000 x25=000000010020e048 x26=000000000012f184 x27=000000000012f180
0024:trace:seh:RtlUnwindEx x28=0000000110001140 cpsr=20000000 fpcr=00000000 fpsr=00000010
0024:trace:seh:RtlUnwindEx calling handler 00000002D785BE10 (rec=000000010020E048, frame=10020e110 context=000000010020DCA0, dispatch=000000010020DAB8)
0024:trace:seh:RtlUnwindEx handler 00000002D785BE10 returned 1
0024:trace:seh:RtlUnwindEx calling handler 00000002D785BE60 (rec=000000010020E048, frame=10020e840 context=000000010020DCA0, dispatch=000000010020DAB8)
0024:trace:seh:RtlUnwindEx handler 00000002D785BE60 returned 1
0024:trace:seh:RtlRestoreContext returning to 2d785e164 stack 10020e840
0024:trace:seh:RtlUnwindEx code=80000026 flags=2 end_frame=000000010020DFB0 target_ip=00000002D785E164
0024:trace:seh:RtlUnwindEx  info[0]=000000010020de90
0024:trace:seh:RtlUnwindEx  pc=00000002d79ca0b8  sp=000000010020c760  lr=0000000000000000  fp=000000010010ef30
0024:trace:seh:RtlUnwindEx  x0=0000000000000000  x1=00000002d785e164  x2=000000010020d0b8  x3=0000000000000001
0024:trace:seh:RtlUnwindEx  x4=000000010020cd10  x5=0000000000000000  x6=0000000000010086  x7=0000000000006010
0024:trace:seh:RtlUnwindEx  x8=000000007ffe8000  x9=0000000000000001 x10=000000000012ef68 x11=0000000000000004
0024:trace:seh:RtlUnwindEx x12=0000000000000000 x13=0000000000000000 x14=0000000000000000 x15=0000000000000030
0024:trace:seh:RtlUnwindEx x16=00000002d785dd18 x17=000000010020d2c0 x18=000000007ffe8000 x19=0000000110001140
0024:trace:seh:RtlUnwindEx x20=000000010020cd10 x21=00000002d785e164 x22=000000007bddcabc x23=000000010020dfb0
0024:trace:seh:RtlUnwindEx x24=000000007ffea000 x25=000000010020d0b8 x26=000000000012ef64 x27=000000000012ef60
0024:trace:seh:RtlUnwindEx x28=0000000110001140 cpsr=20000000 fpcr=00000000 fpsr=00000010
0024:trace:seh:RtlUnwindEx calling handler 00000002D785BE10 (rec=000000010020D0B8, frame=10020d180 context=000000010020CD10, dispatch=000000010020CB28)
0024:trace:seh:RtlUnwindEx handler 00000002D785BE10 returned 1
0024:trace:seh:RtlUnwindEx calling handler 00000002D785BE60 (rec=000000010020D0B8, frame=10020d8b0 context=000000010020CD10, dispatch=000000010020CB28)
0024:trace:seh:RtlUnwindEx handler 00000002D785BE60 returned 1
0024:trace:seh:RtlRestoreContext returning to 2d785e164 stack 10020d8b0
0024:trace:seh:RtlUnwindEx code=80000026 flags=2 end_frame=000000010020DFB0 target_ip=00000002D785E164
0024:trace:seh:RtlUnwindEx  info[0]=000000010020de90
0024:trace:seh:RtlUnwindEx  pc=00000002d79ca0b8  sp=000000010020c760  lr=0000000000000000  fp=000000010010ef50
0024:trace:seh:RtlUnwindEx  x0=0000000000000000  x1=00000002d785e164  x2=000000010020d0b8  x3=0000000000000001
0024:trace:seh:RtlUnwindEx  x4=000000010020cd10  x5=0000000000000000  x6=0000000000010086  x7=0000000000006010
0024:trace:seh:RtlUnwindEx  x8=000000007ffe8000  x9=0000000000000001 x10=000000000012ef68 x11=0000000000000004
0024:trace:seh:RtlUnwindEx x12=0000000000000000 x13=0000000000000000 x14=0000000000000000 x15=0000000000000030
0024:trace:seh:RtlUnwindEx x16=00000002d785dd18 x17=000000010020d2c0 x18=000000007ffe8000 x19=0000000110001140
0024:trace:seh:RtlUnwindEx x20=000000010020cd10 x21=00000002d785e164 x22=000000007bddcabc x23=000000010020dfb0
0024:trace:seh:RtlUnwindEx x24=000000007ffea000 x25=000000010020d0b8 x26=000000000012ef64 x27=000000000012ef60
0024:trace:seh:RtlUnwindEx x28=0000000110001140 cpsr=20000000 fpcr=00000000 fpsr=00000010
0024:trace:seh:RtlUnwindEx calling handler 00000002D785BE10 (rec=000000010020D0B8, frame=10020d180 context=000000010020CD10, dispatch=000000010020CB28)
0024:trace:seh:RtlUnwindEx handler 00000002D785BE10 returned 1
0024:trace:seh:RtlUnwindEx calling handler 00000002D785BE60 (rec=000000010020D0B8, frame=10020d8b0 context=000000010020CD10, dispatch=000000010020CB28)
0024:trace:seh:RtlUnwindEx handler 00000002D785BE60 returned 1
0024:trace:seh:RtlRestoreContext returning to 2d785e164 stack 10020d8b0
0024:trace:seh:RtlUnwindEx code=80000026 flags=2 end_frame=000000010020EF40 target_ip=00000002D785E164
0024:trace:seh:RtlUnwindEx  info[0]=000000010020ee20
0024:trace:seh:RtlUnwindEx  pc=00000002d79ca0b8  sp=000000010020d6f0  lr=0000000000000000  fp=000000010010fb10
0024:trace:seh:RtlUnwindEx  x0=0000000000000000  x1=00000002d785e164  x2=000000010020e048  x3=0000000000000001
0024:trace:seh:RtlUnwindEx  x4=000000010020dca0  x5=0000000000000000  x6=0000000000010052  x7=0000000000006010
0024:trace:seh:RtlUnwindEx  x8=000000007ffe8000  x9=0000000000000001 x10=000000000012f188 x11=0000000000000004
0024:trace:seh:RtlUnwindEx x12=0000000000000000 x13=0000000000054bd2 x14=0000000000010000 x15=00000002d7641b2c
0024:trace:seh:RtlUnwindEx x16=00000002d785dd18 x17=000000010020e1c0 x18=000000007ffe8000 x19=0000000110001140
0024:trace:seh:RtlUnwindEx x20=000000010020dca0 x21=00000002d785e164 x22=000000007bddcabc x23=000000010020ef40
0024:trace:seh:RtlUnwindEx x24=000000007ffea000 x25=000000010020e048 x26=000000000012f184 x27=000000000012f180
0024:trace:seh:RtlUnwindEx x28=0000000110001140 cpsr=20000000 fpcr=00000000 fpsr=00000010
0024:trace:seh:RtlUnwindEx calling handler 00000002D785BE10 (rec=000000010020E048, frame=10020e110 context=000000010020DCA0, dispatch=000000010020DAB8)
0024:trace:seh:RtlUnwindEx handler 00000002D785BE10 returned 1
0024:trace:seh:RtlUnwindEx calling handler 00000002D785BE60 (rec=000000010020E048, frame=10020e840 context=000000010020DCA0, dispatch=000000010020DAB8)
0024:trace:seh:RtlUnwindEx handler 00000002D785BE60 returned 1
0024:trace:seh:RtlRestoreContext returning to 2d785e164 stack 10020e840
JUICE_TEXT_HOST_RESULT success=1 marker=/var/mobile/Documents/JuiceData/proofs/steamsetup-i386-v2-entry-context/process-started.marker frame=/var/mobile/Documents/JuiceData/proofs/steamsetup-i386-v2-entry-context/frame-after-input.png expected_frame=missing child_rc=None
JUICE_TEXT_HOST_CLIENT_CLOSED pid=28942
Terminated: 15
