JUICE_HEADLESS_TEST_BEGIN
EXTERNAL_INPUT_READY keyboard=hardware gamecontroller=xinput-v1 state=/var/mobile/Containers/Data/Application/31FD36ED-09D6-4C6D-B8F7-CD64EFFB7022/Documents/JuiceData/controller-v1.bin
DISPLAY_SOCKET path=/var/mobile/Containers/Data/Application/31FD36ED-09D6-4C6D-B8F7-CD64EFFB7022/Documents/j.sock bind=0 listen=0 errno=2
CONTROL_V1_SOCKET path=/var/mobile/Containers/Data/Application/31FD36ED-09D6-4C6D-B8F7-CD64EFFB7022/Documents/jc1.sock bind=0 listen=0 errno=2
EXPERIMENTAL_STATE multi_window=1 x86_64=1
HOST_METAL_DEVICE available=0 name=none
GUI_READY
AUTO_LAUNCH_CUSTOM path=/var/mobile/Documents/JuiceData/SmokeTests/graphics-arm64/juice-d3d12-smoke.exe machine=0xaa64
PE_ARCH_DETECTED machine=0xaa64 arch=ARM64 runtime=Grape path=/var/mobile/Documents/JuiceData/SmokeTests/graphics-arm64/juice-d3d12-smoke.exe
RUNTIME_SELECTED runtime=Grape prefix=/var/mobile/Containers/Data/Application/31FD36ED-09D6-4C6D-B8F7-CD64EFFB7022/Documents/JuiceData/GrapePrefix
PREFIX_RUNTIME_LINKS count=0 system32=/var/mobile/Containers/Data/Application/31FD36ED-09D6-4C6D-B8F7-CD64EFFB7022/Documents/JuiceData/GrapePrefix/drive_c/windows/system32
PREFIX_APISET_READY path=/var/mobile/Containers/Data/Application/31FD36ED-09D6-4C6D-B8F7-CD64EFFB7022/Documents/JuiceData/GrapePrefix/drive_c/windows/system32/apisetschema.dll existing=0
Wine server: 0 pid=18309

GUI launch /var/mobile/Documents/JuiceData/SmokeTests/graphics-arm64/juice-d3d12-smoke.exe: 0 pid=18310
[JuiceWine parent] bundle libraries path=/private/var/containers/Bundle/Application/759209CC-173D-43CB-81B8-59B62280B5A0/Juice.app/Libraries:/var/jb/usr/lib
[JuiceWine parent] launching /private/var/containers/Bundle/Application/759209CC-173D-43CB-81B8-59B62280B5A0/Juice.app/Grape/build/wine-ios/loader/wine
[JuiceWine parent] child PID=18311
[JuiceWine] PT_TRACE_ME succeeded; csflags=0x32007005 CS_DEBUGGED=YES
[JuiceWine] requesting controlled tracer detach
[JuiceWine parent] child stopped pid=18311 signal=17 (Suspended (signal): 17)
[JuiceWine parent] PT_DETACH pid=18311 result=0
[JuiceWine parent] child now running untraced
[JuiceWine] resumed after tracer detach; csflags=0x32007005 CS_DEBUGGED=YES
[JuiceStage] running controlled wineboot initialization
[JuiceWine] host-page expanding executable section .text: section=0x140001000 mapping=0x140000000 size=16384
[JuiceWine] anonymous PE executable section .text at 0x140000000 size=16384
[JuiceStage] loading Windows ntdll; transfer=0x140001000 teb=0x17ffd8000 peb=0x17ffdc000
[JuiceWine] anonymous PE executable section .text at 0x17fc00000 size=524288
[JuiceStage] load_ntdll returned; transfer=0x140001000
[JuiceStage] load_wow64_ntdll returned
[JuiceStage] calling load_apiset_dll
[JuiceStage] load_apiset_dll returned; stack_base=0x105000000 stack_limit=0x104f08000
[JuiceStage] calling server_init_process_done
[JuiceStage] server_init_process_done entered
[JuiceStage] calling signal_init_process; teb=0x17ffd8000
[JuiceStage] signal_init_process returned
[JuiceStage] init_teb_data returned; syscall_frame=0x28010fcd0 stack_base=0x105000000 stack_limit=0x104f08000
[JuiceStage] init_process_done server call returned; status=00000000 suspend=0 transfer=0x140001000 teb=0x17ffd8000 peb=0x17ffdc000
[JuiceStage] calling signal_start_thread
[JuiceStage] init_syscall_frame entered; entry=0x140001000 arg=0x17ffdc000 teb=0x17ffd8000 data=0x280000000 frame=0x28010fcd0 stack_base=0x105000000 stack_limit=0x104f08000
[JuiceStage] calling signal_set_full_context; ctx=0x104fffc70 target_pc=0x17fc575a0 target_sp=0x105000000 target_x18=0x17ffd8000 LdrInitializeThunk=0x17fc575c0 RtlUserThreadStart=0x17fc575a0
[JuiceStage] signal_set_full_context returned; status=00000000 frame_pc=0x17fc575a0 frame_sp=0x105000000 frame_x18=0x17ffd8000 restore=00400007
[JuiceStage] init_syscall_frame complete; dispatcher_pc=0x17fc575c0 user_sp=0x104fffc70 x16=0x17fc575c0 x17=0x104fffc70 x18=0x17ffd8000 restore=00400007
[JuiceX18] broad #1 pc=0x17fc34344 fault=0x17ee instr=796fde48 x8=0x0 x16=0x17fc575c0 x17=0x104fffc70 x18=0x0 teb=0x17ffd8000
[JuiceX18] broad #2 pc=0x17fc5c3cc fault=0x48 instr=b9404a48 x8=0x17fcb02a0 x16=0x17fc34344 x17=0x104fffc70 x18=0x0 teb=0x17ffd8000
[JuiceX18] broad #3 pc=0x17fc5df3c fault=0x60 instr=f940324c x8=0x0 x16=0x17fc5c3cc x17=0x104fffc70 x18=0x0 teb=0x17ffd8000
[JuiceX18] broad #4 pc=0x10428dfe4 fault=0x378 instr=f941be4a x8=0x18 x16=0x10428dfe0 x17=0x104fffc70 x18=0x0 teb=0x17ffd8000
[JuiceX18] broad #5 pc=0x17fc5e9a4 fault=0x60 instr=f9403248 x8=0x104230090 x16=0x17fc554a4 x17=0x104fffa40 x18=0x0 teb=0x17ffd8000
[JuiceX18] broad #6 pc=0x17fc34460 fault=0x180c instr=b9580e48 x8=0x0 x16=0x17fc554a4 x17=0x104fffa70 x18=0x0 teb=0x17ffd8000
[JuiceX18] broad #7 pc=0x17fc277ec fault=0x60 instr=f9403248 x8=0x17fcb2460 x16=0x17fc34460 x17=0x104fffc70 x18=0x0 teb=0x17ffd8000
[JuiceX18] broad #8 pc=0x17fc5dea4 fault=0x3000 instr=b9700248 x8=0x95 x16=0x5c5c x17=0x104fff447 x18=0x0 teb=0x17ffd8000
[JuiceX18] broad #9 pc=0x17fc5dea4 fault=0x3000 instr=b9700248 x8=0x9 x16=0x5c5c x17=0x104fff69b x18=0x0 teb=0x17ffd8000
[JuiceX18] broad #10 pc=0x17fc26c98 fault=0x60 instr=f9403248 x8=0xffffffe3 x16=0x5c5c x17=0x104fff6ac x18=0x0 teb=0x17ffd8000
[JuiceX18] broad #11 pc=0x17fc26d00 fault=0x60 instr=f9403248 x8=0x1042334a6 x16=0x17fc26c98 x17=0x104fffc70 x18=0x0 teb=0x17ffd8000
[JuiceX18] broad #12 pc=0x17fc26d00 fault=0x60 instr=f9403248 x8=0x1042363a2 x16=0x17fc26d00 x17=0x104fffc70 x18=0x0 teb=0x17ffd8000
[JuiceX18] broad #13 pc=0x17fc27c0c fault=0x60 instr=f9403248 x8=0x0 x16=0x17fc26d00 x17=0x104fffc70 x18=0x0 teb=0x17ffd8000
[JuiceX18] broad #14 pc=0x17fc67524 fault=0x60 instr=f9403248 x8=0x1042d8330 x16=0x17fc55384 x17=0x104fffae0 x18=0x0 teb=0x17ffd8000
[JuiceX18] broad #15 pc=0x10428dfe4 fault=0x378 instr=f941be4a x8=0x21 x16=0x10428dfe0 x17=0x104fff750 x18=0x0 teb=0x17ffd8000
[JuiceX18] broad #16 pc=0x17fc26870 fault=0x60 instr=f9403248 x8=0x0 x16=0x17fc55ca4 x17=0x104fffae0 x18=0x0 teb=0x17ffd8000
[JuiceX18] broad #17 pc=0x17fc26870 fault=0x60 instr=f9403248 x8=0x1042383ba x16=0x17fc26870 x17=0x104fffc70 x18=0x0 teb=0x17ffd8000
[JuiceX18] broad #18 pc=0x17fc2654c fault=0x60 instr=f9403248 x8=0x104233aca x16=0x17fc554c4 x17=0x104fffae0 x18=0x0 teb=0x17ffd8000
[JuiceX18] broad #19 pc=0x17fc26558 fault=0x60 instr=f9403248 x8=0xa2 x16=0x17fc2654c x17=0x104fffc70 x18=0x0 teb=0x17ffd8000
[JuiceX18] broad #20 pc=0x17fc384d0 fault=0x60 instr=f9403248 x8=0x4550 x16=0x17fc26558 x17=0x104fffc70 x18=0x0 teb=0x17ffd8000
[JuiceX18] broad #21 pc=0x17fc5dea4 fault=0x3000 instr=b9700248 x8=0x62 x16=0x5c5c x17=0x104fff924 x18=0x0 teb=0x17ffd8000
[JuiceX18] broad #22 pc=0x17fc5dea4 fault=0x3000 instr=b9700248 x8=0x10 x16=0x5c5c x17=0x104fff682 x18=0x0 teb=0x17ffd8000
[JuiceX18] broad #23 pc=0x17fc184b0 fault=0x2c8 instr=f9416648 x8=0x17fc8a7d0 x16=0x17fc5dea4 x17=0x104fffc70 x18=0x0 teb=0x17ffd8000
[JuiceX18] broad #24 pc=0x17fc2654c fault=0x60 instr=f9403248 x8=0x1042342c2 x16=0x17fc184b0 x17=0x104fffc70 x18=0x0 teb=0x17ffd8000
[JuiceX18] broad #25 pc=0x10428dfe4 fault=0x378 instr=f941be4a x8=0x33 x16=0x10428dfe0 x17=0x104fffc70 x18=0x0 teb=0x17ffd8000
[JuiceX18] broad #26 pc=0x17fc4e7e8 fault=0x60 instr=f9403248 x8=0x104233d36 x16=0x17fc55804 x17=0x104fff520 x18=0x0 teb=0x17ffd8000
[JuiceX18] broad #27 pc=0x17fc2654c fault=0x60 instr=f9403248 x8=0x1042342c2 x16=0x17fc4e7e8 x17=0x104fffc70 x18=0x0 teb=0x17ffd8000
[JuiceWine] anonymous PE executable section .text at 0x17fa30000 size=196608
[JuiceX18] broad #28 pc=0x10428dfe4 fault=0x378 instr=f941be4a x8=0x50 x16=0x10428dfe0 x17=0x104fff960 x18=0x0 teb=0x17ffd8000
[JuiceX18] broad #29 pc=0x10428dfe4 fault=0x378 instr=f941be4a x8=0x50 x16=0x10428dfe0 x17=0x104fff890 x18=0x0 teb=0x17ffd8000
[JuiceX18] broad #30 pc=0x17fc5dea4 fault=0x3000 instr=b9700248 x8=0x6 x16=0x17fc55ba4 x17=0x104fff890 x18=0x0 teb=0x17ffd8000
[JuiceX18] broad #31 pc=0x17fc36e74 fault=0x60 instr=f9403248 x8=0x17fa6f190 x16=0x17fc5dea4 x17=0x104fffc70 x18=0x0 teb=0x17ffd8000
[JuiceWine] anonymous PE executable section .text at 0x17f650000 size=524288
[JuiceX18] broad #32 pc=0x10428dfe4 fault=0x378 instr=f941be4a x8=0x50 x16=0x10428dfe0 x17=0x104fff2e0 x18=0x0 teb=0x17ffd8000
[JuiceWine] anonymous PE executable section .text at 0x17f560000 size=65536
[JuiceWine] anonymous PE executable section .text at 0x17f3b0000 size=131072
[JuiceWine] anonymous PE executable section .text at 0x17dc40000 size=2031616
[JuiceWine] anonymous PE executable section .text at 0x17d700000 size=655360
[JuiceWine] anonymous PE executable section .text at 0x17d480000 size=327680
[JuiceWine] anonymous PE executable section .text at 0x17cf70000 size=589824
[JuiceWine] anonymous PE executable section .text at 0x17ce90000 size=65536
[JuiceWine] anonymous PE executable section .text at 0x17cb00000 size=655360
[JuiceWine] anonymous PE executable section .text at 0x17c990000 size=196608
[JuiceWine] anonymous PE executable section .text at 0x17c680000 size=524288
[JuiceWine] anonymous PE executable section .text at 0x17c590000 size=196608
[JuiceWine] anonymous PE executable section .text at 0x17c4a0000 size=65536
[JuiceWine] anonymous PE executable section .text at 0x17c3d0000 size=65536
DISPLAY_CLIENT_CONNECTED fd=7
[JuiceInput] display connected path=/var/mobile/Containers/Data/Application/31FD36ED-09D6-4C6D-B8F7-CD64EFFB7022/Documents/j.sock desktop=1024x768 dpi=96
DISPLAY_EVENT HELLO fd=7 pid=18311 desktop=1024x768 dpi=96
[JuiceInput] queue fd registered fd=18 tid=0x24
[JuiceDriver] ios init set driver create=0x105680e78 client_surface=0x1056819fc size=1216
[JuiceDriver] install prev=0x105929348 lazy=0x105929348 null=0x105951f10 candidate=0x14e008200 create=0x105680e78 installed=1
[JuiceDriver] direct-load status=00000000 driver=0x14e008200
0024:trace:vulkan:vulkan_init_once Host instance extensions:
0024:trace:vulkan:vulkan_init_once   - VK_KHR_device_group_creation
0024:trace:vulkan:vulkan_init_once   - VK_KHR_external_fence_capabilities
0024:trace:vulkan:vulkan_init_once   - VK_KHR_external_memory_capabilities
0024:trace:vulkan:vulkan_init_once   - VK_KHR_external_semaphore_capabilities
0024:trace:vulkan:vulkan_init_once   - VK_KHR_get_physical_device_properties2
0024:trace:vulkan:vulkan_init_once   - VK_KHR_get_surface_capabilities2
0024:trace:vulkan:vulkan_init_once   - VK_KHR_surface
0024:trace:vulkan:vulkan_init_once   - VK_KHR_surface_maintenance1
0024:warn:vulkan:vulkan_init_once Extension "VK_KHR_surface_protected_capabilities" is not supported.
0024:trace:vulkan:vulkan_init_once   - VK_EXT_debug_report
0024:trace:vulkan:vulkan_init_once   - VK_EXT_debug_utils
0024:trace:vulkan:vulkan_init_once   - VK_EXT_headless_surface
0024:trace:vulkan:vulkan_init_once   - VK_EXT_layer_settings
0024:trace:vulkan:vulkan_init_once   - VK_EXT_metal_surface
0024:trace:vulkan:vulkan_init_once   - VK_EXT_surface_maintenance1
0024:trace:vulkan:vulkan_init_once   - VK_EXT_swapchain_colorspace
0024:warn:vulkan:vulkan_init_once Extension "VK_MVK_ios_surface" is not supported.
0024:warn:vulkan:vulkan_init_once Extension "VK_MVK_moltenvk" is not supported.
JUICE_MOLTENVK_DRIVER_READY version=48 handle=0x5fe440
0024:trace:vulkan:convert_instance_create_info Enabling 3 host instance extensions
0024:trace:vulkan:convert_instance_create_info   - "VK_KHR_external_fence_capabilities"
0024:trace:vulkan:convert_instance_create_info   - "VK_KHR_external_semaphore_capabilities"
0024:trace:vulkan:convert_instance_create_info   - "VK_KHR_get_physical_device_properties2"
[mvk-info] MoltenVK version 1.4.2, supporting Vulkan version 1.4.357.
	The following 152 Vulkan extensions are supported:
	VK_KHR_16bit_storage v1
	VK_KHR_8bit_storage v1
	VK_KHR_bind_memory2 v1
	VK_KHR_buffer_device_address v1
	VK_KHR_calibrated_timestamps v1
	VK_KHR_copy_commands2 v1
	VK_KHR_create_renderpass2 v1
	VK_KHR_dedicated_allocation v3
	VK_KHR_deferred_host_operations v4
	VK_KHR_depth_stencil_resolve v1
	VK_KHR_descriptor_update_template v1
	VK_KHR_device_group v4
	VK_KHR_device_group_creation v1
	VK_KHR_driver_properties v1
	VK_KHR_dynamic_rendering v1
	VK_KHR_dynamic_rendering_local_read v1
	VK_KHR_external_fence v1
	VK_KHR_external_fence_capabilities v1
	VK_KHR_external_memory v1
	VK_KHR_external_memory_capabilities v1
	VK_KHR_external_semaphore v1
	VK_KHR_external_semaphore_capabilities v1
	VK_KHR_format_feature_flags2 v2
	VK_KHR_fragment_shader_barycentric v1
	VK_KHR_get_memory_requirements2 v1
	VK_KHR_get_physical_device_properties2 v2
	VK_KHR_get_surface_capabilities2 v1
	VK_KHR_global_priority v1
	VK_KHR_image_format_list v1
	VK_KHR_imageless_framebuffer v1
	VK_KHR_incremental_present v2
	VK_KHR_index_type_uint8 v1
	VK_KHR_line_rasterization v1
	VK_KHR_load_store_op_none v1
	VK_KHR_maintenance1 v2
	VK_KHR_maintenance2 v1
	VK_KHR_maintenance3 v1
	VK_KHR_maintenance4 v2
	VK_KHR_maintenance5 v1
	VK_KHR_maintenance6 v1
	VK_KHR_maintenance7 v1
	VK_KHR_maintenance8 v1
	VK_KHR_maintenance9 v1
	VK_KHR_map_memory2 v1
	VK_KHR_multiview v1
	VK_KHR_portability_subset v1
	VK_KHR_present_id v1
	VK_KHR_present_id2 v1
	VK_KHR_present_wait v1
	VK_KHR_present_wait2 v1
	VK_KHR_push_descriptor v2
	VK_KHR_relaxed_block_layout v1
	VK_KHR_robustness2 v1
	VK_KHR_sampler_mirror_clamp_to_edge v3
	VK_KHR_sampler_ycbcr_conversion v14
	VK_KHR_separate_depth_stencil_layouts v1
	VK_KHR_shader_draw_parameters v1
	VK_KHR_shader_expect_assume v1
	VK_KHR_shader_float_controls v4
	VK_KHR_shader_float_controls2 v1
	VK_KHR_shader_float16_int8 v1
	VK_KHR_shader_fma v1
	VK_KHR_shader_integer_dot_product v1
	VK_KHR_shader_maximal_reconvergence v1
	VK_KHR_shader_non_semantic_info v1
	VK_KHR_shader_quad_control v1
	VK_KHR_shader_relaxed_extended_instruction v1
	VK_KHR_shader_subgroup_extended_types v1
	VK_KHR_shader_subgroup_rotate v2
	VK_KHR_shader_subgroup_uniform_control_flow v1
	VK_KHR_shader_terminate_invocation v1
	VK_KHR_spirv_1_4 v1
	VK_KHR_storage_buffer_storage_class v1
	VK_KHR_surface v25
	VK_KHR_surface_maintenance1 v1
	VK_KHR_surface_protected_capabilities v1
	VK_KHR_swapchain v70
	VK_KHR_swapchain_maintenance1 v1
	VK_KHR_swapchain_mutable_format v1
	VK_KHR_synchronization2 v1
	VK_KHR_timeline_semaphore v2
	VK_KHR_uniform_buffer_standard_layout v1
	VK_KHR_variable_pointers v1
	VK_KHR_vertex_attribute_divisor v1
	VK_KHR_vulkan_memory_model v3
	VK_KHR_zero_initialize_workgroup_memory v1
	VK_EXT_4444_formats v1
	VK_EXT_buffer_device_address v2
	VK_EXT_calibrated_timestamps v2
	VK_EXT_debug_marker v4
	VK_EXT_debug_report v10
	VK_EXT_debug_utils v2
	VK_EXT_depth_clip_control v1
	VK_EXT_descriptor_indexing v2
	VK_EXT_extended_dynamic_state v1
	VK_EXT_extended_dynamic_state2 v1
	VK_EXT_extended_dynamic_state3 v2
	VK_EXT_external_memory_host v1
	VK_EXT_external_memory_metal v1
	VK_EXT_fragment_shader_interlock v1
	VK_EXT_global_priority v2
	VK_EXT_global_priority_query v1
	VK_EXT_headless_surface v1
	VK_EXT_host_image_copy v1
	VK_EXT_host_query_reset v1
	VK_EXT_image_2d_view_of_3d v1
	VK_EXT_image_robustness v1
	VK_EXT_index_type_uint8 v1
	VK_EXT_inline_uniform_block v1
	VK_EXT_layer_settings v2
	VK_EXT_legacy_dithering v2
	VK_EXT_line_rasterization v1
	VK_EXT_load_store_op_none v1
	VK_EXT_memory_budget v1
	VK_EXT_metal_objects v2
	VK_EXT_metal_surface v1
	VK_EXT_non_seamless_cube_map v1
	VK_EXT_pipeline_creation_cache_control v3
	VK_EXT_pipeline_creation_feedback v1
	VK_EXT_pipeline_robustness v1
	VK_EXT_post_depth_coverage v1
	VK_EXT_primitive_topology_list_restart v1
	VK_EXT_private_data v1
	VK_EXT_provoking_vertex v1
	VK_EXT_robustness2 v1
	VK_EXT_sample_locations v1
	VK_EXT_scalar_block_layout v1
	VK_EXT_separate_stencil_usage v1
	VK_EXT_shader_atomic_float v1
	VK_EXT_shader_demote_to_helper_invocation v1
	VK_EXT_shader_stencil_export v1
	VK_EXT_shader_subgroup_ballot v1
	VK_EXT_shader_subgroup_vote v1
	VK_EXT_shader_viewport_index_layer v1
	VK_EXT_subgroup_size_control v2
	VK_EXT_surface_maintenance1 v1
	VK_EXT_swapchain_colorspace v5
	VK_EXT_swapchain_maintenance1 v1
	VK_EXT_texel_buffer_alignment v1
	VK_EXT_texture_compression_astc_hdr v1
	VK_EXT_tooling_info v1
	VK_EXT_vertex_attribute_divisor v3
	VK_AMD_gpu_shader_half_float v2
	VK_AMD_negative_viewport_height v1
	VK_AMD_shader_image_load_store_lod v1
	VK_AMD_shader_trinary_minmax v1
	VK_GOOGLE_display_timing v1
	VK_IMG_format_pvrtc v1
	VK_INTEL_shader_integer_functions2 v1
	VK_MVK_ios_surface v3
	VK_MVK_moltenvk v37
	VK_NV_fragment_shader_barycentric v1
[mvk-info] GPU device:
	model: Apple A13 GPU
	type: Integrated
	vendorID: 0x106b
	deviceID: 0x10050006
	pipelineCacheUUID: DB660224-1005-0006-0000-000100000000
	GPU memory available: 1961 MB
	GPU memory used: 0 MB
	Metal Shading Language 3.0
	supports the following GPU Features:
		GPU Family Metal 3
		GPU Family Apple 6
		Read-Write Texture Tier 2
[mvk-info] Created VkInstance for Vulkan version 1.0.357, as requested by app, with the following 3 Vulkan extensions enabled:
	VK_KHR_external_fence_capabilities v1
	VK_KHR_external_semaphore_capabilities v1
	VK_KHR_get_physical_device_properties2 v2
0024:trace:vulkan:win32u_vkCreateInstance Instance proc vkCreateDebugReportCallbackEXT not found.
0024:trace:vulkan:win32u_vkCreateInstance Instance proc vkCreateDebugUtilsMessengerEXT not found.
0024:trace:vulkan:win32u_vkCreateInstance Instance proc vkCreateHeadlessSurfaceEXT not found.
0024:trace:vulkan:win32u_vkCreateInstance Instance proc vkCreateMacOSSurfaceMVK not found.
0024:trace:vulkan:win32u_vkCreateInstance Instance proc vkCreateMetalSurfaceEXT not found.
0024:trace:vulkan:win32u_vkCreateInstance Instance proc vkCreateWaylandSurfaceKHR not found.
0024:trace:vulkan:win32u_vkCreateInstance Instance proc vkCreateWin32SurfaceKHR not found.
0024:trace:vulkan:win32u_vkCreateInstance Instance proc vkCreateXlibSurfaceKHR not found.
0024:trace:vulkan:win32u_vkCreateInstance Instance proc vkDebugReportMessageEXT not found.
0024:trace:vulkan:win32u_vkCreateInstance Instance proc vkDestroyDebugReportCallbackEXT not found.
0024:trace:vulkan:win32u_vkCreateInstance Instance proc vkDestroyDebugUtilsMessengerEXT not found.
0024:trace:vulkan:win32u_vkCreateInstance Instance proc vkDestroySurfaceKHR not found.
0024:trace:vulkan:win32u_vkCreateInstance Instance proc vkEnumeratePhysicalDeviceGroups not found.
0024:trace:vulkan:win32u_vkCreateInstance Instance proc vkEnumeratePhysicalDeviceGroupsKHR not found.
0024:trace:vulkan:win32u_vkCreateInstance Instance proc vkEnumeratePhysicalDeviceQueueFamilyPerformanceCountersByRegionARM not found.
0024:trace:vulkan:win32u_vkCreateInstance Instance proc vkEnumeratePhysicalDeviceQueueFamilyPerformanceQueryCountersKHR not found.
0024:trace:vulkan:win32u_vkCreateInstance Instance proc vkEnumeratePhysicalDeviceShaderInstrumentationMetricsARM not found.
0024:trace:vulkan:win32u_vkCreateInstance Instance proc vkGetPhysicalDeviceCooperativeMatrixFlexibleDimensionsPropertiesNV not found.
0024:trace:vulkan:win32u_vkCreateInstance Instance proc vkGetPhysicalDeviceCooperativeMatrixPropertiesKHR not found.
0024:trace:vulkan:win32u_vkCreateInstance Instance proc vkGetPhysicalDeviceCooperativeMatrixPropertiesNV not found.
0024:trace:vulkan:win32u_vkCreateInstance Instance proc vkGetPhysicalDeviceCooperativeVectorPropertiesNV not found.
0024:trace:vulkan:win32u_vkCreateInstance Instance proc vkGetPhysicalDeviceDescriptorSizeEXT not found.
0024:trace:vulkan:win32u_vkCreateInstance Instance proc vkGetPhysicalDeviceExternalBufferProperties not found.
0024:trace:vulkan:win32u_vkCreateInstance Instance proc vkGetPhysicalDeviceExternalBufferPropertiesKHR not found.
0024:trace:vulkan:win32u_vkCreateInstance Instance proc vkGetPhysicalDeviceExternalFenceProperties not found.
0024:trace:vulkan:win32u_vkCreateInstance Instance proc vkGetPhysicalDeviceExternalSemaphoreProperties not found.
0024:trace:vulkan:win32u_vkCreateInstance Instance proc vkGetPhysicalDeviceExternalTensorPropertiesARM not found.
0024:trace:vulkan:win32u_vkCreateInstance Instance proc vkGetPhysicalDeviceFeatures2 not found.
0024:trace:vulkan:win32u_vkCreateInstance Instance proc vkGetPhysicalDeviceFormatProperties2 not found.
0024:trace:vulkan:win32u_vkCreateInstance Instance proc vkGetPhysicalDeviceFragmentShadingRatesKHR not found.
0024:trace:vulkan:win32u_vkCreateInstance Instance proc vkGetPhysicalDeviceImageFormatProperties2 not found.
0024:trace:vulkan:win32u_vkCreateInstance Instance proc vkGetPhysicalDeviceMemoryProperties2 not found.
0024:trace:vulkan:win32u_vkCreateInstance Instance proc vkGetPhysicalDeviceOpticalFlowImageFormatsNV not found.
0024:trace:vulkan:win32u_vkCreateInstance Instance proc vkGetPhysicalDevicePresentRectanglesKHR not found.
0024:trace:vulkan:win32u_vkCreateInstance Instance proc vkGetPhysicalDeviceProperties2 not found.
0024:trace:vulkan:win32u_vkCreateInstance Instance proc vkGetPhysicalDeviceQueueFamilyDataGraphEngineOperationPropertiesARM not found.
0024:trace:vulkan:win32u_vkCreateInstance Instance proc vkGetPhysicalDeviceQueueFamilyDataGraphOpticalFlowImageFormatsARM not found.
0024:trace:vulkan:win32u_vkCreateInstance Instance proc vkGetPhysicalDeviceQueueFamilyDataGraphProcessingEnginePropertiesARM not found.
0024:trace:vulkan:win32u_vkCreateInstance Instance proc vkGetPhysicalDeviceQueueFamilyDataGraphPropertiesARM not found.
0024:trace:vulkan:win32u_vkCreateInstance Instance proc vkGetPhysicalDeviceQueueFamilyPerformanceQueryPassesKHR not found.
0024:trace:vulkan:win32u_vkCreateInstance Instance proc vkGetPhysicalDeviceQueueFamilyProperties2 not found.
0024:trace:vulkan:win32u_vkCreateInstance Instance proc vkGetPhysicalDeviceSparseImageFormatProperties2 not found.
0024:trace:vulkan:win32u_vkCreateInstance Instance proc vkGetPhysicalDeviceSupportedFramebufferMixedSamplesCombinationsNV not found.
0024:trace:vulkan:win32u_vkCreateInstance Instance proc vkGetPhysicalDeviceSurfaceCapabilities2KHR not found.
0024:trace:vulkan:win32u_vkCreateInstance Instance proc vkGetPhysicalDeviceSurfaceCapabilitiesKHR not found.
0024:trace:vulkan:win32u_vkCreateInstance Instance proc vkGetPhysicalDeviceSurfaceFormats2KHR not found.
0024:trace:vulkan:win32u_vkCreateInstance Instance proc vkGetPhysicalDeviceSurfaceFormatsKHR not found.
0024:trace:vulkan:win32u_vkCreateInstance Instance proc vkGetPhysicalDeviceSurfacePresentModesKHR not found.
0024:trace:vulkan:win32u_vkCreateInstance Instance proc vkGetPhysicalDeviceSurfaceSupportKHR not found.
0024:trace:vulkan:win32u_vkCreateInstance Instance proc vkGetPhysicalDeviceToolProperties not found.
0024:trace:vulkan:win32u_vkCreateInstance Instance proc vkGetPhysicalDeviceVideoCapabilitiesKHR not found.
0024:trace:vulkan:win32u_vkCreateInstance Instance proc vkGetPhysicalDeviceVideoEncodeQualityLevelPropertiesKHR not found.
0024:trace:vulkan:win32u_vkCreateInstance Instance proc vkGetPhysicalDeviceVideoFormatPropertiesKHR not found.
0024:trace:vulkan:win32u_vkCreateInstance Instance proc vkGetPhysicalDeviceWaylandPresentationSupportKHR not found.
0024:trace:vulkan:win32u_vkCreateInstance Instance proc vkGetPhysicalDeviceWin32PresentationSupportKHR not found.
0024:trace:vulkan:win32u_vkCreateInstance Instance proc vkGetPhysicalDeviceXlibPresentationSupportKHR not found.
0024:trace:vulkan:win32u_vkCreateInstance Instance proc vkSubmitDebugUtilsMessageEXT not found.
0024:trace:vulkan:init_physical_device Host physical device extensions:
0024:trace:vulkan:init_physical_device   - VK_KHR_16bit_storage
0024:trace:vulkan:init_physical_device   - VK_KHR_8bit_storage
0024:trace:vulkan:init_physical_device   - VK_KHR_bind_memory2
0024:trace:vulkan:init_physical_device   - VK_KHR_buffer_device_address
0024:trace:vulkan:init_physical_device   - VK_KHR_calibrated_timestamps
0024:trace:vulkan:init_physical_device   - VK_KHR_copy_commands2
0024:trace:vulkan:init_physical_device   - VK_KHR_create_renderpass2
0024:trace:vulkan:init_physical_device   - VK_KHR_dedicated_allocation
0024:trace:vulkan:init_physical_device   - VK_KHR_deferred_host_operations
0024:trace:vulkan:init_physical_device   - VK_KHR_depth_stencil_resolve
0024:trace:vulkan:init_physical_device   - VK_KHR_descriptor_update_template
0024:trace:vulkan:init_physical_device   - VK_KHR_device_group
0024:trace:vulkan:init_physical_device   - VK_KHR_driver_properties
0024:trace:vulkan:init_physical_device   - VK_KHR_dynamic_rendering
0024:trace:vulkan:init_physical_device   - VK_KHR_dynamic_rendering_local_read
0024:trace:vulkan:init_physical_device   - VK_KHR_external_fence
0024:trace:vulkan:init_physical_device   - VK_KHR_external_memory
0024:trace:vulkan:init_physical_device   - VK_KHR_external_semaphore
0024:trace:vulkan:init_physical_device   - VK_KHR_format_feature_flags2
0024:trace:vulkan:init_physical_device   - VK_KHR_get_memory_requirements2
0024:trace:vulkan:init_physical_device   - VK_KHR_global_priority
0024:trace:vulkan:init_physical_device   - VK_KHR_image_format_list
0024:trace:vulkan:init_physical_device   - VK_KHR_imageless_framebuffer
0024:trace:vulkan:init_physical_device   - VK_KHR_incremental_present
0024:trace:vulkan:init_physical_device   - VK_KHR_index_type_uint8
0024:trace:vulkan:init_physical_device   - VK_KHR_line_rasterization
0024:trace:vulkan:init_physical_device   - VK_KHR_load_store_op_none
0024:trace:vulkan:init_physical_device   - VK_KHR_maintenance1
0024:trace:vulkan:init_physical_device   - VK_KHR_maintenance2
0024:trace:vulkan:init_physical_device   - VK_KHR_maintenance3
0024:trace:vulkan:init_physical_device   - VK_KHR_maintenance4
0024:trace:vulkan:init_physical_device   - VK_KHR_maintenance5
0024:trace:vulkan:init_physical_device   - VK_KHR_maintenance6
0024:trace:vulkan:init_physical_device   - VK_KHR_maintenance7
0024:trace:vulkan:init_physical_device   - VK_KHR_maintenance8
0024:trace:vulkan:init_physical_device   - VK_KHR_maintenance9
0024:trace:vulkan:init_physical_device   - VK_KHR_map_memory2
0024:trace:vulkan:init_physical_device   - VK_KHR_multiview
0024:warn:vulkan:init_physical_device Extension "VK_KHR_portability_subset" is not supported.
0024:trace:vulkan:init_physical_device   - VK_KHR_present_id
0024:trace:vulkan:init_physical_device   - VK_KHR_present_id2
0024:trace:vulkan:init_physical_device   - VK_KHR_present_wait
0024:trace:vulkan:init_physical_device   - VK_KHR_present_wait2
0024:trace:vulkan:init_physical_device   - VK_KHR_push_descriptor
0024:trace:vulkan:init_physical_device   - VK_KHR_relaxed_block_layout
0024:trace:vulkan:init_physical_device   - VK_KHR_robustness2
0024:trace:vulkan:init_physical_device   - VK_KHR_sampler_ycbcr_conversion
0024:trace:vulkan:init_physical_device   - VK_KHR_separate_depth_stencil_layouts
0024:trace:vulkan:init_physical_device   - VK_KHR_shader_draw_parameters
0024:trace:vulkan:init_physical_device   - VK_KHR_shader_expect_assume
0024:trace:vulkan:init_physical_device   - VK_KHR_shader_float_controls
0024:trace:vulkan:init_physical_device   - VK_KHR_shader_float_controls2
0024:trace:vulkan:init_physical_device   - VK_KHR_shader_float16_int8
0024:trace:vulkan:init_physical_device   - VK_KHR_shader_fma
0024:trace:vulkan:init_physical_device   - VK_KHR_shader_integer_dot_product
0024:trace:vulkan:init_physical_device   - VK_KHR_shader_maximal_reconvergence
0024:trace:vulkan:init_physical_device   - VK_KHR_shader_non_semantic_info
0024:trace:vulkan:init_physical_device   - VK_KHR_shader_relaxed_extended_instruction
0024:trace:vulkan:init_physical_device   - VK_KHR_shader_subgroup_extended_types
0024:trace:vulkan:init_physical_device   - VK_KHR_shader_subgroup_rotate
0024:trace:vulkan:init_physical_device   - VK_KHR_shader_subgroup_uniform_control_flow
0024:trace:vulkan:init_physical_device   - VK_KHR_shader_terminate_invocation
0024:trace:vulkan:init_physical_device   - VK_KHR_spirv_1_4
0024:trace:vulkan:init_physical_device   - VK_KHR_storage_buffer_storage_class
0024:trace:vulkan:init_physical_device   - VK_KHR_swapchain
0024:trace:vulkan:init_physical_device   - VK_KHR_swapchain_maintenance1
0024:trace:vulkan:init_physical_device   - VK_KHR_swapchain_mutable_format
0024:trace:vulkan:init_physical_device   - VK_KHR_synchronization2
0024:trace:vulkan:init_physical_device   - VK_KHR_timeline_semaphore
0024:trace:vulkan:init_physical_device   - VK_KHR_uniform_buffer_standard_layout
0024:trace:vulkan:init_physical_device   - VK_KHR_variable_pointers
0024:trace:vulkan:init_physical_device   - VK_KHR_vertex_attribute_divisor
0024:trace:vulkan:init_physical_device   - VK_KHR_vulkan_memory_model
0024:trace:vulkan:init_physical_device   - VK_KHR_zero_initialize_workgroup_memory
0024:trace:vulkan:init_physical_device   - VK_EXT_4444_formats
0024:trace:vulkan:init_physical_device   - VK_EXT_buffer_device_address
0024:trace:vulkan:init_physical_device   - VK_EXT_calibrated_timestamps
0024:trace:vulkan:init_physical_device   - VK_EXT_debug_marker
0024:trace:vulkan:init_physical_device   - VK_EXT_depth_clip_control
0024:trace:vulkan:init_physical_device   - VK_EXT_descriptor_indexing
0024:trace:vulkan:init_physical_device   - VK_EXT_extended_dynamic_state
0024:trace:vulkan:init_physical_device   - VK_EXT_extended_dynamic_state2
0024:trace:vulkan:init_physical_device   - VK_EXT_extended_dynamic_state3
0024:trace:vulkan:init_physical_device   - VK_EXT_external_memory_host
0024:trace:vulkan:init_physical_device   - VK_EXT_external_memory_metal
0024:trace:vulkan:init_physical_device   - VK_EXT_fragment_shader_interlock
0024:trace:vulkan:init_physical_device   - VK_EXT_global_priority
0024:trace:vulkan:init_physical_device   - VK_EXT_global_priority_query
0024:trace:vulkan:init_physical_device   - VK_EXT_host_image_copy
0024:trace:vulkan:init_physical_device   - VK_EXT_host_query_reset
0024:trace:vulkan:init_physical_device   - VK_EXT_image_2d_view_of_3d
0024:trace:vulkan:init_physical_device   - VK_EXT_image_robustness
0024:trace:vulkan:init_physical_device   - VK_EXT_index_type_uint8
0024:trace:vulkan:init_physical_device   - VK_EXT_inline_uniform_block
0024:trace:vulkan:init_physical_device   - VK_EXT_line_rasterization
0024:trace:vulkan:init_physical_device   - VK_EXT_load_store_op_none
0024:trace:vulkan:init_physical_device   - VK_EXT_memory_budget
0024:warn:vulkan:init_physical_device Extension "VK_EXT_metal_objects" is not supported.
0024:trace:vulkan:init_physical_device   - VK_EXT_pipeline_creation_cache_control
0024:trace:vulkan:init_physical_device   - VK_EXT_pipeline_creation_feedback
0024:trace:vulkan:init_physical_device   - VK_EXT_pipeline_robustness
0024:trace:vulkan:init_physical_device   - VK_EXT_post_depth_coverage
0024:trace:vulkan:init_physical_device   - VK_EXT_private_data
0024:trace:vulkan:init_physical_device   - VK_EXT_robustness2
0024:trace:vulkan:init_physical_device   - VK_EXT_sample_locations
0024:trace:vulkan:init_physical_device   - VK_EXT_scalar_block_layout
0024:trace:vulkan:init_physical_device   - VK_EXT_separate_stencil_usage
0024:trace:vulkan:init_physical_device   - VK_EXT_shader_atomic_float
0024:trace:vulkan:init_physical_device   - VK_EXT_shader_demote_to_helper_invocation
0024:trace:vulkan:init_physical_device   - VK_EXT_shader_stencil_export
0024:trace:vulkan:init_physical_device   - VK_EXT_shader_subgroup_ballot
0024:trace:vulkan:init_physical_device   - VK_EXT_shader_subgroup_vote
0024:trace:vulkan:init_physical_device   - VK_EXT_shader_viewport_index_layer
0024:trace:vulkan:init_physical_device   - VK_EXT_subgroup_size_control
0024:trace:vulkan:init_physical_device   - VK_EXT_swapchain_maintenance1
0024:trace:vulkan:init_physical_device   - VK_EXT_texel_buffer_alignment
0024:trace:vulkan:init_physical_device   - VK_EXT_texture_compression_astc_hdr
0024:trace:vulkan:init_physical_device   - VK_EXT_tooling_info
0024:trace:vulkan:init_physical_device   - VK_EXT_vertex_attribute_divisor
0024:trace:vulkan:init_physical_device   - VK_AMD_gpu_shader_half_float
0024:trace:vulkan:init_physical_device   - VK_AMD_negative_viewport_height
0024:trace:vulkan:init_physical_device   - VK_AMD_shader_image_load_store_lod
0024:trace:vulkan:init_physical_device   - VK_AMD_shader_trinary_minmax
0024:warn:vulkan:init_physical_device Extension "VK_GOOGLE_display_timing" is not supported.
0024:trace:vulkan:init_physical_device   - VK_IMG_format_pvrtc
0024:trace:vulkan:init_physical_device   - VK_INTEL_shader_integer_functions2
0024:trace:vulkan:win32u_vkCreateInstance Created instance 0x14f810800, host_instance 0x14f80f018.
[JuiceWine] anonymous PE executable section .text at 0x17c2a0000 size=131072
[JuiceX18] derived #1 pc=0x17fc4e754 fault=0x1258 instr=79000268 base=x19 value=0x1258 fixed=0x17ffd9258 teb=0x17ffd8000
[JuiceX18] derived #2 pc=0x17fc4e754 fault=0x1258 instr=79000268 base=x19 value=0x1258 fixed=0x17ffd9258 teb=0x17ffd8000
[JuiceX18] derived #3 pc=0x17fc4e754 fault=0x1258 instr=79000268 base=x19 value=0x1258 fixed=0x17ffd9258 teb=0x17ffd8000
0024:trace:d3d12:D3D12CreateDevice adapter 0000000000000000, minimum_feature_level 0xb000, iid {189819f1-1db6-4b57-be54-1821339b85f7}, device 0000000104FFFFB8.
[JuiceWine] anonymous PE executable section .text at 0x17c310000 size=65536
[JuiceWine] anonymous PE executable section .text at 0x17c0b0000 size=131072
0024:trace:vulkan:DllMain 000000017C0A0000, 1, 0000000000000000
0024:trace:dxgi:CreateDXGIFactory2 flags 0, iid {1bc6ea02-ef36-464f-bf0c-21ca39e5168a}, factory 0000000104FFF6F8.
0024:trace:vulkan:vkGetInstanceProcAddr 0000000000000000, "vkCreateInstance"
0024:trace:vulkan:wine_vk_get_global_proc_addr Found name="vkCreateInstance" in global table
0024:trace:vulkan:vkGetInstanceProcAddr 0000000000000000, "vkEnumerateInstanceVersion"
0024:trace:vulkan:wine_vk_get_global_proc_addr Found name="vkEnumerateInstanceVersion" in global table
0024:trace:vulkan:vkEnumerateInstanceVersion 0000000104FFEDEC
0024:trace:vulkan:thunk64_vkEnumerateInstanceVersion 0x104ffedec
0024:trace:vulkan:wine_vkEnumerateInstanceVersion API version 1.4.357.
0024:trace:vulkan:vkGetInstanceProcAddr 0000000000000000, "vkEnumerateInstanceExtensionProperties"
0024:trace:vulkan:wine_vk_get_global_proc_addr Found name="vkEnumerateInstanceExtensionProperties" in global table
0024:trace:vulkan:vkEnumerateInstanceExtensionProperties 0000000000000000, 0000000104FFEE8C, 0000000000000000
0024:trace:vulkan:thunk64_vkEnumerateInstanceExtensionProperties 0x0, 0x104ffecdc, 0x0
0024:trace:vulkan:thunk64_vkEnumerateInstanceExtensionProperties 0x0, 0x104ffecdc, 0x107cc2720
0024:trace:vulkan:vkEnumerateInstanceExtensionProperties Client instance extensions:
0024:trace:vulkan:vkEnumerateInstanceExtensionProperties   - VK_KHR_device_group_creation
0024:trace:vulkan:vkEnumerateInstanceExtensionProperties   - VK_KHR_external_fence_capabilities
0024:trace:vulkan:vkEnumerateInstanceExtensionProperties   - VK_KHR_external_memory_capabilities
0024:trace:vulkan:vkEnumerateInstanceExtensionProperties   - VK_KHR_external_semaphore_capabilities
0024:trace:vulkan:vkEnumerateInstanceExtensionProperties   - VK_KHR_get_physical_device_properties2
0024:trace:vulkan:vkEnumerateInstanceExtensionProperties   - VK_KHR_get_surface_capabilities2
0024:trace:vulkan:vkEnumerateInstanceExtensionProperties   - VK_KHR_surface
0024:trace:vulkan:vkEnumerateInstanceExtensionProperties   - VK_KHR_surface_maintenance1
0024:warn:vulkan:is_instance_extension_supported Extension "VK_KHR_surface_protected_capabilities" is not supported.
0024:trace:vulkan:vkEnumerateInstanceExtensionProperties   - VK_EXT_debug_report
0024:trace:vulkan:vkEnumerateInstanceExtensionProperties   - VK_EXT_debug_utils
0024:warn:vulkan:is_instance_extension_supported Extension "VK_EXT_headless_surface" is not supported.
0024:trace:vulkan:vkEnumerateInstanceExtensionProperties   - VK_EXT_layer_settings
0024:warn:vulkan:is_instance_extension_supported Extension "VK_EXT_metal_surface" is not supported.
0024:trace:vulkan:vkEnumerateInstanceExtensionProperties   - VK_EXT_surface_maintenance1
0024:trace:vulkan:vkEnumerateInstanceExtensionProperties   - VK_EXT_swapchain_colorspace
0024:warn:vulkan:is_instance_extension_supported Extension "VK_MVK_ios_surface" is not supported.
0024:warn:vulkan:is_instance_extension_supported Extension "VK_MVK_moltenvk" is not supported.
0024:trace:vulkan:vkEnumerateInstanceExtensionProperties   - VK_KHR_win32_surface
0024:trace:vulkan:vkEnumerateInstanceExtensionProperties 0000000000000000, 0000000104FFEE8C, 0000000107CC2720
0024:trace:vulkan:thunk64_vkEnumerateInstanceExtensionProperties 0x0, 0x104ffecdc, 0x0
0024:trace:vulkan:thunk64_vkEnumerateInstanceExtensionProperties 0x0, 0x104ffecdc, 0x107cc3560
0024:trace:vulkan:vkEnumerateInstanceExtensionProperties Client instance extensions:
0024:trace:vulkan:vkEnumerateInstanceExtensionProperties   - VK_KHR_device_group_creation
0024:trace:vulkan:vkEnumerateInstanceExtensionProperties   - VK_KHR_external_fence_capabilities
0024:trace:vulkan:vkEnumerateInstanceExtensionProperties   - VK_KHR_external_memory_capabilities
0024:trace:vulkan:vkEnumerateInstanceExtensionProperties   - VK_KHR_external_semaphore_capabilities
0024:trace:vulkan:vkEnumerateInstanceExtensionProperties   - VK_KHR_get_physical_device_properties2
0024:trace:vulkan:vkEnumerateInstanceExtensionProperties   - VK_KHR_get_surface_capabilities2
0024:trace:vulkan:vkEnumerateInstanceExtensionProperties   - VK_KHR_surface
0024:trace:vulkan:vkEnumerateInstanceExtensionProperties   - VK_KHR_surface_maintenance1
0024:warn:vulkan:is_instance_extension_supported Extension "VK_KHR_surface_protected_capabilities" is not supported.
0024:trace:vulkan:vkEnumerateInstanceExtensionProperties   - VK_EXT_debug_report
0024:trace:vulkan:vkEnumerateInstanceExtensionProperties   - VK_EXT_debug_utils
0024:warn:vulkan:is_instance_extension_supported Extension "VK_EXT_headless_surface" is not supported.
0024:trace:vulkan:vkEnumerateInstanceExtensionProperties   - VK_EXT_layer_settings
0024:warn:vulkan:is_instance_extension_supported Extension "VK_EXT_metal_surface" is not supported.
0024:trace:vulkan:vkEnumerateInstanceExtensionProperties   - VK_EXT_surface_maintenance1
0024:trace:vulkan:vkEnumerateInstanceExtensionProperties   - VK_EXT_swapchain_colorspace
0024:warn:vulkan:is_instance_extension_supported Extension "VK_MVK_ios_surface" is not supported.
0024:warn:vulkan:is_instance_extension_supported Extension "VK_MVK_moltenvk" is not supported.
0024:trace:vulkan:vkEnumerateInstanceExtensionProperties   - VK_KHR_win32_surface
0024:trace:vulkan:vkCreateInstance create_info 0000000104FFEE20, allocator 0000000000000000, instance 0000000104FFEE60
0024:trace:vulkan:vkCreateInstance Application name "juice-d3d12-smoke.exe", application version 0.
0024:trace:vulkan:vkCreateInstance Engine name "Damavand", engine version 0x2c0d000.
0024:trace:vulkan:vkCreateInstance API version 0x401000.
0024:trace:vulkan:vkCreateInstance Enabling 2 client instance extensions
0024:trace:vulkan:vkCreateInstance   - VK_KHR_surface
0024:trace:vulkan:vkCreateInstance   - VK_KHR_win32_surface
0024:trace:vulkan:thunk64_vkCreateInstance 0x104ffee20, 0x0, 0x104ffee60
0024:trace:vulkan:convert_instance_create_info Enabling 4 host instance extensions
0024:trace:vulkan:convert_instance_create_info   - "VK_KHR_external_semaphore_capabilities"
0024:trace:vulkan:convert_instance_create_info   - "VK_KHR_get_physical_device_properties2"
0024:trace:vulkan:convert_instance_create_info   - "VK_KHR_surface"
0024:trace:vulkan:convert_instance_create_info   - "VK_EXT_metal_surface"
[mvk-info] MoltenVK version 1.4.2, supporting Vulkan version 1.4.357.
	The following 152 Vulkan extensions are supported:
	VK_KHR_16bit_storage v1
	VK_KHR_8bit_storage v1
	VK_KHR_bind_memory2 v1
	VK_KHR_buffer_device_address v1
	VK_KHR_calibrated_timestamps v1
	VK_KHR_copy_commands2 v1
	VK_KHR_create_renderpass2 v1
	VK_KHR_dedicated_allocation v3
	VK_KHR_deferred_host_operations v4
	VK_KHR_depth_stencil_resolve v1
	VK_KHR_descriptor_update_template v1
	VK_KHR_device_group v4
	VK_KHR_device_group_creation v1
	VK_KHR_driver_properties v1
	VK_KHR_dynamic_rendering v1
	VK_KHR_dynamic_rendering_local_read v1
	VK_KHR_external_fence v1
	VK_KHR_external_fence_capabilities v1
	VK_KHR_external_memory v1
	VK_KHR_external_memory_capabilities v1
	VK_KHR_external_semaphore v1
	VK_KHR_external_semaphore_capabilities v1
	VK_KHR_format_feature_flags2 v2
	VK_KHR_fragment_shader_barycentric v1
	VK_KHR_get_memory_requirements2 v1
	VK_KHR_get_physical_device_properties2 v2
	VK_KHR_get_surface_capabilities2 v1
	VK_KHR_global_priority v1
	VK_KHR_image_format_list v1
	VK_KHR_imageless_framebuffer v1
	VK_KHR_incremental_present v2
	VK_KHR_index_type_uint8 v1
	VK_KHR_line_rasterization v1
	VK_KHR_load_store_op_none v1
	VK_KHR_maintenance1 v2
	VK_KHR_maintenance2 v1
	VK_KHR_maintenance3 v1
	VK_KHR_maintenance4 v2
	VK_KHR_maintenance5 v1
	VK_KHR_maintenance6 v1
	VK_KHR_maintenance7 v1
	VK_KHR_maintenance8 v1
	VK_KHR_maintenance9 v1
	VK_KHR_map_memory2 v1
	VK_KHR_multiview v1
	VK_KHR_portability_subset v1
	VK_KHR_present_id v1
	VK_KHR_present_id2 v1
	VK_KHR_present_wait v1
	VK_KHR_present_wait2 v1
	VK_KHR_push_descriptor v2
	VK_KHR_relaxed_block_layout v1
	VK_KHR_robustness2 v1
	VK_KHR_sampler_mirror_clamp_to_edge v3
	VK_KHR_sampler_ycbcr_conversion v14
	VK_KHR_separate_depth_stencil_layouts v1
	VK_KHR_shader_draw_parameters v1
	VK_KHR_shader_expect_assume v1
	VK_KHR_shader_float_controls v4
	VK_KHR_shader_float_controls2 v1
	VK_KHR_shader_float16_int8 v1
	VK_KHR_shader_fma v1
	VK_KHR_shader_integer_dot_product v1
	VK_KHR_shader_maximal_reconvergence v1
	VK_KHR_shader_non_semantic_info v1
	VK_KHR_shader_quad_control v1
	VK_KHR_shader_relaxed_extended_instruction v1
	VK_KHR_shader_subgroup_extended_types v1
	VK_KHR_shader_subgroup_rotate v2
	VK_KHR_shader_subgroup_uniform_control_flow v1
	VK_KHR_shader_terminate_invocation v1
	VK_KHR_spirv_1_4 v1
	VK_KHR_storage_buffer_storage_class v1
	VK_KHR_surface v25
	VK_KHR_surface_maintenance1 v1
	VK_KHR_surface_protected_capabilities v1
	VK_KHR_swapchain v70
	VK_KHR_swapchain_maintenance1 v1
	VK_KHR_swapchain_mutable_format v1
	VK_KHR_synchronization2 v1
	VK_KHR_timeline_semaphore v2
	VK_KHR_uniform_buffer_standard_layout v1
	VK_KHR_variable_pointers v1
	VK_KHR_vertex_attribute_divisor v1
	VK_KHR_vulkan_memory_model v3
	VK_KHR_zero_initialize_workgroup_memory v1
	VK_EXT_4444_formats v1
	VK_EXT_buffer_device_address v2
	VK_EXT_calibrated_timestamps v2
	VK_EXT_debug_marker v4
	VK_EXT_debug_report v10
	VK_EXT_debug_utils v2
	VK_EXT_depth_clip_control v1
	VK_EXT_descriptor_indexing v2
	VK_EXT_extended_dynamic_state v1
	VK_EXT_extended_dynamic_state2 v1
	VK_EXT_extended_dynamic_state3 v2
	VK_EXT_external_memory_host v1
	VK_EXT_external_memory_metal v1
	VK_EXT_fragment_shader_interlock v1
	VK_EXT_global_priority v2
	VK_EXT_global_priority_query v1
	VK_EXT_headless_surface v1
	VK_EXT_host_image_copy v1
	VK_EXT_host_query_reset v1
	VK_EXT_image_2d_view_of_3d v1
	VK_EXT_image_robustness v1
	VK_EXT_index_type_uint8 v1
	VK_EXT_inline_uniform_block v1
	VK_EXT_layer_settings v2
	VK_EXT_legacy_dithering v2
	VK_EXT_line_rasterization v1
	VK_EXT_load_store_op_none v1
	VK_EXT_memory_budget v1
	VK_EXT_metal_objects v2
	VK_EXT_metal_surface v1
	VK_EXT_non_seamless_cube_map v1
	VK_EXT_pipeline_creation_cache_control v3
	VK_EXT_pipeline_creation_feedback v1
	VK_EXT_pipeline_robustness v1
	VK_EXT_post_depth_coverage v1
	VK_EXT_primitive_topology_list_restart v1
	VK_EXT_private_data v1
	VK_EXT_provoking_vertex v1
	VK_EXT_robustness2 v1
	VK_EXT_sample_locations v1
	VK_EXT_scalar_block_layout v1
	VK_EXT_separate_stencil_usage v1
	VK_EXT_shader_atomic_float v1
	VK_EXT_shader_demote_to_helper_invocation v1
	VK_EXT_shader_stencil_export v1
	VK_EXT_shader_subgroup_ballot v1
	VK_EXT_shader_subgroup_vote v1
	VK_EXT_shader_viewport_index_layer v1
	VK_EXT_subgroup_size_control v2
	VK_EXT_surface_maintenance1 v1
	VK_EXT_swapchain_colorspace v5
	VK_EXT_swapchain_maintenance1 v1
	VK_EXT_texel_buffer_alignment v1
	VK_EXT_texture_compression_astc_hdr v1
	VK_EXT_tooling_info v1
	VK_EXT_vertex_attribute_divisor v3
	VK_AMD_gpu_shader_half_float v2
	VK_AMD_negative_viewport_height v1
	VK_AMD_shader_image_load_store_lod v1
	VK_AMD_shader_trinary_minmax v1
	VK_GOOGLE_display_timing v1
	VK_IMG_format_pvrtc v1
	VK_INTEL_shader_integer_functions2 v1
	VK_MVK_ios_surface v3
	VK_MVK_moltenvk v37
	VK_NV_fragment_shader_barycentric v1
[mvk-info] GPU device:
	model: Apple A13 GPU
	type: Integrated
	vendorID: 0x106b
	deviceID: 0x10050006
	pipelineCacheUUID: DB660224-1005-0006-0000-000100000000
	GPU memory available: 1961 MB
	GPU memory used: 0 MB
	Metal Shading Language 3.0
	supports the following GPU Features:
		GPU Family Metal 3
		GPU Family Apple 6
		Read-Write Texture Tier 2
[mvk-info] Created VkInstance for Vulkan version 1.1.357, as requested by app, with the following 4 Vulkan extensions enabled:
	VK_KHR_external_semaphore_capabilities v1
	VK_KHR_get_physical_device_properties2 v2
	VK_KHR_surface v25
	VK_EXT_metal_surface v1
0024:trace:vulkan:win32u_vkCreateInstance Instance proc vkCreateDebugReportCallbackEXT not found.
0024:trace:vulkan:win32u_vkCreateInstance Instance proc vkCreateDebugUtilsMessengerEXT not found.
0024:trace:vulkan:win32u_vkCreateInstance Instance proc vkCreateHeadlessSurfaceEXT not found.
0024:trace:vulkan:win32u_vkCreateInstance Instance proc vkCreateMacOSSurfaceMVK not found.
0024:trace:vulkan:win32u_vkCreateInstance Instance proc vkCreateWaylandSurfaceKHR not found.
0024:trace:vulkan:win32u_vkCreateInstance Instance proc vkCreateWin32SurfaceKHR not found.
0024:trace:vulkan:win32u_vkCreateInstance Instance proc vkCreateXlibSurfaceKHR not found.
0024:trace:vulkan:win32u_vkCreateInstance Instance proc vkDebugReportMessageEXT not found.
0024:trace:vulkan:win32u_vkCreateInstance Instance proc vkDestroyDebugReportCallbackEXT not found.
0024:trace:vulkan:win32u_vkCreateInstance Instance proc vkDestroyDebugUtilsMessengerEXT not found.
0024:trace:vulkan:win32u_vkCreateInstance Instance proc vkEnumeratePhysicalDeviceGroupsKHR not found.
0024:trace:vulkan:win32u_vkCreateInstance Instance proc vkEnumeratePhysicalDeviceQueueFamilyPerformanceCountersByRegionARM not found.
0024:trace:vulkan:win32u_vkCreateInstance Instance proc vkEnumeratePhysicalDeviceQueueFamilyPerformanceQueryCountersKHR not found.
0024:trace:vulkan:win32u_vkCreateInstance Instance proc vkEnumeratePhysicalDeviceShaderInstrumentationMetricsARM not found.
0024:trace:vulkan:win32u_vkCreateInstance Instance proc vkGetPhysicalDeviceCooperativeMatrixFlexibleDimensionsPropertiesNV not found.
0024:trace:vulkan:win32u_vkCreateInstance Instance proc vkGetPhysicalDeviceCooperativeMatrixPropertiesKHR not found.
0024:trace:vulkan:win32u_vkCreateInstance Instance proc vkGetPhysicalDeviceCooperativeMatrixPropertiesNV not found.
0024:trace:vulkan:win32u_vkCreateInstance Instance proc vkGetPhysicalDeviceCooperativeVectorPropertiesNV not found.
0024:trace:vulkan:win32u_vkCreateInstance Instance proc vkGetPhysicalDeviceDescriptorSizeEXT not found.
0024:trace:vulkan:win32u_vkCreateInstance Instance proc vkGetPhysicalDeviceExternalBufferPropertiesKHR not found.
0024:trace:vulkan:win32u_vkCreateInstance Instance proc vkGetPhysicalDeviceExternalFencePropertiesKHR not found.
0024:trace:vulkan:win32u_vkCreateInstance Instance proc vkGetPhysicalDeviceExternalTensorPropertiesARM not found.
0024:trace:vulkan:win32u_vkCreateInstance Instance proc vkGetPhysicalDeviceFragmentShadingRatesKHR not found.
0024:trace:vulkan:win32u_vkCreateInstance Instance proc vkGetPhysicalDeviceOpticalFlowImageFormatsNV not found.
0024:trace:vulkan:win32u_vkCreateInstance Instance proc vkGetPhysicalDevicePresentRectanglesKHR not found.
0024:trace:vulkan:win32u_vkCreateInstance Instance proc vkGetPhysicalDeviceQueueFamilyDataGraphEngineOperationPropertiesARM not found.
0024:trace:vulkan:win32u_vkCreateInstance Instance proc vkGetPhysicalDeviceQueueFamilyDataGraphOpticalFlowImageFormatsARM not found.
0024:trace:vulkan:win32u_vkCreateInstance Instance proc vkGetPhysicalDeviceQueueFamilyDataGraphProcessingEnginePropertiesARM not found.
0024:trace:vulkan:win32u_vkCreateInstance Instance proc vkGetPhysicalDeviceQueueFamilyDataGraphPropertiesARM not found.
0024:trace:vulkan:win32u_vkCreateInstance Instance proc vkGetPhysicalDeviceQueueFamilyPerformanceQueryPassesKHR not found.
0024:trace:vulkan:win32u_vkCreateInstance Instance proc vkGetPhysicalDeviceSupportedFramebufferMixedSamplesCombinationsNV not found.
0024:trace:vulkan:win32u_vkCreateInstance Instance proc vkGetPhysicalDeviceSurfaceCapabilities2KHR not found.
0024:trace:vulkan:win32u_vkCreateInstance Instance proc vkGetPhysicalDeviceSurfaceFormats2KHR not found.
0024:trace:vulkan:win32u_vkCreateInstance Instance proc vkGetPhysicalDeviceToolProperties not found.
0024:trace:vulkan:win32u_vkCreateInstance Instance proc vkGetPhysicalDeviceVideoCapabilitiesKHR not found.
0024:trace:vulkan:win32u_vkCreateInstance Instance proc vkGetPhysicalDeviceVideoEncodeQualityLevelPropertiesKHR not found.
0024:trace:vulkan:win32u_vkCreateInstance Instance proc vkGetPhysicalDeviceVideoFormatPropertiesKHR not found.
0024:trace:vulkan:win32u_vkCreateInstance Instance proc vkGetPhysicalDeviceWaylandPresentationSupportKHR not found.
0024:trace:vulkan:win32u_vkCreateInstance Instance proc vkGetPhysicalDeviceWin32PresentationSupportKHR not found.
0024:trace:vulkan:win32u_vkCreateInstance Instance proc vkGetPhysicalDeviceXlibPresentationSupportKHR not found.
0024:trace:vulkan:win32u_vkCreateInstance Instance proc vkSubmitDebugUtilsMessageEXT not found.
0024:trace:vulkan:init_physical_device Host physical device extensions:
0024:trace:vulkan:init_physical_device   - VK_KHR_16bit_storage
0024:trace:vulkan:init_physical_device   - VK_KHR_8bit_storage
0024:trace:vulkan:init_physical_device   - VK_KHR_bind_memory2
0024:trace:vulkan:init_physical_device   - VK_KHR_buffer_device_address
0024:trace:vulkan:init_physical_device   - VK_KHR_calibrated_timestamps
0024:trace:vulkan:init_physical_device   - VK_KHR_copy_commands2
0024:trace:vulkan:init_physical_device   - VK_KHR_create_renderpass2
0024:trace:vulkan:init_physical_device   - VK_KHR_dedicated_allocation
0024:trace:vulkan:init_physical_device   - VK_KHR_deferred_host_operations
0024:trace:vulkan:init_physical_device   - VK_KHR_depth_stencil_resolve
0024:trace:vulkan:init_physical_device   - VK_KHR_descriptor_update_template
0024:trace:vulkan:init_physical_device   - VK_KHR_device_group
0024:trace:vulkan:init_physical_device   - VK_KHR_driver_properties
0024:trace:vulkan:init_physical_device   - VK_KHR_dynamic_rendering
0024:trace:vulkan:init_physical_device   - VK_KHR_dynamic_rendering_local_read
0024:trace:vulkan:init_physical_device   - VK_KHR_external_fence
0024:trace:vulkan:init_physical_device   - VK_KHR_external_memory
0024:trace:vulkan:init_physical_device   - VK_KHR_external_semaphore
0024:trace:vulkan:init_physical_device   - VK_KHR_format_feature_flags2
0024:trace:vulkan:init_physical_device   - VK_KHR_get_memory_requirements2
0024:trace:vulkan:init_physical_device   - VK_KHR_global_priority
0024:trace:vulkan:init_physical_device   - VK_KHR_image_format_list
0024:trace:vulkan:init_physical_device   - VK_KHR_imageless_framebuffer
0024:trace:vulkan:init_physical_device   - VK_KHR_incremental_present
0024:trace:vulkan:init_physical_device   - VK_KHR_index_type_uint8
0024:trace:vulkan:init_physical_device   - VK_KHR_line_rasterization
0024:trace:vulkan:init_physical_device   - VK_KHR_load_store_op_none
0024:trace:vulkan:init_physical_device   - VK_KHR_maintenance1
0024:trace:vulkan:init_physical_device   - VK_KHR_maintenance2
0024:trace:vulkan:init_physical_device   - VK_KHR_maintenance3
0024:trace:vulkan:init_physical_device   - VK_KHR_maintenance4
0024:trace:vulkan:init_physical_device   - VK_KHR_maintenance5
0024:trace:vulkan:init_physical_device   - VK_KHR_maintenance6
0024:trace:vulkan:init_physical_device   - VK_KHR_maintenance7
0024:trace:vulkan:init_physical_device   - VK_KHR_maintenance8
0024:trace:vulkan:init_physical_device   - VK_KHR_maintenance9
0024:trace:vulkan:init_physical_device   - VK_KHR_map_memory2
0024:trace:vulkan:init_physical_device   - VK_KHR_multiview
0024:warn:vulkan:init_physical_device Extension "VK_KHR_portability_subset" is not supported.
0024:trace:vulkan:init_physical_device   - VK_KHR_present_id
0024:trace:vulkan:init_physical_device   - VK_KHR_present_id2
0024:trace:vulkan:init_physical_device   - VK_KHR_present_wait
0024:trace:vulkan:init_physical_device   - VK_KHR_present_wait2
0024:trace:vulkan:init_physical_device   - VK_KHR_push_descriptor
0024:trace:vulkan:init_physical_device   - VK_KHR_relaxed_block_layout
0024:trace:vulkan:init_physical_device   - VK_KHR_robustness2
0024:trace:vulkan:init_physical_device   - VK_KHR_sampler_ycbcr_conversion
0024:trace:vulkan:init_physical_device   - VK_KHR_separate_depth_stencil_layouts
0024:trace:vulkan:init_physical_device   - VK_KHR_shader_draw_parameters
0024:trace:vulkan:init_physical_device   - VK_KHR_shader_expect_assume
0024:trace:vulkan:init_physical_device   - VK_KHR_shader_float_controls
0024:trace:vulkan:init_physical_device   - VK_KHR_shader_float_controls2
0024:trace:vulkan:init_physical_device   - VK_KHR_shader_float16_int8
0024:trace:vulkan:init_physical_device   - VK_KHR_shader_fma
0024:trace:vulkan:init_physical_device   - VK_KHR_shader_integer_dot_product
0024:trace:vulkan:init_physical_device   - VK_KHR_shader_maximal_reconvergence
0024:trace:vulkan:init_physical_device   - VK_KHR_shader_non_semantic_info
0024:trace:vulkan:init_physical_device   - VK_KHR_shader_relaxed_extended_instruction
0024:trace:vulkan:init_physical_device   - VK_KHR_shader_subgroup_extended_types
0024:trace:vulkan:init_physical_device   - VK_KHR_shader_subgroup_rotate
0024:trace:vulkan:init_physical_device   - VK_KHR_shader_subgroup_uniform_control_flow
0024:trace:vulkan:init_physical_device   - VK_KHR_shader_terminate_invocation
0024:trace:vulkan:init_physical_device   - VK_KHR_spirv_1_4
0024:trace:vulkan:init_physical_device   - VK_KHR_storage_buffer_storage_class
0024:trace:vulkan:init_physical_device   - VK_KHR_swapchain
0024:trace:vulkan:init_physical_device   - VK_KHR_swapchain_maintenance1
0024:trace:vulkan:init_physical_device   - VK_KHR_swapchain_mutable_format
0024:trace:vulkan:init_physical_device   - VK_KHR_synchronization2
0024:trace:vulkan:init_physical_device   - VK_KHR_timeline_semaphore
0024:trace:vulkan:init_physical_device   - VK_KHR_uniform_buffer_standard_layout
0024:trace:vulkan:init_physical_device   - VK_KHR_variable_pointers
0024:trace:vulkan:init_physical_device   - VK_KHR_vertex_attribute_divisor
0024:trace:vulkan:init_physical_device   - VK_KHR_vulkan_memory_model
0024:trace:vulkan:init_physical_device   - VK_KHR_zero_initialize_workgroup_memory
0024:trace:vulkan:init_physical_device   - VK_EXT_4444_formats
0024:trace:vulkan:init_physical_device   - VK_EXT_buffer_device_address
0024:trace:vulkan:init_physical_device   - VK_EXT_calibrated_timestamps
0024:trace:vulkan:init_physical_device   - VK_EXT_debug_marker
0024:trace:vulkan:init_physical_device   - VK_EXT_depth_clip_control
0024:trace:vulkan:init_physical_device   - VK_EXT_descriptor_indexing
0024:trace:vulkan:init_physical_device   - VK_EXT_extended_dynamic_state
0024:trace:vulkan:init_physical_device   - VK_EXT_extended_dynamic_state2
0024:trace:vulkan:init_physical_device   - VK_EXT_extended_dynamic_state3
0024:trace:vulkan:init_physical_device   - VK_EXT_external_memory_host
0024:trace:vulkan:init_physical_device   - VK_EXT_external_memory_metal
0024:trace:vulkan:init_physical_device   - VK_EXT_fragment_shader_interlock
0024:trace:vulkan:init_physical_device   - VK_EXT_global_priority
0024:trace:vulkan:init_physical_device   - VK_EXT_global_priority_query
0024:trace:vulkan:init_physical_device   - VK_EXT_host_image_copy
0024:trace:vulkan:init_physical_device   - VK_EXT_host_query_reset
0024:trace:vulkan:init_physical_device   - VK_EXT_image_2d_view_of_3d
0024:trace:vulkan:init_physical_device   - VK_EXT_image_robustness
0024:trace:vulkan:init_physical_device   - VK_EXT_index_type_uint8
0024:trace:vulkan:init_physical_device   - VK_EXT_inline_uniform_block
0024:trace:vulkan:init_physical_device   - VK_EXT_line_rasterization
0024:trace:vulkan:init_physical_device   - VK_EXT_load_store_op_none
0024:trace:vulkan:init_physical_device   - VK_EXT_memory_budget
0024:warn:vulkan:init_physical_device Extension "VK_EXT_metal_objects" is not supported.
0024:trace:vulkan:init_physical_device   - VK_EXT_pipeline_creation_cache_control
0024:trace:vulkan:init_physical_device   - VK_EXT_pipeline_creation_feedback
0024:trace:vulkan:init_physical_device   - VK_EXT_pipeline_robustness
0024:trace:vulkan:init_physical_device   - VK_EXT_post_depth_coverage
0024:trace:vulkan:init_physical_device   - VK_EXT_private_data
0024:trace:vulkan:init_physical_device   - VK_EXT_robustness2
0024:trace:vulkan:init_physical_device   - VK_EXT_sample_locations
0024:trace:vulkan:init_physical_device   - VK_EXT_scalar_block_layout
0024:trace:vulkan:init_physical_device   - VK_EXT_separate_stencil_usage
0024:trace:vulkan:init_physical_device   - VK_EXT_shader_atomic_float
0024:trace:vulkan:init_physical_device   - VK_EXT_shader_demote_to_helper_invocation
0024:trace:vulkan:init_physical_device   - VK_EXT_shader_stencil_export
0024:trace:vulkan:init_physical_device   - VK_EXT_shader_subgroup_ballot
0024:trace:vulkan:init_physical_device   - VK_EXT_shader_subgroup_vote
0024:trace:vulkan:init_physical_device   - VK_EXT_shader_viewport_index_layer
0024:trace:vulkan:init_physical_device   - VK_EXT_subgroup_size_control
0024:trace:vulkan:init_physical_device   - VK_EXT_swapchain_maintenance1
0024:trace:vulkan:init_physical_device   - VK_EXT_texel_buffer_alignment
0024:trace:vulkan:init_physical_device   - VK_EXT_texture_compression_astc_hdr
0024:trace:vulkan:init_physical_device   - VK_EXT_tooling_info
0024:trace:vulkan:init_physical_device   - VK_EXT_vertex_attribute_divisor
0024:trace:vulkan:init_physical_device   - VK_AMD_gpu_shader_half_float
0024:trace:vulkan:init_physical_device   - VK_AMD_negative_viewport_height
0024:trace:vulkan:init_physical_device   - VK_AMD_shader_image_load_store_lod
0024:trace:vulkan:init_physical_device   - VK_AMD_shader_trinary_minmax
0024:warn:vulkan:init_physical_device Extension "VK_GOOGLE_display_timing" is not supported.
0024:trace:vulkan:init_physical_device   - VK_IMG_format_pvrtc
0024:trace:vulkan:init_physical_device   - VK_INTEL_shader_integer_functions2
0024:trace:vulkan:win32u_vkCreateInstance Created instance 0x14f00b200, host_instance 0x14f00d218.
0024:trace:vulkan:vkGetInstanceProcAddr 0000000104238610, "vkCreateDevice"
0024:trace:vulkan:wine_vk_get_instance_proc_addr Found name="vkCreateDevice" in instance table
0024:trace:vulkan:vkGetInstanceProcAddr 0000000104238610, "vkDestroyInstance"
0024:trace:vulkan:wine_vk_get_instance_proc_addr Found name="vkDestroyInstance" in instance table
0024:trace:vulkan:vkGetInstanceProcAddr 0000000104238610, "vkEnumerateDeviceExtensionProperties"
0024:trace:vulkan:wine_vk_get_instance_proc_addr Found name="vkEnumerateDeviceExtensionProperties" in instance table
0024:trace:vulkan:vkGetInstanceProcAddr 0000000104238610, "vkEnumerateDeviceLayerProperties"
0024:trace:vulkan:wine_vk_get_instance_proc_addr Found name="vkEnumerateDeviceLayerProperties" in instance table
0024:trace:vulkan:vkGetInstanceProcAddr 0000000104238610, "vkEnumeratePhysicalDevices"
0024:trace:vulkan:wine_vk_get_instance_proc_addr Found name="vkEnumeratePhysicalDevices" in instance table
0024:trace:vulkan:vkGetInstanceProcAddr 0000000104238610, "vkGetDeviceProcAddr"
0024:trace:vulkan:wine_vk_get_device_proc_addr Found name="vkGetDeviceProcAddr" in device table
0024:trace:vulkan:vkGetInstanceProcAddr 0000000104238610, "vkGetPhysicalDeviceFeatures"
0024:trace:vulkan:wine_vk_get_instance_proc_addr Found name="vkGetPhysicalDeviceFeatures" in instance table
0024:trace:vulkan:vkGetInstanceProcAddr 0000000104238610, "vkGetPhysicalDeviceFormatProperties"
0024:trace:vulkan:wine_vk_get_instance_proc_addr Found name="vkGetPhysicalDeviceFormatProperties" in instance table
0024:trace:vulkan:vkGetInstanceProcAddr 0000000104238610, "vkGetPhysicalDeviceImageFormatProperties"
0024:trace:vulkan:wine_vk_get_instance_proc_addr Found name="vkGetPhysicalDeviceImageFormatProperties" in instance table
0024:trace:vulkan:vkGetInstanceProcAddr 0000000104238610, "vkGetPhysicalDeviceMemoryProperties"
0024:trace:vulkan:wine_vk_get_instance_proc_addr Found name="vkGetPhysicalDeviceMemoryProperties" in instance table
0024:trace:vulkan:vkGetInstanceProcAddr 0000000104238610, "vkGetPhysicalDeviceProperties"
0024:trace:vulkan:wine_vk_get_instance_proc_addr Found name="vkGetPhysicalDeviceProperties" in instance table
0024:trace:vulkan:vkGetInstanceProcAddr 0000000104238610, "vkGetPhysicalDeviceQueueFamilyProperties"
0024:trace:vulkan:wine_vk_get_instance_proc_addr Found name="vkGetPhysicalDeviceQueueFamilyProperties" in instance table
0024:trace:vulkan:vkGetInstanceProcAddr 0000000104238610, "vkGetPhysicalDeviceSparseImageFormatProperties"
0024:trace:vulkan:wine_vk_get_instance_proc_addr Found name="vkGetPhysicalDeviceSparseImageFormatProperties" in instance table
0024:trace:vulkan:vkGetInstanceProcAddr 0000000104238610, "vkGetPhysicalDeviceFeatures2"
0024:trace:vulkan:wine_vk_get_instance_proc_addr Found name="vkGetPhysicalDeviceFeatures2" in instance table
0024:trace:vulkan:vkGetInstanceProcAddr 0000000104238610, "vkGetPhysicalDeviceProperties2"
0024:trace:vulkan:wine_vk_get_instance_proc_addr Found name="vkGetPhysicalDeviceProperties2" in instance table
0024:trace:vulkan:vkGetInstanceProcAddr 0000000104238610, "vkDestroySurfaceKHR"
0024:trace:vulkan:wine_vk_get_instance_proc_addr Found name="vkDestroySurfaceKHR" in instance table
0024:trace:vulkan:vkGetInstanceProcAddr 0000000104238610, "vkGetPhysicalDeviceSurfaceCapabilitiesKHR"
0024:trace:vulkan:wine_vk_get_instance_proc_addr Found name="vkGetPhysicalDeviceSurfaceCapabilitiesKHR" in instance table
0024:trace:vulkan:vkGetInstanceProcAddr 0000000104238610, "vkGetPhysicalDeviceSurfaceFormatsKHR"
0024:trace:vulkan:wine_vk_get_instance_proc_addr Found name="vkGetPhysicalDeviceSurfaceFormatsKHR" in instance table
0024:trace:vulkan:vkGetInstanceProcAddr 0000000104238610, "vkGetPhysicalDeviceSurfacePresentModesKHR"
0024:trace:vulkan:wine_vk_get_instance_proc_addr Found name="vkGetPhysicalDeviceSurfacePresentModesKHR" in instance table
0024:trace:vulkan:vkGetInstanceProcAddr 0000000104238610, "vkGetPhysicalDeviceSurfaceSupportKHR"
0024:trace:vulkan:wine_vk_get_instance_proc_addr Found name="vkGetPhysicalDeviceSurfaceSupportKHR" in instance table
0024:trace:vulkan:vkGetInstanceProcAddr 0000000104238610, "vkGetPhysicalDeviceVideoCapabilitiesKHR"
0024:trace:vulkan:vkGetInstanceProcAddr 0000000104238610, "vkCreateWin32SurfaceKHR"
0024:trace:vulkan:vkGetInstanceProcAddr 0000000104238610, "vkResetQueryPoolEXT"
0024:trace:vulkan:wine_vk_get_device_proc_addr Found name="vkResetQueryPoolEXT" in device table
0024:trace:vulkan:vkGetInstanceProcAddr 0000000104238610, "vkAllocateCommandBuffers"
0024:trace:vulkan:wine_vk_get_device_proc_addr Found name="vkAllocateCommandBuffers" in device table
0024:trace:vulkan:vkGetInstanceProcAddr 0000000104238610, "vkAllocateDescriptorSets"
0024:trace:vulkan:wine_vk_get_device_proc_addr Found name="vkAllocateDescriptorSets" in device table
0024:trace:vulkan:vkGetInstanceProcAddr 0000000104238610, "vkAllocateMemory"
0024:trace:vulkan:wine_vk_get_device_proc_addr Found name="vkAllocateMemory" in device table
0024:trace:vulkan:vkGetInstanceProcAddr 0000000104238610, "vkBeginCommandBuffer"
0024:trace:vulkan:wine_vk_get_device_proc_addr Found name="vkBeginCommandBuffer" in device table
0024:trace:vulkan:vkGetInstanceProcAddr 0000000104238610, "vkBindBufferMemory"
0024:trace:vulkan:wine_vk_get_device_proc_addr Found name="vkBindBufferMemory" in device table
0024:trace:vulkan:vkGetInstanceProcAddr 0000000104238610, "vkBindImageMemory"
0024:trace:vulkan:wine_vk_get_device_proc_addr Found name="vkBindImageMemory" in device table
0024:trace:vulkan:vkGetInstanceProcAddr 0000000104238610, "vkCmdBeginQuery"
0024:trace:vulkan:wine_vk_get_device_proc_addr Found name="vkCmdBeginQuery" in device table
0024:trace:vulkan:vkGetInstanceProcAddr 0000000104238610, "vkCmdBeginRenderPass"
0024:trace:vulkan:wine_vk_get_device_proc_addr Found name="vkCmdBeginRenderPass" in device table
0024:trace:vulkan:vkGetInstanceProcAddr 0000000104238610, "vkCmdBindDescriptorSets"
0024:trace:vulkan:wine_vk_get_device_proc_addr Found name="vkCmdBindDescriptorSets" in device table
0024:trace:vulkan:vkGetInstanceProcAddr 0000000104238610, "vkCmdBindIndexBuffer"
0024:trace:vulkan:wine_vk_get_device_proc_addr Found name="vkCmdBindIndexBuffer" in device table
0024:trace:vulkan:vkGetInstanceProcAddr 0000000104238610, "vkCmdBindPipeline"
0024:trace:vulkan:wine_vk_get_device_proc_addr Found name="vkCmdBindPipeline" in device table
0024:trace:vulkan:vkGetInstanceProcAddr 0000000104238610, "vkCmdBindVertexBuffers"
0024:trace:vulkan:wine_vk_get_device_proc_addr Found name="vkCmdBindVertexBuffers" in device table
0024:trace:vulkan:vkGetInstanceProcAddr 0000000104238610, "vkCmdBlitImage"
0024:trace:vulkan:wine_vk_get_device_proc_addr Found name="vkCmdBlitImage" in device table
0024:trace:vulkan:vkGetInstanceProcAddr 0000000104238610, "vkCmdClearAttachments"
0024:trace:vulkan:wine_vk_get_device_proc_addr Found name="vkCmdClearAttachments" in device table
0024:trace:vulkan:vkGetInstanceProcAddr 0000000104238610, "vkCmdClearColorImage"
0024:trace:vulkan:wine_vk_get_device_proc_addr Found name="vkCmdClearColorImage" in device table
0024:trace:vulkan:vkGetInstanceProcAddr 0000000104238610, "vkCmdClearDepthStencilImage"
0024:trace:vulkan:wine_vk_get_device_proc_addr Found name="vkCmdClearDepthStencilImage" in device table
0024:trace:vulkan:vkGetInstanceProcAddr 0000000104238610, "vkCmdCopyBuffer"
0024:trace:vulkan:wine_vk_get_device_proc_addr Found name="vkCmdCopyBuffer" in device table
0024:trace:vulkan:vkGetInstanceProcAddr 0000000104238610, "vkCmdCopyBufferToImage"
0024:trace:vulkan:wine_vk_get_device_proc_addr Found name="vkCmdCopyBufferToImage" in device table
0024:trace:vulkan:vkGetInstanceProcAddr 0000000104238610, "vkCmdCopyImage"
0024:trace:vulkan:wine_vk_get_device_proc_addr Found name="vkCmdCopyImage" in device table
0024:trace:vulkan:vkGetInstanceProcAddr 0000000104238610, "vkCmdCopyImageToBuffer"
0024:trace:vulkan:wine_vk_get_device_proc_addr Found name="vkCmdCopyImageToBuffer" in device table
0024:trace:vulkan:vkGetInstanceProcAddr 0000000104238610, "vkCmdCopyQueryPoolResults"
0024:trace:vulkan:wine_vk_get_device_proc_addr Found name="vkCmdCopyQueryPoolResults" in device table
0024:trace:vulkan:vkGetInstanceProcAddr 0000000104238610, "vkCmdDispatch"
0024:trace:vulkan:wine_vk_get_device_proc_addr Found name="vkCmdDispatch" in device table
0024:trace:vulkan:vkGetInstanceProcAddr 0000000104238610, "vkCmdDispatchIndirect"
0024:trace:vulkan:wine_vk_get_device_proc_addr Found name="vkCmdDispatchIndirect" in device table
0024:trace:vulkan:vkGetInstanceProcAddr 0000000104238610, "vkCmdDraw"
0024:trace:vulkan:wine_vk_get_device_proc_addr Found name="vkCmdDraw" in device table
0024:trace:vulkan:vkGetInstanceProcAddr 0000000104238610, "vkCmdDrawIndexed"
0024:trace:vulkan:wine_vk_get_device_proc_addr Found name="vkCmdDrawIndexed" in device table
0024:trace:vulkan:vkGetInstanceProcAddr 0000000104238610, "vkCmdDrawIndexedIndirect"
0024:trace:vulkan:wine_vk_get_device_proc_addr Found name="vkCmdDrawIndexedIndirect" in device table
0024:trace:vulkan:vkGetInstanceProcAddr 0000000104238610, "vkCmdDrawIndirect"
0024:trace:vulkan:wine_vk_get_device_proc_addr Found name="vkCmdDrawIndirect" in device table
0024:trace:vulkan:vkGetInstanceProcAddr 0000000104238610, "vkCmdEndQuery"
0024:trace:vulkan:wine_vk_get_device_proc_addr Found name="vkCmdEndQuery" in device table
0024:trace:vulkan:vkGetInstanceProcAddr 0000000104238610, "vkCmdEndRenderPass"
0024:trace:vulkan:wine_vk_get_device_proc_addr Found name="vkCmdEndRenderPass" in device table
0024:trace:vulkan:vkGetInstanceProcAddr 0000000104238610, "vkCmdExecuteCommands"
0024:trace:vulkan:wine_vk_get_device_proc_addr Found name="vkCmdExecuteCommands" in device table
0024:trace:vulkan:vkGetInstanceProcAddr 0000000104238610, "vkCmdFillBuffer"
0024:trace:vulkan:wine_vk_get_device_proc_addr Found name="vkCmdFillBuffer" in device table
0024:trace:vulkan:vkGetInstanceProcAddr 0000000104238610, "vkCmdNextSubpass"
0024:trace:vulkan:wine_vk_get_device_proc_addr Found name="vkCmdNextSubpass" in device table
0024:trace:vulkan:vkGetInstanceProcAddr 0000000104238610, "vkCmdPipelineBarrier"
0024:trace:vulkan:wine_vk_get_device_proc_addr Found name="vkCmdPipelineBarrier" in device table
0024:trace:vulkan:vkGetInstanceProcAddr 0000000104238610, "vkCmdPushConstants"
0024:trace:vulkan:wine_vk_get_device_proc_addr Found name="vkCmdPushConstants" in device table
0024:trace:vulkan:vkGetInstanceProcAddr 0000000104238610, "vkCmdResetEvent"
0024:trace:vulkan:wine_vk_get_device_proc_addr Found name="vkCmdResetEvent" in device table
0024:trace:vulkan:vkGetInstanceProcAddr 0000000104238610, "vkCmdResetQueryPool"
0024:trace:vulkan:wine_vk_get_device_proc_addr Found name="vkCmdResetQueryPool" in device table
0024:trace:vulkan:vkGetInstanceProcAddr 0000000104238610, "vkCmdResolveImage"
0024:trace:vulkan:wine_vk_get_device_proc_addr Found name="vkCmdResolveImage" in device table
0024:trace:vulkan:vkGetInstanceProcAddr 0000000104238610, "vkCmdSetBlendConstants"
0024:trace:vulkan:wine_vk_get_device_proc_addr Found name="vkCmdSetBlendConstants" in device table
0024:trace:vulkan:vkGetInstanceProcAddr 0000000104238610, "vkCmdSetDepthBias"
0024:trace:vulkan:wine_vk_get_device_proc_addr Found name="vkCmdSetDepthBias" in device table
0024:trace:vulkan:vkGetInstanceProcAddr 0000000104238610, "vkCmdSetDepthBounds"
0024:trace:vulkan:wine_vk_get_device_proc_addr Found name="vkCmdSetDepthBounds" in device table
0024:trace:vulkan:vkGetInstanceProcAddr 0000000104238610, "vkCmdSetEvent"
0024:trace:vulkan:wine_vk_get_device_proc_addr Found name="vkCmdSetEvent" in device table
0024:trace:vulkan:vkGetInstanceProcAddr 0000000104238610, "vkCmdSetLineWidth"
0024:trace:vulkan:wine_vk_get_device_proc_addr Found name="vkCmdSetLineWidth" in device table
0024:trace:vulkan:vkGetInstanceProcAddr 0000000104238610, "vkCmdSetScissor"
0024:trace:vulkan:wine_vk_get_device_proc_addr Found name="vkCmdSetScissor" in device table
0024:trace:vulkan:vkGetInstanceProcAddr 0000000104238610, "vkCmdSetStencilCompareMask"
0024:trace:vulkan:wine_vk_get_device_proc_addr Found name="vkCmdSetStencilCompareMask" in device table
0024:trace:vulkan:vkGetInstanceProcAddr 0000000104238610, "vkCmdSetStencilReference"
0024:trace:vulkan:wine_vk_get_device_proc_addr Found name="vkCmdSetStencilReference" in device table
0024:trace:vulkan:vkGetInstanceProcAddr 0000000104238610, "vkCmdSetStencilWriteMask"
0024:trace:vulkan:wine_vk_get_device_proc_addr Found name="vkCmdSetStencilWriteMask" in device table
0024:trace:vulkan:vkGetInstanceProcAddr 0000000104238610, "vkCmdSetViewport"
0024:trace:vulkan:wine_vk_get_device_proc_addr Found name="vkCmdSetViewport" in device table
0024:trace:vulkan:vkGetInstanceProcAddr 0000000104238610, "vkCmdUpdateBuffer"
0024:trace:vulkan:wine_vk_get_device_proc_addr Found name="vkCmdUpdateBuffer" in device table
0024:trace:vulkan:vkGetInstanceProcAddr 0000000104238610, "vkCmdWaitEvents"
0024:trace:vulkan:wine_vk_get_device_proc_addr Found name="vkCmdWaitEvents" in device table
0024:trace:vulkan:vkGetInstanceProcAddr 0000000104238610, "vkCmdWriteTimestamp"
0024:trace:vulkan:wine_vk_get_device_proc_addr Found name="vkCmdWriteTimestamp" in device table
0024:trace:vulkan:vkGetInstanceProcAddr 0000000104238610, "vkCreateBuffer"
0024:trace:vulkan:wine_vk_get_device_proc_addr Found name="vkCreateBuffer" in device table
0024:trace:vulkan:vkGetInstanceProcAddr 0000000104238610, "vkCreateBufferView"
0024:trace:vulkan:wine_vk_get_device_proc_addr Found name="vkCreateBufferView" in device table
0024:trace:vulkan:vkGetInstanceProcAddr 0000000104238610, "vkCreateCommandPool"
0024:trace:vulkan:wine_vk_get_device_proc_addr Found name="vkCreateCommandPool" in device table
0024:trace:vulkan:vkGetInstanceProcAddr 0000000104238610, "vkCreateComputePipelines"
0024:trace:vulkan:wine_vk_get_device_proc_addr Found name="vkCreateComputePipelines" in device table
0024:trace:vulkan:vkGetInstanceProcAddr 0000000104238610, "vkCreateDescriptorPool"
0024:trace:vulkan:wine_vk_get_device_proc_addr Found name="vkCreateDescriptorPool" in device table
0024:trace:vulkan:vkGetInstanceProcAddr 0000000104238610, "vkCreateDescriptorSetLayout"
0024:trace:vulkan:wine_vk_get_device_proc_addr Found name="vkCreateDescriptorSetLayout" in device table
0024:trace:vulkan:vkGetInstanceProcAddr 0000000104238610, "vkCreateEvent"
0024:trace:vulkan:wine_vk_get_device_proc_addr Found name="vkCreateEvent" in device table
0024:trace:vulkan:vkGetInstanceProcAddr 0000000104238610, "vkCreateFence"
0024:trace:vulkan:wine_vk_get_device_proc_addr Found name="vkCreateFence" in device table
0024:trace:vulkan:vkGetInstanceProcAddr 0000000104238610, "vkCreateFramebuffer"
0024:trace:vulkan:wine_vk_get_device_proc_addr Found name="vkCreateFramebuffer" in device table
0024:trace:vulkan:vkGetInstanceProcAddr 0000000104238610, "vkCreateGraphicsPipelines"
0024:trace:vulkan:wine_vk_get_device_proc_addr Found name="vkCreateGraphicsPipelines" in device table
0024:trace:vulkan:vkGetInstanceProcAddr 0000000104238610, "vkCreateImage"
0024:trace:vulkan:wine_vk_get_device_proc_addr Found name="vkCreateImage" in device table
0024:trace:vulkan:vkGetInstanceProcAddr 0000000104238610, "vkCreateImageView"
0024:trace:vulkan:wine_vk_get_device_proc_addr Found name="vkCreateImageView" in device table
0024:trace:vulkan:vkGetInstanceProcAddr 0000000104238610, "vkCreatePipelineCache"
0024:trace:vulkan:wine_vk_get_device_proc_addr Found name="vkCreatePipelineCache" in device table
0024:trace:vulkan:vkGetInstanceProcAddr 0000000104238610, "vkCreatePipelineLayout"
0024:trace:vulkan:wine_vk_get_device_proc_addr Found name="vkCreatePipelineLayout" in device table
0024:trace:vulkan:vkGetInstanceProcAddr 0000000104238610, "vkCreateQueryPool"
0024:trace:vulkan:wine_vk_get_device_proc_addr Found name="vkCreateQueryPool" in device table
0024:trace:vulkan:vkGetInstanceProcAddr 0000000104238610, "vkCreateRenderPass"
0024:trace:vulkan:wine_vk_get_device_proc_addr Found name="vkCreateRenderPass" in device table
0024:trace:vulkan:vkGetInstanceProcAddr 0000000104238610, "vkCreateSampler"
0024:trace:vulkan:wine_vk_get_device_proc_addr Found name="vkCreateSampler" in device table
0024:trace:vulkan:vkGetInstanceProcAddr 0000000104238610, "vkCreateSemaphore"
0024:trace:vulkan:wine_vk_get_device_proc_addr Found name="vkCreateSemaphore" in device table
0024:trace:vulkan:vkGetInstanceProcAddr 0000000104238610, "vkCreateShaderModule"
0024:trace:vulkan:wine_vk_get_device_proc_addr Found name="vkCreateShaderModule" in device table
0024:trace:vulkan:vkGetInstanceProcAddr 0000000104238610, "vkDestroyBuffer"
0024:trace:vulkan:wine_vk_get_device_proc_addr Found name="vkDestroyBuffer" in device table
0024:trace:vulkan:vkGetInstanceProcAddr 0000000104238610, "vkDestroyBufferView"
0024:trace:vulkan:wine_vk_get_device_proc_addr Found name="vkDestroyBufferView" in device table
0024:trace:vulkan:vkGetInstanceProcAddr 0000000104238610, "vkDestroyCommandPool"
0024:trace:vulkan:wine_vk_get_device_proc_addr Found name="vkDestroyCommandPool" in device table
0024:trace:vulkan:vkGetInstanceProcAddr 0000000104238610, "vkDestroyDescriptorPool"
0024:trace:vulkan:wine_vk_get_device_proc_addr Found name="vkDestroyDescriptorPool" in device table
0024:trace:vulkan:vkGetInstanceProcAddr 0000000104238610, "vkDestroyDescriptorSetLayout"
0024:trace:vulkan:wine_vk_get_device_proc_addr Found name="vkDestroyDescriptorSetLayout" in device table
0024:trace:vulkan:vkGetInstanceProcAddr 0000000104238610, "vkDestroyDevice"
0024:trace:vulkan:wine_vk_get_device_proc_addr Found name="vkDestroyDevice" in device table
0024:trace:vulkan:vkGetInstanceProcAddr 0000000104238610, "vkDestroyEvent"
0024:trace:vulkan:wine_vk_get_device_proc_addr Found name="vkDestroyEvent" in device table
0024:trace:vulkan:vkGetInstanceProcAddr 0000000104238610, "vkDestroyFence"
0024:trace:vulkan:wine_vk_get_device_proc_addr Found name="vkDestroyFence" in device table
0024:trace:vulkan:vkGetInstanceProcAddr 0000000104238610, "vkDestroyFramebuffer"
0024:trace:vulkan:wine_vk_get_device_proc_addr Found name="vkDestroyFramebuffer" in device table
0024:trace:vulkan:vkGetInstanceProcAddr 0000000104238610, "vkDestroyImage"
0024:trace:vulkan:wine_vk_get_device_proc_addr Found name="vkDestroyImage" in device table
0024:trace:vulkan:vkGetInstanceProcAddr 0000000104238610, "vkDestroyImageView"
0024:trace:vulkan:wine_vk_get_device_proc_addr Found name="vkDestroyImageView" in device table
0024:trace:vulkan:vkGetInstanceProcAddr 0000000104238610, "vkDestroyPipeline"
0024:trace:vulkan:wine_vk_get_device_proc_addr Found name="vkDestroyPipeline" in device table
0024:trace:vulkan:vkGetInstanceProcAddr 0000000104238610, "vkDestroyPipelineCache"
0024:trace:vulkan:wine_vk_get_device_proc_addr Found name="vkDestroyPipelineCache" in device table
0024:trace:vulkan:vkGetInstanceProcAddr 0000000104238610, "vkDestroyPipelineLayout"
0024:trace:vulkan:wine_vk_get_device_proc_addr Found name="vkDestroyPipelineLayout" in device table
0024:trace:vulkan:vkGetInstanceProcAddr 0000000104238610, "vkDestroyQueryPool"
0024:trace:vulkan:wine_vk_get_device_proc_addr Found name="vkDestroyQueryPool" in device table
0024:trace:vulkan:vkGetInstanceProcAddr 0000000104238610, "vkDestroyRenderPass"
0024:trace:vulkan:wine_vk_get_device_proc_addr Found name="vkDestroyRenderPass" in device table
0024:trace:vulkan:vkGetInstanceProcAddr 0000000104238610, "vkDestroySampler"
0024:trace:vulkan:wine_vk_get_device_proc_addr Found name="vkDestroySampler" in device table
0024:trace:vulkan:vkGetInstanceProcAddr 0000000104238610, "vkDestroySemaphore"
0024:trace:vulkan:wine_vk_get_device_proc_addr Found name="vkDestroySemaphore" in device table
0024:trace:vulkan:vkGetInstanceProcAddr 0000000104238610, "vkDestroyShaderModule"
0024:trace:vulkan:wine_vk_get_device_proc_addr Found name="vkDestroyShaderModule" in device table
0024:trace:vulkan:vkGetInstanceProcAddr 0000000104238610, "vkDeviceWaitIdle"
0024:trace:vulkan:wine_vk_get_device_proc_addr Found name="vkDeviceWaitIdle" in device table
0024:trace:vulkan:vkGetInstanceProcAddr 0000000104238610, "vkEndCommandBuffer"
0024:trace:vulkan:wine_vk_get_device_proc_addr Found name="vkEndCommandBuffer" in device table
0024:trace:vulkan:vkGetInstanceProcAddr 0000000104238610, "vkFlushMappedMemoryRanges"
0024:trace:vulkan:wine_vk_get_device_proc_addr Found name="vkFlushMappedMemoryRanges" in device table
0024:trace:vulkan:vkGetInstanceProcAddr 0000000104238610, "vkFreeCommandBuffers"
0024:trace:vulkan:wine_vk_get_device_proc_addr Found name="vkFreeCommandBuffers" in device table
0024:trace:vulkan:vkGetInstanceProcAddr 0000000104238610, "vkFreeDescriptorSets"
0024:trace:vulkan:wine_vk_get_device_proc_addr Found name="vkFreeDescriptorSets" in device table
0024:trace:vulkan:vkGetInstanceProcAddr 0000000104238610, "vkFreeMemory"
0024:trace:vulkan:wine_vk_get_device_proc_addr Found name="vkFreeMemory" in device table
0024:trace:vulkan:vkGetInstanceProcAddr 0000000104238610, "vkGetBufferMemoryRequirements"
0024:trace:vulkan:wine_vk_get_device_proc_addr Found name="vkGetBufferMemoryRequirements" in device table
0024:trace:vulkan:vkGetInstanceProcAddr 0000000104238610, "vkGetDeviceMemoryCommitment"
0024:trace:vulkan:wine_vk_get_device_proc_addr Found name="vkGetDeviceMemoryCommitment" in device table
0024:trace:vulkan:vkGetInstanceProcAddr 0000000104238610, "vkGetDeviceQueue"
0024:trace:vulkan:wine_vk_get_device_proc_addr Found name="vkGetDeviceQueue" in device table
0024:trace:vulkan:vkGetInstanceProcAddr 0000000104238610, "vkGetEventStatus"
0024:trace:vulkan:wine_vk_get_device_proc_addr Found name="vkGetEventStatus" in device table
0024:trace:vulkan:vkGetInstanceProcAddr 0000000104238610, "vkGetFenceStatus"
0024:trace:vulkan:wine_vk_get_device_proc_addr Found name="vkGetFenceStatus" in device table
0024:trace:vulkan:vkGetInstanceProcAddr 0000000104238610, "vkGetImageMemoryRequirements"
0024:trace:vulkan:wine_vk_get_device_proc_addr Found name="vkGetImageMemoryRequirements" in device table
0024:trace:vulkan:vkGetInstanceProcAddr 0000000104238610, "vkGetImageSparseMemoryRequirements"
0024:trace:vulkan:wine_vk_get_device_proc_addr Found name="vkGetImageSparseMemoryRequirements" in device table
0024:trace:vulkan:vkGetInstanceProcAddr 0000000104238610, "vkGetImageSubresourceLayout"
0024:trace:vulkan:wine_vk_get_device_proc_addr Found name="vkGetImageSubresourceLayout" in device table
0024:trace:vulkan:vkGetInstanceProcAddr 0000000104238610, "vkGetPipelineCacheData"
0024:trace:vulkan:wine_vk_get_device_proc_addr Found name="vkGetPipelineCacheData" in device table
0024:trace:vulkan:vkGetInstanceProcAddr 0000000104238610, "vkGetQueryPoolResults"
0024:trace:vulkan:wine_vk_get_device_proc_addr Found name="vkGetQueryPoolResults" in device table
0024:trace:vulkan:vkGetInstanceProcAddr 0000000104238610, "vkGetRenderAreaGranularity"
0024:trace:vulkan:wine_vk_get_device_proc_addr Found name="vkGetRenderAreaGranularity" in device table
0024:trace:vulkan:vkGetInstanceProcAddr 0000000104238610, "vkInvalidateMappedMemoryRanges"
0024:trace:vulkan:wine_vk_get_device_proc_addr Found name="vkInvalidateMappedMemoryRanges" in device table
0024:trace:vulkan:vkGetInstanceProcAddr 0000000104238610, "vkMapMemory"
0024:trace:vulkan:wine_vk_get_device_proc_addr Found name="vkMapMemory" in device table
0024:trace:vulkan:vkGetInstanceProcAddr 0000000104238610, "vkMergePipelineCaches"
0024:trace:vulkan:wine_vk_get_device_proc_addr Found name="vkMergePipelineCaches" in device table
0024:trace:vulkan:vkGetInstanceProcAddr 0000000104238610, "vkQueueBindSparse"
0024:trace:vulkan:wine_vk_get_device_proc_addr Found name="vkQueueBindSparse" in device table
0024:trace:vulkan:vkGetInstanceProcAddr 0000000104238610, "vkQueueSubmit"
0024:trace:vulkan:wine_vk_get_device_proc_addr Found name="vkQueueSubmit" in device table
0024:trace:vulkan:vkGetInstanceProcAddr 0000000104238610, "vkQueueWaitIdle"
0024:trace:vulkan:wine_vk_get_device_proc_addr Found name="vkQueueWaitIdle" in device table
0024:trace:vulkan:vkGetInstanceProcAddr 0000000104238610, "vkResetCommandBuffer"
0024:trace:vulkan:wine_vk_get_device_proc_addr Found name="vkResetCommandBuffer" in device table
0024:trace:vulkan:vkGetInstanceProcAddr 0000000104238610, "vkResetCommandPool"
0024:trace:vulkan:wine_vk_get_device_proc_addr Found name="vkResetCommandPool" in device table
0024:trace:vulkan:vkGetInstanceProcAddr 0000000104238610, "vkResetDescriptorPool"
0024:trace:vulkan:wine_vk_get_device_proc_addr Found name="vkResetDescriptorPool" in device table
0024:trace:vulkan:vkGetInstanceProcAddr 0000000104238610, "vkResetEvent"
0024:trace:vulkan:wine_vk_get_device_proc_addr Found name="vkResetEvent" in device table
0024:trace:vulkan:vkGetInstanceProcAddr 0000000104238610, "vkResetFences"
0024:trace:vulkan:wine_vk_get_device_proc_addr Found name="vkResetFences" in device table
0024:trace:vulkan:vkGetInstanceProcAddr 0000000104238610, "vkSetEvent"
0024:trace:vulkan:wine_vk_get_device_proc_addr Found name="vkSetEvent" in device table
0024:trace:vulkan:vkGetInstanceProcAddr 0000000104238610, "vkUnmapMemory"
0024:trace:vulkan:wine_vk_get_device_proc_addr Found name="vkUnmapMemory" in device table
0024:trace:vulkan:vkGetInstanceProcAddr 0000000104238610, "vkUpdateDescriptorSets"
0024:trace:vulkan:wine_vk_get_device_proc_addr Found name="vkUpdateDescriptorSets" in device table
0024:trace:vulkan:vkGetInstanceProcAddr 0000000104238610, "vkWaitForFences"
0024:trace:vulkan:wine_vk_get_device_proc_addr Found name="vkWaitForFences" in device table
0024:trace:vulkan:vkGetInstanceProcAddr 0000000104238610, "vkCmdSetDepthCompareOpEXT"
0024:trace:vulkan:wine_vk_get_device_proc_addr Found name="vkCmdSetDepthCompareOpEXT" in device table
0024:trace:vulkan:vkGetInstanceProcAddr 0000000104238610, "vkCmdSetDepthTestEnableEXT"
0024:trace:vulkan:wine_vk_get_device_proc_addr Found name="vkCmdSetDepthTestEnableEXT" in device table
0024:trace:vulkan:vkGetInstanceProcAddr 0000000104238610, "vkCmdSetDepthWriteEnableEXT"
0024:trace:vulkan:wine_vk_get_device_proc_addr Found name="vkCmdSetDepthWriteEnableEXT" in device table
0024:trace:vulkan:vkGetInstanceProcAddr 0000000104238610, "vkCmdSetPrimitiveTopologyEXT"
0024:trace:vulkan:wine_vk_get_device_proc_addr Found name="vkCmdSetPrimitiveTopologyEXT" in device table
0024:trace:vulkan:vkGetInstanceProcAddr 0000000104238610, "vkCmdSetStencilOpEXT"
0024:trace:vulkan:wine_vk_get_device_proc_addr Found name="vkCmdSetStencilOpEXT" in device table
0024:trace:vulkan:vkGetInstanceProcAddr 0000000104238610, "vkCmdSetStencilTestEnableEXT"
0024:trace:vulkan:wine_vk_get_device_proc_addr Found name="vkCmdSetStencilTestEnableEXT" in device table
0024:trace:vulkan:vkGetInstanceProcAddr 0000000104238610, "vkCmdSetPatchControlPointsEXT"
0024:trace:vulkan:wine_vk_get_device_proc_addr Found name="vkCmdSetPatchControlPointsEXT" in device table
0024:trace:vulkan:vkGetInstanceProcAddr 0000000104238610, "vkCmdSetPrimitiveRestartEnableEXT"
0024:trace:vulkan:wine_vk_get_device_proc_addr Found name="vkCmdSetPrimitiveRestartEnableEXT" in device table
0024:trace:vulkan:vkGetInstanceProcAddr 0000000104238610, "vkCmdSetAlphaToCoverageEnableEXT"
0024:trace:vulkan:wine_vk_get_device_proc_addr Found name="vkCmdSetAlphaToCoverageEnableEXT" in device table
0024:trace:vulkan:vkGetInstanceProcAddr 0000000104238610, "vkCmdSetColorBlendEnableEXT"
0024:trace:vulkan:wine_vk_get_device_proc_addr Found name="vkCmdSetColorBlendEnableEXT" in device table
0024:trace:vulkan:vkGetInstanceProcAddr 0000000104238610, "vkCmdSetColorBlendEquationEXT"
0024:trace:vulkan:wine_vk_get_device_proc_addr Found name="vkCmdSetColorBlendEquationEXT" in device table
0024:trace:vulkan:vkGetInstanceProcAddr 0000000104238610, "vkCmdSetColorWriteMaskEXT"
0024:trace:vulkan:wine_vk_get_device_proc_addr Found name="vkCmdSetColorWriteMaskEXT" in device table
0024:trace:vulkan:vkGetInstanceProcAddr 0000000104238610, "vkCmdSetCullModeEXT"
0024:trace:vulkan:wine_vk_get_device_proc_addr Found name="vkCmdSetCullModeEXT" in device table
0024:trace:vulkan:vkGetInstanceProcAddr 0000000104238610, "vkCmdSetDepthBiasEnableEXT"
0024:trace:vulkan:wine_vk_get_device_proc_addr Found name="vkCmdSetDepthBiasEnableEXT" in device table
0024:trace:vulkan:vkGetInstanceProcAddr 0000000104238610, "vkCmdSetDepthClampEnableEXT"
0024:trace:vulkan:wine_vk_get_device_proc_addr Found name="vkCmdSetDepthClampEnableEXT" in device table
0024:trace:vulkan:vkGetInstanceProcAddr 0000000104238610, "vkCmdSetFrontFaceEXT"
0024:trace:vulkan:wine_vk_get_device_proc_addr Found name="vkCmdSetFrontFaceEXT" in device table
0024:trace:vulkan:vkGetInstanceProcAddr 0000000104238610, "vkCmdSetPolygonModeEXT"
0024:trace:vulkan:wine_vk_get_device_proc_addr Found name="vkCmdSetPolygonModeEXT" in device table
0024:trace:vulkan:vkGetInstanceProcAddr 0000000104238610, "vkCmdSetRasterizationSamplesEXT"
0024:trace:vulkan:wine_vk_get_device_proc_addr Found name="vkCmdSetRasterizationSamplesEXT" in device table
0024:trace:vulkan:vkGetInstanceProcAddr 0000000104238610, "vkCmdSetRasterizerDiscardEnableEXT"
0024:trace:vulkan:wine_vk_get_device_proc_addr Found name="vkCmdSetRasterizerDiscardEnableEXT" in device table
0024:trace:vulkan:vkGetInstanceProcAddr 0000000104238610, "vkCmdSetSampleMaskEXT"
0024:trace:vulkan:wine_vk_get_device_proc_addr Found name="vkCmdSetSampleMaskEXT" in device table
0024:trace:vulkan:vkGetInstanceProcAddr 0000000104238610, "vkCmdBeginQueryIndexedEXT"
0024:trace:vulkan:vkGetInstanceProcAddr 0000000104238610, "vkCmdBeginTransformFeedbackEXT"
0024:trace:vulkan:vkGetInstanceProcAddr 0000000104238610, "vkCmdBindTransformFeedbackBuffersEXT"
0024:trace:vulkan:vkGetInstanceProcAddr 0000000104238610, "vkCmdEndQueryIndexedEXT"
0024:trace:vulkan:vkGetInstanceProcAddr 0000000104238610, "vkCmdEndTransformFeedbackEXT"
0024:trace:vulkan:vkGetInstanceProcAddr 0000000104238610, "vkAcquireNextImageKHR"
0024:trace:vulkan:wine_vk_get_device_proc_addr Found name="vkAcquireNextImageKHR" in device table
0024:trace:vulkan:vkGetInstanceProcAddr 0000000104238610, "vkCreateSwapchainKHR"
0024:trace:vulkan:wine_vk_get_device_proc_addr Found name="vkCreateSwapchainKHR" in device table
0024:trace:vulkan:vkGetInstanceProcAddr 0000000104238610, "vkDestroySwapchainKHR"
0024:trace:vulkan:wine_vk_get_device_proc_addr Found name="vkDestroySwapchainKHR" in device table
0024:trace:vulkan:vkGetInstanceProcAddr 0000000104238610, "vkGetSwapchainImagesKHR"
0024:trace:vulkan:wine_vk_get_device_proc_addr Found name="vkGetSwapchainImagesKHR" in device table
0024:trace:vulkan:vkGetInstanceProcAddr 0000000104238610, "vkQueuePresentKHR"
0024:trace:vulkan:wine_vk_get_device_proc_addr Found name="vkQueuePresentKHR" in device table
0024:trace:vulkan:vkGetInstanceProcAddr 0000000104238610, "vkCmdDecodeVideoKHR"
0024:trace:vulkan:vkGetInstanceProcAddr 0000000104238610, "vkBindVideoSessionMemoryKHR"
0024:trace:vulkan:vkGetInstanceProcAddr 0000000104238610, "vkCmdBeginVideoCodingKHR"
0024:trace:vulkan:vkGetInstanceProcAddr 0000000104238610, "vkCmdControlVideoCodingKHR"
0024:trace:vulkan:vkGetInstanceProcAddr 0000000104238610, "vkCmdEndVideoCodingKHR"
0024:trace:vulkan:vkGetInstanceProcAddr 0000000104238610, "vkCreateVideoSessionKHR"
0024:trace:vulkan:vkGetInstanceProcAddr 0000000104238610, "vkCreateVideoSessionParametersKHR"
0024:trace:vulkan:vkGetInstanceProcAddr 0000000104238610, "vkDestroyVideoSessionKHR"
0024:trace:vulkan:vkGetInstanceProcAddr 0000000104238610, "vkDestroyVideoSessionParametersKHR"
0024:trace:vulkan:vkGetInstanceProcAddr 0000000104238610, "vkGetVideoSessionMemoryRequirementsKHR"
0024:trace:vulkan:thunk64_vkEnumeratePhysicalDevices 0x104238610, 0x104fff2e8, 0x0
0024:trace:vulkan:thunk64_vkEnumeratePhysicalDevices 0x104238610, 0x104fff2e8, 0x104fff338
0024:trace:vulkan:wine_vkEnumeratePhysicalDevices Returning 1 devices.
0024:trace:vulkan:vkEnumerateDeviceExtensionProperties 0000000104238628, 0000000000000000, 0000000104FFF318, 0000000000000000
0024:trace:vulkan:thunk64_vkEnumerateDeviceExtensionProperties 0x104238628, 0x0, 0x104ffeeec, 0x0
0024:trace:vulkan:thunk64_vkEnumerateDeviceExtensionProperties 0x104238628, 0x0, 0x104ffeeec, 0x107cc7630
0024:trace:vulkan:vkEnumerateDeviceExtensionProperties Client physical device extensions:
0024:trace:vulkan:vkEnumerateDeviceExtensionProperties   - VK_KHR_16bit_storage
0024:trace:vulkan:vkEnumerateDeviceExtensionProperties   - VK_KHR_8bit_storage
0024:trace:vulkan:vkEnumerateDeviceExtensionProperties   - VK_KHR_bind_memory2
0024:trace:vulkan:vkEnumerateDeviceExtensionProperties   - VK_KHR_buffer_device_address
0024:trace:vulkan:vkEnumerateDeviceExtensionProperties   - VK_KHR_calibrated_timestamps
0024:trace:vulkan:vkEnumerateDeviceExtensionProperties   - VK_KHR_copy_commands2
0024:trace:vulkan:vkEnumerateDeviceExtensionProperties   - VK_KHR_create_renderpass2
0024:trace:vulkan:vkEnumerateDeviceExtensionProperties   - VK_KHR_dedicated_allocation
0024:trace:vulkan:vkEnumerateDeviceExtensionProperties   - VK_KHR_deferred_host_operations
0024:trace:vulkan:vkEnumerateDeviceExtensionProperties   - VK_KHR_depth_stencil_resolve
0024:trace:vulkan:vkEnumerateDeviceExtensionProperties   - VK_KHR_descriptor_update_template
0024:trace:vulkan:vkEnumerateDeviceExtensionProperties   - VK_KHR_device_group
0024:trace:vulkan:vkEnumerateDeviceExtensionProperties   - VK_KHR_driver_properties
0024:trace:vulkan:vkEnumerateDeviceExtensionProperties   - VK_KHR_dynamic_rendering
0024:trace:vulkan:vkEnumerateDeviceExtensionProperties   - VK_KHR_dynamic_rendering_local_read
0024:trace:vulkan:vkEnumerateDeviceExtensionProperties   - VK_KHR_external_fence
0024:trace:vulkan:vkEnumerateDeviceExtensionProperties   - VK_KHR_external_memory
0024:trace:vulkan:vkEnumerateDeviceExtensionProperties   - VK_KHR_external_semaphore
0024:trace:vulkan:vkEnumerateDeviceExtensionProperties   - VK_KHR_format_feature_flags2
0024:trace:vulkan:vkEnumerateDeviceExtensionProperties   - VK_KHR_get_memory_requirements2
0024:trace:vulkan:vkEnumerateDeviceExtensionProperties   - VK_KHR_global_priority
0024:trace:vulkan:vkEnumerateDeviceExtensionProperties   - VK_KHR_image_format_list
0024:trace:vulkan:vkEnumerateDeviceExtensionProperties   - VK_KHR_imageless_framebuffer
0024:trace:vulkan:vkEnumerateDeviceExtensionProperties   - VK_KHR_incremental_present
0024:trace:vulkan:vkEnumerateDeviceExtensionProperties   - VK_KHR_index_type_uint8
0024:trace:vulkan:vkEnumerateDeviceExtensionProperties   - VK_KHR_line_rasterization
0024:trace:vulkan:vkEnumerateDeviceExtensionProperties   - VK_KHR_load_store_op_none
0024:trace:vulkan:vkEnumerateDeviceExtensionProperties   - VK_KHR_maintenance1
0024:trace:vulkan:vkEnumerateDeviceExtensionProperties   - VK_KHR_maintenance2
0024:trace:vulkan:vkEnumerateDeviceExtensionProperties   - VK_KHR_maintenance3
0024:trace:vulkan:vkEnumerateDeviceExtensionProperties   - VK_KHR_maintenance4
0024:trace:vulkan:vkEnumerateDeviceExtensionProperties   - VK_KHR_maintenance5
0024:trace:vulkan:vkEnumerateDeviceExtensionProperties   - VK_KHR_maintenance6
0024:trace:vulkan:vkEnumerateDeviceExtensionProperties   - VK_KHR_maintenance7
0024:trace:vulkan:vkEnumerateDeviceExtensionProperties   - VK_KHR_maintenance8
0024:trace:vulkan:vkEnumerateDeviceExtensionProperties   - VK_KHR_maintenance9
0024:trace:vulkan:vkEnumerateDeviceExtensionProperties   - VK_KHR_map_memory2
0024:trace:vulkan:vkEnumerateDeviceExtensionProperties   - VK_KHR_multiview
0024:warn:vulkan:is_device_extension_supported Extension "VK_KHR_portability_subset" is not supported.
0024:trace:vulkan:vkEnumerateDeviceExtensionProperties   - VK_KHR_present_id
0024:trace:vulkan:vkEnumerateDeviceExtensionProperties   - VK_KHR_present_id2
0024:trace:vulkan:vkEnumerateDeviceExtensionProperties   - VK_KHR_present_wait
0024:trace:vulkan:vkEnumerateDeviceExtensionProperties   - VK_KHR_present_wait2
0024:trace:vulkan:vkEnumerateDeviceExtensionProperties   - VK_KHR_push_descriptor
0024:trace:vulkan:vkEnumerateDeviceExtensionProperties   - VK_KHR_relaxed_block_layout
0024:trace:vulkan:vkEnumerateDeviceExtensionProperties   - VK_KHR_robustness2
0024:trace:vulkan:vkEnumerateDeviceExtensionProperties   - VK_KHR_sampler_ycbcr_conversion
0024:trace:vulkan:vkEnumerateDeviceExtensionProperties   - VK_KHR_separate_depth_stencil_layouts
0024:trace:vulkan:vkEnumerateDeviceExtensionProperties   - VK_KHR_shader_draw_parameters
0024:trace:vulkan:vkEnumerateDeviceExtensionProperties   - VK_KHR_shader_expect_assume
0024:trace:vulkan:vkEnumerateDeviceExtensionProperties   - VK_KHR_shader_float_controls
0024:trace:vulkan:vkEnumerateDeviceExtensionProperties   - VK_KHR_shader_float_controls2
0024:trace:vulkan:vkEnumerateDeviceExtensionProperties   - VK_KHR_shader_float16_int8
0024:trace:vulkan:vkEnumerateDeviceExtensionProperties   - VK_KHR_shader_fma
0024:trace:vulkan:vkEnumerateDeviceExtensionProperties   - VK_KHR_shader_integer_dot_product
0024:trace:vulkan:vkEnumerateDeviceExtensionProperties   - VK_KHR_shader_maximal_reconvergence
0024:trace:vulkan:vkEnumerateDeviceExtensionProperties   - VK_KHR_shader_non_semantic_info
0024:trace:vulkan:vkEnumerateDeviceExtensionProperties   - VK_KHR_shader_relaxed_extended_instruction
0024:trace:vulkan:vkEnumerateDeviceExtensionProperties   - VK_KHR_shader_subgroup_extended_types
0024:trace:vulkan:vkEnumerateDeviceExtensionProperties   - VK_KHR_shader_subgroup_rotate
0024:trace:vulkan:vkEnumerateDeviceExtensionProperties   - VK_KHR_shader_subgroup_uniform_control_flow
0024:trace:vulkan:vkEnumerateDeviceExtensionProperties   - VK_KHR_shader_terminate_invocation
0024:trace:vulkan:vkEnumerateDeviceExtensionProperties   - VK_KHR_spirv_1_4
0024:trace:vulkan:vkEnumerateDeviceExtensionProperties   - VK_KHR_storage_buffer_storage_class
0024:trace:vulkan:vkEnumerateDeviceExtensionProperties   - VK_KHR_swapchain
0024:trace:vulkan:vkEnumerateDeviceExtensionProperties   - VK_KHR_swapchain_maintenance1
0024:trace:vulkan:vkEnumerateDeviceExtensionProperties   - VK_KHR_swapchain_mutable_format
0024:trace:vulkan:vkEnumerateDeviceExtensionProperties   - VK_KHR_synchronization2
0024:trace:vulkan:vkEnumerateDeviceExtensionProperties   - VK_KHR_timeline_semaphore
0024:trace:vulkan:vkEnumerateDeviceExtensionProperties   - VK_KHR_uniform_buffer_standard_layout
0024:trace:vulkan:vkEnumerateDeviceExtensionProperties   - VK_KHR_variable_pointers
0024:trace:vulkan:vkEnumerateDeviceExtensionProperties   - VK_KHR_vertex_attribute_divisor
0024:trace:vulkan:vkEnumerateDeviceExtensionProperties   - VK_KHR_vulkan_memory_model
0024:trace:vulkan:vkEnumerateDeviceExtensionProperties   - VK_KHR_zero_initialize_workgroup_memory
0024:trace:vulkan:vkEnumerateDeviceExtensionProperties   - VK_EXT_4444_formats
0024:trace:vulkan:vkEnumerateDeviceExtensionProperties   - VK_EXT_buffer_device_address
0024:trace:vulkan:vkEnumerateDeviceExtensionProperties   - VK_EXT_calibrated_timestamps
0024:trace:vulkan:vkEnumerateDeviceExtensionProperties   - VK_EXT_debug_marker
0024:trace:vulkan:vkEnumerateDeviceExtensionProperties   - VK_EXT_depth_clip_control
0024:trace:vulkan:vkEnumerateDeviceExtensionProperties   - VK_EXT_descriptor_indexing
0024:trace:vulkan:vkEnumerateDeviceExtensionProperties   - VK_EXT_extended_dynamic_state
0024:trace:vulkan:vkEnumerateDeviceExtensionProperties   - VK_EXT_extended_dynamic_state2
0024:trace:vulkan:vkEnumerateDeviceExtensionProperties   - VK_EXT_extended_dynamic_state3
0024:trace:vulkan:vkEnumerateDeviceExtensionProperties   - VK_EXT_external_memory_host
0024:warn:vulkan:is_device_extension_supported Extension "VK_EXT_external_memory_metal" is not supported.
0024:trace:vulkan:vkEnumerateDeviceExtensionProperties   - VK_EXT_fragment_shader_interlock
0024:trace:vulkan:vkEnumerateDeviceExtensionProperties   - VK_EXT_global_priority
0024:trace:vulkan:vkEnumerateDeviceExtensionProperties   - VK_EXT_global_priority_query
0024:trace:vulkan:vkEnumerateDeviceExtensionProperties   - VK_EXT_host_image_copy
0024:trace:vulkan:vkEnumerateDeviceExtensionProperties   - VK_EXT_host_query_reset
0024:trace:vulkan:vkEnumerateDeviceExtensionProperties   - VK_EXT_image_2d_view_of_3d
0024:trace:vulkan:vkEnumerateDeviceExtensionProperties   - VK_EXT_image_robustness
0024:trace:vulkan:vkEnumerateDeviceExtensionProperties   - VK_EXT_index_type_uint8
0024:trace:vulkan:vkEnumerateDeviceExtensionProperties   - VK_EXT_inline_uniform_block
0024:trace:vulkan:vkEnumerateDeviceExtensionProperties   - VK_EXT_line_rasterization
0024:trace:vulkan:vkEnumerateDeviceExtensionProperties   - VK_EXT_load_store_op_none
0024:trace:vulkan:vkEnumerateDeviceExtensionProperties   - VK_EXT_memory_budget
0024:warn:vulkan:is_device_extension_supported Extension "VK_EXT_metal_objects" is not supported.
0024:trace:vulkan:vkEnumerateDeviceExtensionProperties   - VK_EXT_pipeline_creation_cache_control
0024:trace:vulkan:vkEnumerateDeviceExtensionProperties   - VK_EXT_pipeline_creation_feedback
0024:trace:vulkan:vkEnumerateDeviceExtensionProperties   - VK_EXT_pipeline_robustness
0024:trace:vulkan:vkEnumerateDeviceExtensionProperties   - VK_EXT_post_depth_coverage
0024:trace:vulkan:vkEnumerateDeviceExtensionProperties   - VK_EXT_private_data
0024:trace:vulkan:vkEnumerateDeviceExtensionProperties   - VK_EXT_robustness2
0024:trace:vulkan:vkEnumerateDeviceExtensionProperties   - VK_EXT_sample_locations
0024:trace:vulkan:vkEnumerateDeviceExtensionProperties   - VK_EXT_scalar_block_layout
0024:trace:vulkan:vkEnumerateDeviceExtensionProperties   - VK_EXT_separate_stencil_usage
0024:trace:vulkan:vkEnumerateDeviceExtensionProperties   - VK_EXT_shader_atomic_float
0024:trace:vulkan:vkEnumerateDeviceExtensionProperties   - VK_EXT_shader_demote_to_helper_invocation
0024:trace:vulkan:vkEnumerateDeviceExtensionProperties   - VK_EXT_shader_stencil_export
0024:trace:vulkan:vkEnumerateDeviceExtensionProperties   - VK_EXT_shader_subgroup_ballot
0024:trace:vulkan:vkEnumerateDeviceExtensionProperties   - VK_EXT_shader_subgroup_vote
0024:trace:vulkan:vkEnumerateDeviceExtensionProperties   - VK_EXT_shader_viewport_index_layer
0024:trace:vulkan:vkEnumerateDeviceExtensionProperties   - VK_EXT_subgroup_size_control
0024:trace:vulkan:vkEnumerateDeviceExtensionProperties   - VK_EXT_swapchain_maintenance1
0024:trace:vulkan:vkEnumerateDeviceExtensionProperties   - VK_EXT_texel_buffer_alignment
0024:trace:vulkan:vkEnumerateDeviceExtensionProperties   - VK_EXT_texture_compression_astc_hdr
0024:trace:vulkan:vkEnumerateDeviceExtensionProperties   - VK_EXT_tooling_info
0024:trace:vulkan:vkEnumerateDeviceExtensionProperties   - VK_EXT_vertex_attribute_divisor
0024:trace:vulkan:vkEnumerateDeviceExtensionProperties   - VK_AMD_gpu_shader_half_float
0024:trace:vulkan:vkEnumerateDeviceExtensionProperties   - VK_AMD_negative_viewport_height
0024:trace:vulkan:vkEnumerateDeviceExtensionProperties   - VK_AMD_shader_image_load_store_lod
0024:trace:vulkan:vkEnumerateDeviceExtensionProperties   - VK_AMD_shader_trinary_minmax
0024:warn:vulkan:is_device_extension_supported Extension "VK_GOOGLE_display_timing" is not supported.
0024:trace:vulkan:vkEnumerateDeviceExtensionProperties   - VK_IMG_format_pvrtc
0024:trace:vulkan:vkEnumerateDeviceExtensionProperties   - VK_INTEL_shader_integer_functions2
0024:trace:vulkan:vkEnumerateDeviceExtensionProperties 0000000104238628, 0000000000000000, 0000000104FFF318, 0000000107CC7630
0024:trace:vulkan:thunk64_vkEnumerateDeviceExtensionProperties 0x104238628, 0x0, 0x104ffeeec, 0x0
0024:trace:vulkan:thunk64_vkEnumerateDeviceExtensionProperties 0x104238628, 0x0, 0x104ffeeec, 0x107ccf220
0024:trace:vulkan:vkEnumerateDeviceExtensionProperties Client physical device extensions:
0024:trace:vulkan:vkEnumerateDeviceExtensionProperties   - VK_KHR_16bit_storage
0024:trace:vulkan:vkEnumerateDeviceExtensionProperties   - VK_KHR_8bit_storage
0024:trace:vulkan:vkEnumerateDeviceExtensionProperties   - VK_KHR_bind_memory2
0024:trace:vulkan:vkEnumerateDeviceExtensionProperties   - VK_KHR_buffer_device_address
0024:trace:vulkan:vkEnumerateDeviceExtensionProperties   - VK_KHR_calibrated_timestamps
0024:trace:vulkan:vkEnumerateDeviceExtensionProperties   - VK_KHR_copy_commands2
0024:trace:vulkan:vkEnumerateDeviceExtensionProperties   - VK_KHR_create_renderpass2
0024:trace:vulkan:vkEnumerateDeviceExtensionProperties   - VK_KHR_dedicated_allocation
0024:trace:vulkan:vkEnumerateDeviceExtensionProperties   - VK_KHR_deferred_host_operations
0024:trace:vulkan:vkEnumerateDeviceExtensionProperties   - VK_KHR_depth_stencil_resolve
0024:trace:vulkan:vkEnumerateDeviceExtensionProperties   - VK_KHR_descriptor_update_template
0024:trace:vulkan:vkEnumerateDeviceExtensionProperties   - VK_KHR_device_group
0024:trace:vulkan:vkEnumerateDeviceExtensionProperties   - VK_KHR_driver_properties
0024:trace:vulkan:vkEnumerateDeviceExtensionProperties   - VK_KHR_dynamic_rendering
0024:trace:vulkan:vkEnumerateDeviceExtensionProperties   - VK_KHR_dynamic_rendering_local_read
0024:trace:vulkan:vkEnumerateDeviceExtensionProperties   - VK_KHR_external_fence
0024:trace:vulkan:vkEnumerateDeviceExtensionProperties   - VK_KHR_external_memory
0024:trace:vulkan:vkEnumerateDeviceExtensionProperties   - VK_KHR_external_semaphore
0024:trace:vulkan:vkEnumerateDeviceExtensionProperties   - VK_KHR_format_feature_flags2
0024:trace:vulkan:vkEnumerateDeviceExtensionProperties   - VK_KHR_get_memory_requirements2
0024:trace:vulkan:vkEnumerateDeviceExtensionProperties   - VK_KHR_global_priority
0024:trace:vulkan:vkEnumerateDeviceExtensionProperties   - VK_KHR_image_format_list
0024:trace:vulkan:vkEnumerateDeviceExtensionProperties   - VK_KHR_imageless_framebuffer
0024:trace:vulkan:vkEnumerateDeviceExtensionProperties   - VK_KHR_incremental_present
0024:trace:vulkan:vkEnumerateDeviceExtensionProperties   - VK_KHR_index_type_uint8
0024:trace:vulkan:vkEnumerateDeviceExtensionProperties   - VK_KHR_line_rasterization
0024:trace:vulkan:vkEnumerateDeviceExtensionProperties   - VK_KHR_load_store_op_none
0024:trace:vulkan:vkEnumerateDeviceExtensionProperties   - VK_KHR_maintenance1
0024:trace:vulkan:vkEnumerateDeviceExtensionProperties   - VK_KHR_maintenance2
0024:trace:vulkan:vkEnumerateDeviceExtensionProperties   - VK_KHR_maintenance3
0024:trace:vulkan:vkEnumerateDeviceExtensionProperties   - VK_KHR_maintenance4
0024:trace:vulkan:vkEnumerateDeviceExtensionProperties   - VK_KHR_maintenance5
0024:trace:vulkan:vkEnumerateDeviceExtensionProperties   - VK_KHR_maintenance6
0024:trace:vulkan:vkEnumerateDeviceExtensionProperties   - VK_KHR_maintenance7
0024:trace:vulkan:vkEnumerateDeviceExtensionProperties   - VK_KHR_maintenance8
0024:trace:vulkan:vkEnumerateDeviceExtensionProperties   - VK_KHR_maintenance9
0024:trace:vulkan:vkEnumerateDeviceExtensionProperties   - VK_KHR_map_memory2
0024:trace:vulkan:vkEnumerateDeviceExtensionProperties   - VK_KHR_multiview
0024:warn:vulkan:is_device_extension_supported Extension "VK_KHR_portability_subset" is not supported.
0024:trace:vulkan:vkEnumerateDeviceExtensionProperties   - VK_KHR_present_id
0024:trace:vulkan:vkEnumerateDeviceExtensionProperties   - VK_KHR_present_id2
0024:trace:vulkan:vkEnumerateDeviceExtensionProperties   - VK_KHR_present_wait
0024:trace:vulkan:vkEnumerateDeviceExtensionProperties   - VK_KHR_present_wait2
0024:trace:vulkan:vkEnumerateDeviceExtensionProperties   - VK_KHR_push_descriptor
0024:trace:vulkan:vkEnumerateDeviceExtensionProperties   - VK_KHR_relaxed_block_layout
0024:trace:vulkan:vkEnumerateDeviceExtensionProperties   - VK_KHR_robustness2
0024:trace:vulkan:vkEnumerateDeviceExtensionProperties   - VK_KHR_sampler_ycbcr_conversion
0024:trace:vulkan:vkEnumerateDeviceExtensionProperties   - VK_KHR_separate_depth_stencil_layouts
0024:trace:vulkan:vkEnumerateDeviceExtensionProperties   - VK_KHR_shader_draw_parameters
0024:trace:vulkan:vkEnumerateDeviceExtensionProperties   - VK_KHR_shader_expect_assume
0024:trace:vulkan:vkEnumerateDeviceExtensionProperties   - VK_KHR_shader_float_controls
0024:trace:vulkan:vkEnumerateDeviceExtensionProperties   - VK_KHR_shader_float_controls2
0024:trace:vulkan:vkEnumerateDeviceExtensionProperties   - VK_KHR_shader_float16_int8
0024:trace:vulkan:vkEnumerateDeviceExtensionProperties   - VK_KHR_shader_fma
0024:trace:vulkan:vkEnumerateDeviceExtensionProperties   - VK_KHR_shader_integer_dot_product
0024:trace:vulkan:vkEnumerateDeviceExtensionProperties   - VK_KHR_shader_maximal_reconvergence
0024:trace:vulkan:vkEnumerateDeviceExtensionProperties   - VK_KHR_shader_non_semantic_info
0024:trace:vulkan:vkEnumerateDeviceExtensionProperties   - VK_KHR_shader_relaxed_extended_instruction
0024:trace:vulkan:vkEnumerateDeviceExtensionProperties   - VK_KHR_shader_subgroup_extended_types
0024:trace:vulkan:vkEnumerateDeviceExtensionProperties   - VK_KHR_shader_subgroup_rotate
0024:trace:vulkan:vkEnumerateDeviceExtensionProperties   - VK_KHR_shader_subgroup_uniform_control_flow
0024:trace:vulkan:vkEnumerateDeviceExtensionProperties   - VK_KHR_shader_terminate_invocation
0024:trace:vulkan:vkEnumerateDeviceExtensionProperties   - VK_KHR_spirv_1_4
0024:trace:vulkan:vkEnumerateDeviceExtensionProperties   - VK_KHR_storage_buffer_storage_class
0024:trace:vulkan:vkEnumerateDeviceExtensionProperties   - VK_KHR_swapchain
0024:trace:vulkan:vkEnumerateDeviceExtensionProperties   - VK_KHR_swapchain_maintenance1
0024:trace:vulkan:vkEnumerateDeviceExtensionProperties   - VK_KHR_swapchain_mutable_format
0024:trace:vulkan:vkEnumerateDeviceExtensionProperties   - VK_KHR_synchronization2
0024:trace:vulkan:vkEnumerateDeviceExtensionProperties   - VK_KHR_timeline_semaphore
0024:trace:vulkan:vkEnumerateDeviceExtensionProperties   - VK_KHR_uniform_buffer_standard_layout
0024:trace:vulkan:vkEnumerateDeviceExtensionProperties   - VK_KHR_variable_pointers
0024:trace:vulkan:vkEnumerateDeviceExtensionProperties   - VK_KHR_vertex_attribute_divisor
0024:trace:vulkan:vkEnumerateDeviceExtensionProperties   - VK_KHR_vulkan_memory_model
0024:trace:vulkan:vkEnumerateDeviceExtensionProperties   - VK_KHR_zero_initialize_workgroup_memory
0024:trace:vulkan:vkEnumerateDeviceExtensionProperties   - VK_EXT_4444_formats
0024:trace:vulkan:vkEnumerateDeviceExtensionProperties   - VK_EXT_buffer_device_address
0024:trace:vulkan:vkEnumerateDeviceExtensionProperties   - VK_EXT_calibrated_timestamps
0024:trace:vulkan:vkEnumerateDeviceExtensionProperties   - VK_EXT_debug_marker
0024:trace:vulkan:vkEnumerateDeviceExtensionProperties   - VK_EXT_depth_clip_control
0024:trace:vulkan:vkEnumerateDeviceExtensionProperties   - VK_EXT_descriptor_indexing
0024:trace:vulkan:vkEnumerateDeviceExtensionProperties   - VK_EXT_extended_dynamic_state
0024:trace:vulkan:vkEnumerateDeviceExtensionProperties   - VK_EXT_extended_dynamic_state2
0024:trace:vulkan:vkEnumerateDeviceExtensionProperties   - VK_EXT_extended_dynamic_state3
0024:trace:vulkan:vkEnumerateDeviceExtensionProperties   - VK_EXT_external_memory_host
0024:warn:vulkan:is_device_extension_supported Extension "VK_EXT_external_memory_metal" is not supported.
0024:trace:vulkan:vkEnumerateDeviceExtensionProperties   - VK_EXT_fragment_shader_interlock
0024:trace:vulkan:vkEnumerateDeviceExtensionProperties   - VK_EXT_global_priority
0024:trace:vulkan:vkEnumerateDeviceExtensionProperties   - VK_EXT_global_priority_query
0024:trace:vulkan:vkEnumerateDeviceExtensionProperties   - VK_EXT_host_image_copy
0024:trace:vulkan:vkEnumerateDeviceExtensionProperties   - VK_EXT_host_query_reset
0024:trace:vulkan:vkEnumerateDeviceExtensionProperties   - VK_EXT_image_2d_view_of_3d
0024:trace:vulkan:vkEnumerateDeviceExtensionProperties   - VK_EXT_image_robustness
0024:trace:vulkan:vkEnumerateDeviceExtensionProperties   - VK_EXT_index_type_uint8
0024:trace:vulkan:vkEnumerateDeviceExtensionProperties   - VK_EXT_inline_uniform_block
0024:trace:vulkan:vkEnumerateDeviceExtensionProperties   - VK_EXT_line_rasterization
0024:trace:vulkan:vkEnumerateDeviceExtensionProperties   - VK_EXT_load_store_op_none
0024:trace:vulkan:vkEnumerateDeviceExtensionProperties   - VK_EXT_memory_budget
0024:warn:vulkan:is_device_extension_supported Extension "VK_EXT_metal_objects" is not supported.
0024:trace:vulkan:vkEnumerateDeviceExtensionProperties   - VK_EXT_pipeline_creation_cache_control
0024:trace:vulkan:vkEnumerateDeviceExtensionProperties   - VK_EXT_pipeline_creation_feedback
0024:trace:vulkan:vkEnumerateDeviceExtensionProperties   - VK_EXT_pipeline_robustness
0024:trace:vulkan:vkEnumerateDeviceExtensionProperties   - VK_EXT_post_depth_coverage
0024:trace:vulkan:vkEnumerateDeviceExtensionProperties   - VK_EXT_private_data
0024:trace:vulkan:vkEnumerateDeviceExtensionProperties   - VK_EXT_robustness2
0024:trace:vulkan:vkEnumerateDeviceExtensionProperties   - VK_EXT_sample_locations
0024:trace:vulkan:vkEnumerateDeviceExtensionProperties   - VK_EXT_scalar_block_layout
0024:trace:vulkan:vkEnumerateDeviceExtensionProperties   - VK_EXT_separate_stencil_usage
0024:trace:vulkan:vkEnumerateDeviceExtensionProperties   - VK_EXT_shader_atomic_float
0024:trace:vulkan:vkEnumerateDeviceExtensionProperties   - VK_EXT_shader_demote_to_helper_invocation
0024:trace:vulkan:vkEnumerateDeviceExtensionProperties   - VK_EXT_shader_stencil_export
0024:trace:vulkan:vkEnumerateDeviceExtensionProperties   - VK_EXT_shader_subgroup_ballot
0024:trace:vulkan:vkEnumerateDeviceExtensionProperties   - VK_EXT_shader_subgroup_vote
0024:trace:vulkan:vkEnumerateDeviceExtensionProperties   - VK_EXT_shader_viewport_index_layer
0024:trace:vulkan:vkEnumerateDeviceExtensionProperties   - VK_EXT_subgroup_size_control
0024:trace:vulkan:vkEnumerateDeviceExtensionProperties   - VK_EXT_swapchain_maintenance1
0024:trace:vulkan:vkEnumerateDeviceExtensionProperties   - VK_EXT_texel_buffer_alignment
0024:trace:vulkan:vkEnumerateDeviceExtensionProperties   - VK_EXT_texture_compression_astc_hdr
0024:trace:vulkan:vkEnumerateDeviceExtensionProperties   - VK_EXT_tooling_info
0024:trace:vulkan:vkEnumerateDeviceExtensionProperties   - VK_EXT_vertex_attribute_divisor
0024:trace:vulkan:vkEnumerateDeviceExtensionProperties   - VK_AMD_gpu_shader_half_float
0024:trace:vulkan:vkEnumerateDeviceExtensionProperties   - VK_AMD_negative_viewport_height
0024:trace:vulkan:vkEnumerateDeviceExtensionProperties   - VK_AMD_shader_image_load_store_lod
0024:trace:vulkan:vkEnumerateDeviceExtensionProperties   - VK_AMD_shader_trinary_minmax
0024:warn:vulkan:is_device_extension_supported Extension "VK_GOOGLE_display_timing" is not supported.
0024:trace:vulkan:vkEnumerateDeviceExtensionProperties   - VK_IMG_format_pvrtc
0024:trace:vulkan:vkEnumerateDeviceExtensionProperties   - VK_INTEL_shader_integer_functions2
0024:trace:vulkan:thunk64_vkGetPhysicalDeviceProperties2 0x104238628, 0x104ffef58
0024:trace:vulkan:get_physical_device_properties2 deviceName:Apple GPU deviceLUIDValid:1 LUID:00000000:000003ed.
0024:trace:vulkan:thunk64_vkGetPhysicalDeviceMemoryProperties 0x104238628, 0x104238400
0024:trace:vulkan:thunk64_vkGetPhysicalDeviceFeatures2 0x104238628, 0x104fff460
0024:trace:vulkan:thunk64_vkGetPhysicalDeviceFormatProperties 0x104238628, 0x2, 0x104ffee64
0024:trace:vulkan:thunk64_vkGetPhysicalDeviceImageFormatProperties 0x104238628, 0x2, 0x1, 0, 0x10, 0, 0x104ffee70
0024:trace:vulkan:thunk64_vkGetPhysicalDeviceFormatProperties 0x104238628, 0x6d, 0x104ffee64
0024:trace:vulkan:thunk64_vkGetPhysicalDeviceImageFormatProperties 0x104238628, 0x6d, 0x1, 0, 0x10, 0, 0x104ffee70
0024:trace:vulkan:thunk64_vkGetPhysicalDeviceFormatProperties 0x104238628, 0x6b, 0x104ffee64
0024:trace:vulkan:thunk64_vkGetPhysicalDeviceImageFormatProperties 0x104238628, 0x6b, 0x1, 0, 0x10, 0, 0x104ffee70
0024:trace:vulkan:thunk64_vkGetPhysicalDeviceFormatProperties 0x104238628, 0x6c, 0x104ffee64
0024:trace:vulkan:thunk64_vkGetPhysicalDeviceImageFormatProperties 0x104238628, 0x6c, 0x1, 0, 0x10, 0, 0x104ffee70
0024:trace:vulkan:thunk64_vkGetPhysicalDeviceFormatProperties 0x104238628, 0x6a, 0x104ffee64
0024:trace:vulkan:thunk64_vkGetPhysicalDeviceFormatProperties 0x104238628, 0x68, 0x104ffee64
0024:trace:vulkan:thunk64_vkGetPhysicalDeviceFormatProperties 0x104238628, 0x69, 0x104ffee64
0024:trace:vulkan:thunk64_vkGetPhysicalDeviceFormatProperties 0x104238628, 0x61, 0x104ffee64
0024:trace:vulkan:thunk64_vkGetPhysicalDeviceImageFormatProperties 0x104238628, 0x61, 0x1, 0, 0x10, 0, 0x104ffee70
0024:trace:vulkan:thunk64_vkGetPhysicalDeviceFormatProperties 0x104238628, 0x5b, 0x104ffee64
0024:trace:vulkan:thunk64_vkGetPhysicalDeviceImageFormatProperties 0x104238628, 0x5b, 0x1, 0, 0x10, 0, 0x104ffee70
0024:trace:vulkan:thunk64_vkGetPhysicalDeviceFormatProperties 0x104238628, 0x5f, 0x104ffee64
0024:trace:vulkan:thunk64_vkGetPhysicalDeviceImageFormatProperties 0x104238628, 0x5f, 0x1, 0, 0x10, 0, 0x104ffee70
0024:trace:vulkan:thunk64_vkGetPhysicalDeviceFormatProperties 0x104238628, 0x5c, 0x104ffee64
0024:trace:vulkan:thunk64_vkGetPhysicalDeviceImageFormatProperties 0x104238628, 0x5c, 0x1, 0, 0x10, 0, 0x104ffee70
0024:trace:vulkan:thunk64_vkGetPhysicalDeviceFormatProperties 0x104238628, 0x60, 0x104ffee64
0024:trace:vulkan:thunk64_vkGetPhysicalDeviceImageFormatProperties 0x104238628, 0x60, 0x1, 0, 0x10, 0, 0x104ffee70
0024:trace:vulkan:thunk64_vkGetPhysicalDeviceFormatProperties 0x104238628, 0x67, 0x104ffee64
0024:trace:vulkan:thunk64_vkGetPhysicalDeviceImageFormatProperties 0x104238628, 0x67, 0x1, 0, 0x10, 0, 0x104ffee70
0024:trace:vulkan:thunk64_vkGetPhysicalDeviceFormatProperties 0x104238628, 0x65, 0x104ffee64
0024:trace:vulkan:thunk64_vkGetPhysicalDeviceImageFormatProperties 0x104238628, 0x65, 0x1, 0, 0x10, 0, 0x104ffee70
0024:trace:vulkan:thunk64_vkGetPhysicalDeviceFormatProperties 0x104238628, 0x66, 0x104ffee64
0024:trace:vulkan:thunk64_vkGetPhysicalDeviceImageFormatProperties 0x104238628, 0x66, 0x1, 0, 0x10, 0, 0x104ffee70
0024:trace:vulkan:thunk64_vkGetPhysicalDeviceFormatProperties 0x104238628, 0x82, 0x104ffee64
0024:trace:vulkan:thunk64_vkGetPhysicalDeviceImageFormatProperties 0x104238628, 0x82, 0x1, 0, 0x20, 0, 0x104ffee70
0024:trace:vulkan:thunk64_vkGetPhysicalDeviceFormatProperties 0x104238628, 0x82, 0x104ffee64
0024:trace:vulkan:thunk64_vkGetPhysicalDeviceImageFormatProperties 0x104238628, 0x82, 0x1, 0, 0x20, 0, 0x104ffee70
0024:trace:vulkan:thunk64_vkGetPhysicalDeviceFormatProperties 0x104238628, 0x82, 0x104ffee64
0024:trace:vulkan:thunk64_vkGetPhysicalDeviceImageFormatProperties 0x104238628, 0x82, 0x1, 0, 0x20, 0, 0x104ffee70
0024:trace:vulkan:thunk64_vkGetPhysicalDeviceFormatProperties 0x104238628, 0x40, 0x104ffee64
0024:trace:vulkan:thunk64_vkGetPhysicalDeviceImageFormatProperties 0x104238628, 0x40, 0x1, 0, 0x10, 0, 0x104ffee70
0024:trace:vulkan:thunk64_vkGetPhysicalDeviceFormatProperties 0x104238628, 0x7a, 0x104ffee64
0024:trace:vulkan:thunk64_vkGetPhysicalDeviceImageFormatProperties 0x104238628, 0x7a, 0x1, 0, 0x10, 0, 0x104ffee70
0024:trace:vulkan:thunk64_vkGetPhysicalDeviceFormatProperties 0x104238628, 0x25, 0x104ffee64
0024:trace:vulkan:thunk64_vkGetPhysicalDeviceImageFormatProperties 0x104238628, 0x25, 0x1, 0, 0x10, 0, 0x104ffee70
0024:trace:vulkan:thunk64_vkGetPhysicalDeviceFormatProperties 0x104238628, 0x2b, 0x104ffee64
0024:trace:vulkan:thunk64_vkGetPhysicalDeviceImageFormatProperties 0x104238628, 0x2b, 0x1, 0, 0x10, 0, 0x104ffee70
0024:trace:vulkan:thunk64_vkGetPhysicalDeviceFormatProperties 0x104238628, 0x29, 0x104ffee64
0024:trace:vulkan:thunk64_vkGetPhysicalDeviceImageFormatProperties 0x104238628, 0x29, 0x1, 0, 0x10, 0, 0x104ffee70
0024:trace:vulkan:thunk64_vkGetPhysicalDeviceFormatProperties 0x104238628, 0x26, 0x104ffee64
0024:trace:vulkan:thunk64_vkGetPhysicalDeviceImageFormatProperties 0x104238628, 0x26, 0x1, 0, 0x10, 0, 0x104ffee70
0024:trace:vulkan:thunk64_vkGetPhysicalDeviceFormatProperties 0x104238628, 0x2a, 0x104ffee64
0024:trace:vulkan:thunk64_vkGetPhysicalDeviceImageFormatProperties 0x104238628, 0x2a, 0x1, 0, 0x10, 0, 0x104ffee70
0024:trace:vulkan:thunk64_vkGetPhysicalDeviceFormatProperties 0x104238628, 0x53, 0x104ffee64
0024:trace:vulkan:thunk64_vkGetPhysicalDeviceImageFormatProperties 0x104238628, 0x53, 0x1, 0, 0x10, 0, 0x104ffee70
0024:trace:vulkan:thunk64_vkGetPhysicalDeviceFormatProperties 0x104238628, 0x4d, 0x104ffee64
0024:trace:vulkan:thunk64_vkGetPhysicalDeviceImageFormatProperties 0x104238628, 0x4d, 0x1, 0, 0x10, 0, 0x104ffee70
0024:trace:vulkan:thunk64_vkGetPhysicalDeviceFormatProperties 0x104238628, 0x51, 0x104ffee64
0024:trace:vulkan:thunk64_vkGetPhysicalDeviceImageFormatProperties 0x104238628, 0x51, 0x1, 0, 0x10, 0, 0x104ffee70
0024:trace:vulkan:thunk64_vkGetPhysicalDeviceFormatProperties 0x104238628, 0x4e, 0x104ffee64
0024:trace:vulkan:thunk64_vkGetPhysicalDeviceImageFormatProperties 0x104238628, 0x4e, 0x1, 0, 0x10, 0, 0x104ffee70
0024:trace:vulkan:thunk64_vkGetPhysicalDeviceFormatProperties 0x104238628, 0x52, 0x104ffee64
0024:trace:vulkan:thunk64_vkGetPhysicalDeviceImageFormatProperties 0x104238628, 0x52, 0x1, 0, 0x10, 0, 0x104ffee70
0024:trace:vulkan:thunk64_vkGetPhysicalDeviceFormatProperties 0x104238628, 0x7e, 0x104ffee64
0024:trace:vulkan:thunk64_vkGetPhysicalDeviceImageFormatProperties 0x104238628, 0x7e, 0x1, 0, 0x20, 0, 0x104ffee70
0024:trace:vulkan:thunk64_vkGetPhysicalDeviceFormatProperties 0x104238628, 0x64, 0x104ffee64
0024:trace:vulkan:thunk64_vkGetPhysicalDeviceImageFormatProperties 0x104238628, 0x64, 0x1, 0, 0x10, 0, 0x104ffee70
0024:trace:vulkan:thunk64_vkGetPhysicalDeviceFormatProperties 0x104238628, 0x62, 0x104ffee64
0024:trace:vulkan:thunk64_vkGetPhysicalDeviceImageFormatProperties 0x104238628, 0x62, 0x1, 0, 0x10, 0, 0x104ffee70
0024:trace:vulkan:thunk64_vkGetPhysicalDeviceFormatProperties 0x104238628, 0x63, 0x104ffee64
0024:trace:vulkan:thunk64_vkGetPhysicalDeviceImageFormatProperties 0x104238628, 0x63, 0x1, 0, 0x10, 0, 0x104ffee70
0024:trace:vulkan:thunk64_vkGetPhysicalDeviceFormatProperties 0x104238628, 0x81, 0x104ffee64
0024:trace:vulkan:thunk64_vkGetPhysicalDeviceFormatProperties 0x104238628, 0x82, 0x104ffee64
0024:trace:vulkan:thunk64_vkGetPhysicalDeviceImageFormatProperties 0x104238628, 0x82, 0x1, 0, 0x20, 0, 0x104ffee70
0024:trace:vulkan:thunk64_vkGetPhysicalDeviceFormatProperties 0x104238628, 0x10, 0x104ffee64
0024:trace:vulkan:thunk64_vkGetPhysicalDeviceImageFormatProperties 0x104238628, 0x10, 0x1, 0, 0x10, 0, 0x104ffee70
0024:trace:vulkan:thunk64_vkGetPhysicalDeviceFormatProperties 0x104238628, 0x14, 0x104ffee64
0024:trace:vulkan:thunk64_vkGetPhysicalDeviceImageFormatProperties 0x104238628, 0x14, 0x1, 0, 0x10, 0, 0x104ffee70
0024:trace:vulkan:thunk64_vkGetPhysicalDeviceFormatProperties 0x104238628, 0x11, 0x104ffee64
0024:trace:vulkan:thunk64_vkGetPhysicalDeviceImageFormatProperties 0x104238628, 0x11, 0x1, 0, 0x10, 0, 0x104ffee70
0024:trace:vulkan:thunk64_vkGetPhysicalDeviceFormatProperties 0x104238628, 0x15, 0x104ffee64
0024:trace:vulkan:thunk64_vkGetPhysicalDeviceImageFormatProperties 0x104238628, 0x15, 0x1, 0, 0x10, 0, 0x104ffee70
0024:trace:vulkan:thunk64_vkGetPhysicalDeviceFormatProperties 0x104238628, 0x4c, 0x104ffee64
0024:trace:vulkan:thunk64_vkGetPhysicalDeviceImageFormatProperties 0x104238628, 0x4c, 0x1, 0, 0x10, 0, 0x104ffee70
0024:trace:vulkan:thunk64_vkGetPhysicalDeviceFormatProperties 0x104238628, 0x7c, 0x104ffee64
0024:trace:vulkan:thunk64_vkGetPhysicalDeviceImageFormatProperties 0x104238628, 0x7c, 0x1, 0, 0x20, 0, 0x104ffee70
0024:trace:vulkan:thunk64_vkGetPhysicalDeviceFormatProperties 0x104238628, 0x46, 0x104ffee64
0024:trace:vulkan:thunk64_vkGetPhysicalDeviceImageFormatProperties 0x104238628, 0x46, 0x1, 0, 0x10, 0, 0x104ffee70
0024:trace:vulkan:thunk64_vkGetPhysicalDeviceFormatProperties 0x104238628, 0x4a, 0x104ffee64
0024:trace:vulkan:thunk64_vkGetPhysicalDeviceImageFormatProperties 0x104238628, 0x4a, 0x1, 0, 0x10, 0, 0x104ffee70
0024:trace:vulkan:thunk64_vkGetPhysicalDeviceFormatProperties 0x104238628, 0x47, 0x104ffee64
0024:trace:vulkan:thunk64_vkGetPhysicalDeviceImageFormatProperties 0x104238628, 0x47, 0x1, 0, 0x10, 0, 0x104ffee70
0024:trace:vulkan:thunk64_vkGetPhysicalDeviceFormatProperties 0x104238628, 0x4b, 0x104ffee64
0024:trace:vulkan:thunk64_vkGetPhysicalDeviceImageFormatProperties 0x104238628, 0x4b, 0x1, 0, 0x10, 0, 0x104ffee70
0024:trace:vulkan:thunk64_vkGetPhysicalDeviceFormatProperties 0x104238628, 0x9, 0x104ffee64
0024:trace:vulkan:thunk64_vkGetPhysicalDeviceImageFormatProperties 0x104238628, 0x9, 0x1, 0, 0x10, 0, 0x104ffee70
0024:trace:vulkan:thunk64_vkGetPhysicalDeviceFormatProperties 0x104238628, 0xd, 0x104ffee64
0024:trace:vulkan:thunk64_vkGetPhysicalDeviceImageFormatProperties 0x104238628, 0xd, 0x1, 0, 0x10, 0, 0x104ffee70
0024:trace:vulkan:thunk64_vkGetPhysicalDeviceFormatProperties 0x104238628, 0xa, 0x104ffee64
0024:trace:vulkan:thunk64_vkGetPhysicalDeviceImageFormatProperties 0x104238628, 0xa, 0x1, 0, 0x10, 0, 0x104ffee70
0024:trace:vulkan:thunk64_vkGetPhysicalDeviceFormatProperties 0x104238628, 0xe, 0x104ffee64
0024:trace:vulkan:thunk64_vkGetPhysicalDeviceImageFormatProperties 0x104238628, 0xe, 0x1, 0, 0x10, 0, 0x104ffee70
0024:trace:vulkan:thunk64_vkGetPhysicalDeviceFormatProperties 0x104238628, 0x9, 0x104ffee64
0024:trace:vulkan:thunk64_vkGetPhysicalDeviceImageFormatProperties 0x104238628, 0x9, 0x1, 0, 0x10, 0, 0x104ffee70
0024:trace:vulkan:thunk64_vkGetPhysicalDeviceFormatProperties 0x104238628, 0x7b, 0x104ffee64
0024:trace:vulkan:thunk64_vkGetPhysicalDeviceImageFormatProperties 0x104238628, 0x7b, 0x1, 0, 0x10, 0, 0x104ffee70
0024:trace:vulkan:thunk64_vkGetPhysicalDeviceFormatProperties 0x104238628, 0x3b9d2b63, 0x104ffee64
0024:trace:vulkan:thunk64_vkGetPhysicalDeviceFormatProperties 0x104238628, 0x85, 0x104ffee64
0024:trace:vulkan:thunk64_vkGetPhysicalDeviceFormatProperties 0x104238628, 0x86, 0x104ffee64
0024:trace:vulkan:thunk64_vkGetPhysicalDeviceFormatProperties 0x104238628, 0x87, 0x104ffee64
0024:trace:vulkan:thunk64_vkGetPhysicalDeviceFormatProperties 0x104238628, 0x88, 0x104ffee64
0024:trace:vulkan:thunk64_vkGetPhysicalDeviceFormatProperties 0x104238628, 0x89, 0x104ffee64
0024:trace:vulkan:thunk64_vkGetPhysicalDeviceFormatProperties 0x104238628, 0x8a, 0x104ffee64
0024:trace:vulkan:thunk64_vkGetPhysicalDeviceFormatProperties 0x104238628, 0x8b, 0x104ffee64
0024:trace:vulkan:thunk64_vkGetPhysicalDeviceFormatProperties 0x104238628, 0x8c, 0x104ffee64
0024:trace:vulkan:thunk64_vkGetPhysicalDeviceFormatProperties 0x104238628, 0x8d, 0x104ffee64
0024:trace:vulkan:thunk64_vkGetPhysicalDeviceFormatProperties 0x104238628, 0x8e, 0x104ffee64
0024:trace:vulkan:thunk64_vkGetPhysicalDeviceFormatProperties 0x104238628, 0x4, 0x104ffee64
0024:trace:vulkan:thunk64_vkGetPhysicalDeviceImageFormatProperties 0x104238628, 0x4, 0x1, 0, 0x10, 0, 0x104ffee70
0024:trace:vulkan:thunk64_vkGetPhysicalDeviceFormatProperties 0x104238628, 0x8, 0x104ffee64
0024:trace:vulkan:thunk64_vkGetPhysicalDeviceImageFormatProperties 0x104238628, 0x8, 0x1, 0, 0x10, 0, 0x104ffee70
0024:trace:vulkan:thunk64_vkGetPhysicalDeviceFormatProperties 0x104238628, 0x2c, 0x104ffee64
0024:trace:vulkan:thunk64_vkGetPhysicalDeviceImageFormatProperties 0x104238628, 0x2c, 0x1, 0, 0x10, 0, 0x104ffee70
0024:trace:vulkan:thunk64_vkGetPhysicalDeviceFormatProperties 0x104238628, 0x2c, 0x104ffee64
0024:trace:vulkan:thunk64_vkGetPhysicalDeviceImageFormatProperties 0x104238628, 0x2c, 0x1, 0, 0x10, 0, 0x104ffee70
0024:trace:vulkan:thunk64_vkGetPhysicalDeviceFormatProperties 0x104238628, 0x32, 0x104ffee64
0024:trace:vulkan:thunk64_vkGetPhysicalDeviceImageFormatProperties 0x104238628, 0x32, 0x1, 0, 0x10, 0, 0x104ffee70
0024:trace:vulkan:thunk64_vkGetPhysicalDeviceFormatProperties 0x104238628, 0x32, 0x104ffee64
0024:trace:vulkan:thunk64_vkGetPhysicalDeviceImageFormatProperties 0x104238628, 0x32, 0x1, 0, 0x10, 0, 0x104ffee70
0024:trace:vulkan:thunk64_vkGetPhysicalDeviceFormatProperties 0x104238628, 0x8f, 0x104ffee64
0024:trace:vulkan:thunk64_vkGetPhysicalDeviceFormatProperties 0x104238628, 0x90, 0x104ffee64
0024:trace:vulkan:thunk64_vkGetPhysicalDeviceFormatProperties 0x104238628, 0x91, 0x104ffee64
0024:trace:vulkan:thunk64_vkGetPhysicalDeviceFormatProperties 0x104238628, 0x92, 0x104ffee64
0024:trace:vulkan:thunk64_vkGetPhysicalDeviceFormatProperties 0x104238628, 0x85, 0x104ffee64
0024:trace:vulkan:thunk64_vkGetPhysicalDeviceFormatProperties 0x104238628, 0x87, 0x104ffee64
0024:trace:vulkan:thunk64_vkGetPhysicalDeviceFormatProperties 0x104238628, 0x87, 0x104ffee64
0024:trace:vulkan:thunk64_vkGetPhysicalDeviceFormatProperties 0x104238628, 0x89, 0x104ffee64
0024:trace:vulkan:thunk64_vkGetPhysicalDeviceFormatProperties 0x104238628, 0x89, 0x104ffee64
0024:trace:dxgi:dxgi_factory_create Created factory 00000001042370E0.
0024:trace:dxgi:dxgi_factory_QueryInterface iface 00000001042370E0, iid {1bc6ea02-ef36-464f-bf0c-21ca39e5168a}, out 0000000104FFF6F8.
0024:trace:dxgi:dxgi_factory_AddRef 00000001042370E0 increasing refcount to 2.
0024:trace:dxgi:dxgi_factory_Release 00000001042370E0 decreasing refcount to 1.
0024:trace:dxgi:dxgi_factory_EnumAdapters iface 00000001042370E0, adapter_idx 0, adapter 0000000104FFF6A8.
0024:trace:dxgi:dxgi_factory_EnumAdapters1 iface 00000001042370E0, adapter_idx 0, adapter 0000000104FFF6A8.
0024:trace:dxgi:dxgi_factory_AddRef 00000001042370E0 increasing refcount to 2.
0024:trace:dxgi:dxgi_factory_EnumAdapters1 Returning adapter 0000000104237120.
0024:trace:dxgi:dxgi_adapter_QueryInterface iface 0000000104237120, iid {17399d75-964e-4c03-99f8-9d4fd196dd62}, out 0000000104FFF668.
0024:trace:dxgi:dxgi_adapter_AddRef 0000000104237120 increasing refcount to 2.
0024:trace:dxgi:dxgi_adapter_Release 0000000104237120 decreasing refcount to 1.
0024:trace:dxgi:dxgi_factory_Release 00000001042370E0 decreasing refcount to 1.
0024:trace:dxgi:dxgi_adapter_get_adapter_info iface 0000000104237120, info 0000000104FFF678.
0024:trace:vulkan:vkGetInstanceProcAddr 0000000000000000, "vkCreateInstance"
0024:trace:vulkan:wine_vk_get_global_proc_addr Found name="vkCreateInstance" in global table
0024:trace:vulkan:vkGetInstanceProcAddr 0000000000000000, "vkEnumerateInstanceExtensionProperties"
0024:trace:vulkan:wine_vk_get_global_proc_addr Found name="vkEnumerateInstanceExtensionProperties" in global table
0024:trace:vulkan:vkEnumerateInstanceExtensionProperties 0000000000000000, 0000000104FFF62C, 0000000000000000
0024:trace:vulkan:thunk64_vkEnumerateInstanceExtensionProperties 0x0, 0x104fff10c, 0x0
0024:trace:vulkan:thunk64_vkEnumerateInstanceExtensionProperties 0x0, 0x104fff10c, 0x107cc2ad0
0024:trace:vulkan:vkEnumerateInstanceExtensionProperties Client instance extensions:
0024:trace:vulkan:vkEnumerateInstanceExtensionProperties   - VK_KHR_device_group_creation
0024:trace:vulkan:vkEnumerateInstanceExtensionProperties   - VK_KHR_external_fence_capabilities
0024:trace:vulkan:vkEnumerateInstanceExtensionProperties   - VK_KHR_external_memory_capabilities
0024:trace:vulkan:vkEnumerateInstanceExtensionProperties   - VK_KHR_external_semaphore_capabilities
0024:trace:vulkan:vkEnumerateInstanceExtensionProperties   - VK_KHR_get_physical_device_properties2
0024:trace:vulkan:vkEnumerateInstanceExtensionProperties   - VK_KHR_get_surface_capabilities2
0024:trace:vulkan:vkEnumerateInstanceExtensionProperties   - VK_KHR_surface
0024:trace:vulkan:vkEnumerateInstanceExtensionProperties   - VK_KHR_surface_maintenance1
0024:warn:vulkan:is_instance_extension_supported Extension "VK_KHR_surface_protected_capabilities" is not supported.
0024:trace:vulkan:vkEnumerateInstanceExtensionProperties   - VK_EXT_debug_report
0024:trace:vulkan:vkEnumerateInstanceExtensionProperties   - VK_EXT_debug_utils
0024:warn:vulkan:is_instance_extension_supported Extension "VK_EXT_headless_surface" is not supported.
0024:trace:vulkan:vkEnumerateInstanceExtensionProperties   - VK_EXT_layer_settings
0024:warn:vulkan:is_instance_extension_supported Extension "VK_EXT_metal_surface" is not supported.
0024:trace:vulkan:vkEnumerateInstanceExtensionProperties   - VK_EXT_surface_maintenance1
0024:trace:vulkan:vkEnumerateInstanceExtensionProperties   - VK_EXT_swapchain_colorspace
0024:warn:vulkan:is_instance_extension_supported Extension "VK_MVK_ios_surface" is not supported.
0024:warn:vulkan:is_instance_extension_supported Extension "VK_MVK_moltenvk" is not supported.
0024:trace:vulkan:vkEnumerateInstanceExtensionProperties   - VK_KHR_win32_surface
0024:trace:vulkan:vkEnumerateInstanceExtensionProperties 0000000000000000, 0000000104FFF62C, 0000000107CC2AD0
0024:trace:vulkan:thunk64_vkEnumerateInstanceExtensionProperties 0x0, 0x104fff10c, 0x0
0024:trace:vulkan:thunk64_vkEnumerateInstanceExtensionProperties 0x0, 0x104fff10c, 0x107cc3910
0024:trace:vulkan:vkEnumerateInstanceExtensionProperties Client instance extensions:
0024:trace:vulkan:vkEnumerateInstanceExtensionProperties   - VK_KHR_device_group_creation
0024:trace:vulkan:vkEnumerateInstanceExtensionProperties   - VK_KHR_external_fence_capabilities
0024:trace:vulkan:vkEnumerateInstanceExtensionProperties   - VK_KHR_external_memory_capabilities
0024:trace:vulkan:vkEnumerateInstanceExtensionProperties   - VK_KHR_external_semaphore_capabilities
0024:trace:vulkan:vkEnumerateInstanceExtensionProperties   - VK_KHR_get_physical_device_properties2
0024:trace:vulkan:vkEnumerateInstanceExtensionProperties   - VK_KHR_get_surface_capabilities2
0024:trace:vulkan:vkEnumerateInstanceExtensionProperties   - VK_KHR_surface
0024:trace:vulkan:vkEnumerateInstanceExtensionProperties   - VK_KHR_surface_maintenance1
0024:warn:vulkan:is_instance_extension_supported Extension "VK_KHR_surface_protected_capabilities" is not supported.
0024:trace:vulkan:vkEnumerateInstanceExtensionProperties   - VK_EXT_debug_report
0024:trace:vulkan:vkEnumerateInstanceExtensionProperties   - VK_EXT_debug_utils
0024:warn:vulkan:is_instance_extension_supported Extension "VK_EXT_headless_surface" is not supported.
0024:trace:vulkan:vkEnumerateInstanceExtensionProperties   - VK_EXT_layer_settings
0024:warn:vulkan:is_instance_extension_supported Extension "VK_EXT_metal_surface" is not supported.
0024:trace:vulkan:vkEnumerateInstanceExtensionProperties   - VK_EXT_surface_maintenance1
0024:trace:vulkan:vkEnumerateInstanceExtensionProperties   - VK_EXT_swapchain_colorspace
0024:warn:vulkan:is_instance_extension_supported Extension "VK_MVK_ios_surface" is not supported.
0024:warn:vulkan:is_instance_extension_supported Extension "VK_MVK_moltenvk" is not supported.
0024:trace:vulkan:vkEnumerateInstanceExtensionProperties   - VK_KHR_win32_surface
0024:trace:vulkan:vkGetInstanceProcAddr 0000000000000000, "vkEnumerateInstanceVersion"
0024:trace:vulkan:wine_vk_get_global_proc_addr Found name="vkEnumerateInstanceVersion" in global table
0024:trace:vulkan:vkEnumerateInstanceVersion 0000000104FFF628
0024:trace:vulkan:thunk64_vkEnumerateInstanceVersion 0x104fff628
0024:trace:vulkan:wine_vkEnumerateInstanceVersion API version 1.4.357.
0024:trace:vulkan:vkCreateInstance create_info 0000000104FFF560, allocator 0000000000000000, instance 0000000104FFF158
0024:trace:vulkan:vkCreateInstance Application name "juice-d3d12-smoke.exe", application version 0.
0024:trace:vulkan:vkCreateInstance Engine name "vkd3d", engine version 0x800000.
0024:trace:vulkan:vkCreateInstance API version 0x401000.
0024:trace:vulkan:vkCreateInstance Enabling 4 client instance extensions
0024:trace:vulkan:vkCreateInstance   - VK_KHR_get_physical_device_properties2
0024:trace:vulkan:vkCreateInstance   - VK_KHR_surface
0024:trace:vulkan:vkCreateInstance   - VK_KHR_win32_surface
0024:trace:vulkan:vkCreateInstance   - VK_KHR_external_memory_capabilities
0024:trace:vulkan:thunk64_vkCreateInstance 0x104fff560, 0x0, 0x104fff158
0024:trace:vulkan:convert_instance_create_info Enabling 5 host instance extensions
0024:trace:vulkan:convert_instance_create_info   - "VK_KHR_external_memory_capabilities"
0024:trace:vulkan:convert_instance_create_info   - "VK_KHR_external_semaphore_capabilities"
0024:trace:vulkan:convert_instance_create_info   - "VK_KHR_get_physical_device_properties2"
0024:trace:vulkan:convert_instance_create_info   - "VK_KHR_surface"
0024:trace:vulkan:convert_instance_create_info   - "VK_EXT_metal_surface"
[mvk-info] MoltenVK version 1.4.2, supporting Vulkan version 1.4.357.
	The following 152 Vulkan extensions are supported:
	VK_KHR_16bit_storage v1
	VK_KHR_8bit_storage v1
	VK_KHR_bind_memory2 v1
	VK_KHR_buffer_device_address v1
	VK_KHR_calibrated_timestamps v1
	VK_KHR_copy_commands2 v1
	VK_KHR_create_renderpass2 v1
	VK_KHR_dedicated_allocation v3
	VK_KHR_deferred_host_operations v4
	VK_KHR_depth_stencil_resolve v1
	VK_KHR_descriptor_update_template v1
	VK_KHR_device_group v4
	VK_KHR_device_group_creation v1
	VK_KHR_driver_properties v1
	VK_KHR_dynamic_rendering v1
	VK_KHR_dynamic_rendering_local_read v1
	VK_KHR_external_fence v1
	VK_KHR_external_fence_capabilities v1
	VK_KHR_external_memory v1
	VK_KHR_external_memory_capabilities v1
	VK_KHR_external_semaphore v1
	VK_KHR_external_semaphore_capabilities v1
	VK_KHR_format_feature_flags2 v2
	VK_KHR_fragment_shader_barycentric v1
	VK_KHR_get_memory_requirements2 v1
	VK_KHR_get_physical_device_properties2 v2
	VK_KHR_get_surface_capabilities2 v1
	VK_KHR_global_priority v1
	VK_KHR_image_format_list v1
	VK_KHR_imageless_framebuffer v1
	VK_KHR_incremental_present v2
	VK_KHR_index_type_uint8 v1
	VK_KHR_line_rasterization v1
	VK_KHR_load_store_op_none v1
	VK_KHR_maintenance1 v2
	VK_KHR_maintenance2 v1
	VK_KHR_maintenance3 v1
	VK_KHR_maintenance4 v2
	VK_KHR_maintenance5 v1
	VK_KHR_maintenance6 v1
	VK_KHR_maintenance7 v1
	VK_KHR_maintenance8 v1
	VK_KHR_maintenance9 v1
	VK_KHR_map_memory2 v1
	VK_KHR_multiview v1
	VK_KHR_portability_subset v1
	VK_KHR_present_id v1
	VK_KHR_present_id2 v1
	VK_KHR_present_wait v1
	VK_KHR_present_wait2 v1
	VK_KHR_push_descriptor v2
	VK_KHR_relaxed_block_layout v1
	VK_KHR_robustness2 v1
	VK_KHR_sampler_mirror_clamp_to_edge v3
	VK_KHR_sampler_ycbcr_conversion v14
	VK_KHR_separate_depth_stencil_layouts v1
	VK_KHR_shader_draw_parameters v1
	VK_KHR_shader_expect_assume v1
	VK_KHR_shader_float_controls v4
	VK_KHR_shader_float_controls2 v1
	VK_KHR_shader_float16_int8 v1
	VK_KHR_shader_fma v1
	VK_KHR_shader_integer_dot_product v1
	VK_KHR_shader_maximal_reconvergence v1
	VK_KHR_shader_non_semantic_info v1
	VK_KHR_shader_quad_control v1
	VK_KHR_shader_relaxed_extended_instruction v1
	VK_KHR_shader_subgroup_extended_types v1
	VK_KHR_shader_subgroup_rotate v2
	VK_KHR_shader_subgroup_uniform_control_flow v1
	VK_KHR_shader_terminate_invocation v1
	VK_KHR_spirv_1_4 v1
	VK_KHR_storage_buffer_storage_class v1
	VK_KHR_surface v25
	VK_KHR_surface_maintenance1 v1
	VK_KHR_surface_protected_capabilities v1
	VK_KHR_swapchain v70
	VK_KHR_swapchain_maintenance1 v1
	VK_KHR_swapchain_mutable_format v1
	VK_KHR_synchronization2 v1
	VK_KHR_timeline_semaphore v2
	VK_KHR_uniform_buffer_standard_layout v1
	VK_KHR_variable_pointers v1
	VK_KHR_vertex_attribute_divisor v1
	VK_KHR_vulkan_memory_model v3
	VK_KHR_zero_initialize_workgroup_memory v1
	VK_EXT_4444_formats v1
	VK_EXT_buffer_device_address v2
	VK_EXT_calibrated_timestamps v2
	VK_EXT_debug_marker v4
	VK_EXT_debug_report v10
	VK_EXT_debug_utils v2
	VK_EXT_depth_clip_control v1
	VK_EXT_descriptor_indexing v2
	VK_EXT_extended_dynamic_state v1
	VK_EXT_extended_dynamic_state2 v1
	VK_EXT_extended_dynamic_state3 v2
	VK_EXT_external_memory_host v1
	VK_EXT_external_memory_metal v1
	VK_EXT_fragment_shader_interlock v1
	VK_EXT_global_priority v2
	VK_EXT_global_priority_query v1
	VK_EXT_headless_surface v1
	VK_EXT_host_image_copy v1
	VK_EXT_host_query_reset v1
	VK_EXT_image_2d_view_of_3d v1
	VK_EXT_image_robustness v1
	VK_EXT_index_type_uint8 v1
	VK_EXT_inline_uniform_block v1
	VK_EXT_layer_settings v2
	VK_EXT_legacy_dithering v2
	VK_EXT_line_rasterization v1
	VK_EXT_load_store_op_none v1
	VK_EXT_memory_budget v1
	VK_EXT_metal_objects v2
	VK_EXT_metal_surface v1
	VK_EXT_non_seamless_cube_map v1
	VK_EXT_pipeline_creation_cache_control v3
	VK_EXT_pipeline_creation_feedback v1
	VK_EXT_pipeline_robustness v1
	VK_EXT_post_depth_coverage v1
	VK_EXT_primitive_topology_list_restart v1
	VK_EXT_private_data v1
	VK_EXT_provoking_vertex v1
	VK_EXT_robustness2 v1
	VK_EXT_sample_locations v1
	VK_EXT_scalar_block_layout v1
	VK_EXT_separate_stencil_usage v1
	VK_EXT_shader_atomic_float v1
	VK_EXT_shader_demote_to_helper_invocation v1
	VK_EXT_shader_stencil_export v1
	VK_EXT_shader_subgroup_ballot v1
	VK_EXT_shader_subgroup_vote v1
	VK_EXT_shader_viewport_index_layer v1
	VK_EXT_subgroup_size_control v2
	VK_EXT_surface_maintenance1 v1
	VK_EXT_swapchain_colorspace v5
	VK_EXT_swapchain_maintenance1 v1
	VK_EXT_texel_buffer_alignment v1
	VK_EXT_texture_compression_astc_hdr v1
	VK_EXT_tooling_info v1
	VK_EXT_vertex_attribute_divisor v3
	VK_AMD_gpu_shader_half_float v2
	VK_AMD_negative_viewport_height v1
	VK_AMD_shader_image_load_store_lod v1
	VK_AMD_shader_trinary_minmax v1
	VK_GOOGLE_display_timing v1
	VK_IMG_format_pvrtc v1
	VK_INTEL_shader_integer_functions2 v1
	VK_MVK_ios_surface v3
	VK_MVK_moltenvk v37
	VK_NV_fragment_shader_barycentric v1
[mvk-info] GPU device:
	model: Apple A13 GPU
	type: Integrated
	vendorID: 0x106b
	deviceID: 0x10050006
	pipelineCacheUUID: DB660224-1005-0006-0000-000100000000
	GPU memory available: 1961 MB
	GPU memory used: 0 MB
	Metal Shading Language 3.0
	supports the following GPU Features:
		GPU Family Metal 3
		GPU Family Apple 6
		Read-Write Texture Tier 2
[mvk-info] Created VkInstance for Vulkan version 1.1.357, as requested by app, with the following 5 Vulkan extensions enabled:
	VK_KHR_external_memory_capabilities v1
	VK_KHR_external_semaphore_capabilities v1
	VK_KHR_get_physical_device_properties2 v2
	VK_KHR_surface v25
	VK_EXT_metal_surface v1
0024:trace:vulkan:win32u_vkCreateInstance Instance proc vkCreateDebugReportCallbackEXT not found.
0024:trace:vulkan:win32u_vkCreateInstance Instance proc vkCreateDebugUtilsMessengerEXT not found.
0024:trace:vulkan:win32u_vkCreateInstance Instance proc vkCreateHeadlessSurfaceEXT not found.
0024:trace:vulkan:win32u_vkCreateInstance Instance proc vkCreateMacOSSurfaceMVK not found.
0024:trace:vulkan:win32u_vkCreateInstance Instance proc vkCreateWaylandSurfaceKHR not found.
0024:trace:vulkan:win32u_vkCreateInstance Instance proc vkCreateWin32SurfaceKHR not found.
0024:trace:vulkan:win32u_vkCreateInstance Instance proc vkCreateXlibSurfaceKHR not found.
0024:trace:vulkan:win32u_vkCreateInstance Instance proc vkDebugReportMessageEXT not found.
0024:trace:vulkan:win32u_vkCreateInstance Instance proc vkDestroyDebugReportCallbackEXT not found.
0024:trace:vulkan:win32u_vkCreateInstance Instance proc vkDestroyDebugUtilsMessengerEXT not found.
0024:trace:vulkan:win32u_vkCreateInstance Instance proc vkEnumeratePhysicalDeviceGroupsKHR not found.
0024:trace:vulkan:win32u_vkCreateInstance Instance proc vkEnumeratePhysicalDeviceQueueFamilyPerformanceCountersByRegionARM not found.
0024:trace:vulkan:win32u_vkCreateInstance Instance proc vkEnumeratePhysicalDeviceQueueFamilyPerformanceQueryCountersKHR not found.
0024:trace:vulkan:win32u_vkCreateInstance Instance proc vkEnumeratePhysicalDeviceShaderInstrumentationMetricsARM not found.
0024:trace:vulkan:win32u_vkCreateInstance Instance proc vkGetPhysicalDeviceCooperativeMatrixFlexibleDimensionsPropertiesNV not found.
0024:trace:vulkan:win32u_vkCreateInstance Instance proc vkGetPhysicalDeviceCooperativeMatrixPropertiesKHR not found.
0024:trace:vulkan:win32u_vkCreateInstance Instance proc vkGetPhysicalDeviceCooperativeMatrixPropertiesNV not found.
0024:trace:vulkan:win32u_vkCreateInstance Instance proc vkGetPhysicalDeviceCooperativeVectorPropertiesNV not found.
0024:trace:vulkan:win32u_vkCreateInstance Instance proc vkGetPhysicalDeviceDescriptorSizeEXT not found.
0024:trace:vulkan:win32u_vkCreateInstance Instance proc vkGetPhysicalDeviceExternalFencePropertiesKHR not found.
0024:trace:vulkan:win32u_vkCreateInstance Instance proc vkGetPhysicalDeviceExternalTensorPropertiesARM not found.
0024:trace:vulkan:win32u_vkCreateInstance Instance proc vkGetPhysicalDeviceFragmentShadingRatesKHR not found.
0024:trace:vulkan:win32u_vkCreateInstance Instance proc vkGetPhysicalDeviceOpticalFlowImageFormatsNV not found.
0024:trace:vulkan:win32u_vkCreateInstance Instance proc vkGetPhysicalDevicePresentRectanglesKHR not found.
0024:trace:vulkan:win32u_vkCreateInstance Instance proc vkGetPhysicalDeviceQueueFamilyDataGraphEngineOperationPropertiesARM not found.
0024:trace:vulkan:win32u_vkCreateInstance Instance proc vkGetPhysicalDeviceQueueFamilyDataGraphOpticalFlowImageFormatsARM not found.
0024:trace:vulkan:win32u_vkCreateInstance Instance proc vkGetPhysicalDeviceQueueFamilyDataGraphProcessingEnginePropertiesARM not found.
0024:trace:vulkan:win32u_vkCreateInstance Instance proc vkGetPhysicalDeviceQueueFamilyDataGraphPropertiesARM not found.
0024:trace:vulkan:win32u_vkCreateInstance Instance proc vkGetPhysicalDeviceQueueFamilyPerformanceQueryPassesKHR not found.
0024:trace:vulkan:win32u_vkCreateInstance Instance proc vkGetPhysicalDeviceSupportedFramebufferMixedSamplesCombinationsNV not found.
0024:trace:vulkan:win32u_vkCreateInstance Instance proc vkGetPhysicalDeviceSurfaceCapabilities2KHR not found.
0024:trace:vulkan:win32u_vkCreateInstance Instance proc vkGetPhysicalDeviceSurfaceFormats2KHR not found.
0024:trace:vulkan:win32u_vkCreateInstance Instance proc vkGetPhysicalDeviceToolProperties not found.
0024:trace:vulkan:win32u_vkCreateInstance Instance proc vkGetPhysicalDeviceVideoCapabilitiesKHR not found.
0024:trace:vulkan:win32u_vkCreateInstance Instance proc vkGetPhysicalDeviceVideoEncodeQualityLevelPropertiesKHR not found.
0024:trace:vulkan:win32u_vkCreateInstance Instance proc vkGetPhysicalDeviceVideoFormatPropertiesKHR not found.
0024:trace:vulkan:win32u_vkCreateInstance Instance proc vkGetPhysicalDeviceWaylandPresentationSupportKHR not found.
0024:trace:vulkan:win32u_vkCreateInstance Instance proc vkGetPhysicalDeviceWin32PresentationSupportKHR not found.
0024:trace:vulkan:win32u_vkCreateInstance Instance proc vkGetPhysicalDeviceXlibPresentationSupportKHR not found.
0024:trace:vulkan:win32u_vkCreateInstance Instance proc vkSubmitDebugUtilsMessageEXT not found.
0024:trace:vulkan:init_physical_device Host physical device extensions:
0024:trace:vulkan:init_physical_device   - VK_KHR_16bit_storage
0024:trace:vulkan:init_physical_device   - VK_KHR_8bit_storage
0024:trace:vulkan:init_physical_device   - VK_KHR_bind_memory2
0024:trace:vulkan:init_physical_device   - VK_KHR_buffer_device_address
0024:trace:vulkan:init_physical_device   - VK_KHR_calibrated_timestamps
0024:trace:vulkan:init_physical_device   - VK_KHR_copy_commands2
0024:trace:vulkan:init_physical_device   - VK_KHR_create_renderpass2
0024:trace:vulkan:init_physical_device   - VK_KHR_dedicated_allocation
0024:trace:vulkan:init_physical_device   - VK_KHR_deferred_host_operations
0024:trace:vulkan:init_physical_device   - VK_KHR_depth_stencil_resolve
0024:trace:vulkan:init_physical_device   - VK_KHR_descriptor_update_template
0024:trace:vulkan:init_physical_device   - VK_KHR_device_group
0024:trace:vulkan:init_physical_device   - VK_KHR_driver_properties
0024:trace:vulkan:init_physical_device   - VK_KHR_dynamic_rendering
0024:trace:vulkan:init_physical_device   - VK_KHR_dynamic_rendering_local_read
0024:trace:vulkan:init_physical_device   - VK_KHR_external_fence
0024:trace:vulkan:init_physical_device   - VK_KHR_external_memory
0024:trace:vulkan:init_physical_device   - VK_KHR_external_semaphore
0024:trace:vulkan:init_physical_device   - VK_KHR_format_feature_flags2
0024:trace:vulkan:init_physical_device   - VK_KHR_get_memory_requirements2
0024:trace:vulkan:init_physical_device   - VK_KHR_global_priority
0024:trace:vulkan:init_physical_device   - VK_KHR_image_format_list
0024:trace:vulkan:init_physical_device   - VK_KHR_imageless_framebuffer
0024:trace:vulkan:init_physical_device   - VK_KHR_incremental_present
0024:trace:vulkan:init_physical_device   - VK_KHR_index_type_uint8
0024:trace:vulkan:init_physical_device   - VK_KHR_line_rasterization
0024:trace:vulkan:init_physical_device   - VK_KHR_load_store_op_none
0024:trace:vulkan:init_physical_device   - VK_KHR_maintenance1
0024:trace:vulkan:init_physical_device   - VK_KHR_maintenance2
0024:trace:vulkan:init_physical_device   - VK_KHR_maintenance3
0024:trace:vulkan:init_physical_device   - VK_KHR_maintenance4
0024:trace:vulkan:init_physical_device   - VK_KHR_maintenance5
0024:trace:vulkan:init_physical_device   - VK_KHR_maintenance6
0024:trace:vulkan:init_physical_device   - VK_KHR_maintenance7
0024:trace:vulkan:init_physical_device   - VK_KHR_maintenance8
0024:trace:vulkan:init_physical_device   - VK_KHR_maintenance9
0024:trace:vulkan:init_physical_device   - VK_KHR_map_memory2
0024:trace:vulkan:init_physical_device   - VK_KHR_multiview
0024:warn:vulkan:init_physical_device Extension "VK_KHR_portability_subset" is not supported.
0024:trace:vulkan:init_physical_device   - VK_KHR_present_id
0024:trace:vulkan:init_physical_device   - VK_KHR_present_id2
0024:trace:vulkan:init_physical_device   - VK_KHR_present_wait
0024:trace:vulkan:init_physical_device   - VK_KHR_present_wait2
0024:trace:vulkan:init_physical_device   - VK_KHR_push_descriptor
0024:trace:vulkan:init_physical_device   - VK_KHR_relaxed_block_layout
0024:trace:vulkan:init_physical_device   - VK_KHR_robustness2
0024:trace:vulkan:init_physical_device   - VK_KHR_sampler_ycbcr_conversion
0024:trace:vulkan:init_physical_device   - VK_KHR_separate_depth_stencil_layouts
0024:trace:vulkan:init_physical_device   - VK_KHR_shader_draw_parameters
0024:trace:vulkan:init_physical_device   - VK_KHR_shader_expect_assume
0024:trace:vulkan:init_physical_device   - VK_KHR_shader_float_controls
0024:trace:vulkan:init_physical_device   - VK_KHR_shader_float_controls2
0024:trace:vulkan:init_physical_device   - VK_KHR_shader_float16_int8
0024:trace:vulkan:init_physical_device   - VK_KHR_shader_fma
0024:trace:vulkan:init_physical_device   - VK_KHR_shader_integer_dot_product
0024:trace:vulkan:init_physical_device   - VK_KHR_shader_maximal_reconvergence
0024:trace:vulkan:init_physical_device   - VK_KHR_shader_non_semantic_info
0024:trace:vulkan:init_physical_device   - VK_KHR_shader_relaxed_extended_instruction
0024:trace:vulkan:init_physical_device   - VK_KHR_shader_subgroup_extended_types
0024:trace:vulkan:init_physical_device   - VK_KHR_shader_subgroup_rotate
0024:trace:vulkan:init_physical_device   - VK_KHR_shader_subgroup_uniform_control_flow
0024:trace:vulkan:init_physical_device   - VK_KHR_shader_terminate_invocation
0024:trace:vulkan:init_physical_device   - VK_KHR_spirv_1_4
0024:trace:vulkan:init_physical_device   - VK_KHR_storage_buffer_storage_class
0024:trace:vulkan:init_physical_device   - VK_KHR_swapchain
0024:trace:vulkan:init_physical_device   - VK_KHR_swapchain_maintenance1
0024:trace:vulkan:init_physical_device   - VK_KHR_swapchain_mutable_format
0024:trace:vulkan:init_physical_device   - VK_KHR_synchronization2
0024:trace:vulkan:init_physical_device   - VK_KHR_timeline_semaphore
0024:trace:vulkan:init_physical_device   - VK_KHR_uniform_buffer_standard_layout
0024:trace:vulkan:init_physical_device   - VK_KHR_variable_pointers
0024:trace:vulkan:init_physical_device   - VK_KHR_vertex_attribute_divisor
0024:trace:vulkan:init_physical_device   - VK_KHR_vulkan_memory_model
0024:trace:vulkan:init_physical_device   - VK_KHR_zero_initialize_workgroup_memory
0024:trace:vulkan:init_physical_device   - VK_EXT_4444_formats
0024:trace:vulkan:init_physical_device   - VK_EXT_buffer_device_address
0024:trace:vulkan:init_physical_device   - VK_EXT_calibrated_timestamps
0024:trace:vulkan:init_physical_device   - VK_EXT_debug_marker
0024:trace:vulkan:init_physical_device   - VK_EXT_depth_clip_control
0024:trace:vulkan:init_physical_device   - VK_EXT_descriptor_indexing
0024:trace:vulkan:init_physical_device   - VK_EXT_extended_dynamic_state
0024:trace:vulkan:init_physical_device   - VK_EXT_extended_dynamic_state2
0024:trace:vulkan:init_physical_device   - VK_EXT_extended_dynamic_state3
0024:trace:vulkan:init_physical_device   - VK_EXT_external_memory_host
0024:trace:vulkan:init_physical_device   - VK_EXT_external_memory_metal
0024:trace:vulkan:init_physical_device   - VK_EXT_fragment_shader_interlock
0024:trace:vulkan:init_physical_device   - VK_EXT_global_priority
0024:trace:vulkan:init_physical_device   - VK_EXT_global_priority_query
0024:trace:vulkan:init_physical_device   - VK_EXT_host_image_copy
0024:trace:vulkan:init_physical_device   - VK_EXT_host_query_reset
0024:trace:vulkan:init_physical_device   - VK_EXT_image_2d_view_of_3d
0024:trace:vulkan:init_physical_device   - VK_EXT_image_robustness
0024:trace:vulkan:init_physical_device   - VK_EXT_index_type_uint8
0024:trace:vulkan:init_physical_device   - VK_EXT_inline_uniform_block
0024:trace:vulkan:init_physical_device   - VK_EXT_line_rasterization
0024:trace:vulkan:init_physical_device   - VK_EXT_load_store_op_none
0024:trace:vulkan:init_physical_device   - VK_EXT_memory_budget
0024:warn:vulkan:init_physical_device Extension "VK_EXT_metal_objects" is not supported.
0024:trace:vulkan:init_physical_device   - VK_EXT_pipeline_creation_cache_control
0024:trace:vulkan:init_physical_device   - VK_EXT_pipeline_creation_feedback
0024:trace:vulkan:init_physical_device   - VK_EXT_pipeline_robustness
0024:trace:vulkan:init_physical_device   - VK_EXT_post_depth_coverage
0024:trace:vulkan:init_physical_device   - VK_EXT_private_data
0024:trace:vulkan:init_physical_device   - VK_EXT_robustness2
0024:trace:vulkan:init_physical_device   - VK_EXT_sample_locations
0024:trace:vulkan:init_physical_device   - VK_EXT_scalar_block_layout
0024:trace:vulkan:init_physical_device   - VK_EXT_separate_stencil_usage
0024:trace:vulkan:init_physical_device   - VK_EXT_shader_atomic_float
0024:trace:vulkan:init_physical_device   - VK_EXT_shader_demote_to_helper_invocation
0024:trace:vulkan:init_physical_device   - VK_EXT_shader_stencil_export
0024:trace:vulkan:init_physical_device   - VK_EXT_shader_subgroup_ballot
0024:trace:vulkan:init_physical_device   - VK_EXT_shader_subgroup_vote
0024:trace:vulkan:init_physical_device   - VK_EXT_shader_viewport_index_layer
0024:trace:vulkan:init_physical_device   - VK_EXT_subgroup_size_control
0024:trace:vulkan:init_physical_device   - VK_EXT_swapchain_maintenance1
0024:trace:vulkan:init_physical_device   - VK_EXT_texel_buffer_alignment
0024:trace:vulkan:init_physical_device   - VK_EXT_texture_compression_astc_hdr
0024:trace:vulkan:init_physical_device   - VK_EXT_tooling_info
0024:trace:vulkan:init_physical_device   - VK_EXT_vertex_attribute_divisor
0024:trace:vulkan:init_physical_device   - VK_AMD_gpu_shader_half_float
0024:trace:vulkan:init_physical_device   - VK_AMD_negative_viewport_height
0024:trace:vulkan:init_physical_device   - VK_AMD_shader_image_load_store_lod
0024:trace:vulkan:init_physical_device   - VK_AMD_shader_trinary_minmax
0024:warn:vulkan:init_physical_device Extension "VK_GOOGLE_display_timing" is not supported.
0024:trace:vulkan:init_physical_device   - VK_IMG_format_pvrtc
0024:trace:vulkan:init_physical_device   - VK_INTEL_shader_integer_functions2
0024:trace:vulkan:win32u_vkCreateInstance Created instance 0x14e012000, host_instance 0x14e013818.
0024:trace:vulkan:vkGetInstanceProcAddr 0000000104238870, "vkDestroyInstance"
0024:trace:vulkan:wine_vk_get_instance_proc_addr Found name="vkDestroyInstance" in instance table
0024:trace:vulkan:vkGetInstanceProcAddr 0000000104238870, "vkCreateDevice"
0024:trace:vulkan:wine_vk_get_instance_proc_addr Found name="vkCreateDevice" in instance table
0024:trace:vulkan:vkGetInstanceProcAddr 0000000104238870, "vkEnumerateDeviceExtensionProperties"
0024:trace:vulkan:wine_vk_get_instance_proc_addr Found name="vkEnumerateDeviceExtensionProperties" in instance table
0024:trace:vulkan:vkGetInstanceProcAddr 0000000104238870, "vkEnumerateDeviceLayerProperties"
0024:trace:vulkan:wine_vk_get_instance_proc_addr Found name="vkEnumerateDeviceLayerProperties" in instance table
0024:trace:vulkan:vkGetInstanceProcAddr 0000000104238870, "vkEnumeratePhysicalDevices"
0024:trace:vulkan:wine_vk_get_instance_proc_addr Found name="vkEnumeratePhysicalDevices" in instance table
0024:trace:vulkan:vkGetInstanceProcAddr 0000000104238870, "vkGetDeviceProcAddr"
0024:trace:vulkan:wine_vk_get_device_proc_addr Found name="vkGetDeviceProcAddr" in device table
0024:trace:vulkan:vkGetInstanceProcAddr 0000000104238870, "vkGetPhysicalDeviceFeatures"
0024:trace:vulkan:wine_vk_get_instance_proc_addr Found name="vkGetPhysicalDeviceFeatures" in instance table
0024:trace:vulkan:vkGetInstanceProcAddr 0000000104238870, "vkGetPhysicalDeviceFormatProperties"
0024:trace:vulkan:wine_vk_get_instance_proc_addr Found name="vkGetPhysicalDeviceFormatProperties" in instance table
0024:trace:vulkan:vkGetInstanceProcAddr 0000000104238870, "vkGetPhysicalDeviceImageFormatProperties"
0024:trace:vulkan:wine_vk_get_instance_proc_addr Found name="vkGetPhysicalDeviceImageFormatProperties" in instance table
0024:trace:vulkan:vkGetInstanceProcAddr 0000000104238870, "vkGetPhysicalDeviceMemoryProperties"
0024:trace:vulkan:wine_vk_get_instance_proc_addr Found name="vkGetPhysicalDeviceMemoryProperties" in instance table
0024:trace:vulkan:vkGetInstanceProcAddr 0000000104238870, "vkGetPhysicalDeviceProperties"
0024:trace:vulkan:wine_vk_get_instance_proc_addr Found name="vkGetPhysicalDeviceProperties" in instance table
0024:trace:vulkan:vkGetInstanceProcAddr 0000000104238870, "vkGetPhysicalDeviceQueueFamilyProperties"
0024:trace:vulkan:wine_vk_get_instance_proc_addr Found name="vkGetPhysicalDeviceQueueFamilyProperties" in instance table
0024:trace:vulkan:vkGetInstanceProcAddr 0000000104238870, "vkGetPhysicalDeviceSparseImageFormatProperties"
0024:trace:vulkan:wine_vk_get_instance_proc_addr Found name="vkGetPhysicalDeviceSparseImageFormatProperties" in instance table
0024:trace:vulkan:vkGetInstanceProcAddr 0000000104238870, "vkGetPhysicalDeviceFeatures2KHR"
0024:trace:vulkan:wine_vk_get_instance_proc_addr Found name="vkGetPhysicalDeviceFeatures2KHR" in instance table
0024:trace:vulkan:vkGetInstanceProcAddr 0000000104238870, "vkGetPhysicalDeviceProperties2KHR"
0024:trace:vulkan:wine_vk_get_instance_proc_addr Found name="vkGetPhysicalDeviceProperties2KHR" in instance table
0024:trace:vulkan:vkGetInstanceProcAddr 0000000104238870, "vkCreateDebugReportCallbackEXT"
0024:trace:vulkan:vkGetInstanceProcAddr 0000000104238870, "vkDestroyDebugReportCallbackEXT"
0024:trace:vulkan:vkGetInstanceProcAddr 0000000104238870, "vkGetPhysicalDeviceCalibrateableTimeDomainsEXT"
0024:trace:vulkan:wine_vk_get_instance_proc_addr Found name="vkGetPhysicalDeviceCalibrateableTimeDomainsEXT" in instance table
0024:trace:vulkan:vkGetInstanceProcAddr 0000000104238870, "vkEnumeratePhysicalDevices"
0024:trace:vulkan:wine_vk_get_instance_proc_addr Found name="vkEnumeratePhysicalDevices" in instance table
0024:trace:vulkan:vkGetInstanceProcAddr 0000000104238870, "vkGetPhysicalDeviceProperties"
0024:trace:vulkan:wine_vk_get_instance_proc_addr Found name="vkGetPhysicalDeviceProperties" in instance table
0024:trace:vulkan:vkGetInstanceProcAddr 0000000104238870, "vkEnumerateInstanceExtensionProperties"
0024:trace:vulkan:wine_vk_get_global_proc_addr Found name="vkEnumerateInstanceExtensionProperties" in global table
0024:trace:vulkan:vkEnumerateInstanceExtensionProperties 0000000000000000, 0000000104FFFA98, 0000000000000000
0024:trace:vulkan:thunk64_vkEnumerateInstanceExtensionProperties 0x0, 0x104fff62c, 0x0
0024:trace:vulkan:thunk64_vkEnumerateInstanceExtensionProperties 0x0, 0x104fff62c, 0x107cc2ad0
0024:trace:vulkan:vkEnumerateInstanceExtensionProperties Client instance extensions:
0024:trace:vulkan:vkEnumerateInstanceExtensionProperties   - VK_KHR_device_group_creation
0024:trace:vulkan:vkEnumerateInstanceExtensionProperties   - VK_KHR_external_fence_capabilities
0024:trace:vulkan:vkEnumerateInstanceExtensionProperties   - VK_KHR_external_memory_capabilities
0024:trace:vulkan:vkEnumerateInstanceExtensionProperties   - VK_KHR_external_semaphore_capabilities
0024:trace:vulkan:vkEnumerateInstanceExtensionProperties   - VK_KHR_get_physical_device_properties2
0024:trace:vulkan:vkEnumerateInstanceExtensionProperties   - VK_KHR_get_surface_capabilities2
0024:trace:vulkan:vkEnumerateInstanceExtensionProperties   - VK_KHR_surface
0024:trace:vulkan:vkEnumerateInstanceExtensionProperties   - VK_KHR_surface_maintenance1
0024:warn:vulkan:is_instance_extension_supported Extension "VK_KHR_surface_protected_capabilities" is not supported.
0024:trace:vulkan:vkEnumerateInstanceExtensionProperties   - VK_EXT_debug_report
0024:trace:vulkan:vkEnumerateInstanceExtensionProperties   - VK_EXT_debug_utils
0024:warn:vulkan:is_instance_extension_supported Extension "VK_EXT_headless_surface" is not supported.
0024:trace:vulkan:vkEnumerateInstanceExtensionProperties   - VK_EXT_layer_settings
0024:warn:vulkan:is_instance_extension_supported Extension "VK_EXT_metal_surface" is not supported.
0024:trace:vulkan:vkEnumerateInstanceExtensionProperties   - VK_EXT_surface_maintenance1
0024:trace:vulkan:vkEnumerateInstanceExtensionProperties   - VK_EXT_swapchain_colorspace
0024:warn:vulkan:is_instance_extension_supported Extension "VK_MVK_ios_surface" is not supported.
0024:warn:vulkan:is_instance_extension_supported Extension "VK_MVK_moltenvk" is not supported.
0024:trace:vulkan:vkEnumerateInstanceExtensionProperties   - VK_KHR_win32_surface
0024:trace:vulkan:vkEnumerateInstanceExtensionProperties 0000000000000000, 0000000104FFFA98, 0000000107CC2AD0
0024:trace:vulkan:thunk64_vkEnumerateInstanceExtensionProperties 0x0, 0x104fff62c, 0x0
0024:trace:vulkan:thunk64_vkEnumerateInstanceExtensionProperties 0x0, 0x104fff62c, 0x107cc3910
0024:trace:vulkan:vkEnumerateInstanceExtensionProperties Client instance extensions:
0024:trace:vulkan:vkEnumerateInstanceExtensionProperties   - VK_KHR_device_group_creation
0024:trace:vulkan:vkEnumerateInstanceExtensionProperties   - VK_KHR_external_fence_capabilities
0024:trace:vulkan:vkEnumerateInstanceExtensionProperties   - VK_KHR_external_memory_capabilities
0024:trace:vulkan:vkEnumerateInstanceExtensionProperties   - VK_KHR_external_semaphore_capabilities
0024:trace:vulkan:vkEnumerateInstanceExtensionProperties   - VK_KHR_get_physical_device_properties2
0024:trace:vulkan:vkEnumerateInstanceExtensionProperties   - VK_KHR_get_surface_capabilities2
0024:trace:vulkan:vkEnumerateInstanceExtensionProperties   - VK_KHR_surface
0024:trace:vulkan:vkEnumerateInstanceExtensionProperties   - VK_KHR_surface_maintenance1
0024:warn:vulkan:is_instance_extension_supported Extension "VK_KHR_surface_protected_capabilities" is not supported.
0024:trace:vulkan:vkEnumerateInstanceExtensionProperties   - VK_EXT_debug_report
0024:trace:vulkan:vkEnumerateInstanceExtensionProperties   - VK_EXT_debug_utils
0024:warn:vulkan:is_instance_extension_supported Extension "VK_EXT_headless_surface" is not supported.
0024:trace:vulkan:vkEnumerateInstanceExtensionProperties   - VK_EXT_layer_settings
0024:warn:vulkan:is_instance_extension_supported Extension "VK_EXT_metal_surface" is not supported.
0024:trace:vulkan:vkEnumerateInstanceExtensionProperties   - VK_EXT_surface_maintenance1
0024:trace:vulkan:vkEnumerateInstanceExtensionProperties   - VK_EXT_swapchain_colorspace
0024:warn:vulkan:is_instance_extension_supported Extension "VK_MVK_ios_surface" is not supported.
0024:warn:vulkan:is_instance_extension_supported Extension "VK_MVK_moltenvk" is not supported.
0024:trace:vulkan:vkEnumerateInstanceExtensionProperties   - VK_KHR_win32_surface
0024:trace:vulkan:vkGetInstanceProcAddr 0000000104238870, "vkGetPhysicalDeviceProperties2KHR"
0024:trace:vulkan:wine_vk_get_instance_proc_addr Found name="vkGetPhysicalDeviceProperties2KHR" in instance table
0024:trace:vulkan:thunk64_vkEnumeratePhysicalDevices 0x104238870, 0x104fffe7c, 0x0
0024:trace:vulkan:thunk64_vkEnumeratePhysicalDevices 0x104238870, 0x104fffe7c, 0x104236dc0
0024:trace:vulkan:wine_vkEnumeratePhysicalDevices Returning 1 devices.
0024:trace:vulkan:vkGetInstanceProcAddr 0000000104238870, "vkEnumerateInstanceExtensionProperties"
0024:trace:vulkan:wine_vk_get_global_proc_addr Found name="vkEnumerateInstanceExtensionProperties" in global table
0024:trace:vulkan:vkEnumerateInstanceExtensionProperties 0000000000000000, 0000000104FFFA98, 0000000000000000
0024:trace:vulkan:thunk64_vkEnumerateInstanceExtensionProperties 0x0, 0x104fff62c, 0x0
0024:trace:vulkan:thunk64_vkEnumerateInstanceExtensionProperties 0x0, 0x104fff62c, 0x107cc2ad0
0024:trace:vulkan:vkEnumerateInstanceExtensionProperties Client instance extensions:
0024:trace:vulkan:vkEnumerateInstanceExtensionProperties   - VK_KHR_device_group_creation
0024:trace:vulkan:vkEnumerateInstanceExtensionProperties   - VK_KHR_external_fence_capabilities
0024:trace:vulkan:vkEnumerateInstanceExtensionProperties   - VK_KHR_external_memory_capabilities
0024:trace:vulkan:vkEnumerateInstanceExtensionProperties   - VK_KHR_external_semaphore_capabilities
0024:trace:vulkan:vkEnumerateInstanceExtensionProperties   - VK_KHR_get_physical_device_properties2
0024:trace:vulkan:vkEnumerateInstanceExtensionProperties   - VK_KHR_get_surface_capabilities2
0024:trace:vulkan:vkEnumerateInstanceExtensionProperties   - VK_KHR_surface
0024:trace:vulkan:vkEnumerateInstanceExtensionProperties   - VK_KHR_surface_maintenance1
0024:warn:vulkan:is_instance_extension_supported Extension "VK_KHR_surface_protected_capabilities" is not supported.
0024:trace:vulkan:vkEnumerateInstanceExtensionProperties   - VK_EXT_debug_report
0024:trace:vulkan:vkEnumerateInstanceExtensionProperties   - VK_EXT_debug_utils
0024:warn:vulkan:is_instance_extension_supported Extension "VK_EXT_headless_surface" is not supported.
0024:trace:vulkan:vkEnumerateInstanceExtensionProperties   - VK_EXT_layer_settings
0024:warn:vulkan:is_instance_extension_supported Extension "VK_EXT_metal_surface" is not supported.
0024:trace:vulkan:vkEnumerateInstanceExtensionProperties   - VK_EXT_surface_maintenance1
0024:trace:vulkan:vkEnumerateInstanceExtensionProperties   - VK_EXT_swapchain_colorspace
0024:warn:vulkan:is_instance_extension_supported Extension "VK_MVK_ios_surface" is not supported.
0024:warn:vulkan:is_instance_extension_supported Extension "VK_MVK_moltenvk" is not supported.
0024:trace:vulkan:vkEnumerateInstanceExtensionProperties   - VK_KHR_win32_surface
0024:trace:vulkan:vkEnumerateInstanceExtensionProperties 0000000000000000, 0000000104FFFA98, 0000000107CC2AD0
0024:trace:vulkan:thunk64_vkEnumerateInstanceExtensionProperties 0x0, 0x104fff62c, 0x0
0024:trace:vulkan:thunk64_vkEnumerateInstanceExtensionProperties 0x0, 0x104fff62c, 0x107cc3910
0024:trace:vulkan:vkEnumerateInstanceExtensionProperties Client instance extensions:
0024:trace:vulkan:vkEnumerateInstanceExtensionProperties   - VK_KHR_device_group_creation
0024:trace:vulkan:vkEnumerateInstanceExtensionProperties   - VK_KHR_external_fence_capabilities
0024:trace:vulkan:vkEnumerateInstanceExtensionProperties   - VK_KHR_external_memory_capabilities
0024:trace:vulkan:vkEnumerateInstanceExtensionProperties   - VK_KHR_external_semaphore_capabilities
0024:trace:vulkan:vkEnumerateInstanceExtensionProperties   - VK_KHR_get_physical_device_properties2
0024:trace:vulkan:vkEnumerateInstanceExtensionProperties   - VK_KHR_get_surface_capabilities2
0024:trace:vulkan:vkEnumerateInstanceExtensionProperties   - VK_KHR_surface
0024:trace:vulkan:vkEnumerateInstanceExtensionProperties   - VK_KHR_surface_maintenance1
0024:warn:vulkan:is_instance_extension_supported Extension "VK_KHR_surface_protected_capabilities" is not supported.
0024:trace:vulkan:vkEnumerateInstanceExtensionProperties   - VK_EXT_debug_report
0024:trace:vulkan:vkEnumerateInstanceExtensionProperties   - VK_EXT_debug_utils
0024:warn:vulkan:is_instance_extension_supported Extension "VK_EXT_headless_surface" is not supported.
0024:trace:vulkan:vkEnumerateInstanceExtensionProperties   - VK_EXT_layer_settings
0024:warn:vulkan:is_instance_extension_supported Extension "VK_EXT_metal_surface" is not supported.
0024:trace:vulkan:vkEnumerateInstanceExtensionProperties   - VK_EXT_surface_maintenance1
0024:trace:vulkan:vkEnumerateInstanceExtensionProperties   - VK_EXT_swapchain_colorspace
0024:warn:vulkan:is_instance_extension_supported Extension "VK_MVK_ios_surface" is not supported.
0024:warn:vulkan:is_instance_extension_supported Extension "VK_MVK_moltenvk" is not supported.
0024:trace:vulkan:vkEnumerateInstanceExtensionProperties   - VK_KHR_win32_surface
0024:trace:d3d12:d3d12_get_vk_physical_device Matching adapters by UUIDs.
0024:trace:vulkan:thunk64_vkGetPhysicalDeviceProperties2KHR 0x104238888, 0x104fffa98
0024:trace:vulkan:get_physical_device_properties2 deviceName:Apple GPU deviceLUIDValid:1 LUID:00000000:000003ed.
0024:trace:vulkan:thunk64_vkGetPhysicalDeviceQueueFamilyProperties 0x104238888, 0x104fff220, 0x0
0024:trace:vulkan:thunk64_vkGetPhysicalDeviceQueueFamilyProperties 0x104238888, 0x104fff220, 0x104234980
0024:trace:vulkan:thunk64_vkGetPhysicalDeviceMemoryProperties 0x104238888, 0x107cc33a0
0024:trace:vulkan:vkEnumerateDeviceExtensionProperties 0000000104238888, 0000000000000000, 0000000104FFE998, 0000000000000000
0024:trace:vulkan:thunk64_vkEnumerateDeviceExtensionProperties 0x104238888, 0x0, 0x104ffe6ac, 0x0
0024:trace:vulkan:thunk64_vkEnumerateDeviceExtensionProperties 0x104238888, 0x0, 0x104ffe6ac, 0x107cce7d0
0024:trace:vulkan:vkEnumerateDeviceExtensionProperties Client physical device extensions:
0024:trace:vulkan:vkEnumerateDeviceExtensionProperties   - VK_KHR_16bit_storage
0024:trace:vulkan:vkEnumerateDeviceExtensionProperties   - VK_KHR_8bit_storage
0024:trace:vulkan:vkEnumerateDeviceExtensionProperties   - VK_KHR_bind_memory2
0024:trace:vulkan:vkEnumerateDeviceExtensionProperties   - VK_KHR_buffer_device_address
0024:trace:vulkan:vkEnumerateDeviceExtensionProperties   - VK_KHR_calibrated_timestamps
0024:trace:vulkan:vkEnumerateDeviceExtensionProperties   - VK_KHR_copy_commands2
0024:trace:vulkan:vkEnumerateDeviceExtensionProperties   - VK_KHR_create_renderpass2
0024:trace:vulkan:vkEnumerateDeviceExtensionProperties   - VK_KHR_dedicated_allocation
0024:trace:vulkan:vkEnumerateDeviceExtensionProperties   - VK_KHR_deferred_host_operations
0024:trace:vulkan:vkEnumerateDeviceExtensionProperties   - VK_KHR_depth_stencil_resolve
0024:trace:vulkan:vkEnumerateDeviceExtensionProperties   - VK_KHR_descriptor_update_template
0024:trace:vulkan:vkEnumerateDeviceExtensionProperties   - VK_KHR_device_group
0024:trace:vulkan:vkEnumerateDeviceExtensionProperties   - VK_KHR_driver_properties
0024:trace:vulkan:vkEnumerateDeviceExtensionProperties   - VK_KHR_dynamic_rendering
0024:trace:vulkan:vkEnumerateDeviceExtensionProperties   - VK_KHR_dynamic_rendering_local_read
0024:trace:vulkan:vkEnumerateDeviceExtensionProperties   - VK_KHR_external_fence
0024:trace:vulkan:vkEnumerateDeviceExtensionProperties   - VK_KHR_external_memory
0024:trace:vulkan:vkEnumerateDeviceExtensionProperties   - VK_KHR_external_semaphore
0024:trace:vulkan:vkEnumerateDeviceExtensionProperties   - VK_KHR_format_feature_flags2
0024:trace:vulkan:vkEnumerateDeviceExtensionProperties   - VK_KHR_get_memory_requirements2
0024:trace:vulkan:vkEnumerateDeviceExtensionProperties   - VK_KHR_global_priority
0024:trace:vulkan:vkEnumerateDeviceExtensionProperties   - VK_KHR_image_format_list
0024:trace:vulkan:vkEnumerateDeviceExtensionProperties   - VK_KHR_imageless_framebuffer
0024:trace:vulkan:vkEnumerateDeviceExtensionProperties   - VK_KHR_incremental_present
0024:trace:vulkan:vkEnumerateDeviceExtensionProperties   - VK_KHR_index_type_uint8
0024:trace:vulkan:vkEnumerateDeviceExtensionProperties   - VK_KHR_line_rasterization
0024:trace:vulkan:vkEnumerateDeviceExtensionProperties   - VK_KHR_load_store_op_none
0024:trace:vulkan:vkEnumerateDeviceExtensionProperties   - VK_KHR_maintenance1
0024:trace:vulkan:vkEnumerateDeviceExtensionProperties   - VK_KHR_maintenance2
0024:trace:vulkan:vkEnumerateDeviceExtensionProperties   - VK_KHR_maintenance3
0024:trace:vulkan:vkEnumerateDeviceExtensionProperties   - VK_KHR_maintenance4
0024:trace:vulkan:vkEnumerateDeviceExtensionProperties   - VK_KHR_maintenance5
0024:trace:vulkan:vkEnumerateDeviceExtensionProperties   - VK_KHR_maintenance6
0024:trace:vulkan:vkEnumerateDeviceExtensionProperties   - VK_KHR_maintenance7
0024:trace:vulkan:vkEnumerateDeviceExtensionProperties   - VK_KHR_maintenance8
0024:trace:vulkan:vkEnumerateDeviceExtensionProperties   - VK_KHR_maintenance9
0024:trace:vulkan:vkEnumerateDeviceExtensionProperties   - VK_KHR_map_memory2
0024:trace:vulkan:vkEnumerateDeviceExtensionProperties   - VK_KHR_multiview
0024:warn:vulkan:is_device_extension_supported Extension "VK_KHR_portability_subset" is not supported.
0024:trace:vulkan:vkEnumerateDeviceExtensionProperties   - VK_KHR_present_id
0024:trace:vulkan:vkEnumerateDeviceExtensionProperties   - VK_KHR_present_id2
0024:trace:vulkan:vkEnumerateDeviceExtensionProperties   - VK_KHR_present_wait
0024:trace:vulkan:vkEnumerateDeviceExtensionProperties   - VK_KHR_present_wait2
0024:trace:vulkan:vkEnumerateDeviceExtensionProperties   - VK_KHR_push_descriptor
0024:trace:vulkan:vkEnumerateDeviceExtensionProperties   - VK_KHR_relaxed_block_layout
0024:trace:vulkan:vkEnumerateDeviceExtensionProperties   - VK_KHR_robustness2
0024:trace:vulkan:vkEnumerateDeviceExtensionProperties   - VK_KHR_sampler_ycbcr_conversion
0024:trace:vulkan:vkEnumerateDeviceExtensionProperties   - VK_KHR_separate_depth_stencil_layouts
0024:trace:vulkan:vkEnumerateDeviceExtensionProperties   - VK_KHR_shader_draw_parameters
0024:trace:vulkan:vkEnumerateDeviceExtensionProperties   - VK_KHR_shader_expect_assume
0024:trace:vulkan:vkEnumerateDeviceExtensionProperties   - VK_KHR_shader_float_controls
0024:trace:vulkan:vkEnumerateDeviceExtensionProperties   - VK_KHR_shader_float_controls2
0024:trace:vulkan:vkEnumerateDeviceExtensionProperties   - VK_KHR_shader_float16_int8
0024:trace:vulkan:vkEnumerateDeviceExtensionProperties   - VK_KHR_shader_fma
0024:trace:vulkan:vkEnumerateDeviceExtensionProperties   - VK_KHR_shader_integer_dot_product
0024:trace:vulkan:vkEnumerateDeviceExtensionProperties   - VK_KHR_shader_maximal_reconvergence
0024:trace:vulkan:vkEnumerateDeviceExtensionProperties   - VK_KHR_shader_non_semantic_info
0024:trace:vulkan:vkEnumerateDeviceExtensionProperties   - VK_KHR_shader_relaxed_extended_instruction
0024:trace:vulkan:vkEnumerateDeviceExtensionProperties   - VK_KHR_shader_subgroup_extended_types
0024:trace:vulkan:vkEnumerateDeviceExtensionProperties   - VK_KHR_shader_subgroup_rotate
0024:trace:vulkan:vkEnumerateDeviceExtensionProperties   - VK_KHR_shader_subgroup_uniform_control_flow
0024:trace:vulkan:vkEnumerateDeviceExtensionProperties   - VK_KHR_shader_terminate_invocation
0024:trace:vulkan:vkEnumerateDeviceExtensionProperties   - VK_KHR_spirv_1_4
0024:trace:vulkan:vkEnumerateDeviceExtensionProperties   - VK_KHR_storage_buffer_storage_class
0024:trace:vulkan:vkEnumerateDeviceExtensionProperties   - VK_KHR_swapchain
0024:trace:vulkan:vkEnumerateDeviceExtensionProperties   - VK_KHR_swapchain_maintenance1
0024:trace:vulkan:vkEnumerateDeviceExtensionProperties   - VK_KHR_swapchain_mutable_format
0024:trace:vulkan:vkEnumerateDeviceExtensionProperties   - VK_KHR_synchronization2
0024:trace:vulkan:vkEnumerateDeviceExtensionProperties   - VK_KHR_timeline_semaphore
0024:trace:vulkan:vkEnumerateDeviceExtensionProperties   - VK_KHR_uniform_buffer_standard_layout
0024:trace:vulkan:vkEnumerateDeviceExtensionProperties   - VK_KHR_variable_pointers
0024:trace:vulkan:vkEnumerateDeviceExtensionProperties   - VK_KHR_vertex_attribute_divisor
0024:trace:vulkan:vkEnumerateDeviceExtensionProperties   - VK_KHR_vulkan_memory_model
0024:trace:vulkan:vkEnumerateDeviceExtensionProperties   - VK_KHR_zero_initialize_workgroup_memory
0024:trace:vulkan:vkEnumerateDeviceExtensionProperties   - VK_EXT_4444_formats
0024:trace:vulkan:vkEnumerateDeviceExtensionProperties   - VK_EXT_buffer_device_address
0024:trace:vulkan:vkEnumerateDeviceExtensionProperties   - VK_EXT_calibrated_timestamps
0024:trace:vulkan:vkEnumerateDeviceExtensionProperties   - VK_EXT_debug_marker
0024:trace:vulkan:vkEnumerateDeviceExtensionProperties   - VK_EXT_depth_clip_control
0024:trace:vulkan:vkEnumerateDeviceExtensionProperties   - VK_EXT_descriptor_indexing
0024:trace:vulkan:vkEnumerateDeviceExtensionProperties   - VK_EXT_extended_dynamic_state
0024:trace:vulkan:vkEnumerateDeviceExtensionProperties   - VK_EXT_extended_dynamic_state2
0024:trace:vulkan:vkEnumerateDeviceExtensionProperties   - VK_EXT_extended_dynamic_state3
0024:trace:vulkan:vkEnumerateDeviceExtensionProperties   - VK_EXT_external_memory_host
0024:warn:vulkan:is_device_extension_supported Extension "VK_EXT_external_memory_metal" is not supported.
0024:trace:vulkan:vkEnumerateDeviceExtensionProperties   - VK_EXT_fragment_shader_interlock
0024:trace:vulkan:vkEnumerateDeviceExtensionProperties   - VK_EXT_global_priority
0024:trace:vulkan:vkEnumerateDeviceExtensionProperties   - VK_EXT_global_priority_query
0024:trace:vulkan:vkEnumerateDeviceExtensionProperties   - VK_EXT_host_image_copy
0024:trace:vulkan:vkEnumerateDeviceExtensionProperties   - VK_EXT_host_query_reset
0024:trace:vulkan:vkEnumerateDeviceExtensionProperties   - VK_EXT_image_2d_view_of_3d
0024:trace:vulkan:vkEnumerateDeviceExtensionProperties   - VK_EXT_image_robustness
0024:trace:vulkan:vkEnumerateDeviceExtensionProperties   - VK_EXT_index_type_uint8
0024:trace:vulkan:vkEnumerateDeviceExtensionProperties   - VK_EXT_inline_uniform_block
0024:trace:vulkan:vkEnumerateDeviceExtensionProperties   - VK_EXT_line_rasterization
0024:trace:vulkan:vkEnumerateDeviceExtensionProperties   - VK_EXT_load_store_op_none
0024:trace:vulkan:vkEnumerateDeviceExtensionProperties   - VK_EXT_memory_budget
0024:warn:vulkan:is_device_extension_supported Extension "VK_EXT_metal_objects" is not supported.
0024:trace:vulkan:vkEnumerateDeviceExtensionProperties   - VK_EXT_pipeline_creation_cache_control
0024:trace:vulkan:vkEnumerateDeviceExtensionProperties   - VK_EXT_pipeline_creation_feedback
0024:trace:vulkan:vkEnumerateDeviceExtensionProperties   - VK_EXT_pipeline_robustness
0024:trace:vulkan:vkEnumerateDeviceExtensionProperties   - VK_EXT_post_depth_coverage
0024:trace:vulkan:vkEnumerateDeviceExtensionProperties   - VK_EXT_private_data
0024:trace:vulkan:vkEnumerateDeviceExtensionProperties   - VK_EXT_robustness2
0024:trace:vulkan:vkEnumerateDeviceExtensionProperties   - VK_EXT_sample_locations
0024:trace:vulkan:vkEnumerateDeviceExtensionProperties   - VK_EXT_scalar_block_layout
0024:trace:vulkan:vkEnumerateDeviceExtensionProperties   - VK_EXT_separate_stencil_usage
0024:trace:vulkan:vkEnumerateDeviceExtensionProperties   - VK_EXT_shader_atomic_float
0024:trace:vulkan:vkEnumerateDeviceExtensionProperties   - VK_EXT_shader_demote_to_helper_invocation
0024:trace:vulkan:vkEnumerateDeviceExtensionProperties   - VK_EXT_shader_stencil_export
0024:trace:vulkan:vkEnumerateDeviceExtensionProperties   - VK_EXT_shader_subgroup_ballot
0024:trace:vulkan:vkEnumerateDeviceExtensionProperties   - VK_EXT_shader_subgroup_vote
0024:trace:vulkan:vkEnumerateDeviceExtensionProperties   - VK_EXT_shader_viewport_index_layer
0024:trace:vulkan:vkEnumerateDeviceExtensionProperties   - VK_EXT_subgroup_size_control
0024:trace:vulkan:vkEnumerateDeviceExtensionProperties   - VK_EXT_swapchain_maintenance1
0024:trace:vulkan:vkEnumerateDeviceExtensionProperties   - VK_EXT_texel_buffer_alignment
0024:trace:vulkan:vkEnumerateDeviceExtensionProperties   - VK_EXT_texture_compression_astc_hdr
0024:trace:vulkan:vkEnumerateDeviceExtensionProperties   - VK_EXT_tooling_info
0024:trace:vulkan:vkEnumerateDeviceExtensionProperties   - VK_EXT_vertex_attribute_divisor
0024:trace:vulkan:vkEnumerateDeviceExtensionProperties   - VK_AMD_gpu_shader_half_float
0024:trace:vulkan:vkEnumerateDeviceExtensionProperties   - VK_AMD_negative_viewport_height
0024:trace:vulkan:vkEnumerateDeviceExtensionProperties   - VK_AMD_shader_image_load_store_lod
0024:trace:vulkan:vkEnumerateDeviceExtensionProperties   - VK_AMD_shader_trinary_minmax
0024:warn:vulkan:is_device_extension_supported Extension "VK_GOOGLE_display_timing" is not supported.
0024:trace:vulkan:vkEnumerateDeviceExtensionProperties   - VK_IMG_format_pvrtc
0024:trace:vulkan:vkEnumerateDeviceExtensionProperties   - VK_INTEL_shader_integer_functions2
0024:trace:vulkan:vkEnumerateDeviceExtensionProperties 0000000104238888, 0000000000000000, 0000000104FFE998, 0000000107CCE7D0
0024:trace:vulkan:thunk64_vkEnumerateDeviceExtensionProperties 0x104238888, 0x0, 0x104ffe6ac, 0x0
0024:trace:vulkan:thunk64_vkEnumerateDeviceExtensionProperties 0x104238888, 0x0, 0x104ffe6ac, 0x107cd63c0
0024:trace:vulkan:vkEnumerateDeviceExtensionProperties Client physical device extensions:
0024:trace:vulkan:vkEnumerateDeviceExtensionProperties   - VK_KHR_16bit_storage
0024:trace:vulkan:vkEnumerateDeviceExtensionProperties   - VK_KHR_8bit_storage
0024:trace:vulkan:vkEnumerateDeviceExtensionProperties   - VK_KHR_bind_memory2
0024:trace:vulkan:vkEnumerateDeviceExtensionProperties   - VK_KHR_buffer_device_address
0024:trace:vulkan:vkEnumerateDeviceExtensionProperties   - VK_KHR_calibrated_timestamps
0024:trace:vulkan:vkEnumerateDeviceExtensionProperties   - VK_KHR_copy_commands2
0024:trace:vulkan:vkEnumerateDeviceExtensionProperties   - VK_KHR_create_renderpass2
0024:trace:vulkan:vkEnumerateDeviceExtensionProperties   - VK_KHR_dedicated_allocation
0024:trace:vulkan:vkEnumerateDeviceExtensionProperties   - VK_KHR_deferred_host_operations
0024:trace:vulkan:vkEnumerateDeviceExtensionProperties   - VK_KHR_depth_stencil_resolve
0024:trace:vulkan:vkEnumerateDeviceExtensionProperties   - VK_KHR_descriptor_update_template
0024:trace:vulkan:vkEnumerateDeviceExtensionProperties   - VK_KHR_device_group
0024:trace:vulkan:vkEnumerateDeviceExtensionProperties   - VK_KHR_driver_properties
0024:trace:vulkan:vkEnumerateDeviceExtensionProperties   - VK_KHR_dynamic_rendering
0024:trace:vulkan:vkEnumerateDeviceExtensionProperties   - VK_KHR_dynamic_rendering_local_read
0024:trace:vulkan:vkEnumerateDeviceExtensionProperties   - VK_KHR_external_fence
0024:trace:vulkan:vkEnumerateDeviceExtensionProperties   - VK_KHR_external_memory
0024:trace:vulkan:vkEnumerateDeviceExtensionProperties   - VK_KHR_external_semaphore
0024:trace:vulkan:vkEnumerateDeviceExtensionProperties   - VK_KHR_format_feature_flags2
0024:trace:vulkan:vkEnumerateDeviceExtensionProperties   - VK_KHR_get_memory_requirements2
0024:trace:vulkan:vkEnumerateDeviceExtensionProperties   - VK_KHR_global_priority
0024:trace:vulkan:vkEnumerateDeviceExtensionProperties   - VK_KHR_image_format_list
0024:trace:vulkan:vkEnumerateDeviceExtensionProperties   - VK_KHR_imageless_framebuffer
0024:trace:vulkan:vkEnumerateDeviceExtensionProperties   - VK_KHR_incremental_present
0024:trace:vulkan:vkEnumerateDeviceExtensionProperties   - VK_KHR_index_type_uint8
0024:trace:vulkan:vkEnumerateDeviceExtensionProperties   - VK_KHR_line_rasterization
0024:trace:vulkan:vkEnumerateDeviceExtensionProperties   - VK_KHR_load_store_op_none
0024:trace:vulkan:vkEnumerateDeviceExtensionProperties   - VK_KHR_maintenance1
0024:trace:vulkan:vkEnumerateDeviceExtensionProperties   - VK_KHR_maintenance2
0024:trace:vulkan:vkEnumerateDeviceExtensionProperties   - VK_KHR_maintenance3
0024:trace:vulkan:vkEnumerateDeviceExtensionProperties   - VK_KHR_maintenance4
0024:trace:vulkan:vkEnumerateDeviceExtensionProperties   - VK_KHR_maintenance5
0024:trace:vulkan:vkEnumerateDeviceExtensionProperties   - VK_KHR_maintenance6
0024:trace:vulkan:vkEnumerateDeviceExtensionProperties   - VK_KHR_maintenance7
0024:trace:vulkan:vkEnumerateDeviceExtensionProperties   - VK_KHR_maintenance8
0024:trace:vulkan:vkEnumerateDeviceExtensionProperties   - VK_KHR_maintenance9
0024:trace:vulkan:vkEnumerateDeviceExtensionProperties   - VK_KHR_map_memory2
0024:trace:vulkan:vkEnumerateDeviceExtensionProperties   - VK_KHR_multiview
0024:warn:vulkan:is_device_extension_supported Extension "VK_KHR_portability_subset" is not supported.
0024:trace:vulkan:vkEnumerateDeviceExtensionProperties   - VK_KHR_present_id
0024:trace:vulkan:vkEnumerateDeviceExtensionProperties   - VK_KHR_present_id2
0024:trace:vulkan:vkEnumerateDeviceExtensionProperties   - VK_KHR_present_wait
0024:trace:vulkan:vkEnumerateDeviceExtensionProperties   - VK_KHR_present_wait2
0024:trace:vulkan:vkEnumerateDeviceExtensionProperties   - VK_KHR_push_descriptor
0024:trace:vulkan:vkEnumerateDeviceExtensionProperties   - VK_KHR_relaxed_block_layout
0024:trace:vulkan:vkEnumerateDeviceExtensionProperties   - VK_KHR_robustness2
0024:trace:vulkan:vkEnumerateDeviceExtensionProperties   - VK_KHR_sampler_ycbcr_conversion
0024:trace:vulkan:vkEnumerateDeviceExtensionProperties   - VK_KHR_separate_depth_stencil_layouts
0024:trace:vulkan:vkEnumerateDeviceExtensionProperties   - VK_KHR_shader_draw_parameters
0024:trace:vulkan:vkEnumerateDeviceExtensionProperties   - VK_KHR_shader_expect_assume
0024:trace:vulkan:vkEnumerateDeviceExtensionProperties   - VK_KHR_shader_float_controls
0024:trace:vulkan:vkEnumerateDeviceExtensionProperties   - VK_KHR_shader_float_controls2
0024:trace:vulkan:vkEnumerateDeviceExtensionProperties   - VK_KHR_shader_float16_int8
0024:trace:vulkan:vkEnumerateDeviceExtensionProperties   - VK_KHR_shader_fma
0024:trace:vulkan:vkEnumerateDeviceExtensionProperties   - VK_KHR_shader_integer_dot_product
0024:trace:vulkan:vkEnumerateDeviceExtensionProperties   - VK_KHR_shader_maximal_reconvergence
0024:trace:vulkan:vkEnumerateDeviceExtensionProperties   - VK_KHR_shader_non_semantic_info
0024:trace:vulkan:vkEnumerateDeviceExtensionProperties   - VK_KHR_shader_relaxed_extended_instruction
0024:trace:vulkan:vkEnumerateDeviceExtensionProperties   - VK_KHR_shader_subgroup_extended_types
0024:trace:vulkan:vkEnumerateDeviceExtensionProperties   - VK_KHR_shader_subgroup_rotate
0024:trace:vulkan:vkEnumerateDeviceExtensionProperties   - VK_KHR_shader_subgroup_uniform_control_flow
0024:trace:vulkan:vkEnumerateDeviceExtensionProperties   - VK_KHR_shader_terminate_invocation
0024:trace:vulkan:vkEnumerateDeviceExtensionProperties   - VK_KHR_spirv_1_4
0024:trace:vulkan:vkEnumerateDeviceExtensionProperties   - VK_KHR_storage_buffer_storage_class
0024:trace:vulkan:vkEnumerateDeviceExtensionProperties   - VK_KHR_swapchain
0024:trace:vulkan:vkEnumerateDeviceExtensionProperties   - VK_KHR_swapchain_maintenance1
0024:trace:vulkan:vkEnumerateDeviceExtensionProperties   - VK_KHR_swapchain_mutable_format
0024:trace:vulkan:vkEnumerateDeviceExtensionProperties   - VK_KHR_synchronization2
0024:trace:vulkan:vkEnumerateDeviceExtensionProperties   - VK_KHR_timeline_semaphore
0024:trace:vulkan:vkEnumerateDeviceExtensionProperties   - VK_KHR_uniform_buffer_standard_layout
0024:trace:vulkan:vkEnumerateDeviceExtensionProperties   - VK_KHR_variable_pointers
0024:trace:vulkan:vkEnumerateDeviceExtensionProperties   - VK_KHR_vertex_attribute_divisor
0024:trace:vulkan:vkEnumerateDeviceExtensionProperties   - VK_KHR_vulkan_memory_model
0024:trace:vulkan:vkEnumerateDeviceExtensionProperties   - VK_KHR_zero_initialize_workgroup_memory
0024:trace:vulkan:vkEnumerateDeviceExtensionProperties   - VK_EXT_4444_formats
0024:trace:vulkan:vkEnumerateDeviceExtensionProperties   - VK_EXT_buffer_device_address
0024:trace:vulkan:vkEnumerateDeviceExtensionProperties   - VK_EXT_calibrated_timestamps
0024:trace:vulkan:vkEnumerateDeviceExtensionProperties   - VK_EXT_debug_marker
0024:trace:vulkan:vkEnumerateDeviceExtensionProperties   - VK_EXT_depth_clip_control
0024:trace:vulkan:vkEnumerateDeviceExtensionProperties   - VK_EXT_descriptor_indexing
0024:trace:vulkan:vkEnumerateDeviceExtensionProperties   - VK_EXT_extended_dynamic_state
0024:trace:vulkan:vkEnumerateDeviceExtensionProperties   - VK_EXT_extended_dynamic_state2
0024:trace:vulkan:vkEnumerateDeviceExtensionProperties   - VK_EXT_extended_dynamic_state3
0024:trace:vulkan:vkEnumerateDeviceExtensionProperties   - VK_EXT_external_memory_host
0024:warn:vulkan:is_device_extension_supported Extension "VK_EXT_external_memory_metal" is not supported.
0024:trace:vulkan:vkEnumerateDeviceExtensionProperties   - VK_EXT_fragment_shader_interlock
0024:trace:vulkan:vkEnumerateDeviceExtensionProperties   - VK_EXT_global_priority
0024:trace:vulkan:vkEnumerateDeviceExtensionProperties   - VK_EXT_global_priority_query
0024:trace:vulkan:vkEnumerateDeviceExtensionProperties   - VK_EXT_host_image_copy
0024:trace:vulkan:vkEnumerateDeviceExtensionProperties   - VK_EXT_host_query_reset
0024:trace:vulkan:vkEnumerateDeviceExtensionProperties   - VK_EXT_image_2d_view_of_3d
0024:trace:vulkan:vkEnumerateDeviceExtensionProperties   - VK_EXT_image_robustness
0024:trace:vulkan:vkEnumerateDeviceExtensionProperties   - VK_EXT_index_type_uint8
0024:trace:vulkan:vkEnumerateDeviceExtensionProperties   - VK_EXT_inline_uniform_block
0024:trace:vulkan:vkEnumerateDeviceExtensionProperties   - VK_EXT_line_rasterization
0024:trace:vulkan:vkEnumerateDeviceExtensionProperties   - VK_EXT_load_store_op_none
0024:trace:vulkan:vkEnumerateDeviceExtensionProperties   - VK_EXT_memory_budget
0024:warn:vulkan:is_device_extension_supported Extension "VK_EXT_metal_objects" is not supported.
0024:trace:vulkan:vkEnumerateDeviceExtensionProperties   - VK_EXT_pipeline_creation_cache_control
0024:trace:vulkan:vkEnumerateDeviceExtensionProperties   - VK_EXT_pipeline_creation_feedback
0024:trace:vulkan:vkEnumerateDeviceExtensionProperties   - VK_EXT_pipeline_robustness
0024:trace:vulkan:vkEnumerateDeviceExtensionProperties   - VK_EXT_post_depth_coverage
0024:trace:vulkan:vkEnumerateDeviceExtensionProperties   - VK_EXT_private_data
0024:trace:vulkan:vkEnumerateDeviceExtensionProperties   - VK_EXT_robustness2
0024:trace:vulkan:vkEnumerateDeviceExtensionProperties   - VK_EXT_sample_locations
0024:trace:vulkan:vkEnumerateDeviceExtensionProperties   - VK_EXT_scalar_block_layout
0024:trace:vulkan:vkEnumerateDeviceExtensionProperties   - VK_EXT_separate_stencil_usage
0024:trace:vulkan:vkEnumerateDeviceExtensionProperties   - VK_EXT_shader_atomic_float
0024:trace:vulkan:vkEnumerateDeviceExtensionProperties   - VK_EXT_shader_demote_to_helper_invocation
0024:trace:vulkan:vkEnumerateDeviceExtensionProperties   - VK_EXT_shader_stencil_export
0024:trace:vulkan:vkEnumerateDeviceExtensionProperties   - VK_EXT_shader_subgroup_ballot
0024:trace:vulkan:vkEnumerateDeviceExtensionProperties   - VK_EXT_shader_subgroup_vote
0024:trace:vulkan:vkEnumerateDeviceExtensionProperties   - VK_EXT_shader_viewport_index_layer
0024:trace:vulkan:vkEnumerateDeviceExtensionProperties   - VK_EXT_subgroup_size_control
0024:trace:vulkan:vkEnumerateDeviceExtensionProperties   - VK_EXT_swapchain_maintenance1
0024:trace:vulkan:vkEnumerateDeviceExtensionProperties   - VK_EXT_texel_buffer_alignment
0024:trace:vulkan:vkEnumerateDeviceExtensionProperties   - VK_EXT_texture_compression_astc_hdr
0024:trace:vulkan:vkEnumerateDeviceExtensionProperties   - VK_EXT_tooling_info
0024:trace:vulkan:vkEnumerateDeviceExtensionProperties   - VK_EXT_vertex_attribute_divisor
0024:trace:vulkan:vkEnumerateDeviceExtensionProperties   - VK_AMD_gpu_shader_half_float
0024:trace:vulkan:vkEnumerateDeviceExtensionProperties   - VK_AMD_negative_viewport_height
0024:trace:vulkan:vkEnumerateDeviceExtensionProperties   - VK_AMD_shader_image_load_store_lod
0024:trace:vulkan:vkEnumerateDeviceExtensionProperties   - VK_AMD_shader_trinary_minmax
0024:warn:vulkan:is_device_extension_supported Extension "VK_GOOGLE_display_timing" is not supported.
0024:trace:vulkan:vkEnumerateDeviceExtensionProperties   - VK_IMG_format_pvrtc
0024:trace:vulkan:vkEnumerateDeviceExtensionProperties   - VK_INTEL_shader_integer_functions2
0024:trace:vulkan:thunk64_vkGetPhysicalDeviceFeatures2KHR 0x104238888, 0x104fff130
0024:trace:vulkan:thunk64_vkGetPhysicalDeviceProperties2KHR 0x104238888, 0x104ffec58
0024:trace:vulkan:get_physical_device_properties2 deviceName:Apple GPU deviceLUIDValid:1 LUID:00000000:000003ed.
0024:trace:vulkan:thunk64_vkGetPhysicalDeviceQueueFamilyProperties 0x104238888, 0x104ffe99c, 0x0
0024:trace:vulkan:thunk64_vkGetPhysicalDeviceQueueFamilyProperties 0x104238888, 0x104ffe99c, 0x104234980
0024:trace:vulkan:thunk64_vkGetPhysicalDeviceMemoryProperties 0x104238888, 0x104ffe738
0024:trace:vulkan:thunk64_vkGetPhysicalDeviceFormatProperties 0x104238888, 0x6d, 0x104ffe738
0024:trace:vulkan:thunk64_vkGetPhysicalDeviceFormatProperties 0x104238888, 0x6b, 0x104ffe738
0024:trace:vulkan:thunk64_vkGetPhysicalDeviceFormatProperties 0x104238888, 0x6c, 0x104ffe738
0024:trace:vulkan:thunk64_vkGetPhysicalDeviceFormatProperties 0x104238888, 0x61, 0x104ffe738
0024:trace:vulkan:thunk64_vkGetPhysicalDeviceFormatProperties 0x104238888, 0x5f, 0x104ffe738
0024:trace:vulkan:thunk64_vkGetPhysicalDeviceFormatProperties 0x104238888, 0x60, 0x104ffe738
0024:trace:vulkan:thunk64_vkGetPhysicalDeviceFormatProperties 0x104238888, 0x25, 0x104ffe738
0024:trace:vulkan:thunk64_vkGetPhysicalDeviceFormatProperties 0x104238888, 0x29, 0x104ffe738
0024:trace:vulkan:thunk64_vkGetPhysicalDeviceFormatProperties 0x104238888, 0x2a, 0x104ffe738
0024:trace:vulkan:thunk64_vkGetPhysicalDeviceFormatProperties 0x104238888, 0x4c, 0x104ffe738
0024:trace:vulkan:thunk64_vkGetPhysicalDeviceFormatProperties 0x104238888, 0x4a, 0x104ffe738
0024:trace:vulkan:thunk64_vkGetPhysicalDeviceFormatProperties 0x104238888, 0x4b, 0x104ffe738
0024:trace:vulkan:thunk64_vkGetPhysicalDeviceFormatProperties 0x104238888, 0x9, 0x104ffe738
0024:trace:vulkan:thunk64_vkGetPhysicalDeviceFormatProperties 0x104238888, 0xd, 0x104ffe738
0024:trace:vulkan:thunk64_vkGetPhysicalDeviceFormatProperties 0x104238888, 0xe, 0x104ffe738
0024:trace:vulkan:vkCreateDevice Enabling 19 client device extensions
0024:trace:vulkan:vkCreateDevice   - VK_KHR_maintenance1
0024:trace:vulkan:vkCreateDevice   - VK_KHR_maintenance2
0024:trace:vulkan:vkCreateDevice   - VK_KHR_shader_draw_parameters
0024:trace:vulkan:vkCreateDevice   - VK_KHR_dedicated_allocation
0024:trace:vulkan:vkCreateDevice   - VK_KHR_get_memory_requirements2
0024:trace:vulkan:vkCreateDevice   - VK_KHR_image_format_list
0024:trace:vulkan:vkCreateDevice   - VK_KHR_maintenance3
0024:trace:vulkan:vkCreateDevice   - VK_KHR_timeline_semaphore
0024:trace:vulkan:vkCreateDevice   - VK_KHR_zero_initialize_workgroup_memory
0024:trace:vulkan:vkCreateDevice   - VK_EXT_4444_formats
0024:trace:vulkan:vkCreateDevice   - VK_EXT_calibrated_timestamps
0024:trace:vulkan:vkCreateDevice   - VK_EXT_descriptor_indexing
0024:trace:vulkan:vkCreateDevice   - VK_EXT_fragment_shader_interlock
0024:trace:vulkan:vkCreateDevice   - VK_EXT_shader_demote_to_helper_invocation
0024:trace:vulkan:vkCreateDevice   - VK_EXT_shader_stencil_export
0024:trace:vulkan:vkCreateDevice   - VK_EXT_shader_viewport_index_layer
0024:trace:vulkan:vkCreateDevice   - VK_EXT_texel_buffer_alignment
0024:trace:vulkan:vkCreateDevice   - VK_EXT_vertex_attribute_divisor
0024:trace:vulkan:vkCreateDevice   - VK_KHR_swapchain
0024:trace:vulkan:thunk64_vkCreateDevice 0x104238888, 0x104ffe9e8, 0x0, 0x104ffe9d8
0024:trace:vulkan:win32u_vkCreateDevice Device name: "Apple A13 GPU".
0024:trace:vulkan:win32u_vkCreateDevice Vendor ID: 0x106b, Device ID: 0x10050006.
0024:trace:vulkan:win32u_vkCreateDevice Driver version: 0x28a2.
0024:trace:vulkan:convert_device_create_info Enabling 19 host device extensions
0024:trace:vulkan:convert_device_create_info   - "VK_EXT_4444_formats"
0024:trace:vulkan:convert_device_create_info   - "VK_EXT_calibrated_timestamps"
0024:trace:vulkan:convert_device_create_info   - "VK_EXT_descriptor_indexing"
0024:trace:vulkan:convert_device_create_info   - "VK_EXT_fragment_shader_interlock"
0024:trace:vulkan:convert_device_create_info   - "VK_EXT_shader_demote_to_helper_invocation"
0024:trace:vulkan:convert_device_create_info   - "VK_EXT_shader_stencil_export"
0024:trace:vulkan:convert_device_create_info   - "VK_EXT_shader_viewport_index_layer"
0024:trace:vulkan:convert_device_create_info   - "VK_EXT_texel_buffer_alignment"
0024:trace:vulkan:convert_device_create_info   - "VK_EXT_vertex_attribute_divisor"
0024:trace:vulkan:convert_device_create_info   - "VK_KHR_dedicated_allocation"
0024:trace:vulkan:convert_device_create_info   - "VK_KHR_get_memory_requirements2"
0024:trace:vulkan:convert_device_create_info   - "VK_KHR_image_format_list"
0024:trace:vulkan:convert_device_create_info   - "VK_KHR_maintenance1"
0024:trace:vulkan:convert_device_create_info   - "VK_KHR_maintenance2"
0024:trace:vulkan:convert_device_create_info   - "VK_KHR_maintenance3"
0024:trace:vulkan:convert_device_create_info   - "VK_KHR_shader_draw_parameters"
0024:trace:vulkan:convert_device_create_info   - "VK_KHR_swapchain"
0024:trace:vulkan:convert_device_create_info   - "VK_KHR_timeline_semaphore"
0024:trace:vulkan:convert_device_create_info   - "VK_KHR_zero_initialize_workgroup_memory"
[mvk-info] Vulkan semaphores using MTLEvent.
[mvk-info] Descriptor sets binding resources using Metal3 argument buffers.
[mvk-info] Created VkDevice to run on GPU Apple A13 GPU with the following 19 Vulkan extensions enabled:
	VK_KHR_dedicated_allocation v3
	VK_KHR_get_memory_requirements2 v1
	VK_KHR_image_format_list v1
	VK_KHR_maintenance1 v2
	VK_KHR_maintenance2 v1
	VK_KHR_maintenance3 v1
	VK_KHR_shader_draw_parameters v1
	VK_KHR_swapchain v70
	VK_KHR_timeline_semaphore v2
	VK_KHR_zero_initialize_workgroup_memory v1
	VK_EXT_4444_formats v1
	VK_EXT_calibrated_timestamps v2
	VK_EXT_descriptor_indexing v2
	VK_EXT_fragment_shader_interlock v1
	VK_EXT_shader_demote_to_helper_invocation v1
	VK_EXT_shader_stencil_export v1
	VK_EXT_shader_viewport_index_layer v1
	VK_EXT_texel_buffer_alignment v1
	VK_EXT_vertex_attribute_divisor v3
0024:trace:vulkan:win32u_vkCreateDevice Device proc vkAcquirePerformanceConfigurationINTEL not found.
0024:trace:vulkan:win32u_vkCreateDevice Device proc vkAcquireProfilingLockKHR not found.
0024:trace:vulkan:win32u_vkCreateDevice Device proc vkAntiLagUpdateAMD not found.
0024:trace:vulkan:win32u_vkCreateDevice Device proc vkBindAccelerationStructureMemoryNV not found.
0024:trace:vulkan:win32u_vkCreateDevice Device proc vkBindBufferMemory2KHR not found.
0024:trace:vulkan:win32u_vkCreateDevice Device proc vkBindDataGraphPipelineSessionMemoryARM not found.
0024:trace:vulkan:win32u_vkCreateDevice Device proc vkBindImageMemory2KHR not found.
0024:trace:vulkan:win32u_vkCreateDevice Device proc vkBindOpticalFlowSessionImageNV not found.
0024:trace:vulkan:win32u_vkCreateDevice Device proc vkBindTensorMemoryARM not found.
0024:trace:vulkan:win32u_vkCreateDevice Device proc vkBindVideoSessionMemoryKHR not found.
0024:trace:vulkan:win32u_vkCreateDevice Device proc vkBuildAccelerationStructuresKHR not found.
0024:trace:vulkan:win32u_vkCreateDevice Device proc vkBuildMicromapsEXT not found.
0024:trace:vulkan:win32u_vkCreateDevice Device proc vkClearShaderInstrumentationMetricsARM not found.
0024:trace:vulkan:win32u_vkCreateDevice Device proc vkCmdBeginConditionalRendering2EXT not found.
0024:trace:vulkan:win32u_vkCreateDevice Device proc vkCmdBeginConditionalRenderingEXT not found.
0024:trace:vulkan:win32u_vkCreateDevice Device proc vkCmdBeginCustomResolveEXT not found.
0024:trace:vulkan:win32u_vkCreateDevice Device proc vkCmdBeginDebugUtilsLabelEXT not found.
0024:trace:vulkan:win32u_vkCreateDevice Device proc vkCmdBeginGpaSampleAMD not found.
0024:trace:vulkan:win32u_vkCreateDevice Device proc vkCmdBeginGpaSessionAMD not found.
0024:trace:vulkan:win32u_vkCreateDevice Device proc vkCmdBeginPerTileExecutionQCOM not found.
0024:trace:vulkan:win32u_vkCreateDevice Device proc vkCmdBeginQueryIndexedEXT not found.
0024:trace:vulkan:win32u_vkCreateDevice Device proc vkCmdBeginRenderPass2 not found.
0024:trace:vulkan:win32u_vkCreateDevice Device proc vkCmdBeginRenderPass2KHR not found.
0024:trace:vulkan:win32u_vkCreateDevice Device proc vkCmdBeginRendering not found.
0024:trace:vulkan:win32u_vkCreateDevice Device proc vkCmdBeginRenderingKHR not found.
0024:trace:vulkan:win32u_vkCreateDevice Device proc vkCmdBeginShaderInstrumentationARM not found.
0024:trace:vulkan:win32u_vkCreateDevice Device proc vkCmdBeginTransformFeedback2EXT not found.
0024:trace:vulkan:win32u_vkCreateDevice Device proc vkCmdBeginTransformFeedbackEXT not found.
0024:trace:vulkan:win32u_vkCreateDevice Device proc vkCmdBeginVideoCodingKHR not found.
0024:trace:vulkan:win32u_vkCreateDevice Device proc vkCmdBindDescriptorBufferEmbeddedSamplers2EXT not found.
0024:trace:vulkan:win32u_vkCreateDevice Device proc vkCmdBindDescriptorBufferEmbeddedSamplersEXT not found.
0024:trace:vulkan:win32u_vkCreateDevice Device proc vkCmdBindDescriptorBuffersEXT not found.
0024:trace:vulkan:win32u_vkCreateDevice Device proc vkCmdBindDescriptorSets2 not found.
0024:trace:vulkan:win32u_vkCreateDevice Device proc vkCmdBindDescriptorSets2KHR not found.
0024:trace:vulkan:win32u_vkCreateDevice Device proc vkCmdBindIndexBuffer2 not found.
0024:trace:vulkan:win32u_vkCreateDevice Device proc vkCmdBindIndexBuffer2KHR not found.
0024:trace:vulkan:win32u_vkCreateDevice Device proc vkCmdBindIndexBuffer3KHR not found.
0024:trace:vulkan:win32u_vkCreateDevice Device proc vkCmdBindInvocationMaskHUAWEI not found.
0024:trace:vulkan:win32u_vkCreateDevice Device proc vkCmdBindPipelineShaderGroupNV not found.
0024:trace:vulkan:win32u_vkCreateDevice Device proc vkCmdBindResourceHeapEXT not found.
0024:trace:vulkan:win32u_vkCreateDevice Device proc vkCmdBindSamplerHeapEXT not found.
0024:trace:vulkan:win32u_vkCreateDevice Device proc vkCmdBindShadersEXT not found.
0024:trace:vulkan:win32u_vkCreateDevice Device proc vkCmdBindShadingRateImageNV not found.
0024:trace:vulkan:win32u_vkCreateDevice Device proc vkCmdBindTileMemoryQCOM not found.
0024:trace:vulkan:win32u_vkCreateDevice Device proc vkCmdBindTransformFeedbackBuffers2EXT not found.
0024:trace:vulkan:win32u_vkCreateDevice Device proc vkCmdBindTransformFeedbackBuffersEXT not found.
0024:trace:vulkan:win32u_vkCreateDevice Device proc vkCmdBindVertexBuffers2 not found.
0024:trace:vulkan:win32u_vkCreateDevice Device proc vkCmdBindVertexBuffers2EXT not found.
0024:trace:vulkan:win32u_vkCreateDevice Device proc vkCmdBindVertexBuffers3KHR not found.
0024:trace:vulkan:win32u_vkCreateDevice Device proc vkCmdBlitImage2 not found.
0024:trace:vulkan:win32u_vkCreateDevice Device proc vkCmdBlitImage2KHR not found.
0024:trace:vulkan:win32u_vkCreateDevice Device proc vkCmdBuildAccelerationStructureNV not found.
0024:trace:vulkan:win32u_vkCreateDevice Device proc vkCmdBuildAccelerationStructuresIndirectKHR not found.
0024:trace:vulkan:win32u_vkCreateDevice Device proc vkCmdBuildAccelerationStructuresKHR not found.
0024:trace:vulkan:win32u_vkCreateDevice Device proc vkCmdBuildClusterAccelerationStructureIndirectNV not found.
0024:trace:vulkan:win32u_vkCreateDevice Device proc vkCmdBuildMicromapsEXT not found.
0024:trace:vulkan:win32u_vkCreateDevice Device proc vkCmdBuildPartitionedAccelerationStructuresNV not found.
0024:trace:vulkan:win32u_vkCreateDevice Device proc vkCmdControlVideoCodingKHR not found.
0024:trace:vulkan:win32u_vkCreateDevice Device proc vkCmdConvertCooperativeVectorMatrixNV not found.
0024:trace:vulkan:win32u_vkCreateDevice Device proc vkCmdCopyAccelerationStructureKHR not found.
0024:trace:vulkan:win32u_vkCreateDevice Device proc vkCmdCopyAccelerationStructureNV not found.
0024:trace:vulkan:win32u_vkCreateDevice Device proc vkCmdCopyAccelerationStructureToMemoryKHR not found.
0024:trace:vulkan:win32u_vkCreateDevice Device proc vkCmdCopyBuffer2 not found.
0024:trace:vulkan:win32u_vkCreateDevice Device proc vkCmdCopyBuffer2KHR not found.
0024:trace:vulkan:win32u_vkCreateDevice Device proc vkCmdCopyBufferToImage2 not found.
0024:trace:vulkan:win32u_vkCreateDevice Device proc vkCmdCopyBufferToImage2KHR not found.
0024:trace:vulkan:win32u_vkCreateDevice Device proc vkCmdCopyGpaSessionResultsAMD not found.
0024:trace:vulkan:win32u_vkCreateDevice Device proc vkCmdCopyImage2 not found.
0024:trace:vulkan:win32u_vkCreateDevice Device proc vkCmdCopyImage2KHR not found.
0024:trace:vulkan:win32u_vkCreateDevice Device proc vkCmdCopyImageToBuffer2 not found.
0024:trace:vulkan:win32u_vkCreateDevice Device proc vkCmdCopyImageToBuffer2KHR not found.
0024:trace:vulkan:win32u_vkCreateDevice Device proc vkCmdCopyImageToMemoryKHR not found.
0024:trace:vulkan:win32u_vkCreateDevice Device proc vkCmdCopyMemoryIndirectKHR not found.
0024:trace:vulkan:win32u_vkCreateDevice Device proc vkCmdCopyMemoryIndirectNV not found.
0024:trace:vulkan:win32u_vkCreateDevice Device proc vkCmdCopyMemoryKHR not found.
0024:trace:vulkan:win32u_vkCreateDevice Device proc vkCmdCopyMemoryToAccelerationStructureKHR not found.
0024:trace:vulkan:win32u_vkCreateDevice Device proc vkCmdCopyMemoryToImageIndirectKHR not found.
0024:trace:vulkan:win32u_vkCreateDevice Device proc vkCmdCopyMemoryToImageIndirectNV not found.
0024:trace:vulkan:win32u_vkCreateDevice Device proc vkCmdCopyMemoryToImageKHR not found.
0024:trace:vulkan:win32u_vkCreateDevice Device proc vkCmdCopyMemoryToMicromapEXT not found.
0024:trace:vulkan:win32u_vkCreateDevice Device proc vkCmdCopyMicromapEXT not found.
0024:trace:vulkan:win32u_vkCreateDevice Device proc vkCmdCopyMicromapToMemoryEXT not found.
0024:trace:vulkan:win32u_vkCreateDevice Device proc vkCmdCopyQueryPoolResultsToMemoryKHR not found.
0024:trace:vulkan:win32u_vkCreateDevice Device proc vkCmdCopyTensorARM not found.
0024:trace:vulkan:win32u_vkCreateDevice Device proc vkCmdCuLaunchKernelNVX not found.
0024:trace:vulkan:win32u_vkCreateDevice Device proc vkCmdDebugMarkerBeginEXT not found.
0024:trace:vulkan:win32u_vkCreateDevice Device proc vkCmdDebugMarkerEndEXT not found.
0024:trace:vulkan:win32u_vkCreateDevice Device proc vkCmdDebugMarkerInsertEXT not found.
0024:trace:vulkan:win32u_vkCreateDevice Device proc vkCmdDecodeVideoKHR not found.
0024:trace:vulkan:win32u_vkCreateDevice Device proc vkCmdDecompressMemoryEXT not found.
0024:trace:vulkan:win32u_vkCreateDevice Device proc vkCmdDecompressMemoryIndirectCountEXT not found.
0024:trace:vulkan:win32u_vkCreateDevice Device proc vkCmdDecompressMemoryIndirectCountNV not found.
0024:trace:vulkan:win32u_vkCreateDevice Device proc vkCmdDecompressMemoryNV not found.
0024:trace:vulkan:win32u_vkCreateDevice Device proc vkCmdDispatchBaseKHR not found.
0024:trace:vulkan:win32u_vkCreateDevice Device proc vkCmdDispatchDataGraphARM not found.
0024:trace:vulkan:win32u_vkCreateDevice Device proc vkCmdDispatchIndirect2KHR not found.
0024:trace:vulkan:win32u_vkCreateDevice Device proc vkCmdDispatchTileQCOM not found.
0024:trace:vulkan:win32u_vkCreateDevice Device proc vkCmdDrawClusterHUAWEI not found.
0024:trace:vulkan:win32u_vkCreateDevice Device proc vkCmdDrawClusterIndirectHUAWEI not found.
0024:trace:vulkan:win32u_vkCreateDevice Device proc vkCmdDrawIndexedIndirect2KHR not found.
0024:trace:vulkan:win32u_vkCreateDevice Device proc vkCmdDrawIndexedIndirectCount not found.
0024:trace:vulkan:win32u_vkCreateDevice Device proc vkCmdDrawIndexedIndirectCount2KHR not found.
0024:trace:vulkan:win32u_vkCreateDevice Device proc vkCmdDrawIndexedIndirectCountAMD not found.
0024:trace:vulkan:win32u_vkCreateDevice Device proc vkCmdDrawIndexedIndirectCountKHR not found.
0024:trace:vulkan:win32u_vkCreateDevice Device proc vkCmdDrawIndirect2KHR not found.
0024:trace:vulkan:win32u_vkCreateDevice Device proc vkCmdDrawIndirectByteCount2EXT not found.
0024:trace:vulkan:win32u_vkCreateDevice Device proc vkCmdDrawIndirectByteCountEXT not found.
0024:trace:vulkan:win32u_vkCreateDevice Device proc vkCmdDrawIndirectCount not found.
0024:trace:vulkan:win32u_vkCreateDevice Device proc vkCmdDrawIndirectCount2KHR not found.
0024:trace:vulkan:win32u_vkCreateDevice Device proc vkCmdDrawIndirectCountAMD not found.
0024:trace:vulkan:win32u_vkCreateDevice Device proc vkCmdDrawIndirectCountKHR not found.
0024:trace:vulkan:win32u_vkCreateDevice Device proc vkCmdDrawMeshTasksEXT not found.
0024:trace:vulkan:win32u_vkCreateDevice Device proc vkCmdDrawMeshTasksIndirect2EXT not found.
0024:trace:vulkan:win32u_vkCreateDevice Device proc vkCmdDrawMeshTasksIndirectCount2EXT not found.
0024:trace:vulkan:win32u_vkCreateDevice Device proc vkCmdDrawMeshTasksIndirectCountEXT not found.
0024:trace:vulkan:win32u_vkCreateDevice Device proc vkCmdDrawMeshTasksIndirectCountNV not found.
0024:trace:vulkan:win32u_vkCreateDevice Device proc vkCmdDrawMeshTasksIndirectEXT not found.
0024:trace:vulkan:win32u_vkCreateDevice Device proc vkCmdDrawMeshTasksIndirectNV not found.
0024:trace:vulkan:win32u_vkCreateDevice Device proc vkCmdDrawMeshTasksNV not found.
0024:trace:vulkan:win32u_vkCreateDevice Device proc vkCmdDrawMultiEXT not found.
0024:trace:vulkan:win32u_vkCreateDevice Device proc vkCmdDrawMultiIndexedEXT not found.
0024:trace:vulkan:win32u_vkCreateDevice Device proc vkCmdEncodeVideoKHR not found.
0024:trace:vulkan:win32u_vkCreateDevice Device proc vkCmdEndConditionalRenderingEXT not found.
0024:trace:vulkan:win32u_vkCreateDevice Device proc vkCmdEndDebugUtilsLabelEXT not found.
0024:trace:vulkan:win32u_vkCreateDevice Device proc vkCmdEndGpaSampleAMD not found.
0024:trace:vulkan:win32u_vkCreateDevice Device proc vkCmdEndGpaSessionAMD not found.
0024:trace:vulkan:win32u_vkCreateDevice Device proc vkCmdEndPerTileExecutionQCOM not found.
0024:trace:vulkan:win32u_vkCreateDevice Device proc vkCmdEndQueryIndexedEXT not found.
0024:trace:vulkan:win32u_vkCreateDevice Device proc vkCmdEndRenderPass2 not found.
0024:trace:vulkan:win32u_vkCreateDevice Device proc vkCmdEndRenderPass2KHR not found.
0024:trace:vulkan:win32u_vkCreateDevice Device proc vkCmdEndRendering not found.
0024:trace:vulkan:win32u_vkCreateDevice Device proc vkCmdEndRendering2EXT not found.
0024:trace:vulkan:win32u_vkCreateDevice Device proc vkCmdEndRendering2KHR not found.
0024:trace:vulkan:win32u_vkCreateDevice Device proc vkCmdEndRenderingKHR not found.
0024:trace:vulkan:win32u_vkCreateDevice Device proc vkCmdEndShaderInstrumentationARM not found.
0024:trace:vulkan:win32u_vkCreateDevice Device proc vkCmdEndTransformFeedback2EXT not found.
0024:trace:vulkan:win32u_vkCreateDevice Device proc vkCmdEndTransformFeedbackEXT not found.
0024:trace:vulkan:win32u_vkCreateDevice Device proc vkCmdEndVideoCodingKHR not found.
0024:trace:vulkan:win32u_vkCreateDevice Device proc vkCmdExecuteGeneratedCommandsEXT not found.
0024:trace:vulkan:win32u_vkCreateDevice Device proc vkCmdExecuteGeneratedCommandsNV not found.
0024:trace:vulkan:win32u_vkCreateDevice Device proc vkCmdFillMemoryKHR not found.
0024:trace:vulkan:win32u_vkCreateDevice Device proc vkCmdInsertDebugUtilsLabelEXT not found.
0024:trace:vulkan:win32u_vkCreateDevice Device proc vkCmdNextSubpass2 not found.
0024:trace:vulkan:win32u_vkCreateDevice Device proc vkCmdNextSubpass2KHR not found.
0024:trace:vulkan:win32u_vkCreateDevice Device proc vkCmdOpticalFlowExecuteNV not found.
0024:trace:vulkan:win32u_vkCreateDevice Device proc vkCmdPipelineBarrier2 not found.
0024:trace:vulkan:win32u_vkCreateDevice Device proc vkCmdPipelineBarrier2KHR not found.
0024:trace:vulkan:win32u_vkCreateDevice Device proc vkCmdPreprocessGeneratedCommandsEXT not found.
0024:trace:vulkan:win32u_vkCreateDevice Device proc vkCmdPreprocessGeneratedCommandsNV not found.
0024:trace:vulkan:win32u_vkCreateDevice Device proc vkCmdPushConstants2 not found.
0024:trace:vulkan:win32u_vkCreateDevice Device proc vkCmdPushConstants2KHR not found.
0024:trace:vulkan:win32u_vkCreateDevice Device proc vkCmdPushDataEXT not found.
0024:trace:vulkan:win32u_vkCreateDevice Device proc vkCmdPushDescriptorSet not found.
0024:trace:vulkan:win32u_vkCreateDevice Device proc vkCmdPushDescriptorSet2 not found.
0024:trace:vulkan:win32u_vkCreateDevice Device proc vkCmdPushDescriptorSet2KHR not found.
0024:trace:vulkan:win32u_vkCreateDevice Device proc vkCmdPushDescriptorSetKHR not found.
0024:trace:vulkan:win32u_vkCreateDevice Device proc vkCmdPushDescriptorSetWithTemplate not found.
0024:trace:vulkan:win32u_vkCreateDevice Device proc vkCmdPushDescriptorSetWithTemplate2 not found.
0024:trace:vulkan:win32u_vkCreateDevice Device proc vkCmdPushDescriptorSetWithTemplate2KHR not found.
0024:trace:vulkan:win32u_vkCreateDevice Device proc vkCmdPushDescriptorSetWithTemplateKHR not found.
0024:trace:vulkan:win32u_vkCreateDevice Device proc vkCmdResetEvent2 not found.
0024:trace:vulkan:win32u_vkCreateDevice Device proc vkCmdResetEvent2KHR not found.
0024:trace:vulkan:win32u_vkCreateDevice Device proc vkCmdResolveImage2 not found.
0024:trace:vulkan:win32u_vkCreateDevice Device proc vkCmdResolveImage2KHR not found.
0024:trace:vulkan:win32u_vkCreateDevice Device proc vkCmdSetAlphaToCoverageEnableEXT not found.
0024:trace:vulkan:win32u_vkCreateDevice Device proc vkCmdSetAlphaToOneEnableEXT not found.
0024:trace:vulkan:win32u_vkCreateDevice Device proc vkCmdSetAttachmentFeedbackLoopEnableEXT not found.
0024:trace:vulkan:win32u_vkCreateDevice Device proc vkCmdSetCheckpointNV not found.
0024:trace:vulkan:win32u_vkCreateDevice Device proc vkCmdSetCoarseSampleOrderNV not found.
0024:trace:vulkan:win32u_vkCreateDevice Device proc vkCmdSetColorBlendAdvancedEXT not found.
0024:trace:vulkan:win32u_vkCreateDevice Device proc vkCmdSetColorBlendEnableEXT not found.
0024:trace:vulkan:win32u_vkCreateDevice Device proc vkCmdSetColorBlendEquationEXT not found.
0024:trace:vulkan:win32u_vkCreateDevice Device proc vkCmdSetColorWriteEnableEXT not found.
0024:trace:vulkan:win32u_vkCreateDevice Device proc vkCmdSetColorWriteMaskEXT not found.
0024:trace:vulkan:win32u_vkCreateDevice Device proc vkCmdSetComputeOccupancyPriorityNV not found.
0024:trace:vulkan:win32u_vkCreateDevice Device proc vkCmdSetConservativeRasterizationModeEXT not found.
0024:trace:vulkan:win32u_vkCreateDevice Device proc vkCmdSetCoverageModulationModeNV not found.
0024:trace:vulkan:win32u_vkCreateDevice Device proc vkCmdSetCoverageModulationTableEnableNV not found.
0024:trace:vulkan:win32u_vkCreateDevice Device proc vkCmdSetCoverageModulationTableNV not found.
0024:trace:vulkan:win32u_vkCreateDevice Device proc vkCmdSetCoverageReductionModeNV not found.
0024:trace:vulkan:win32u_vkCreateDevice Device proc vkCmdSetCoverageToColorEnableNV not found.
0024:trace:vulkan:win32u_vkCreateDevice Device proc vkCmdSetCoverageToColorLocationNV not found.
0024:trace:vulkan:win32u_vkCreateDevice Device proc vkCmdSetCullMode not found.
0024:trace:vulkan:win32u_vkCreateDevice Device proc vkCmdSetCullModeEXT not found.
0024:trace:vulkan:win32u_vkCreateDevice Device proc vkCmdSetDepthBias2EXT not found.
0024:trace:vulkan:win32u_vkCreateDevice Device proc vkCmdSetDepthBiasEnable not found.
0024:trace:vulkan:win32u_vkCreateDevice Device proc vkCmdSetDepthBiasEnableEXT not found.
0024:trace:vulkan:win32u_vkCreateDevice Device proc vkCmdSetDepthBoundsTestEnable not found.
0024:trace:vulkan:win32u_vkCreateDevice Device proc vkCmdSetDepthBoundsTestEnableEXT not found.
0024:trace:vulkan:win32u_vkCreateDevice Device proc vkCmdSetDepthClampEnableEXT not found.
0024:trace:vulkan:win32u_vkCreateDevice Device proc vkCmdSetDepthClampRangeEXT not found.
0024:trace:vulkan:win32u_vkCreateDevice Device proc vkCmdSetDepthClipEnableEXT not found.
0024:trace:vulkan:win32u_vkCreateDevice Device proc vkCmdSetDepthClipNegativeOneToOneEXT not found.
0024:trace:vulkan:win32u_vkCreateDevice Device proc vkCmdSetDepthCompareOp not found.
0024:trace:vulkan:win32u_vkCreateDevice Device proc vkCmdSetDepthCompareOpEXT not found.
0024:trace:vulkan:win32u_vkCreateDevice Device proc vkCmdSetDepthTestEnable not found.
0024:trace:vulkan:win32u_vkCreateDevice Device proc vkCmdSetDepthTestEnableEXT not found.
0024:trace:vulkan:win32u_vkCreateDevice Device proc vkCmdSetDepthWriteEnable not found.
0024:trace:vulkan:win32u_vkCreateDevice Device proc vkCmdSetDepthWriteEnableEXT not found.
0024:trace:vulkan:win32u_vkCreateDevice Device proc vkCmdSetDescriptorBufferOffsets2EXT not found.
0024:trace:vulkan:win32u_vkCreateDevice Device proc vkCmdSetDescriptorBufferOffsetsEXT not found.
0024:trace:vulkan:win32u_vkCreateDevice Device proc vkCmdSetDeviceMaskKHR not found.
0024:trace:vulkan:win32u_vkCreateDevice Device proc vkCmdSetDiscardRectangleEXT not found.
0024:trace:vulkan:win32u_vkCreateDevice Device proc vkCmdSetDiscardRectangleEnableEXT not found.
0024:trace:vulkan:win32u_vkCreateDevice Device proc vkCmdSetDiscardRectangleModeEXT not found.
0024:trace:vulkan:win32u_vkCreateDevice Device proc vkCmdSetDispatchParametersARM not found.
0024:trace:vulkan:win32u_vkCreateDevice Device proc vkCmdSetEvent2 not found.
0024:trace:vulkan:win32u_vkCreateDevice Device proc vkCmdSetEvent2KHR not found.
0024:trace:vulkan:win32u_vkCreateDevice Device proc vkCmdSetExclusiveScissorEnableNV not found.
0024:trace:vulkan:win32u_vkCreateDevice Device proc vkCmdSetExclusiveScissorNV not found.
0024:trace:vulkan:win32u_vkCreateDevice Device proc vkCmdSetExtraPrimitiveOverestimationSizeEXT not found.
0024:trace:vulkan:win32u_vkCreateDevice Device proc vkCmdSetFragmentShadingRateEnumNV not found.
0024:trace:vulkan:win32u_vkCreateDevice Device proc vkCmdSetFragmentShadingRateKHR not found.
0024:trace:vulkan:win32u_vkCreateDevice Device proc vkCmdSetFrontFace not found.
0024:trace:vulkan:win32u_vkCreateDevice Device proc vkCmdSetFrontFaceEXT not found.
0024:trace:vulkan:win32u_vkCreateDevice Device proc vkCmdSetLineRasterizationModeEXT not found.
0024:trace:vulkan:win32u_vkCreateDevice Device proc vkCmdSetLineStipple not found.
0024:trace:vulkan:win32u_vkCreateDevice Device proc vkCmdSetLineStippleEXT not found.
0024:trace:vulkan:win32u_vkCreateDevice Device proc vkCmdSetLineStippleEnableEXT not found.
0024:trace:vulkan:win32u_vkCreateDevice Device proc vkCmdSetLineStippleKHR not found.
0024:trace:vulkan:win32u_vkCreateDevice Device proc vkCmdSetLogicOpEXT not found.
0024:trace:vulkan:win32u_vkCreateDevice Device proc vkCmdSetLogicOpEnableEXT not found.
0024:trace:vulkan:win32u_vkCreateDevice Device proc vkCmdSetPatchControlPointsEXT not found.
0024:trace:vulkan:win32u_vkCreateDevice Device proc vkCmdSetPerformanceMarkerINTEL not found.
0024:trace:vulkan:win32u_vkCreateDevice Device proc vkCmdSetPerformanceOverrideINTEL not found.
0024:trace:vulkan:win32u_vkCreateDevice Device proc vkCmdSetPerformanceStreamMarkerINTEL not found.
0024:trace:vulkan:win32u_vkCreateDevice Device proc vkCmdSetPolygonModeEXT not found.
0024:trace:vulkan:win32u_vkCreateDevice Device proc vkCmdSetPrimitiveRestartEnable not found.
0024:trace:vulkan:win32u_vkCreateDevice Device proc vkCmdSetPrimitiveRestartEnableEXT not found.
0024:trace:vulkan:win32u_vkCreateDevice Device proc vkCmdSetPrimitiveRestartIndexEXT not found.
0024:trace:vulkan:win32u_vkCreateDevice Device proc vkCmdSetPrimitiveTopology not found.
0024:trace:vulkan:win32u_vkCreateDevice Device proc vkCmdSetPrimitiveTopologyEXT not found.
0024:trace:vulkan:win32u_vkCreateDevice Device proc vkCmdSetProvokingVertexModeEXT not found.
0024:trace:vulkan:win32u_vkCreateDevice Device proc vkCmdSetRasterizationSamplesEXT not found.
0024:trace:vulkan:win32u_vkCreateDevice Device proc vkCmdSetRasterizationStreamEXT not found.
0024:trace:vulkan:win32u_vkCreateDevice Device proc vkCmdSetRasterizerDiscardEnable not found.
0024:trace:vulkan:win32u_vkCreateDevice Device proc vkCmdSetRasterizerDiscardEnableEXT not found.
0024:trace:vulkan:win32u_vkCreateDevice Device proc vkCmdSetRayTracingPipelineStackSizeKHR not found.
0024:trace:vulkan:win32u_vkCreateDevice Device proc vkCmdSetRenderingAttachmentLocations not found.
0024:trace:vulkan:win32u_vkCreateDevice Device proc vkCmdSetRenderingAttachmentLocationsKHR not found.
0024:trace:vulkan:win32u_vkCreateDevice Device proc vkCmdSetRenderingInputAttachmentIndices not found.
0024:trace:vulkan:win32u_vkCreateDevice Device proc vkCmdSetRenderingInputAttachmentIndicesKHR not found.
0024:trace:vulkan:win32u_vkCreateDevice Device proc vkCmdSetRepresentativeFragmentTestEnableNV not found.
0024:trace:vulkan:win32u_vkCreateDevice Device proc vkCmdSetSampleLocationsEXT not found.
0024:trace:vulkan:win32u_vkCreateDevice Device proc vkCmdSetSampleLocationsEnableEXT not found.
0024:trace:vulkan:win32u_vkCreateDevice Device proc vkCmdSetSampleMaskEXT not found.
0024:trace:vulkan:win32u_vkCreateDevice Device proc vkCmdSetScissorWithCount not found.
0024:trace:vulkan:win32u_vkCreateDevice Device proc vkCmdSetScissorWithCountEXT not found.
0024:trace:vulkan:win32u_vkCreateDevice Device proc vkCmdSetShadingRateImageEnableNV not found.
0024:trace:vulkan:win32u_vkCreateDevice Device proc vkCmdSetStencilOp not found.
0024:trace:vulkan:win32u_vkCreateDevice Device proc vkCmdSetStencilOpEXT not found.
0024:trace:vulkan:win32u_vkCreateDevice Device proc vkCmdSetStencilTestEnable not found.
0024:trace:vulkan:win32u_vkCreateDevice Device proc vkCmdSetStencilTestEnableEXT not found.
0024:trace:vulkan:win32u_vkCreateDevice Device proc vkCmdSetTessellationDomainOriginEXT not found.
0024:trace:vulkan:win32u_vkCreateDevice Device proc vkCmdSetVertexInputEXT not found.
0024:trace:vulkan:win32u_vkCreateDevice Device proc vkCmdSetViewportShadingRatePaletteNV not found.
0024:trace:vulkan:win32u_vkCreateDevice Device proc vkCmdSetViewportSwizzleNV not found.
0024:trace:vulkan:win32u_vkCreateDevice Device proc vkCmdSetViewportWScalingEnableNV not found.
0024:trace:vulkan:win32u_vkCreateDevice Device proc vkCmdSetViewportWScalingNV not found.
0024:trace:vulkan:win32u_vkCreateDevice Device proc vkCmdSetViewportWithCount not found.
0024:trace:vulkan:win32u_vkCreateDevice Device proc vkCmdSetViewportWithCountEXT not found.
0024:trace:vulkan:win32u_vkCreateDevice Device proc vkCmdSubpassShadingHUAWEI not found.
0024:trace:vulkan:win32u_vkCreateDevice Device proc vkCmdTraceRaysIndirect2KHR not found.
0024:trace:vulkan:win32u_vkCreateDevice Device proc vkCmdTraceRaysIndirectKHR not found.
0024:trace:vulkan:win32u_vkCreateDevice Device proc vkCmdTraceRaysKHR not found.
0024:trace:vulkan:win32u_vkCreateDevice Device proc vkCmdTraceRaysNV not found.
0024:trace:vulkan:win32u_vkCreateDevice Device proc vkCmdUpdateMemoryKHR not found.
0024:trace:vulkan:win32u_vkCreateDevice Device proc vkCmdUpdatePipelineIndirectBufferNV not found.
0024:trace:vulkan:win32u_vkCreateDevice Device proc vkCmdWaitEvents2 not found.
0024:trace:vulkan:win32u_vkCreateDevice Device proc vkCmdWaitEvents2KHR not found.
0024:trace:vulkan:win32u_vkCreateDevice Device proc vkCmdWriteAccelerationStructuresPropertiesKHR not found.
0024:trace:vulkan:win32u_vkCreateDevice Device proc vkCmdWriteAccelerationStructuresPropertiesNV not found.
0024:trace:vulkan:win32u_vkCreateDevice Device proc vkCmdWriteBufferMarker2AMD not found.
0024:trace:vulkan:win32u_vkCreateDevice Device proc vkCmdWriteBufferMarkerAMD not found.
0024:trace:vulkan:win32u_vkCreateDevice Device proc vkCmdWriteMarkerToMemoryAMD not found.
0024:trace:vulkan:win32u_vkCreateDevice Device proc vkCmdWriteMicromapsPropertiesEXT not found.
0024:trace:vulkan:win32u_vkCreateDevice Device proc vkCmdWriteTimestamp2 not found.
0024:trace:vulkan:win32u_vkCreateDevice Device proc vkCmdWriteTimestamp2KHR not found.
0024:trace:vulkan:win32u_vkCreateDevice Device proc vkCompileDeferredNV not found.
0024:trace:vulkan:win32u_vkCreateDevice Device proc vkConvertCooperativeVectorMatrixNV not found.
0024:trace:vulkan:win32u_vkCreateDevice Device proc vkCopyAccelerationStructureKHR not found.
0024:trace:vulkan:win32u_vkCreateDevice Device proc vkCopyAccelerationStructureToMemoryKHR not found.
0024:trace:vulkan:win32u_vkCreateDevice Device proc vkCopyImageToImage not found.
0024:trace:vulkan:win32u_vkCreateDevice Device proc vkCopyImageToImageEXT not found.
0024:trace:vulkan:win32u_vkCreateDevice Device proc vkCopyImageToMemory not found.
0024:trace:vulkan:win32u_vkCreateDevice Device proc vkCopyImageToMemoryEXT not found.
0024:trace:vulkan:win32u_vkCreateDevice Device proc vkCopyMemoryToAccelerationStructureKHR not found.
0024:trace:vulkan:win32u_vkCreateDevice Device proc vkCopyMemoryToImage not found.
0024:trace:vulkan:win32u_vkCreateDevice Device proc vkCopyMemoryToImageEXT not found.
0024:trace:vulkan:win32u_vkCreateDevice Device proc vkCopyMemoryToMicromapEXT not found.
0024:trace:vulkan:win32u_vkCreateDevice Device proc vkCopyMicromapEXT not found.
0024:trace:vulkan:win32u_vkCreateDevice Device proc vkCopyMicromapToMemoryEXT not found.
0024:trace:vulkan:win32u_vkCreateDevice Device proc vkCreateAccelerationStructure2KHR not found.
0024:trace:vulkan:win32u_vkCreateDevice Device proc vkCreateAccelerationStructureKHR not found.
0024:trace:vulkan:win32u_vkCreateDevice Device proc vkCreateAccelerationStructureNV not found.
0024:trace:vulkan:win32u_vkCreateDevice Device proc vkCreateCuFunctionNVX not found.
0024:trace:vulkan:win32u_vkCreateDevice Device proc vkCreateCuModuleNVX not found.
0024:trace:vulkan:win32u_vkCreateDevice Device proc vkCreateDataGraphPipelineSessionARM not found.
0024:trace:vulkan:win32u_vkCreateDevice Device proc vkCreateDataGraphPipelinesARM not found.
0024:trace:vulkan:win32u_vkCreateDevice Device proc vkCreateDeferredOperationKHR not found.
0024:trace:vulkan:win32u_vkCreateDevice Device proc vkCreateDescriptorUpdateTemplateKHR not found.
0024:trace:vulkan:win32u_vkCreateDevice Device proc vkCreateGpaSessionAMD not found.
0024:trace:vulkan:win32u_vkCreateDevice Device proc vkCreateIndirectCommandsLayoutEXT not found.
0024:trace:vulkan:win32u_vkCreateDevice Device proc vkCreateIndirectCommandsLayoutNV not found.
0024:trace:vulkan:win32u_vkCreateDevice Device proc vkCreateIndirectExecutionSetEXT not found.
0024:trace:vulkan:win32u_vkCreateDevice Device proc vkCreateMicromapEXT not found.
0024:trace:vulkan:win32u_vkCreateDevice Device proc vkCreateOpticalFlowSessionNV not found.
0024:trace:vulkan:win32u_vkCreateDevice Device proc vkCreatePipelineBinariesKHR not found.
0024:trace:vulkan:win32u_vkCreateDevice Device proc vkCreatePrivateDataSlot not found.
0024:trace:vulkan:win32u_vkCreateDevice Device proc vkCreatePrivateDataSlotEXT not found.
0024:trace:vulkan:win32u_vkCreateDevice Device proc vkCreateRayTracingPipelinesKHR not found.
0024:trace:vulkan:win32u_vkCreateDevice Device proc vkCreateRayTracingPipelinesNV not found.
0024:trace:vulkan:win32u_vkCreateDevice Device proc vkCreateRenderPass2 not found.
0024:trace:vulkan:win32u_vkCreateDevice Device proc vkCreateRenderPass2KHR not found.
0024:trace:vulkan:win32u_vkCreateDevice Device proc vkCreateSamplerYcbcrConversionKHR not found.
0024:trace:vulkan:win32u_vkCreateDevice Device proc vkCreateShaderInstrumentationARM not found.
0024:trace:vulkan:win32u_vkCreateDevice Device proc vkCreateShadersEXT not found.
0024:trace:vulkan:win32u_vkCreateDevice Device proc vkCreateTensorARM not found.
0024:trace:vulkan:win32u_vkCreateDevice Device proc vkCreateTensorViewARM not found.
0024:trace:vulkan:win32u_vkCreateDevice Device proc vkCreateValidationCacheEXT not found.
0024:trace:vulkan:win32u_vkCreateDevice Device proc vkCreateVideoSessionKHR not found.
0024:trace:vulkan:win32u_vkCreateDevice Device proc vkCreateVideoSessionParametersKHR not found.
0024:trace:vulkan:win32u_vkCreateDevice Device proc vkDebugMarkerSetObjectNameEXT not found.
0024:trace:vulkan:win32u_vkCreateDevice Device proc vkDebugMarkerSetObjectTagEXT not found.
0024:trace:vulkan:win32u_vkCreateDevice Device proc vkDeferredOperationJoinKHR not found.
0024:trace:vulkan:win32u_vkCreateDevice Device proc vkDestroyAccelerationStructureKHR not found.
0024:trace:vulkan:win32u_vkCreateDevice Device proc vkDestroyAccelerationStructureNV not found.
0024:trace:vulkan:win32u_vkCreateDevice Device proc vkDestroyCuFunctionNVX not found.
0024:trace:vulkan:win32u_vkCreateDevice Device proc vkDestroyCuModuleNVX not found.
0024:trace:vulkan:win32u_vkCreateDevice Device proc vkDestroyDataGraphPipelineSessionARM not found.
0024:trace:vulkan:win32u_vkCreateDevice Device proc vkDestroyDeferredOperationKHR not found.
0024:trace:vulkan:win32u_vkCreateDevice Device proc vkDestroyDescriptorUpdateTemplateKHR not found.
0024:trace:vulkan:win32u_vkCreateDevice Device proc vkDestroyGpaSessionAMD not found.
0024:trace:vulkan:win32u_vkCreateDevice Device proc vkDestroyIndirectCommandsLayoutEXT not found.
0024:trace:vulkan:win32u_vkCreateDevice Device proc vkDestroyIndirectCommandsLayoutNV not found.
0024:trace:vulkan:win32u_vkCreateDevice Device proc vkDestroyIndirectExecutionSetEXT not found.
0024:trace:vulkan:win32u_vkCreateDevice Device proc vkDestroyMicromapEXT not found.
0024:trace:vulkan:win32u_vkCreateDevice Device proc vkDestroyOpticalFlowSessionNV not found.
0024:trace:vulkan:win32u_vkCreateDevice Device proc vkDestroyPipelineBinaryKHR not found.
0024:trace:vulkan:win32u_vkCreateDevice Device proc vkDestroyPrivateDataSlot not found.
0024:trace:vulkan:win32u_vkCreateDevice Device proc vkDestroyPrivateDataSlotEXT not found.
0024:trace:vulkan:win32u_vkCreateDevice Device proc vkDestroySamplerYcbcrConversionKHR not found.
0024:trace:vulkan:win32u_vkCreateDevice Device proc vkDestroyShaderEXT not found.
0024:trace:vulkan:win32u_vkCreateDevice Device proc vkDestroyShaderInstrumentationARM not found.
0024:trace:vulkan:win32u_vkCreateDevice Device proc vkDestroyTensorARM not found.
0024:trace:vulkan:win32u_vkCreateDevice Device proc vkDestroyTensorViewARM not found.
0024:trace:vulkan:win32u_vkCreateDevice Device proc vkDestroyValidationCacheEXT not found.
0024:trace:vulkan:win32u_vkCreateDevice Device proc vkDestroyVideoSessionKHR not found.
0024:trace:vulkan:win32u_vkCreateDevice Device proc vkDestroyVideoSessionParametersKHR not found.
0024:trace:vulkan:win32u_vkCreateDevice Device proc vkGetAccelerationStructureBuildSizesKHR not found.
0024:trace:vulkan:win32u_vkCreateDevice Device proc vkGetAccelerationStructureDeviceAddressKHR not found.
0024:trace:vulkan:win32u_vkCreateDevice Device proc vkGetAccelerationStructureHandleNV not found.
0024:trace:vulkan:win32u_vkCreateDevice Device proc vkGetAccelerationStructureMemoryRequirementsNV not found.
0024:trace:vulkan:win32u_vkCreateDevice Device proc vkGetAccelerationStructureOpaqueCaptureDescriptorDataEXT not found.
0024:trace:vulkan:win32u_vkCreateDevice Device proc vkGetBufferDeviceAddress not found.
0024:trace:vulkan:win32u_vkCreateDevice Device proc vkGetBufferDeviceAddressEXT not found.
0024:trace:vulkan:win32u_vkCreateDevice Device proc vkGetBufferDeviceAddressKHR not found.
0024:trace:vulkan:win32u_vkCreateDevice Device proc vkGetBufferOpaqueCaptureAddress not found.
0024:trace:vulkan:win32u_vkCreateDevice Device proc vkGetBufferOpaqueCaptureAddressKHR not found.
0024:trace:vulkan:win32u_vkCreateDevice Device proc vkGetBufferOpaqueCaptureDescriptorDataEXT not found.
0024:trace:vulkan:win32u_vkCreateDevice Device proc vkGetCalibratedTimestampsKHR not found.
0024:trace:vulkan:win32u_vkCreateDevice Device proc vkGetClusterAccelerationStructureBuildSizesNV not found.
0024:trace:vulkan:win32u_vkCreateDevice Device proc vkGetDataGraphPipelineAvailablePropertiesARM not found.
0024:trace:vulkan:win32u_vkCreateDevice Device proc vkGetDataGraphPipelinePropertiesARM not found.
0024:trace:vulkan:win32u_vkCreateDevice Device proc vkGetDataGraphPipelineSessionBindPointRequirementsARM not found.
0024:trace:vulkan:win32u_vkCreateDevice Device proc vkGetDataGraphPipelineSessionMemoryRequirementsARM not found.
0024:trace:vulkan:win32u_vkCreateDevice Device proc vkGetDeferredOperationMaxConcurrencyKHR not found.
0024:trace:vulkan:win32u_vkCreateDevice Device proc vkGetDeferredOperationResultKHR not found.
0024:trace:vulkan:win32u_vkCreateDevice Device proc vkGetDescriptorEXT not found.
0024:trace:vulkan:win32u_vkCreateDevice Device proc vkGetDescriptorSetHostMappingVALVE not found.
0024:trace:vulkan:win32u_vkCreateDevice Device proc vkGetDescriptorSetLayoutBindingOffsetEXT not found.
0024:trace:vulkan:win32u_vkCreateDevice Device proc vkGetDescriptorSetLayoutHostMappingInfoVALVE not found.
0024:trace:vulkan:win32u_vkCreateDevice Device proc vkGetDescriptorSetLayoutSizeEXT not found.
0024:trace:vulkan:win32u_vkCreateDevice Device proc vkGetDeviceAccelerationStructureCompatibilityKHR not found.
0024:trace:vulkan:win32u_vkCreateDevice Device proc vkGetDeviceBufferMemoryRequirements not found.
0024:trace:vulkan:win32u_vkCreateDevice Device proc vkGetDeviceBufferMemoryRequirementsKHR not found.
0024:trace:vulkan:win32u_vkCreateDevice Device proc vkGetDeviceCombinedImageSamplerIndexNVX not found.
0024:trace:vulkan:win32u_vkCreateDevice Device proc vkGetDeviceFaultDebugInfoKHR not found.
0024:trace:vulkan:win32u_vkCreateDevice Device proc vkGetDeviceFaultInfoEXT not found.
0024:trace:vulkan:win32u_vkCreateDevice Device proc vkGetDeviceFaultReportsKHR not found.
0024:trace:vulkan:win32u_vkCreateDevice Device proc vkGetDeviceGroupPeerMemoryFeaturesKHR not found.
0024:trace:vulkan:win32u_vkCreateDevice Device proc vkGetDeviceImageMemoryRequirements not found.
0024:trace:vulkan:win32u_vkCreateDevice Device proc vkGetDeviceImageMemoryRequirementsKHR not found.
0024:trace:vulkan:win32u_vkCreateDevice Device proc vkGetDeviceImageSparseMemoryRequirements not found.
0024:trace:vulkan:win32u_vkCreateDevice Device proc vkGetDeviceImageSparseMemoryRequirementsKHR not found.
0024:trace:vulkan:win32u_vkCreateDevice Device proc vkGetDeviceImageSubresourceLayout not found.
0024:trace:vulkan:win32u_vkCreateDevice Device proc vkGetDeviceImageSubresourceLayoutKHR not found.
0024:trace:vulkan:win32u_vkCreateDevice Device proc vkGetDeviceMemoryOpaqueCaptureAddress not found.
0024:trace:vulkan:win32u_vkCreateDevice Device proc vkGetDeviceMemoryOpaqueCaptureAddressKHR not found.
0024:trace:vulkan:win32u_vkCreateDevice Device proc vkGetDeviceMicromapCompatibilityEXT not found.
0024:trace:vulkan:win32u_vkCreateDevice Device proc vkGetDeviceSubpassShadingMaxWorkgroupSizeHUAWEI not found.
0024:trace:vulkan:win32u_vkCreateDevice Device proc vkGetDeviceTensorMemoryRequirementsARM not found.
0024:trace:vulkan:win32u_vkCreateDevice Device proc vkGetDynamicRenderingTilePropertiesQCOM not found.
0024:trace:vulkan:win32u_vkCreateDevice Device proc vkGetEncodedVideoSessionParametersKHR not found.
0024:trace:vulkan:win32u_vkCreateDevice Device proc vkGetFenceFdKHR not found.
0024:trace:vulkan:win32u_vkCreateDevice Device proc vkGetFenceWin32HandleKHR not found.
0024:trace:vulkan:win32u_vkCreateDevice Device proc vkGetFramebufferTilePropertiesQCOM not found.
0024:trace:vulkan:win32u_vkCreateDevice Device proc vkGetGeneratedCommandsMemoryRequirementsEXT not found.
0024:trace:vulkan:win32u_vkCreateDevice Device proc vkGetGeneratedCommandsMemoryRequirementsNV not found.
0024:trace:vulkan:win32u_vkCreateDevice Device proc vkGetGpaDeviceClockInfoAMD not found.
0024:trace:vulkan:win32u_vkCreateDevice Device proc vkGetGpaSessionResultsAMD not found.
0024:trace:vulkan:win32u_vkCreateDevice Device proc vkGetGpaSessionStatusAMD not found.
0024:trace:vulkan:win32u_vkCreateDevice Device proc vkGetImageDrmFormatModifierPropertiesEXT not found.
0024:trace:vulkan:win32u_vkCreateDevice Device proc vkGetImageOpaqueCaptureDataEXT not found.
0024:trace:vulkan:win32u_vkCreateDevice Device proc vkGetImageOpaqueCaptureDescriptorDataEXT not found.
0024:trace:vulkan:win32u_vkCreateDevice Device proc vkGetImageSubresourceLayout2 not found.
0024:trace:vulkan:win32u_vkCreateDevice Device proc vkGetImageSubresourceLayout2EXT not found.
0024:trace:vulkan:win32u_vkCreateDevice Device proc vkGetImageSubresourceLayout2KHR not found.
0024:trace:vulkan:win32u_vkCreateDevice Device proc vkGetImageViewAddressNVX not found.
0024:trace:vulkan:win32u_vkCreateDevice Device proc vkGetImageViewHandle64NVX not found.
0024:trace:vulkan:win32u_vkCreateDevice Device proc vkGetImageViewHandleNVX not found.
0024:trace:vulkan:win32u_vkCreateDevice Device proc vkGetImageViewOpaqueCaptureDescriptorDataEXT not found.
0024:trace:vulkan:win32u_vkCreateDevice Device proc vkGetLatencyTimingsNV not found.
0024:trace:vulkan:win32u_vkCreateDevice Device proc vkGetMemoryFdKHR not found.
0024:trace:vulkan:win32u_vkCreateDevice Device proc vkGetMemoryFdPropertiesKHR not found.
0024:trace:vulkan:win32u_vkCreateDevice Device proc vkGetMemoryHostPointerPropertiesEXT not found.
0024:trace:vulkan:win32u_vkCreateDevice Device proc vkGetMemoryMetalHandleEXT not found.
0024:trace:vulkan:win32u_vkCreateDevice Device proc vkGetMemoryMetalHandlePropertiesEXT not found.
0024:trace:vulkan:win32u_vkCreateDevice Device proc vkGetMemoryWin32HandleKHR not found.
0024:trace:vulkan:win32u_vkCreateDevice Device proc vkGetMemoryWin32HandlePropertiesKHR not found.
0024:trace:vulkan:win32u_vkCreateDevice Device proc vkGetMicromapBuildSizesEXT not found.
0024:trace:vulkan:win32u_vkCreateDevice Device proc vkGetPartitionedAccelerationStructuresBuildSizesNV not found.
0024:trace:vulkan:win32u_vkCreateDevice Device proc vkGetPastPresentationTimingEXT not found.
0024:trace:vulkan:win32u_vkCreateDevice Device proc vkGetPerformanceParameterINTEL not found.
0024:trace:vulkan:win32u_vkCreateDevice Device proc vkGetPipelineBinaryDataKHR not found.
0024:trace:vulkan:win32u_vkCreateDevice Device proc vkGetPipelineExecutableInternalRepresentationsKHR not found.
0024:trace:vulkan:win32u_vkCreateDevice Device proc vkGetPipelineExecutablePropertiesKHR not found.
0024:trace:vulkan:win32u_vkCreateDevice Device proc vkGetPipelineExecutableStatisticsKHR not found.
0024:trace:vulkan:win32u_vkCreateDevice Device proc vkGetPipelineIndirectDeviceAddressNV not found.
0024:trace:vulkan:win32u_vkCreateDevice Device proc vkGetPipelineIndirectMemoryRequirementsNV not found.
0024:trace:vulkan:win32u_vkCreateDevice Device proc vkGetPipelineKeyKHR not found.
0024:trace:vulkan:win32u_vkCreateDevice Device proc vkGetPipelinePropertiesEXT not found.
0024:trace:vulkan:win32u_vkCreateDevice Device proc vkGetPrivateData not found.
0024:trace:vulkan:win32u_vkCreateDevice Device proc vkGetPrivateDataEXT not found.
0024:trace:vulkan:win32u_vkCreateDevice Device proc vkGetQueueCheckpointData2NV not found.
0024:trace:vulkan:win32u_vkCreateDevice Device proc vkGetQueueCheckpointDataNV not found.
0024:trace:vulkan:win32u_vkCreateDevice Device proc vkGetRayTracingCaptureReplayShaderGroupHandlesKHR not found.
0024:trace:vulkan:win32u_vkCreateDevice Device proc vkGetRayTracingShaderGroupHandlesKHR not found.
0024:trace:vulkan:win32u_vkCreateDevice Device proc vkGetRayTracingShaderGroupHandlesNV not found.
0024:trace:vulkan:win32u_vkCreateDevice Device proc vkGetRayTracingShaderGroupStackSizeKHR not found.
0024:trace:vulkan:win32u_vkCreateDevice Device proc vkGetRenderingAreaGranularity not found.
0024:trace:vulkan:win32u_vkCreateDevice Device proc vkGetRenderingAreaGranularityKHR not found.
0024:trace:vulkan:win32u_vkCreateDevice Device proc vkGetSamplerOpaqueCaptureDescriptorDataEXT not found.
0024:trace:vulkan:win32u_vkCreateDevice Device proc vkGetSemaphoreCounterValue not found.
0024:trace:vulkan:win32u_vkCreateDevice Device proc vkGetSemaphoreFdKHR not found.
0024:trace:vulkan:win32u_vkCreateDevice Device proc vkGetSemaphoreWin32HandleKHR not found.
0024:trace:vulkan:win32u_vkCreateDevice Device proc vkGetShaderBinaryDataEXT not found.
0024:trace:vulkan:win32u_vkCreateDevice Device proc vkGetShaderInfoAMD not found.
0024:trace:vulkan:win32u_vkCreateDevice Device proc vkGetShaderInstrumentationValuesARM not found.
0024:trace:vulkan:win32u_vkCreateDevice Device proc vkGetShaderModuleCreateInfoIdentifierEXT not found.
0024:trace:vulkan:win32u_vkCreateDevice Device proc vkGetShaderModuleIdentifierEXT not found.
0024:trace:vulkan:win32u_vkCreateDevice Device proc vkGetSwapchainTimeDomainPropertiesEXT not found.
0024:trace:vulkan:win32u_vkCreateDevice Device proc vkGetSwapchainTimingPropertiesEXT not found.
0024:trace:vulkan:win32u_vkCreateDevice Device proc vkGetTensorMemoryRequirementsARM not found.
0024:trace:vulkan:win32u_vkCreateDevice Device proc vkGetTensorOpaqueCaptureDataARM not found.
0024:trace:vulkan:win32u_vkCreateDevice Device proc vkGetTensorOpaqueCaptureDescriptorDataARM not found.
0024:trace:vulkan:win32u_vkCreateDevice Device proc vkGetTensorViewOpaqueCaptureDescriptorDataARM not found.
0024:trace:vulkan:win32u_vkCreateDevice Device proc vkGetValidationCacheDataEXT not found.
0024:trace:vulkan:win32u_vkCreateDevice Device proc vkGetVideoSessionMemoryRequirementsKHR not found.
0024:trace:vulkan:win32u_vkCreateDevice Device proc vkImportFenceFdKHR not found.
0024:trace:vulkan:win32u_vkCreateDevice Device proc vkImportFenceWin32HandleKHR not found.
0024:trace:vulkan:win32u_vkCreateDevice Device proc vkImportSemaphoreFdKHR not found.
0024:trace:vulkan:win32u_vkCreateDevice Device proc vkImportSemaphoreWin32HandleKHR not found.
0024:trace:vulkan:win32u_vkCreateDevice Device proc vkInitializePerformanceApiINTEL not found.
0024:trace:vulkan:win32u_vkCreateDevice Device proc vkLatencySleepNV not found.
0024:trace:vulkan:win32u_vkCreateDevice Device proc vkMapMemory2 not found.
0024:trace:vulkan:win32u_vkCreateDevice Device proc vkMapMemory2KHR not found.
0024:trace:vulkan:win32u_vkCreateDevice Device proc vkMergeValidationCachesEXT not found.
0024:trace:vulkan:win32u_vkCreateDevice Device proc vkQueueBeginDebugUtilsLabelEXT not found.
0024:trace:vulkan:win32u_vkCreateDevice Device proc vkQueueEndDebugUtilsLabelEXT not found.
0024:trace:vulkan:win32u_vkCreateDevice Device proc vkQueueInsertDebugUtilsLabelEXT not found.
0024:trace:vulkan:win32u_vkCreateDevice Device proc vkQueueNotifyOutOfBandNV not found.
0024:trace:vulkan:win32u_vkCreateDevice Device proc vkQueueSetPerfHintQCOM not found.
0024:trace:vulkan:win32u_vkCreateDevice Device proc vkQueueSetPerformanceConfigurationINTEL not found.
0024:trace:vulkan:win32u_vkCreateDevice Device proc vkQueueSubmit2 not found.
0024:trace:vulkan:win32u_vkCreateDevice Device proc vkQueueSubmit2KHR not found.
0024:trace:vulkan:win32u_vkCreateDevice Device proc vkRegisterCustomBorderColorEXT not found.
0024:trace:vulkan:win32u_vkCreateDevice Device proc vkReleaseCapturedPipelineDataKHR not found.
0024:trace:vulkan:win32u_vkCreateDevice Device proc vkReleasePerformanceConfigurationINTEL not found.
0024:trace:vulkan:win32u_vkCreateDevice Device proc vkReleaseProfilingLockKHR not found.
0024:trace:vulkan:win32u_vkCreateDevice Device proc vkReleaseSwapchainImagesEXT not found.
0024:trace:vulkan:win32u_vkCreateDevice Device proc vkReleaseSwapchainImagesKHR not found.
0024:trace:vulkan:win32u_vkCreateDevice Device proc vkResetGpaSessionAMD not found.
0024:trace:vulkan:win32u_vkCreateDevice Device proc vkResetQueryPool not found.
0024:trace:vulkan:win32u_vkCreateDevice Device proc vkResetQueryPoolEXT not found.
0024:trace:vulkan:win32u_vkCreateDevice Device proc vkSetDebugUtilsObjectNameEXT not found.
0024:trace:vulkan:win32u_vkCreateDevice Device proc vkSetDebugUtilsObjectTagEXT not found.
0024:trace:vulkan:win32u_vkCreateDevice Device proc vkSetDeviceMemoryPriorityEXT not found.
0024:trace:vulkan:win32u_vkCreateDevice Device proc vkSetGpaDeviceClockModeAMD not found.
0024:trace:vulkan:win32u_vkCreateDevice Device proc vkSetHdrMetadataEXT not found.
0024:trace:vulkan:win32u_vkCreateDevice Device proc vkSetLatencyMarkerNV not found.
0024:trace:vulkan:win32u_vkCreateDevice Device proc vkSetLatencySleepModeNV not found.
0024:trace:vulkan:win32u_vkCreateDevice Device proc vkSetPrivateData not found.
0024:trace:vulkan:win32u_vkCreateDevice Device proc vkSetPrivateDataEXT not found.
0024:trace:vulkan:win32u_vkCreateDevice Device proc vkSetSwapchainPresentTimingQueueSizeEXT not found.
0024:trace:vulkan:win32u_vkCreateDevice Device proc vkSignalSemaphore not found.
0024:trace:vulkan:win32u_vkCreateDevice Device proc vkTransitionImageLayout not found.
0024:trace:vulkan:win32u_vkCreateDevice Device proc vkTransitionImageLayoutEXT not found.
0024:trace:vulkan:win32u_vkCreateDevice Device proc vkUninitializePerformanceApiINTEL not found.
0024:trace:vulkan:win32u_vkCreateDevice Device proc vkUnmapMemory2 not found.
0024:trace:vulkan:win32u_vkCreateDevice Device proc vkUnmapMemory2KHR not found.
0024:trace:vulkan:win32u_vkCreateDevice Device proc vkUnregisterCustomBorderColorEXT not found.
0024:trace:vulkan:win32u_vkCreateDevice Device proc vkUpdateDescriptorSetWithTemplateKHR not found.
0024:trace:vulkan:win32u_vkCreateDevice Device proc vkUpdateIndirectExecutionSetPipelineEXT not found.
0024:trace:vulkan:win32u_vkCreateDevice Device proc vkUpdateIndirectExecutionSetShaderEXT not found.
0024:trace:vulkan:win32u_vkCreateDevice Device proc vkUpdateVideoSessionParametersKHR not found.
0024:trace:vulkan:win32u_vkCreateDevice Device proc vkWaitForPresent2KHR not found.
0024:trace:vulkan:win32u_vkCreateDevice Device proc vkWaitForPresentKHR not found.
0024:trace:vulkan:win32u_vkCreateDevice Device proc vkWaitSemaphores not found.
0024:trace:vulkan:win32u_vkCreateDevice Device proc vkWriteAccelerationStructuresPropertiesKHR not found.
0024:trace:vulkan:win32u_vkCreateDevice Device proc vkWriteMicromapsPropertiesEXT not found.
0024:trace:vulkan:win32u_vkCreateDevice Device proc vkWriteResourceDescriptorsEXT not found.
0024:trace:vulkan:win32u_vkCreateDevice Device proc vkWriteSamplerDescriptorsEXT not found.
0024:trace:vulkan:init_device_queues Queue family index 3, queue count 1.
0024:trace:vulkan:init_device_queues Got device 0x151018200 queue 0x151019748, host_queue 0x150321478.
0024:trace:vulkan:win32u_vkCreateDevice Created device 0x151018200, host_device 0x151019818.
0024:trace:vulkan:vkGetDeviceProcAddr 0000000104235A60, "vkDestroyDevice"
0024:trace:vulkan:wine_vk_get_device_proc_addr Found name="vkDestroyDevice" in device table
0024:trace:vulkan:vkGetDeviceProcAddr 0000000104235A60, "vkAllocateCommandBuffers"
0024:trace:vulkan:wine_vk_get_device_proc_addr Found name="vkAllocateCommandBuffers" in device table
0024:trace:vulkan:vkGetDeviceProcAddr 0000000104235A60, "vkAllocateDescriptorSets"
0024:trace:vulkan:wine_vk_get_device_proc_addr Found name="vkAllocateDescriptorSets" in device table
0024:trace:vulkan:vkGetDeviceProcAddr 0000000104235A60, "vkAllocateMemory"
0024:trace:vulkan:wine_vk_get_device_proc_addr Found name="vkAllocateMemory" in device table
0024:trace:vulkan:vkGetDeviceProcAddr 0000000104235A60, "vkBeginCommandBuffer"
0024:trace:vulkan:wine_vk_get_device_proc_addr Found name="vkBeginCommandBuffer" in device table
0024:trace:vulkan:vkGetDeviceProcAddr 0000000104235A60, "vkBindBufferMemory"
0024:trace:vulkan:wine_vk_get_device_proc_addr Found name="vkBindBufferMemory" in device table
0024:trace:vulkan:vkGetDeviceProcAddr 0000000104235A60, "vkBindImageMemory"
0024:trace:vulkan:wine_vk_get_device_proc_addr Found name="vkBindImageMemory" in device table
0024:trace:vulkan:vkGetDeviceProcAddr 0000000104235A60, "vkCmdBeginQuery"
0024:trace:vulkan:wine_vk_get_device_proc_addr Found name="vkCmdBeginQuery" in device table
0024:trace:vulkan:vkGetDeviceProcAddr 0000000104235A60, "vkCmdBeginRenderPass"
0024:trace:vulkan:wine_vk_get_device_proc_addr Found name="vkCmdBeginRenderPass" in device table
0024:trace:vulkan:vkGetDeviceProcAddr 0000000104235A60, "vkCmdBindDescriptorSets"
0024:trace:vulkan:wine_vk_get_device_proc_addr Found name="vkCmdBindDescriptorSets" in device table
0024:trace:vulkan:vkGetDeviceProcAddr 0000000104235A60, "vkCmdBindIndexBuffer"
0024:trace:vulkan:wine_vk_get_device_proc_addr Found name="vkCmdBindIndexBuffer" in device table
0024:trace:vulkan:vkGetDeviceProcAddr 0000000104235A60, "vkCmdBindPipeline"
0024:trace:vulkan:wine_vk_get_device_proc_addr Found name="vkCmdBindPipeline" in device table
0024:trace:vulkan:vkGetDeviceProcAddr 0000000104235A60, "vkCmdBindVertexBuffers"
0024:trace:vulkan:wine_vk_get_device_proc_addr Found name="vkCmdBindVertexBuffers" in device table
0024:trace:vulkan:vkGetDeviceProcAddr 0000000104235A60, "vkCmdBlitImage"
0024:trace:vulkan:wine_vk_get_device_proc_addr Found name="vkCmdBlitImage" in device table
0024:trace:vulkan:vkGetDeviceProcAddr 0000000104235A60, "vkCmdClearAttachments"
0024:trace:vulkan:wine_vk_get_device_proc_addr Found name="vkCmdClearAttachments" in device table
0024:trace:vulkan:vkGetDeviceProcAddr 0000000104235A60, "vkCmdClearColorImage"
0024:trace:vulkan:wine_vk_get_device_proc_addr Found name="vkCmdClearColorImage" in device table
0024:trace:vulkan:vkGetDeviceProcAddr 0000000104235A60, "vkCmdClearDepthStencilImage"
0024:trace:vulkan:wine_vk_get_device_proc_addr Found name="vkCmdClearDepthStencilImage" in device table
0024:trace:vulkan:vkGetDeviceProcAddr 0000000104235A60, "vkCmdCopyBuffer"
0024:trace:vulkan:wine_vk_get_device_proc_addr Found name="vkCmdCopyBuffer" in device table
0024:trace:vulkan:vkGetDeviceProcAddr 0000000104235A60, "vkCmdCopyBufferToImage"
0024:trace:vulkan:wine_vk_get_device_proc_addr Found name="vkCmdCopyBufferToImage" in device table
0024:trace:vulkan:vkGetDeviceProcAddr 0000000104235A60, "vkCmdCopyImage"
0024:trace:vulkan:wine_vk_get_device_proc_addr Found name="vkCmdCopyImage" in device table
0024:trace:vulkan:vkGetDeviceProcAddr 0000000104235A60, "vkCmdCopyImageToBuffer"
0024:trace:vulkan:wine_vk_get_device_proc_addr Found name="vkCmdCopyImageToBuffer" in device table
0024:trace:vulkan:vkGetDeviceProcAddr 0000000104235A60, "vkCmdCopyQueryPoolResults"
0024:trace:vulkan:wine_vk_get_device_proc_addr Found name="vkCmdCopyQueryPoolResults" in device table
0024:trace:vulkan:vkGetDeviceProcAddr 0000000104235A60, "vkCmdDispatch"
0024:trace:vulkan:wine_vk_get_device_proc_addr Found name="vkCmdDispatch" in device table
0024:trace:vulkan:vkGetDeviceProcAddr 0000000104235A60, "vkCmdDispatchIndirect"
0024:trace:vulkan:wine_vk_get_device_proc_addr Found name="vkCmdDispatchIndirect" in device table
0024:trace:vulkan:vkGetDeviceProcAddr 0000000104235A60, "vkCmdDraw"
0024:trace:vulkan:wine_vk_get_device_proc_addr Found name="vkCmdDraw" in device table
0024:trace:vulkan:vkGetDeviceProcAddr 0000000104235A60, "vkCmdDrawIndexed"
0024:trace:vulkan:wine_vk_get_device_proc_addr Found name="vkCmdDrawIndexed" in device table
0024:trace:vulkan:vkGetDeviceProcAddr 0000000104235A60, "vkCmdDrawIndexedIndirect"
0024:trace:vulkan:wine_vk_get_device_proc_addr Found name="vkCmdDrawIndexedIndirect" in device table
0024:trace:vulkan:vkGetDeviceProcAddr 0000000104235A60, "vkCmdDrawIndirect"
0024:trace:vulkan:wine_vk_get_device_proc_addr Found name="vkCmdDrawIndirect" in device table
0024:trace:vulkan:vkGetDeviceProcAddr 0000000104235A60, "vkCmdEndQuery"
0024:trace:vulkan:wine_vk_get_device_proc_addr Found name="vkCmdEndQuery" in device table
0024:trace:vulkan:vkGetDeviceProcAddr 0000000104235A60, "vkCmdEndRenderPass"
0024:trace:vulkan:wine_vk_get_device_proc_addr Found name="vkCmdEndRenderPass" in device table
0024:trace:vulkan:vkGetDeviceProcAddr 0000000104235A60, "vkCmdExecuteCommands"
0024:trace:vulkan:wine_vk_get_device_proc_addr Found name="vkCmdExecuteCommands" in device table
0024:trace:vulkan:vkGetDeviceProcAddr 0000000104235A60, "vkCmdFillBuffer"
0024:trace:vulkan:wine_vk_get_device_proc_addr Found name="vkCmdFillBuffer" in device table
0024:trace:vulkan:vkGetDeviceProcAddr 0000000104235A60, "vkCmdNextSubpass"
0024:trace:vulkan:wine_vk_get_device_proc_addr Found name="vkCmdNextSubpass" in device table
0024:trace:vulkan:vkGetDeviceProcAddr 0000000104235A60, "vkCmdPipelineBarrier"
0024:trace:vulkan:wine_vk_get_device_proc_addr Found name="vkCmdPipelineBarrier" in device table
0024:trace:vulkan:vkGetDeviceProcAddr 0000000104235A60, "vkCmdPushConstants"
0024:trace:vulkan:wine_vk_get_device_proc_addr Found name="vkCmdPushConstants" in device table
0024:trace:vulkan:vkGetDeviceProcAddr 0000000104235A60, "vkCmdResetEvent"
0024:trace:vulkan:wine_vk_get_device_proc_addr Found name="vkCmdResetEvent" in device table
0024:trace:vulkan:vkGetDeviceProcAddr 0000000104235A60, "vkCmdResetQueryPool"
0024:trace:vulkan:wine_vk_get_device_proc_addr Found name="vkCmdResetQueryPool" in device table
0024:trace:vulkan:vkGetDeviceProcAddr 0000000104235A60, "vkCmdResolveImage"
0024:trace:vulkan:wine_vk_get_device_proc_addr Found name="vkCmdResolveImage" in device table
0024:trace:vulkan:vkGetDeviceProcAddr 0000000104235A60, "vkCmdSetBlendConstants"
0024:trace:vulkan:wine_vk_get_device_proc_addr Found name="vkCmdSetBlendConstants" in device table
0024:trace:vulkan:vkGetDeviceProcAddr 0000000104235A60, "vkCmdSetDepthBias"
0024:trace:vulkan:wine_vk_get_device_proc_addr Found name="vkCmdSetDepthBias" in device table
0024:trace:vulkan:vkGetDeviceProcAddr 0000000104235A60, "vkCmdSetDepthBounds"
0024:trace:vulkan:wine_vk_get_device_proc_addr Found name="vkCmdSetDepthBounds" in device table
0024:trace:vulkan:vkGetDeviceProcAddr 0000000104235A60, "vkCmdSetEvent"
0024:trace:vulkan:wine_vk_get_device_proc_addr Found name="vkCmdSetEvent" in device table
0024:trace:vulkan:vkGetDeviceProcAddr 0000000104235A60, "vkCmdSetLineWidth"
0024:trace:vulkan:wine_vk_get_device_proc_addr Found name="vkCmdSetLineWidth" in device table
0024:trace:vulkan:vkGetDeviceProcAddr 0000000104235A60, "vkCmdSetScissor"
0024:trace:vulkan:wine_vk_get_device_proc_addr Found name="vkCmdSetScissor" in device table
0024:trace:vulkan:vkGetDeviceProcAddr 0000000104235A60, "vkCmdSetStencilCompareMask"
0024:trace:vulkan:wine_vk_get_device_proc_addr Found name="vkCmdSetStencilCompareMask" in device table
0024:trace:vulkan:vkGetDeviceProcAddr 0000000104235A60, "vkCmdSetStencilReference"
0024:trace:vulkan:wine_vk_get_device_proc_addr Found name="vkCmdSetStencilReference" in device table
0024:trace:vulkan:vkGetDeviceProcAddr 0000000104235A60, "vkCmdSetStencilWriteMask"
0024:trace:vulkan:wine_vk_get_device_proc_addr Found name="vkCmdSetStencilWriteMask" in device table
0024:trace:vulkan:vkGetDeviceProcAddr 0000000104235A60, "vkCmdSetViewport"
0024:trace:vulkan:wine_vk_get_device_proc_addr Found name="vkCmdSetViewport" in device table
0024:trace:vulkan:vkGetDeviceProcAddr 0000000104235A60, "vkCmdUpdateBuffer"
0024:trace:vulkan:wine_vk_get_device_proc_addr Found name="vkCmdUpdateBuffer" in device table
0024:trace:vulkan:vkGetDeviceProcAddr 0000000104235A60, "vkCmdWaitEvents"
0024:trace:vulkan:wine_vk_get_device_proc_addr Found name="vkCmdWaitEvents" in device table
0024:trace:vulkan:vkGetDeviceProcAddr 0000000104235A60, "vkCmdWriteTimestamp"
0024:trace:vulkan:wine_vk_get_device_proc_addr Found name="vkCmdWriteTimestamp" in device table
0024:trace:vulkan:vkGetDeviceProcAddr 0000000104235A60, "vkCreateBuffer"
0024:trace:vulkan:wine_vk_get_device_proc_addr Found name="vkCreateBuffer" in device table
0024:trace:vulkan:vkGetDeviceProcAddr 0000000104235A60, "vkCreateBufferView"
0024:trace:vulkan:wine_vk_get_device_proc_addr Found name="vkCreateBufferView" in device table
0024:trace:vulkan:vkGetDeviceProcAddr 0000000104235A60, "vkCreateCommandPool"
0024:trace:vulkan:wine_vk_get_device_proc_addr Found name="vkCreateCommandPool" in device table
0024:trace:vulkan:vkGetDeviceProcAddr 0000000104235A60, "vkCreateComputePipelines"
0024:trace:vulkan:wine_vk_get_device_proc_addr Found name="vkCreateComputePipelines" in device table
0024:trace:vulkan:vkGetDeviceProcAddr 0000000104235A60, "vkCreateDescriptorPool"
0024:trace:vulkan:wine_vk_get_device_proc_addr Found name="vkCreateDescriptorPool" in device table
0024:trace:vulkan:vkGetDeviceProcAddr 0000000104235A60, "vkCreateDescriptorSetLayout"
0024:trace:vulkan:wine_vk_get_device_proc_addr Found name="vkCreateDescriptorSetLayout" in device table
0024:trace:vulkan:vkGetDeviceProcAddr 0000000104235A60, "vkCreateEvent"
0024:trace:vulkan:wine_vk_get_device_proc_addr Found name="vkCreateEvent" in device table
0024:trace:vulkan:vkGetDeviceProcAddr 0000000104235A60, "vkCreateFence"
0024:trace:vulkan:wine_vk_get_device_proc_addr Found name="vkCreateFence" in device table
0024:trace:vulkan:vkGetDeviceProcAddr 0000000104235A60, "vkCreateFramebuffer"
0024:trace:vulkan:wine_vk_get_device_proc_addr Found name="vkCreateFramebuffer" in device table
0024:trace:vulkan:vkGetDeviceProcAddr 0000000104235A60, "vkCreateGraphicsPipelines"
0024:trace:vulkan:wine_vk_get_device_proc_addr Found name="vkCreateGraphicsPipelines" in device table
0024:trace:vulkan:vkGetDeviceProcAddr 0000000104235A60, "vkCreateImage"
0024:trace:vulkan:wine_vk_get_device_proc_addr Found name="vkCreateImage" in device table
0024:trace:vulkan:vkGetDeviceProcAddr 0000000104235A60, "vkCreateImageView"
0024:trace:vulkan:wine_vk_get_device_proc_addr Found name="vkCreateImageView" in device table
0024:trace:vulkan:vkGetDeviceProcAddr 0000000104235A60, "vkCreatePipelineCache"
0024:trace:vulkan:wine_vk_get_device_proc_addr Found name="vkCreatePipelineCache" in device table
0024:trace:vulkan:vkGetDeviceProcAddr 0000000104235A60, "vkCreatePipelineLayout"
0024:trace:vulkan:wine_vk_get_device_proc_addr Found name="vkCreatePipelineLayout" in device table
0024:trace:vulkan:vkGetDeviceProcAddr 0000000104235A60, "vkCreateQueryPool"
0024:trace:vulkan:wine_vk_get_device_proc_addr Found name="vkCreateQueryPool" in device table
0024:trace:vulkan:vkGetDeviceProcAddr 0000000104235A60, "vkCreateRenderPass"
0024:trace:vulkan:wine_vk_get_device_proc_addr Found name="vkCreateRenderPass" in device table
0024:trace:vulkan:vkGetDeviceProcAddr 0000000104235A60, "vkCreateSampler"
0024:trace:vulkan:wine_vk_get_device_proc_addr Found name="vkCreateSampler" in device table
0024:trace:vulkan:vkGetDeviceProcAddr 0000000104235A60, "vkCreateSemaphore"
0024:trace:vulkan:wine_vk_get_device_proc_addr Found name="vkCreateSemaphore" in device table
0024:trace:vulkan:vkGetDeviceProcAddr 0000000104235A60, "vkCreateShaderModule"
0024:trace:vulkan:wine_vk_get_device_proc_addr Found name="vkCreateShaderModule" in device table
0024:trace:vulkan:vkGetDeviceProcAddr 0000000104235A60, "vkDestroyBuffer"
0024:trace:vulkan:wine_vk_get_device_proc_addr Found name="vkDestroyBuffer" in device table
0024:trace:vulkan:vkGetDeviceProcAddr 0000000104235A60, "vkDestroyBufferView"
0024:trace:vulkan:wine_vk_get_device_proc_addr Found name="vkDestroyBufferView" in device table
0024:trace:vulkan:vkGetDeviceProcAddr 0000000104235A60, "vkDestroyCommandPool"
0024:trace:vulkan:wine_vk_get_device_proc_addr Found name="vkDestroyCommandPool" in device table
0024:trace:vulkan:vkGetDeviceProcAddr 0000000104235A60, "vkDestroyDescriptorPool"
0024:trace:vulkan:wine_vk_get_device_proc_addr Found name="vkDestroyDescriptorPool" in device table
0024:trace:vulkan:vkGetDeviceProcAddr 0000000104235A60, "vkDestroyDescriptorSetLayout"
0024:trace:vulkan:wine_vk_get_device_proc_addr Found name="vkDestroyDescriptorSetLayout" in device table
0024:trace:vulkan:vkGetDeviceProcAddr 0000000104235A60, "vkDestroyEvent"
0024:trace:vulkan:wine_vk_get_device_proc_addr Found name="vkDestroyEvent" in device table
0024:trace:vulkan:vkGetDeviceProcAddr 0000000104235A60, "vkDestroyFence"
0024:trace:vulkan:wine_vk_get_device_proc_addr Found name="vkDestroyFence" in device table
0024:trace:vulkan:vkGetDeviceProcAddr 0000000104235A60, "vkDestroyFramebuffer"
0024:trace:vulkan:wine_vk_get_device_proc_addr Found name="vkDestroyFramebuffer" in device table
0024:trace:vulkan:vkGetDeviceProcAddr 0000000104235A60, "vkDestroyImage"
0024:trace:vulkan:wine_vk_get_device_proc_addr Found name="vkDestroyImage" in device table
0024:trace:vulkan:vkGetDeviceProcAddr 0000000104235A60, "vkDestroyImageView"
0024:trace:vulkan:wine_vk_get_device_proc_addr Found name="vkDestroyImageView" in device table
0024:trace:vulkan:vkGetDeviceProcAddr 0000000104235A60, "vkDestroyPipeline"
0024:trace:vulkan:wine_vk_get_device_proc_addr Found name="vkDestroyPipeline" in device table
0024:trace:vulkan:vkGetDeviceProcAddr 0000000104235A60, "vkDestroyPipelineCache"
0024:trace:vulkan:wine_vk_get_device_proc_addr Found name="vkDestroyPipelineCache" in device table
0024:trace:vulkan:vkGetDeviceProcAddr 0000000104235A60, "vkDestroyPipelineLayout"
0024:trace:vulkan:wine_vk_get_device_proc_addr Found name="vkDestroyPipelineLayout" in device table
0024:trace:vulkan:vkGetDeviceProcAddr 0000000104235A60, "vkDestroyQueryPool"
0024:trace:vulkan:wine_vk_get_device_proc_addr Found name="vkDestroyQueryPool" in device table
0024:trace:vulkan:vkGetDeviceProcAddr 0000000104235A60, "vkDestroyRenderPass"
0024:trace:vulkan:wine_vk_get_device_proc_addr Found name="vkDestroyRenderPass" in device table
0024:trace:vulkan:vkGetDeviceProcAddr 0000000104235A60, "vkDestroySampler"
0024:trace:vulkan:wine_vk_get_device_proc_addr Found name="vkDestroySampler" in device table
0024:trace:vulkan:vkGetDeviceProcAddr 0000000104235A60, "vkDestroySemaphore"
0024:trace:vulkan:wine_vk_get_device_proc_addr Found name="vkDestroySemaphore" in device table
0024:trace:vulkan:vkGetDeviceProcAddr 0000000104235A60, "vkDestroyShaderModule"
0024:trace:vulkan:wine_vk_get_device_proc_addr Found name="vkDestroyShaderModule" in device table
0024:trace:vulkan:vkGetDeviceProcAddr 0000000104235A60, "vkDeviceWaitIdle"
0024:trace:vulkan:wine_vk_get_device_proc_addr Found name="vkDeviceWaitIdle" in device table
0024:trace:vulkan:vkGetDeviceProcAddr 0000000104235A60, "vkEndCommandBuffer"
0024:trace:vulkan:wine_vk_get_device_proc_addr Found name="vkEndCommandBuffer" in device table
0024:trace:vulkan:vkGetDeviceProcAddr 0000000104235A60, "vkFlushMappedMemoryRanges"
0024:trace:vulkan:wine_vk_get_device_proc_addr Found name="vkFlushMappedMemoryRanges" in device table
0024:trace:vulkan:vkGetDeviceProcAddr 0000000104235A60, "vkFreeCommandBuffers"
0024:trace:vulkan:wine_vk_get_device_proc_addr Found name="vkFreeCommandBuffers" in device table
0024:trace:vulkan:vkGetDeviceProcAddr 0000000104235A60, "vkFreeDescriptorSets"
0024:trace:vulkan:wine_vk_get_device_proc_addr Found name="vkFreeDescriptorSets" in device table
0024:trace:vulkan:vkGetDeviceProcAddr 0000000104235A60, "vkFreeMemory"
0024:trace:vulkan:wine_vk_get_device_proc_addr Found name="vkFreeMemory" in device table
0024:trace:vulkan:vkGetDeviceProcAddr 0000000104235A60, "vkGetBufferMemoryRequirements"
0024:trace:vulkan:wine_vk_get_device_proc_addr Found name="vkGetBufferMemoryRequirements" in device table
0024:trace:vulkan:vkGetDeviceProcAddr 0000000104235A60, "vkGetDeviceMemoryCommitment"
0024:trace:vulkan:wine_vk_get_device_proc_addr Found name="vkGetDeviceMemoryCommitment" in device table
0024:trace:vulkan:vkGetDeviceProcAddr 0000000104235A60, "vkGetDeviceQueue"
0024:trace:vulkan:wine_vk_get_device_proc_addr Found name="vkGetDeviceQueue" in device table
0024:trace:vulkan:vkGetDeviceProcAddr 0000000104235A60, "vkGetEventStatus"
0024:trace:vulkan:wine_vk_get_device_proc_addr Found name="vkGetEventStatus" in device table
0024:trace:vulkan:vkGetDeviceProcAddr 0000000104235A60, "vkGetFenceStatus"
0024:trace:vulkan:wine_vk_get_device_proc_addr Found name="vkGetFenceStatus" in device table
0024:trace:vulkan:vkGetDeviceProcAddr 0000000104235A60, "vkGetImageMemoryRequirements"
0024:trace:vulkan:wine_vk_get_device_proc_addr Found name="vkGetImageMemoryRequirements" in device table
0024:trace:vulkan:vkGetDeviceProcAddr 0000000104235A60, "vkGetImageSparseMemoryRequirements"
0024:trace:vulkan:wine_vk_get_device_proc_addr Found name="vkGetImageSparseMemoryRequirements" in device table
0024:trace:vulkan:vkGetDeviceProcAddr 0000000104235A60, "vkGetImageSubresourceLayout"
0024:trace:vulkan:wine_vk_get_device_proc_addr Found name="vkGetImageSubresourceLayout" in device table
0024:trace:vulkan:vkGetDeviceProcAddr 0000000104235A60, "vkGetPipelineCacheData"
0024:trace:vulkan:wine_vk_get_device_proc_addr Found name="vkGetPipelineCacheData" in device table
0024:trace:vulkan:vkGetDeviceProcAddr 0000000104235A60, "vkGetQueryPoolResults"
0024:trace:vulkan:wine_vk_get_device_proc_addr Found name="vkGetQueryPoolResults" in device table
0024:trace:vulkan:vkGetDeviceProcAddr 0000000104235A60, "vkGetRenderAreaGranularity"
0024:trace:vulkan:wine_vk_get_device_proc_addr Found name="vkGetRenderAreaGranularity" in device table
0024:trace:vulkan:vkGetDeviceProcAddr 0000000104235A60, "vkInvalidateMappedMemoryRanges"
0024:trace:vulkan:wine_vk_get_device_proc_addr Found name="vkInvalidateMappedMemoryRanges" in device table
0024:trace:vulkan:vkGetDeviceProcAddr 0000000104235A60, "vkMapMemory"
0024:trace:vulkan:wine_vk_get_device_proc_addr Found name="vkMapMemory" in device table
0024:trace:vulkan:vkGetDeviceProcAddr 0000000104235A60, "vkMergePipelineCaches"
0024:trace:vulkan:wine_vk_get_device_proc_addr Found name="vkMergePipelineCaches" in device table
0024:trace:vulkan:vkGetDeviceProcAddr 0000000104235A60, "vkQueueBindSparse"
0024:trace:vulkan:wine_vk_get_device_proc_addr Found name="vkQueueBindSparse" in device table
0024:trace:vulkan:vkGetDeviceProcAddr 0000000104235A60, "vkQueueSubmit"
0024:trace:vulkan:wine_vk_get_device_proc_addr Found name="vkQueueSubmit" in device table
0024:trace:vulkan:vkGetDeviceProcAddr 0000000104235A60, "vkQueueWaitIdle"
0024:trace:vulkan:wine_vk_get_device_proc_addr Found name="vkQueueWaitIdle" in device table
0024:trace:vulkan:vkGetDeviceProcAddr 0000000104235A60, "vkResetCommandBuffer"
0024:trace:vulkan:wine_vk_get_device_proc_addr Found name="vkResetCommandBuffer" in device table
0024:trace:vulkan:vkGetDeviceProcAddr 0000000104235A60, "vkResetCommandPool"
0024:trace:vulkan:wine_vk_get_device_proc_addr Found name="vkResetCommandPool" in device table
0024:trace:vulkan:vkGetDeviceProcAddr 0000000104235A60, "vkResetDescriptorPool"
0024:trace:vulkan:wine_vk_get_device_proc_addr Found name="vkResetDescriptorPool" in device table
0024:trace:vulkan:vkGetDeviceProcAddr 0000000104235A60, "vkResetEvent"
0024:trace:vulkan:wine_vk_get_device_proc_addr Found name="vkResetEvent" in device table
0024:trace:vulkan:vkGetDeviceProcAddr 0000000104235A60, "vkResetFences"
0024:trace:vulkan:wine_vk_get_device_proc_addr Found name="vkResetFences" in device table
0024:trace:vulkan:vkGetDeviceProcAddr 0000000104235A60, "vkSetEvent"
0024:trace:vulkan:wine_vk_get_device_proc_addr Found name="vkSetEvent" in device table
0024:trace:vulkan:vkGetDeviceProcAddr 0000000104235A60, "vkUnmapMemory"
0024:trace:vulkan:wine_vk_get_device_proc_addr Found name="vkUnmapMemory" in device table
0024:trace:vulkan:vkGetDeviceProcAddr 0000000104235A60, "vkUpdateDescriptorSets"
0024:trace:vulkan:wine_vk_get_device_proc_addr Found name="vkUpdateDescriptorSets" in device table
0024:trace:vulkan:vkGetDeviceProcAddr 0000000104235A60, "vkWaitForFences"
0024:trace:vulkan:wine_vk_get_device_proc_addr Found name="vkWaitForFences" in device table
0024:trace:vulkan:vkGetDeviceProcAddr 0000000104235A60, "vkCmdDrawIndirectCountKHR"
0024:warn:vulkan:vkGetDeviceProcAddr Unsupported device function: "vkCmdDrawIndirectCountKHR".
0024:trace:vulkan:vkGetDeviceProcAddr 0000000104235A60, "vkCmdDrawIndexedIndirectCountKHR"
0024:warn:vulkan:vkGetDeviceProcAddr Unsupported device function: "vkCmdDrawIndexedIndirectCountKHR".
0024:trace:vulkan:vkGetDeviceProcAddr 0000000104235A60, "vkGetBufferMemoryRequirements2KHR"
0024:trace:vulkan:wine_vk_get_device_proc_addr Found name="vkGetBufferMemoryRequirements2KHR" in device table
0024:trace:vulkan:vkGetDeviceProcAddr 0000000104235A60, "vkGetImageMemoryRequirements2KHR"
0024:trace:vulkan:wine_vk_get_device_proc_addr Found name="vkGetImageMemoryRequirements2KHR" in device table
0024:trace:vulkan:vkGetDeviceProcAddr 0000000104235A60, "vkGetImageSparseMemoryRequirements2KHR"
0024:trace:vulkan:wine_vk_get_device_proc_addr Found name="vkGetImageSparseMemoryRequirements2KHR" in device table
0024:trace:vulkan:vkGetDeviceProcAddr 0000000104235A60, "vkGetDescriptorSetLayoutSupportKHR"
0024:trace:vulkan:wine_vk_get_device_proc_addr Found name="vkGetDescriptorSetLayoutSupportKHR" in device table
0024:trace:vulkan:vkGetDeviceProcAddr 0000000104235A60, "vkCmdPushDescriptorSetKHR"
0024:warn:vulkan:vkGetDeviceProcAddr Unsupported device function: "vkCmdPushDescriptorSetKHR".
0024:trace:vulkan:vkGetDeviceProcAddr 0000000104235A60, "vkGetSemaphoreCounterValueKHR"
0024:trace:vulkan:wine_vk_get_device_proc_addr Found name="vkGetSemaphoreCounterValueKHR" in device table
0024:trace:vulkan:vkGetDeviceProcAddr 0000000104235A60, "vkWaitSemaphoresKHR"
0024:trace:vulkan:wine_vk_get_device_proc_addr Found name="vkWaitSemaphoresKHR" in device table
0024:trace:vulkan:vkGetDeviceProcAddr 0000000104235A60, "vkSignalSemaphoreKHR"
0024:trace:vulkan:wine_vk_get_device_proc_addr Found name="vkSignalSemaphoreKHR" in device table
0024:trace:vulkan:vkGetDeviceProcAddr 0000000104235A60, "vkGetCalibratedTimestampsEXT"
0024:trace:vulkan:wine_vk_get_device_proc_addr Found name="vkGetCalibratedTimestampsEXT" in device table
0024:trace:vulkan:vkGetDeviceProcAddr 0000000104235A60, "vkCmdBeginConditionalRenderingEXT"
0024:warn:vulkan:vkGetDeviceProcAddr Unsupported device function: "vkCmdBeginConditionalRenderingEXT".
0024:trace:vulkan:vkGetDeviceProcAddr 0000000104235A60, "vkCmdEndConditionalRenderingEXT"
0024:warn:vulkan:vkGetDeviceProcAddr Unsupported device function: "vkCmdEndConditionalRenderingEXT".
0024:trace:vulkan:vkGetDeviceProcAddr 0000000104235A60, "vkDebugMarkerSetObjectNameEXT"
0024:warn:vulkan:vkGetDeviceProcAddr Unsupported device function: "vkDebugMarkerSetObjectNameEXT".
0024:trace:vulkan:vkGetDeviceProcAddr 0000000104235A60, "vkCmdBeginQueryIndexedEXT"
0024:warn:vulkan:vkGetDeviceProcAddr Unsupported device function: "vkCmdBeginQueryIndexedEXT".
0024:trace:vulkan:vkGetDeviceProcAddr 0000000104235A60, "vkCmdBeginTransformFeedbackEXT"
0024:warn:vulkan:vkGetDeviceProcAddr Unsupported device function: "vkCmdBeginTransformFeedbackEXT".
0024:trace:vulkan:vkGetDeviceProcAddr 0000000104235A60, "vkCmdBindTransformFeedbackBuffersEXT"
0024:warn:vulkan:vkGetDeviceProcAddr Unsupported device function: "vkCmdBindTransformFeedbackBuffersEXT".
0024:trace:vulkan:vkGetDeviceProcAddr 0000000104235A60, "vkCmdEndQueryIndexedEXT"
0024:warn:vulkan:vkGetDeviceProcAddr Unsupported device function: "vkCmdEndQueryIndexedEXT".
0024:trace:vulkan:vkGetDeviceProcAddr 0000000104235A60, "vkCmdEndTransformFeedbackEXT"
0024:warn:vulkan:vkGetDeviceProcAddr Unsupported device function: "vkCmdEndTransformFeedbackEXT".
0024:trace:vulkan:thunk64_vkGetDeviceQueue 0x104235a60, 3, 0, 0x1042349a8
0024:trace:vulkan:thunk64_vkCreateImage 0x104235a60, 0x104ffe818, 0x0, 0x104ffe918
0024:trace:vulkan:thunk64_vkGetImageMemoryRequirements 0x104235a60, 0x14dd35e60, 0x104ffe920
0024:trace:vulkan:thunk64_vkDestroyImage 0x104235a60, 0x14dd35e60, 0x0
0024:trace:vulkan:thunk64_vkCreatePipelineCache 0x104235a60, 0x104ffeb08, 0x0, 0x107cc3398
0024:trace:vulkan:thunk64_vkGetPhysicalDeviceFormatProperties 0x104238888, 0x81, 0x104ffe934
0024:trace:vulkan:thunk64_vkCreateBuffer 0x104235a60, 0x104ffe748, 0x0, 0x107cc3a18
0024:trace:vulkan:thunk64_vkGetBufferMemoryRequirements2KHR 0x104235a60, 0x104ffe6d8, 0x104ffe6f0
0024:trace:vulkan:thunk64_vkAllocateMemory 0x104235a60, 0x104ffe660, 0x0, 0x107cc3a20
0024:trace:vulkan:thunk64_vkBindBufferMemory 0x104235a60, 0x14dd35e60, 0x14dd35a90, 0x0
0024:trace:vulkan:thunk64_vkCreateBuffer 0x104235a60, 0x104ffe748, 0x0, 0x107cc3a28
0024:trace:vulkan:thunk64_vkGetBufferMemoryRequirements2KHR 0x104235a60, 0x104ffe6d8, 0x104ffe6f0
0024:trace:vulkan:thunk64_vkAllocateMemory 0x104235a60, 0x104ffe660, 0x0, 0x107cc3a30
0024:trace:vulkan:thunk64_vkBindBufferMemory 0x104235a60, 0x14dd35880, 0x14dd36c80, 0x0
0024:trace:vulkan:thunk64_vkCreateImage 0x104235a60, 0x104ffe6a8, 0x0, 0x107cc3a38
0024:trace:vulkan:thunk64_vkGetImageMemoryRequirements2KHR 0x104235a60, 0x104ffe6d8, 0x104ffe6f0
0024:trace:vulkan:thunk64_vkAllocateMemory 0x104235a60, 0x104ffe660, 0x0, 0x107cc3a40
0024:trace:vulkan:thunk64_vkBindImageMemory 0x104235a60, 0x14dd37270, 0x14dd375a0, 0x0
0024:trace:vulkan:thunk64_vkCreateImage 0x104235a60, 0x104ffe6a8, 0x0, 0x107cc3a48
0024:trace:vulkan:thunk64_vkGetImageMemoryRequirements2KHR 0x104235a60, 0x104ffe6d8, 0x104ffe6f0
0024:trace:vulkan:thunk64_vkAllocateMemory 0x104235a60, 0x104ffe660, 0x0, 0x107cc3a50
0024:trace:vulkan:thunk64_vkBindImageMemory 0x104235a60, 0x14dd379b0, 0x14dd37ba0, 0x0
0024:trace:vulkan:thunk64_vkCreateCommandPool 0x104235a60, 0x104ffe910, 0x0, 0x104ffe928
0024:trace:vulkan:thunk64_vkAllocateCommandBuffers 0x104235a60, 0x104ffe930, 0x104ffe8e8
0024:trace:vulkan:wine_vkAllocateCommandBuffers Allocating command buffer 0 from pool 0x14e020e00.
0024:trace:vulkan:thunk64_vkBeginCommandBuffer 0x104236df0, 0x104ffe8f0
0024:trace:vulkan:thunk64_vkEndCommandBuffer 0x104236df0
0024:trace:vulkan:thunk64_vkCreateFence 0x104235a60, 0x104ffe860, 0x0, 0x104ffe8e0
0024:trace:vulkan:win32u_vkCreateFence device 0x151018200, create_info 0x28010fc50, allocator 0x0, ret 0x104ffe8e0
0024:trace:vulkan:thunk64_vkQueueSubmit 0x104235aa8, 1, 0x104ffe818, 0x14dd38260
0024:trace:vulkan:win32u_vkQueueSubmit queue 0x151019748, count 1, submits 0x28010f450, fence 0x14dd38260
0024:trace:vulkan:thunk64_vkWaitForFences 0x104235a60, 1, 0x104ffe8e0, 0, 0xffffffffffffffff
0024:trace:vulkan:thunk64_vkFreeCommandBuffers 0x104235a60, 0x104236dc0, 1, 0x104ffe728
0024:trace:vulkan:thunk64_vkDestroyCommandPool 0x104235a60, 0x104236dc0, 0x0
0024:trace:vulkan:thunk64_vkDestroyFence 0x104235a60, 0x14dd38260, 0x0
0024:trace:vulkan:win32u_vkDestroyFence device 0x151018200, fence 0x14dd38260, allocator 0x0
0024:trace:vulkan:thunk64_vkCreateDescriptorSetLayout 0x104235a60, 0x104ffe5d0, 0x0, 0x107cc3a58
0024:trace:vulkan:thunk64_vkCreatePipelineLayout 0x104235a60, 0x104ffe850, 0x0, 0x107cc3a68
0024:trace:vulkan:thunk64_vkCreateDescriptorSetLayout 0x104235a60, 0x104ffe5d0, 0x0, 0x107cc3a60
0024:trace:vulkan:thunk64_vkCreatePipelineLayout 0x104235a60, 0x104ffe850, 0x0, 0x107cc3a70
0024:trace:vulkan:thunk64_vkCreateShaderModule 0x104235a60, 0x104ffe4f8, 0x0, 0x104ffe5f0
0024:trace:vulkan:thunk64_vkCreateComputePipelines 0x104235a60, 0x0, 1, 0x104ffe5c0, 0x0, 0x107cc3a78
0024:trace:vulkan:thunk64_vkDestroyShaderModule 0x104235a60, 0x150011040, 0x0
0024:trace:vulkan:thunk64_vkCreateShaderModule 0x104235a60, 0x104ffe4f8, 0x0, 0x104ffe5f0
0024:trace:vulkan:thunk64_vkCreateComputePipelines 0x104235a60, 0x0, 1, 0x104ffe5c0, 0x0, 0x107cc3a80
0024:trace:vulkan:thunk64_vkDestroyShaderModule 0x104235a60, 0x14df42000, 0x0
0024:trace:vulkan:thunk64_vkCreateShaderModule 0x104235a60, 0x104ffe4f8, 0x0, 0x104ffe5f0
0024:trace:vulkan:thunk64_vkCreateComputePipelines 0x104235a60, 0x0, 1, 0x104ffe5c0, 0x0, 0x107cc3a88
0024:trace:vulkan:thunk64_vkDestroyShaderModule 0x104235a60, 0x15031c910, 0x0
0024:trace:vulkan:thunk64_vkCreateShaderModule 0x104235a60, 0x104ffe4f8, 0x0, 0x104ffe5f0
0024:trace:vulkan:thunk64_vkCreateComputePipelines 0x104235a60, 0x0, 1, 0x104ffe5c0, 0x0, 0x107cc3a90
0024:trace:vulkan:thunk64_vkDestroyShaderModule 0x104235a60, 0x150011950, 0x0
0024:trace:vulkan:thunk64_vkCreateShaderModule 0x104235a60, 0x104ffe4f8, 0x0, 0x104ffe5f0
0024:trace:vulkan:thunk64_vkCreateComputePipelines 0x104235a60, 0x0, 1, 0x104ffe5c0, 0x0, 0x107cc3a98
0024:trace:vulkan:thunk64_vkDestroyShaderModule 0x104235a60, 0x150126290, 0x0
0024:trace:vulkan:thunk64_vkCreateShaderModule 0x104235a60, 0x104ffe4f8, 0x0, 0x104ffe5f0
0024:trace:vulkan:thunk64_vkCreateComputePipelines 0x104235a60, 0x0, 1, 0x104ffe5c0, 0x0, 0x107cc3aa0
0024:trace:vulkan:thunk64_vkDestroyShaderModule 0x104235a60, 0x150126290, 0x0
0024:trace:vulkan:thunk64_vkCreateShaderModule 0x104235a60, 0x104ffe4f8, 0x0, 0x104ffe5f0
0024:trace:vulkan:thunk64_vkCreateComputePipelines 0x104235a60, 0x0, 1, 0x104ffe5c0, 0x0, 0x107cc3aa8
0024:trace:vulkan:thunk64_vkDestroyShaderModule 0x104235a60, 0x14dd3adc0, 0x0
0024:trace:vulkan:thunk64_vkCreateShaderModule 0x104235a60, 0x104ffe4f8, 0x0, 0x104ffe5f0
0024:trace:vulkan:thunk64_vkCreateComputePipelines 0x104235a60, 0x0, 1, 0x104ffe5c0, 0x0, 0x107cc3ab0
0024:trace:vulkan:thunk64_vkDestroyShaderModule 0x104235a60, 0x150327f40, 0x0
0024:trace:vulkan:thunk64_vkCreateShaderModule 0x104235a60, 0x104ffe4f8, 0x0, 0x104ffe5f0
0024:trace:vulkan:thunk64_vkCreateComputePipelines 0x104235a60, 0x0, 1, 0x104ffe5c0, 0x0, 0x107cc3ab8
0024:trace:vulkan:thunk64_vkDestroyShaderModule 0x104235a60, 0x150327f40, 0x0
0024:trace:vulkan:thunk64_vkCreateShaderModule 0x104235a60, 0x104ffe4f8, 0x0, 0x104ffe5f0
0024:trace:vulkan:thunk64_vkCreateComputePipelines 0x104235a60, 0x0, 1, 0x104ffe5c0, 0x0, 0x107cc3ac0
0024:trace:vulkan:thunk64_vkDestroyShaderModule 0x104235a60, 0x150327f40, 0x0
0024:trace:vulkan:thunk64_vkCreateShaderModule 0x104235a60, 0x104ffe4f8, 0x0, 0x104ffe5f0
0024:trace:vulkan:thunk64_vkCreateComputePipelines 0x104235a60, 0x0, 1, 0x104ffe5c0, 0x0, 0x107cc3ac8
0024:trace:vulkan:thunk64_vkDestroyShaderModule 0x104235a60, 0x14de1cfc0, 0x0
0024:trace:vulkan:thunk64_vkCreateShaderModule 0x104235a60, 0x104ffe4f8, 0x0, 0x104ffe5f0
0024:trace:vulkan:thunk64_vkCreateComputePipelines 0x104235a60, 0x0, 1, 0x104ffe5c0, 0x0, 0x107cc3ad0
0024:trace:vulkan:thunk64_vkDestroyShaderModule 0x104235a60, 0x150327f40, 0x0
0024:trace:vulkan:thunk64_vkCreateDescriptorSetLayout 0x104235a60, 0x104ffea38, 0x0, 0x107cc3260
0024:trace:vulkan:thunk64_vkCreateDescriptorSetLayout 0x104235a60, 0x104ffea38, 0x0, 0x107cc3278
0024:trace:vulkan:thunk64_vkCreateDescriptorSetLayout 0x104235a60, 0x104ffea38, 0x0, 0x107cc3290
0024:trace:vulkan:thunk64_vkCreateDescriptorSetLayout 0x104235a60, 0x104ffea38, 0x0, 0x107cc32a8
0024:trace:vulkan:thunk64_vkCreateDescriptorSetLayout 0x104235a60, 0x104ffea38, 0x0, 0x107cc32c0
0024:trace:vulkan:thunk64_vkCreateDescriptorSetLayout 0x104235a60, 0x104ffea38, 0x0, 0x107cc32d8
0024:trace:vulkan:thunk64_vkCreateDescriptorSetLayout 0x104235a60, 0x104ffea38, 0x0, 0x107cc32f0
[JuiceStage] init_syscall_frame entered; entry=0x17dd2fa2c arg=0x107cc4490 teb=0x17ffd4000 data=0x108580000 frame=0x10868fb00 stack_base=0x108790000 stack_limit=0x108698000
[JuiceStage] calling signal_set_full_context; ctx=0x10878fc70 target_pc=0x17fc575a0 target_sp=0x108790000 target_x18=0x17ffd4000 LdrInitializeThunk=0x17fc575c0 RtlUserThreadStart=0x17fc575a0
[JuiceStage] signal_set_full_context returned; status=00000000 frame_pc=0x17fc575a0 frame_sp=0x108790000 frame_x18=0x17ffd4000 restore=00400007
[JuiceStage] init_syscall_frame complete; dispatcher_pc=0x17fc575c0 user_sp=0x10878fc70 x16=0x17fc575c0 x17=0x10878fc70 x18=0x17ffd4000 restore=00400007
[JuiceStage] native segv #1; signal=11 code=2 pc=0x107b2b240 instruction=f9091c08 lr=0x10428e254 sp=0x10868fb00 x8=0x107ba8000 x16=0x107b2b240 x17=0x10878fc70 x18=0x17ffd4000 addr=0x1238 esr=0000000092000046 ec=24 teb=0x17ffd4000 frame=0x10868fb00
0024:trace:vulkan:thunk64_vkGetPhysicalDeviceCalibrateableTimeDomainsEXT 0x104238888, 0x104fff220, 0x104ffeb08
0024:trace:vulkan:wine_vkGetPhysicalDeviceCalibrateableTimeDomainsEXT 0x14e0123f0, 0x104fff220, 0x104ffeb08
0024:fixme:vulkan:get_performance_counter_time_domain No mapping for VK_TIME_DOMAIN_QUERY_PERFORMANCE_COUNTER_EXT on this platform.
0024:trace:dxgi:dxgi_adapter_AddRef 0000000104237120 increasing refcount to 2.
0024:trace:dxgi:dxgi_adapter_Release 0000000104237120 decreasing refcount to 1.
0024:trace:vulkan:thunk64_vkCreateCommandPool 0x104235a60, 0x104fffdd8, 0x0, 0x107ce33a8
0024:trace:vulkan:thunk64_vkAllocateCommandBuffers 0x104235a60, 0x104fffda0, 0x107ce94f8
0024:trace:vulkan:wine_vkAllocateCommandBuffers Allocating command buffer 0 from pool 0x151027c00.
0024:trace:vulkan:thunk64_vkBeginCommandBuffer 0x107cc4520, 0x104fffdc0
0024:trace:vulkan:thunk64_vkCreateBuffer 0x104235a60, 0x104fffca8, 0x0, 0x107ce8700
0024:trace:vulkan:thunk64_vkGetBufferMemoryRequirements2KHR 0x104235a60, 0x104fffc18, 0x104fffc30
0024:trace:vulkan:thunk64_vkAllocateMemory 0x104235a60, 0x104fffba0, 0x0, 0x107ce36a0
0024:trace:vulkan:thunk64_vkBindBufferMemory 0x104235a60, 0x150328ee0, 0x15032a4e0, 0x0
0024:trace:vulkan:thunk64_vkMapMemory 0x104235a60, 0x15032a4e0, 0x0, 0xffffffffffffffff, 0, 0x107ce36a8
0024:trace:vulkan:thunk64_vkCreateBuffer 0x104235a60, 0x104fffca8, 0x0, 0x107ce8800
0024:trace:vulkan:thunk64_vkGetBufferMemoryRequirements2KHR 0x104235a60, 0x104fffc18, 0x104fffc30
0024:trace:vulkan:thunk64_vkAllocateMemory 0x104235a60, 0x104fffba0, 0x0, 0x107ce3770
0024:trace:vulkan:thunk64_vkBindBufferMemory 0x104235a60, 0x150327450, 0x150328120, 0x0
[JuiceStage] init_syscall_frame entered; entry=0x17dd2fa2c arg=0x107cc44c0 teb=0x17ffd0000 data=0x1088a0000 frame=0x1089afb00 stack_base=0x108ab0000 stack_limit=0x1089b8000
0024:trace:vulkan:thunk64_vkCreateBuffer 0x104235a60, 0x104fffca8, 0x0, 0x107ce8900
0024:trace:vulkan:thunk64_vkGetBufferMemoryRequirements2KHR 0x104235a60, 0x104fffc18, 0x104fffc30
[JuiceStage] calling signal_set_full_context; ctx=0x108aafc70 target_pc=0x17fc575a0 target_sp=0x108ab0000 target_x18=0x17ffd0000 LdrInitializeThunk=0x17fc575c0 RtlUserThreadStart=0x17fc575a0
0024:trace:vulkan:thunk64_vkAllocateMemory 0x104235a60, 0x104fffba0, 0x0, 0x107ce3840
[JuiceStage] signal_set_full_context returned; status=00000000 frame_pc=0x17fc575a0 frame_sp=0x108ab0000 frame_x18=0x17ffd0000 restore=00400007
[JuiceStage] init_syscall_frame complete; dispatcher_pc=0x17fc575c0 user_sp=0x108aafc70 x16=0x17fc575c0 x17=0x108aafc70 x18=0x17ffd0000 restore=00400007
0024:trace:vulkan:thunk64_vkBindBufferMemory 0x104235a60, 0x150329300, 0x150328190, 0x0
0024:trace:vulkan:thunk64_vkMapMemory 0x104235a60, 0x150328190, 0x0, 0xffffffffffffffff, 0, 0x107ce3848
0024:trace:vulkan:thunk64_vkEndCommandBuffer 0x107cc4520
0024:trace:vulkan:thunk64_vkQueueSubmit 0x104235aa8, 1, 0x104fffd30, 0x0
0024:trace:vulkan:win32u_vkQueueSubmit queue 0x151019748, count 1, submits 0x28010f450, fence 0x0
0024:trace:vulkan:thunk64_vkCreateSemaphore 0x104235a60, 0x104fffdb8, 0x0, 0x107ce1d70
0024:trace:vulkan:win32u_vkCreateSemaphore device 0x151018200, create_info 0x28010fc50, allocator 0x0, ret 0x107ce1d70
0024:trace:vulkan:thunk64_vkQueueSubmit 0x104235aa8, 1, 0x104fffce0, 0x0
0024:trace:vulkan:win32u_vkQueueSubmit queue 0x151019748, count 1, submits 0x28010f450, fence 0x0
003c:trace:vulkan:thunk64_vkWaitSemaphoresKHR 0x104235a60, 0x108aaff48, 0xffffffffffffffff
0024:trace:vulkan:thunk64_vkDestroySemaphore 0x104235a60, 0x15032a820, 0x0
0024:trace:vulkan:win32u_vkDestroySemaphore device 0x151018200, semaphore 0x15032a820, allocator 0x0
0024:trace:vulkan:thunk64_vkDestroyBuffer 0x104235a60, 0x150329300, 0x0
0024:trace:vulkan:thunk64_vkUnmapMemory 0x104235a60, 0x150328190
0024:trace:vulkan:thunk64_vkFreeMemory 0x104235a60, 0x150328190, 0x0
0024:trace:vulkan:thunk64_vkDestroyBuffer 0x104235a60, 0x150327450, 0x0
0024:trace:vulkan:thunk64_vkFreeMemory 0x104235a60, 0x150328120, 0x0
0024:trace:vulkan:thunk64_vkDestroyBuffer 0x104235a60, 0x150328ee0, 0x0
0024:trace:vulkan:thunk64_vkUnmapMemory 0x104235a60, 0x15032a4e0
0024:trace:vulkan:thunk64_vkFreeMemory 0x104235a60, 0x15032a4e0, 0x0
0024:trace:vulkan:thunk64_vkFreeCommandBuffers 0x104235a60, 0x107cc44f0, 1, 0x104fffdc8
0024:trace:vulkan:thunk64_vkDestroyCommandPool 0x104235a60, 0x107cc44f0, 0x0
0024:trace:vulkan:thunk64_vkDestroyDescriptorSetLayout 0x104235a60, 0x14dd3c8e0, 0x0
0024:trace:vulkan:thunk64_vkDestroyDescriptorSetLayout 0x104235a60, 0x14dd3cb50, 0x0
0024:trace:vulkan:thunk64_vkDestroyDescriptorSetLayout 0x104235a60, 0x14dd3cc50, 0x0
0024:trace:vulkan:thunk64_vkDestroyDescriptorSetLayout 0x104235a60, 0x14dd3d1c0, 0x0
0024:trace:vulkan:thunk64_vkDestroyDescriptorSetLayout 0x104235a60, 0x14dd3d2c0, 0x0
0024:trace:vulkan:thunk64_vkDestroyDescriptorSetLayout 0x104235a60, 0x14dd3d3c0, 0x0
0024:trace:vulkan:thunk64_vkDestroyDescriptorSetLayout 0x104235a60, 0x14dd3d4c0, 0x0
0024:trace:vulkan:thunk64_vkDestroyPipeline 0x104235a60, 0x150327590, 0x0
0024:trace:vulkan:thunk64_vkDestroyPipeline 0x104235a60, 0x14de1fc80, 0x0
0024:trace:vulkan:thunk64_vkDestroyPipeline 0x104235a60, 0x150327240, 0x0
0024:trace:vulkan:thunk64_vkDestroyPipeline 0x104235a60, 0x150328a40, 0x0
0024:trace:vulkan:thunk64_vkDestroyPipeline 0x104235a60, 0x150328030, 0x0
0024:trace:vulkan:thunk64_vkDestroyPipeline 0x104235a60, 0x14dd39490, 0x0
0024:trace:vulkan:thunk64_vkDestroyPipeline 0x104235a60, 0x150125d10, 0x0
0024:trace:vulkan:thunk64_vkDestroyPipeline 0x104235a60, 0x150127b30, 0x0
0024:trace:vulkan:thunk64_vkDestroyPipeline 0x104235a60, 0x1500112e0, 0x0
0024:trace:vulkan:thunk64_vkDestroyPipeline 0x104235a60, 0x150327e50, 0x0
0024:trace:vulkan:thunk64_vkDestroyPipeline 0x104235a60, 0x14df420d0, 0x0
0024:trace:vulkan:thunk64_vkDestroyPipeline 0x104235a60, 0x15000fd60, 0x0
0024:trace:vulkan:thunk64_vkDestroyPipelineLayout 0x104235a60, 0x14de17b40, 0x0
0024:trace:vulkan:thunk64_vkDestroyPipelineLayout 0x104235a60, 0x14de1b190, 0x0
0024:trace:vulkan:thunk64_vkDestroyDescriptorSetLayout 0x104235a60, 0x14de18d70, 0x0
0024:trace:vulkan:thunk64_vkDestroyDescriptorSetLayout 0x104235a60, 0x14de1b020, 0x0
0024:trace:vulkan:thunk64_vkDestroyBuffer 0x104235a60, 0x14dd35e60, 0x0
0024:trace:vulkan:thunk64_vkFreeMemory 0x104235a60, 0x14dd35a90, 0x0
0024:trace:vulkan:thunk64_vkDestroyBuffer 0x104235a60, 0x14dd35880, 0x0
0024:trace:vulkan:thunk64_vkFreeMemory 0x104235a60, 0x14dd36c80, 0x0
0024:trace:vulkan:thunk64_vkDestroyImage 0x104235a60, 0x14dd37270, 0x0
0024:trace:vulkan:thunk64_vkFreeMemory 0x104235a60, 0x14dd375a0, 0x0
0024:trace:vulkan:thunk64_vkDestroyImage 0x104235a60, 0x14dd379b0, 0x0
0024:trace:vulkan:thunk64_vkFreeMemory 0x104235a60, 0x14dd37ba0, 0x0
0024:trace:vulkan:thunk64_vkDestroyPipelineCache 0x104235a60, 0x14dd35980, 0x0
0024:trace:vulkan:thunk64_vkDestroyDevice 0x104235a60, 0x0
[mvk-info] Destroyed VkDevice on GPU Apple A13 GPU with 19 Vulkan extensions enabled.
0024:trace:dxgi:dxgi_adapter_Release 0000000104237120 decreasing refcount to 0.
0024:trace:dxgi:dxgi_factory_Release 00000001042370E0 decreasing refcount to 0.
0024:trace:vulkan:thunk64_vkDestroyInstance 0x104238610, 0x0
[mvk-info] Destroyed VkPhysicalDevice for GPU Apple A13 GPU with 2 MB of GPU memory still allocated.
[mvk-info] Destroying VkInstance for Vulkan version 1.1.357 with 4 Vulkan extensions enabled.
0024:trace:vulkan:thunk64_vkDestroyInstance 0x104238870, 0x0
[mvk-info] Destroyed VkPhysicalDevice for GPU Apple A13 GPU with 0 MB of GPU memory still allocated.
[mvk-info] Destroying VkInstance for Vulkan version 1.1.357 with 5 Vulkan extensions enabled.
0024:trace:vulkan:DllMain 000000017C0A0000, 0, 0000000000000001
DISPLAY_CLIENT_CLOSED fd=7 pid=18311
[JuiceWine parent] child exited with 0
